[{"__type__":"cc.SpriteFrame","content":{"name":"1_35","texture":"1aceec5ab","rect":[137,3,49,61],"offset":[0,0],"originalSize":[49,61],"rotated":1,"capInsets":[0,0,0,0]}},{"__type__":"cc.SpriteFrame","content":{"name":"1_05","texture":"1aceec5ab","rect":[204,3,49,61],"offset":[0,0],"originalSize":[49,61],"capInsets":[0,0,0,0]}},{"__type__":"cc.SpriteFrame","content":{"name":"1_21","texture":"1aceec5ab","rect":[137,58,49,61],"offset":[0,0],"originalSize":[49,61],"rotated":1,"capInsets":[0,0,0,0]}},{"__type__":"cc.SpriteFrame","content":{"name":"1_23","texture":"1aceec5ab","rect":[204,70,49,61],"offset":[0,0],"originalSize":[49,61],"capInsets":[0,0,0,0]}},{"__type__":"cc.SpriteFrame","content":{"name":"1_24","texture":"1aceec5ab","rect":[137,113,49,61],"offset":[0,0],"originalSize":[49,61],"rotated":1,"capInsets":[0,0,0,0]}},{"__type__":"cc.SpriteFrame","content":{"name":"1_37","texture":"1aceec5ab","rect":[204,137,49,61],"offset":[0,0],"originalSize":[49,61],"capInsets":[0,0,0,0]}},{"__type__":"cc.SpriteFrame","content":{"name":"1_20","texture":"1aceec5ab","rect":[129,168,49,61],"offset":[0,0],"originalSize":[49,61],"rotated":1,"capInsets":[0,0,0,0]}},{"__type__":"cc.SpriteFrame","content":{"name":"1_08","texture":"1aceec5ab","rect":[196,204,49,61],"offset":[0,0],"originalSize":[49,61],"capInsets":[0,0,0,0]}},{"__type__":"cc.SpriteFrame","content":{"name":"1_29","texture":"1aceec5ab","rect":[129,223,49,61],"offset":[0,0],"originalSize":[49,61],"rotated":1,"capInsets":[0,0,0,0]}},{"__type__":"cc.SpriteFrame","content":{"name":"1_17","texture":"1aceec5ab","rect":[196,271,49,61],"offset":[0,0],"originalSize":[49,61],"capInsets":[0,0,0,0]}},{"__type__":"cc.SpriteFrame","content":{"name":"1_06","texture":"1aceec5ab","rect":[3,254,49,61],"offset":[0,0],"originalSize":[49,61],"rotated":1,"capInsets":[0,0,0,0]}},{"__type__":"cc.SpriteFrame","content":{"name":"1_13","texture":"1aceec5ab","rect":[70,254,49,61],"offset":[0,0],"originalSize":[49,61],"capInsets":[0,0,0,0]}},{"__type__":"cc.AnimationClip","_name":"Smoke_3","_duration":1,"sample":40,"wrapMode":2,"curveData":{"comps":{"cc.Sprite":{"spriteFrame":[{"frame":0,"value":{"__uuid__":"96+rTex2lP6YsaOB79+Hz7"}},{"frame":0.025,"value":{"__uuid__":"ccEmDhwSpBer86OE0NQrnp"}},{"frame":0.05,"value":{"__uuid__":"baPJYa3SZCv73ELM9u5YAU"}},{"frame":0.075,"value":{"__uuid__":"d5SG/Nn2ZJdbM6hLf8mj/7"}},{"frame":0.1,"value":{"__uuid__":"07qTJ2lxdMYr/8iCfzjAx8"}},{"frame":0.125,"value":{"__uuid__":"48EtfUIydDarRx7ls0qC8o"}},{"frame":0.15,"value":{"__uuid__":"81xtdIbBtK05bRheO49weW"}},{"frame":0.175,"value":{"__uuid__":"2ardmPIGdM9bBgbzXc0Qyh"}},{"frame":0.2,"value":{"__uuid__":"f0vfpiPYNKGIMnQtR2i2oD"}},{"frame":0.225,"value":{"__uuid__":"86Z0Oj0MRI4oCXl3tZhgKS"}},{"frame":0.25,"value":{"__uuid__":"70zqCPJetDtq3B17xB/mRy"}},{"frame":0.275,"value":{"__uuid__":"abJSOfa75CGpHlvzwdf4f2"}},{"frame":0.3,"value":{"__uuid__":"5c7o+R5IFGnYRK0B+jPgzJ"}},{"frame":0.325,"value":{"__uuid__":"b23RV5W6RIDZEeXOKOHFAX"}},{"frame":0.35,"value":{"__uuid__":"70urmH/YFMspgVVZ6K9IE3"}},{"frame":0.375,"value":{"__uuid__":"ff2UCRJllHc7vDrfxO2L0d"}},{"frame":0.4,"value":{"__uuid__":"40YHUFArZH2IIn92YPA4Mv"}},{"frame":0.425,"value":{"__uuid__":"a9CMJ6oK9Bb4D1pi2iv+DD"}},{"frame":0.45,"value":{"__uuid__":"82RVF6C9hJm5WlpQ6kyc5y"}},{"frame":0.475,"value":{"__uuid__":"1fS5itWhdAELMmnU7C1X7w"}},{"frame":0.5,"value":{"__uuid__":"08zkhXdM1JJLwYjwPXNykq"}},{"frame":0.525,"value":{"__uuid__":"e4CPVgGM1PHr5UkSKULpMr"}},{"frame":0.55,"value":{"__uuid__":"11IhNS1TlNypn3RldXYRNZ"}},{"frame":0.575,"value":{"__uuid__":"16Lv94NJRJo5nQIqXenOl3"}},{"frame":0.6,"value":{"__uuid__":"81BBxkITRJ94R0cqJFB9G3"}},{"frame":0.625,"value":{"__uuid__":"bdgBbnSApNPbDUS9q5hgOJ"}},{"frame":0.65,"value":{"__uuid__":"f0RVa1D81AmLFNCt1AUYpu"}},{"frame":0.675,"value":{"__uuid__":"7dqeu6XolNa5g2RvUOoHsY"}},{"frame":0.7,"value":{"__uuid__":"342Jc4H2xFVq++0Fsm7yJY"}},{"frame":0.725,"value":{"__uuid__":"e1M9+ZZxJBgZvvyheRBLJ4"}},{"frame":0.75,"value":{"__uuid__":"d5FFkSqaxLZLNIExBhHWmj"}},{"frame":0.775,"value":{"__uuid__":"9a38pdZvRNXZLxZc9ScCXV"}},{"frame":0.8,"value":{"__uuid__":"d5tFCHgDdDkpxyk6MTPFDJ"}},{"frame":0.825,"value":{"__uuid__":"b6jzUVJMJL4qcFSduqn8qe"}},{"frame":0.85,"value":{"__uuid__":"06kES73EJODotT/g9d6SsN"}},{"frame":0.875,"value":{"__uuid__":"c6zIZdnNNH6aLNiML493Ip"}},{"frame":0.9,"value":{"__uuid__":"1eFE1qAK9Era+EmAZMCMWH"}},{"frame":0.925,"value":{"__uuid__":"81icRAYP5AyJ8ORZyI5jJ6"}},{"frame":0.95,"value":{"__uuid__":"80k8hq67xPYKwDBZU4mRZY"}},{"frame":0.975,"value":{"__uuid__":"71mhzfzupJ+JtF8YKsXyDv"}}]}}}},{"__type__":"cc.SpriteFrame","content":{"name":"1_15","texture":"1aceec5ab","rect":[3,309,49,61],"offset":[0,0],"originalSize":[49,61],"rotated":1,"capInsets":[0,0,0,0]}},{"__type__":"cc.SpriteFrame","content":{"name":"1_11","texture":"1aceec5ab","rect":[125,278,49,61],"offset":[0,0],"originalSize":[49,61],"rotated":1,"capInsets":[0,0,0,0]}},{"__type__":"cc.SpriteFrame","content":{"name":"1_40","texture":"1aceec5ab","rect":[70,321,49,61],"offset":[0,0],"originalSize":[49,61],"capInsets":[0,0,0,0]}},{"__type__":"cc.SpriteFrame","content":{"name":"1_28","texture":"1aceec5ab","rect":[3,364,49,61],"offset":[0,0],"originalSize":[49,61],"rotated":1,"capInsets":[0,0,0,0]}},{"__type__":"cc.SpriteFrame","content":{"name":"1_39","texture":"1aceec5ab","rect":[125,333,49,61],"offset":[0,0],"originalSize":[49,61],"rotated":1,"capInsets":[0,0,0,0]}},{"__type__":"cc.SpriteFrame","content":{"name":"1_25","texture":"1aceec5ab","rect":[192,338,49,61],"offset":[0,0],"originalSize":[49,61],"rotated":1,"capInsets":[0,0,0,0]}},{"__type__":"cc.SpriteFrame","content":{"name":"1_38","texture":"1aceec5ab","rect":[70,388,49,61],"offset":[0,0],"originalSize":[49,61],"rotated":1,"capInsets":[0,0,0,0]}},{"__type__":"cc.SpriteFrame","content":{"name":"1_07","texture":"1aceec5ab","rect":[3,419,49,61],"offset":[0,0],"originalSize":[49,61],"rotated":1,"capInsets":[0,0,0,0]}},{"__type__":"cc.SpriteFrame","content":{"name":"1_19","texture":"1aceec5ab","rect":[137,388,49,61],"offset":[0,0],"originalSize":[49,61],"capInsets":[0,0,0,0]}},{"__type__":"cc.SpriteFrame","content":{"name":"1_10","texture":"1aceec5ab","rect":[70,443,49,61],"offset":[0,0],"originalSize":[49,61],"rotated":1,"capInsets":[0,0,0,0]}},{"__type__":"cc.SpriteFrame","content":{"name":"1_01","texture":"1aceec5ab","rect":[3,474,49,61],"offset":[0,0],"originalSize":[49,61],"rotated":1,"capInsets":[0,0,0,0]}},{"__type__":"cc.SpriteFrame","content":{"name":"1_32","texture":"1aceec5ab","rect":[192,393,49,61],"offset":[0,0],"originalSize":[49,61],"rotated":1,"capInsets":[0,0,0,0]}},{"__type__":"cc.SpriteFrame","content":{"name":"1_18","texture":"1aceec5ab","rect":[192,448,49,61],"offset":[0,0],"originalSize":[49,61],"rotated":1,"capInsets":[0,0,0,0]}},{"__type__":"cc.SpriteFrame","content":{"name":"1_12","texture":"1aceec5ab","rect":[137,455,49,61],"offset":[0,0],"originalSize":[49,61],"capInsets":[0,0,0,0]}},{"__type__":"cc.SpriteFrame","content":{"name":"1_14","texture":"1aceec5ab","rect":[192,503,49,61],"offset":[0,0],"originalSize":[49,61],"rotated":1,"capInsets":[0,0,0,0]}},{"__type__":"cc.SpriteFrame","content":{"name":"1_34","texture":"1aceec5ab","rect":[70,498,49,61],"offset":[0,0],"originalSize":[49,61],"rotated":1,"capInsets":[0,0,0,0]}},{"__type__":"cc.SpriteFrame","content":{"name":"1_03","texture":"1aceec5ab","rect":[137,522,49,61],"offset":[0,0],"originalSize":[49,61],"capInsets":[0,0,0,0]}},{"__type__":"cc.SpriteFrame","content":{"name":"1_26","texture":"1aceec5ab","rect":[192,558,49,61],"offset":[0,0],"originalSize":[49,61],"rotated":1,"capInsets":[0,0,0,0]}},{"__type__":"cc.SpriteFrame","content":{"name":"1_36","texture":"1aceec5ab","rect":[3,529,49,61],"offset":[0,0],"originalSize":[49,61],"rotated":1,"capInsets":[0,0,0,0]}},{"__type__":"cc.SpriteFrame","content":{"name":"1_02","texture":"1aceec5ab","rect":[70,553,49,61],"offset":[0,0],"originalSize":[49,61],"rotated":1,"capInsets":[0,0,0,0]}},{"__type__":"cc.SpriteFrame","content":{"name":"1_31","texture":"1aceec5ab","rect":[137,589,49,61],"offset":[0,0],"originalSize":[49,61],"capInsets":[0,0,0,0]}},{"__type__":"cc.SpriteFrame","content":{"name":"1_04","texture":"1aceec5ab","rect":[192,613,49,61],"offset":[0,0],"originalSize":[49,61],"rotated":1,"capInsets":[0,0,0,0]}},{"__type__":"cc.SpriteFrame","content":{"name":"1_33","texture":"1aceec5ab","rect":[3,584,49,61],"offset":[0,0],"originalSize":[49,61],"rotated":1,"capInsets":[0,0,0,0]}},{"__type__":"cc.SpriteFrame","content":{"name":"1_30","texture":"1aceec5ab","rect":[70,608,49,61],"offset":[0,0],"originalSize":[49,61],"rotated":1,"capInsets":[0,0,0,0]}},{"__type__":"cc.SpriteFrame","content":{"name":"1_22","texture":"1aceec5ab","rect":[137,656,49,61],"offset":[0,0],"originalSize":[49,61],"capInsets":[0,0,0,0]}},{"__type__":"cc.SpriteFrame","content":{"name":"1_27","texture":"1aceec5ab","rect":[192,668,49,61],"offset":[0,0],"originalSize":[49,61],"rotated":1,"capInsets":[0,0,0,0]}},{"__type__":"cc.SpriteFrame","content":{"name":"1_09","texture":"1aceec5ab","rect":[3,639,49,61],"offset":[0,0],"originalSize":[49,61],"rotated":1,"capInsets":[0,0,0,0]}},{"__type__":"cc.SpriteFrame","content":{"name":"1_16","texture":"1aceec5ab","rect":[70,663,49,61],"offset":[0,0],"originalSize":[49,61],"rotated":1,"capInsets":[0,0,0,0]}}]