{"__type__":"cc.AnimationClip","_name":"Qiugan_17","_duration":1.5,"wrapMode":2,"curveData":{"paths":{"Other_1":{"props":{"opacity":[{"frame":0,"value":0},{"frame":0.25,"value":128},{"frame":0.5,"value":128},{"frame":0.75,"value":0}]}},"Other_2":{"props":{"opacity":[{"frame":0.25,"value":0},{"frame":0.5,"value":128},{"frame":0.75,"value":128},{"frame":1,"value":0}]}},"Other_3":{"props":{"opacity":[{"frame":0.5,"value":0},{"frame":0.75,"value":128},{"frame":1,"value":128},{"frame":1.25,"value":0}]}},"Other_4":{"props":{"opacity":[{"frame":0.75,"value":0},{"frame":1,"value":128},{"frame":1.25,"value":128},{"frame":1.5,"value":0}]}},"Glow_2":{"props":{"opacity":[{"frame":0.8333333333333334,"value":0},{"frame":1.0833333333333333,"value":255},{"frame":1.25,"value":0}],"angle":[{"frame":0.8333333333333334,"value":0},{"frame":1.25,"value":55}]}}}}}