[{
    "__type__": "cc.SpriteFrame",
    "content": {
        "name": "获取体力_文字",
        "texture": "14c0017fb",
        "rect": [455, 333, 229, 38],
        "offset": [0, 0],
        "originalSize": [229, 38],
        "capInsets": [0, 0, 0, 0]
    }
},
[{
    "__type__": "cc.Prefab",
    "_name": "noEnergyLayer",
    "data": {
        "__id__": 1
    }
}, {
    "__type__": "cc.Node",
    "_name": "noEnergyLayer",
    "_children": [{
        "__id__": 2
    }, {
        "__id__": 3
    }],
    "_components": [{
        "__type__": "cc.Widget",
        "node": {
            "__id__": 1
        },
        "_alignFlags": 45
    }, {
        "__type__": "cc.BlockInputEvents",
        "node": {
            "__id__": 1
        }
    }, {
        "__type__": "24af5MqZ79L06EnarD+5zvL",
        "node": {
            "__id__": 1
        }
    }],
    "_prefab": {
        "__type__": "cc.PrefabInfo",
        "root": {
            "__id__": 1
        },
        "asset": {
            "__uuid__": "21+vljittIuIzqKf9AS5mM"
        },
        "fileId": "b2ZI9uCE5Au74Q/STRz0iL"
    },
    "_contentSize": {
        "__type__": "cc.Size",
        "width": 750,
        "height": 1334
    },
    "_trs": {
        "__type__": "TypedArray",
        "ctor": "Float64Array",
        "array": [375, 667, 0, 0, 0, 0, 1, 1, 1, 1]
    }
}, {
    "__type__": "cc.Node",
    "_name": "mask",
    "_parent": {
        "__id__": 1
    },
    "_components": [{
        "__type__": "cc.Sprite",
        "node": {
            "__id__": 2
        },
        "_materials": [{
            "__uuid__": "ecpdLyjvZBwrvm+cedCcQy"
        }],
        "_spriteFrame": {
            "__uuid__": "fdZ+FLNoFGtYmgI6Rsppg4"
        },
        "_type": 1,
        "_sizeMode": 0,
        "_isTrimmedMode": false
    }, {
        "__type__": "cc.Button",
        "node": {
            "__id__": 2
        },
        "_N$normalColor": {
            "__type__": "cc.Color",
            "r": 214,
            "g": 214,
            "b": 214
        },
        "_N$target": {
            "__id__": 2
        }
    }, {
        "__type__": "cc.Widget",
        "node": {
            "__id__": 2
        },
        "_alignFlags": 45,
        "_left": -1,
        "_right": -1,
        "_top": -1,
        "_bottom": -1,
        "_originalWidth": 16,
        "_originalHeight": 16
    }],
    "_prefab": {
        "__type__": "cc.PrefabInfo",
        "root": {
            "__id__": 1
        },
        "asset": {
            "__uuid__": "21+vljittIuIzqKf9AS5mM"
        },
        "fileId": "67EbqYNDxBRautS9PwfMF8"
    },
    "_opacity": 180,
    "_contentSize": {
        "__type__": "cc.Size",
        "width": 752,
        "height": 1336
    },
    "_trs": {
        "__type__": "TypedArray",
        "ctor": "Float64Array",
        "array": [0, 0, 0, 0, 0, 0, 1, 1, 1, 1]
    }
}, {
    "__type__": "cc.Node",
    "_name": "dialog",
    "_parent": {
        "__id__": 1
    },
    "_children": [{
        "__id__": 4
    }, {
        "__id__": 24
    }, {
        "__id__": 26
    }],
    "_components": [{
        "__type__": "96549DGCmlIcZghb3AfRGQI",
        "node": {
            "__id__": 3
        }
    }],
    "_prefab": {
        "__type__": "cc.PrefabInfo",
        "root": {
            "__id__": 1
        },
        "asset": {
            "__uuid__": "21+vljittIuIzqKf9AS5mM"
        },
        "fileId": "6b4qQDzRFM7YPZkb6R2dIb"
    },
    "_trs": {
        "__type__": "TypedArray",
        "ctor": "Float64Array",
        "array": [0, 0, 0, 0, 0, 0, 1, 1, 1, 1]
    }
}, {
    "__type__": "cc.Node",
    "_name": "contents",
    "_parent": {
        "__id__": 3
    },
    "_children": [{
        "__id__": 5
    }, {
        "__id__": 10
    }, {
        "__id__": 13
    }, {
        "__id__": 19
    }],
    "_components": [{
        "__type__": "cc.Sprite",
        "node": {
            "__id__": 4
        },
        "_materials": [{
            "__uuid__": "ecpdLyjvZBwrvm+cedCcQy"
        }],
        "_spriteFrame": {
            "__uuid__": "7eUA/ecqtKJbHxsn0n8WHp"
        },
        "_type": 1,
        "_sizeMode": 0,
        "_isTrimmedMode": false
    }, {
        "__type__": "09bd4f7l0NPfpseMfFdw+uE",
        "node": {
            "__id__": 4
        }
    }, {
        "__type__": "cc.BlockInputEvents",
        "node": {
            "__id__": 4
        }
    }, {
        "__type__": "cc.Layout",
        "node": {
            "__id__": 4
        },
        "_layoutSize": {
            "__type__": "cc.Size",
            "width": 625,
            "height": 499
        },
        "_resize": 1,
        "_N$layoutType": 2,
        "_N$paddingBottom": 50,
        "_N$spacingY": 40
    }],
    "_prefab": {
        "__type__": "cc.PrefabInfo",
        "root": {
            "__id__": 1
        },
        "asset": {
            "__uuid__": "21+vljittIuIzqKf9AS5mM"
        },
        "fileId": "13z53l6thCfoA2uo+Tw0ax"
    },
    "_contentSize": {
        "__type__": "cc.Size",
        "width": 625,
        "height": 499
    },
    "_trs": {
        "__type__": "TypedArray",
        "ctor": "Float64Array",
        "array": [0, 83.332, 0, 0, 0, 0, 1, 1, 1, 1]
    }
}, {
    "__type__": "cc.Node",
    "_name": "header",
    "_parent": {
        "__id__": 4
    },
    "_children": [{
        "__id__": 6
    }, {
        "__id__": 7
    }, {
        "__id__": 9
    }],
    "_prefab": {
        "__type__": "cc.PrefabInfo",
        "root": {
            "__id__": 1
        },
        "asset": {
            "__uuid__": "21+vljittIuIzqKf9AS5mM"
        },
        "fileId": "84zwSw/fJNLaMMdHigdTTu"
    },
    "_contentSize": {
        "__type__": "cc.Size",
        "height": 115
    },
    "_trs": {
        "__type__": "TypedArray",
        "ctor": "Float64Array",
        "array": [0, 192, 0, 0, 0, 0, 1, 1, 1, 1]
    }
}, {
    "__type__": "cc.Node",
    "_name": "title_light",
    "_parent": {
        "__id__": 5
    },
    "_components": [{
        "__type__": "ade161OMgVMKpmjDqerbeZb",
        "node": {
            "__id__": 6
        },
        "_prefab": {
            "__uuid__": "a9R2AW7eJGzoql/lnwjPLu"
        }
    }],
    "_prefab": {
        "__type__": "cc.PrefabInfo",
        "root": {
            "__id__": 1
        },
        "asset": {
            "__uuid__": "21+vljittIuIzqKf9AS5mM"
        },
        "fileId": "84qLqpkY1MO6QTNPbfQl/O"
    },
    "_contentSize": {
        "__type__": "cc.Size",
        "width": 618,
        "height": 104
    },
    "_trs": {
        "__type__": "TypedArray",
        "ctor": "Float64Array",
        "array": [0, 3, 0, 0, 0, 0, 1, 1, 1, 1]
    }
}, {
    "__type__": "cc.Node",
    "_name": "close_btn",
    "_parent": {
        "__id__": 5
    },
    "_children": [{
        "__id__": 8
    }],
    "_components": [{
        "__type__": "cc.Button",
        "node": {
            "__id__": 7
        },
        "zoomScale": 1.1,
        "_N$transition": 3,
        "transition": 3
    }],
    "_prefab": {
        "__type__": "cc.PrefabInfo",
        "root": {
            "__id__": 1
        },
        "asset": {
            "__uuid__": "21+vljittIuIzqKf9AS5mM"
        },
        "fileId": "77pP4n0QFGOKtfe6lXbyOB"
    },
    "_contentSize": {
        "__type__": "cc.Size",
        "width": 98,
        "height": 98
    },
    "_trs": {
        "__type__": "TypedArray",
        "ctor": "Float64Array",
        "array": [258.835, 0, 0, 0, 0, 0, 1, 1, 1, 0]
    }
}, {
    "__type__": "cc.Node",
    "_name": "text",
    "_parent": {
        "__id__": 7
    },
    "_components": [{
        "__type__": "cc.Sprite",
        "node": {
            "__id__": 8
        },
        "_materials": [{
            "__uuid__": "ecpdLyjvZBwrvm+cedCcQy"
        }],
        "_spriteFrame": {
            "__uuid__": "e2qKO1X95Gk6tYQAVxQ0sN"
        }
    }],
    "_prefab": {
        "__type__": "cc.PrefabInfo",
        "root": {
            "__id__": 1
        },
        "asset": {
            "__uuid__": "21+vljittIuIzqKf9AS5mM"
        },
        "fileId": "58mgelyKZGIpQ+mBBjprou"
    },
    "_contentSize": {
        "__type__": "cc.Size",
        "width": 38,
        "height": 38
    },
    "_trs": {
        "__type__": "TypedArray",
        "ctor": "Float64Array",
        "array": [0, 0, 0, 0, 0, 0, 1, 1, 1, 1]
    }
}, {
    "__type__": "cc.Node",
    "_name": "title",
    "_parent": {
        "__id__": 5
    },
    "_components": [{
        "__type__": "cc.Sprite",
        "node": {
            "__id__": 9
        },
        "_materials": [{
            "__uuid__": "ecpdLyjvZBwrvm+cedCcQy"
        }],
        "_spriteFrame": {
            "__uuid__": "5fOC54iD9PGLDLkyVAMdti"
        }
    }],
    "_prefab": {
        "__type__": "cc.PrefabInfo",
        "root": {
            "__id__": 1
        },
        "asset": {
            "__uuid__": "21+vljittIuIzqKf9AS5mM"
        },
        "fileId": "62OOylGN1KVb7AOmRYxUF/"
    },
    "_contentSize": {
        "__type__": "cc.Size",
        "width": 187,
        "height": 47
    },
    "_trs": {
        "__type__": "TypedArray",
        "ctor": "Float64Array",
        "array": [0, 0, 0, 0, 0, 0, 1, 1, 1, 1]
    }
}, {
    "__type__": "cc.Node",
    "_name": "tips",
    "_parent": {
        "__id__": 4
    },
    "_children": [{
        "__id__": 11
    }, {
        "__id__": 12
    }],
    "_prefab": {
        "__type__": "cc.PrefabInfo",
        "root": {
            "__id__": 1
        },
        "asset": {
            "__uuid__": "21+vljittIuIzqKf9AS5mM"
        },
        "fileId": "deKiAK2GZOPaIWGkDmUkpM"
    },
    "_contentSize": {
        "__type__": "cc.Size",
        "height": 50
    },
    "_trs": {
        "__type__": "TypedArray",
        "ctor": "Float64Array",
        "array": [0, 69.5, 0, 0, 0, 0, 1, 1, 1, 1]
    }
}, {
    "__type__": "cc.Node",
    "_name": "t",
    "_parent": {
        "__id__": 10
    },
    "_components": [{
        "__type__": "cc.Sprite",
        "node": {
            "__id__": 11
        },
        "_materials": [{
            "__uuid__": "ecpdLyjvZBwrvm+cedCcQy"
        }],
        "_spriteFrame": {
            "__uuid__": "13shEK0rtOV428SrIArULD"
        }
    }],
    "_prefab": {
        "__type__": "cc.PrefabInfo",
        "root": {
            "__id__": 1
        },
        "asset": {
            "__uuid__": "21+vljittIuIzqKf9AS5mM"
        },
        "fileId": "5fg/MzZeNBm4uf+lgvJZaY"
    },
    "_contentSize": {
        "__type__": "cc.Size",
        "width": 229,
        "height": 38
    },
    "_trs": {
        "__type__": "TypedArray",
        "ctor": "Float64Array",
        "array": [0, 0, 0, 0, 0, 0, 1, 1, 1, 1]
    }
}, {
    "__type__": "cc.Node",
    "_name": "$value_lbl",
    "_parent": {
        "__id__": 10
    },
    "_components": [{
        "__type__": "cc.Label",
        "node": {
            "__id__": 12
        },
        "_materials": [{
            "__uuid__": "ecpdLyjvZBwrvm+cedCcQy"
        }],
        "_useOriginalSize": false,
        "_string": "3",
        "_N$string": "3",
        "_lineHeight": 42,
        "_styleFlags": 1,
        "_N$horizontalAlign": 1,
        "_N$verticalAlign": 1
    }],
    "_prefab": {
        "__type__": "cc.PrefabInfo",
        "root": {
            "__id__": 1
        },
        "asset": {
            "__uuid__": "21+vljittIuIzqKf9AS5mM"
        },
        "fileId": "c5pZf1Xu5JPbKpOrfqu89A"
    },
    "_color": {
        "__type__": "cc.Color",
        "r": 66,
        "g": 131,
        "b": 171
    },
    "_contentSize": {
        "__type__": "cc.Size",
        "width": 22.25,
        "height": 52.92
    },
    "_trs": {
        "__type__": "TypedArray",
        "ctor": "Float64Array",
        "array": [-19.018, 1.428, 0, 0, 0, 0, 1, 1, 1, 1]
    }
}, {
    "__type__": "cc.Node",
    "_name": "$reward_btn",
    "_parent": {
        "__id__": 4
    },
    "_children": [{
        "__id__": 14
    }, {
        "__id__": 15
    }, {
        "__id__": 16
    }, {
        "__id__": 17
    }],
    "_components": [{
        "__type__": "cc.Button",
        "node": {
            "__id__": 13
        },
        "_normalMaterial": {
            "__uuid__": "ecpdLyjvZBwrvm+cedCcQy"
        },
        "zoomScale": 1.1,
        "_N$transition": 3,
        "transition": 3
    }, {
        "__type__": "3a0bdMWXApFAIRZFct2j8zt",
        "node": {
            "__id__": 13
        },
        "sharePos": 4040,
        "callback": {
            "__type__": "cc.ClickEvent",
            "target": {
                "__id__": 1
            },
            "_componentId": "24af5MqZ79L06EnarD+5zvL",
            "handler": "onRewardCallback"
        },
        "autoRefresh": true
    }],
    "_prefab": {
        "__type__": "cc.PrefabInfo",
        "root": {
            "__id__": 1
        },
        "asset": {
            "__uuid__": "21+vljittIuIzqKf9AS5mM"
        },
        "fileId": "f0Z8BUsB5KQpQ9FHEb0Aun"
    },
    "_contentSize": {
        "__type__": "cc.Size",
        "width": 248,
        "height": 82
    },
    "_trs": {
        "__type__": "TypedArray",
        "ctor": "Float64Array",
        "array": [0, -36.5, 0, 0, 0, 0, 1, 1, 1, 0]
    }
}, {
    "__type__": "cc.Node",
    "_name": "text",
    "_parent": {
        "__id__": 13
    },
    "_components": [{
        "__type__": "cc.Sprite",
        "node": {
            "__id__": 14
        },
        "_materials": [{
            "__uuid__": "ecpdLyjvZBwrvm+cedCcQy"
        }],
        "_spriteFrame": {
            "__uuid__": "761qwdfAJKKZQvZJLSi9HA"
        }
    }],
    "_prefab": {
        "__type__": "cc.PrefabInfo",
        "root": {
            "__id__": 1
        },
        "asset": {
            "__uuid__": "21+vljittIuIzqKf9AS5mM"
        },
        "fileId": "3dcu8kDxNLc59i9sgonAzz"
    },
    "_contentSize": {
        "__type__": "cc.Size",
        "width": 263,
        "height": 98
    },
    "_trs": {
        "__type__": "TypedArray",
        "ctor": "Float64Array",
        "array": [0, -8, 0, 0, 0, 0, 1, 1, 1, 1]
    }
}, {
    "__type__": "cc.Node",
    "_name": "video",
    "_parent": {
        "__id__": 13
    },
    "_components": [{
        "__type__": "cc.Sprite",
        "node": {
            "__id__": 15
        },
        "_materials": [{
            "__uuid__": "ecpdLyjvZBwrvm+cedCcQy"
        }],
        "_spriteFrame": {
            "__uuid__": "d8aEgicfVOvI/AvNQa8fW8"
        }
    }],
    "_prefab": {
        "__type__": "cc.PrefabInfo",
        "root": {
            "__id__": 1
        },
        "asset": {
            "__uuid__": "21+vljittIuIzqKf9AS5mM"
        },
        "fileId": "b4opvC5KJOJrjlpovmkCVO"
    },
    "_contentSize": {
        "__type__": "cc.Size",
        "width": 53,
        "height": 41
    },
    "_trs": {
        "__type__": "TypedArray",
        "ctor": "Float64Array",
        "array": [-77.823, -1, 0, 0, 0, 0, 1, 1, 1, 1]
    }
}, {
    "__type__": "cc.Node",
    "_name": "share",
    "_parent": {
        "__id__": 13
    },
    "_active": false,
    "_components": [{
        "__type__": "cc.Sprite",
        "node": {
            "__id__": 16
        },
        "_materials": [{
            "__uuid__": "ecpdLyjvZBwrvm+cedCcQy"
        }],
        "_spriteFrame": {
            "__uuid__": "2f5oBRlslL6LRpSB0YMPt1"
        }
    }],
    "_prefab": {
        "__type__": "cc.PrefabInfo",
        "root": {
            "__id__": 1
        },
        "asset": {
            "__uuid__": "21+vljittIuIzqKf9AS5mM"
        },
        "fileId": "c7hoUKnBFCjZfENKn7shi1"
    },
    "_contentSize": {
        "__type__": "cc.Size",
        "width": 41,
        "height": 44
    },
    "_trs": {
        "__type__": "TypedArray",
        "ctor": "Float64Array",
        "array": [-77.823, -1, 0, 0, 0, 0, 1, 1, 1, 1]
    }
}, {
    "__type__": "cc.Node",
    "_name": "times_bg",
    "_parent": {
        "__id__": 13
    },
    "_children": [{
        "__id__": 18
    }],
    "_components": [{
        "__type__": "cc.Sprite",
        "node": {
            "__id__": 17
        },
        "_materials": [{
            "__uuid__": "ecpdLyjvZBwrvm+cedCcQy"
        }],
        "_spriteFrame": {
            "__uuid__": "f9gOSwoBFC/4tNzWUZTpnf"
        }
    }],
    "_prefab": {
        "__type__": "cc.PrefabInfo",
        "root": {
            "__id__": 1
        },
        "asset": {
            "__uuid__": "21+vljittIuIzqKf9AS5mM"
        },
        "fileId": "eeLSyEyd5FG7rPlp2c0uto"
    },
    "_contentSize": {
        "__type__": "cc.Size",
        "width": 48,
        "height": 53
    },
    "_trs": {
        "__type__": "TypedArray",
        "ctor": "Float64Array",
        "array": [118.25, 22, 0, 0, 0, 0, 1, 1, 1, 1]
    }
}, {
    "__type__": "cc.Node",
    "_name": "$reward_times_lbl",
    "_parent": {
        "__id__": 17
    },
    "_components": [{
        "__type__": "cc.Label",
        "node": {
            "__id__": 18
        },
        "_materials": [{
            "__uuid__": "ecpdLyjvZBwrvm+cedCcQy"
        }],
        "_useOriginalSize": false,
        "_string": "2",
        "_N$string": "2",
        "_fontSize": 20,
        "_lineHeight": 22,
        "_N$horizontalAlign": 1,
        "_N$verticalAlign": 1
    }],
    "_prefab": {
        "__type__": "cc.PrefabInfo",
        "root": {
            "__id__": 1
        },
        "asset": {
            "__uuid__": "21+vljittIuIzqKf9AS5mM"
        },
        "fileId": "caR53jRyVBqo+TzqObzaMV"
    },
    "_contentSize": {
        "__type__": "cc.Size",
        "width": 11.12,
        "height": 27.72
    },
    "_trs": {
        "__type__": "TypedArray",
        "ctor": "Float64Array",
        "array": [0, 7.292, 0, 0, 0, 0, 1, 1, 1, 1]
    }
}, {
    "__type__": "cc.Node",
    "_name": "$coins_btn",
    "_parent": {
        "__id__": 4
    },
    "_children": [{
        "__id__": 20
    }, {
        "__id__": 21
    }, {
        "__id__": 23
    }],
    "_components": [{
        "__type__": "cc.Button",
        "node": {
            "__id__": 19
        },
        "_normalMaterial": {
            "__uuid__": "ecpdLyjvZBwrvm+cedCcQy"
        },
        "zoomScale": 1.1,
        "clickEvents": [{
            "__type__": "cc.ClickEvent",
            "target": {
                "__id__": 1
            },
            "_componentId": "24af5MqZ79L06EnarD+5zvL",
            "handler": "onBtnCoinsClick"
        }],
        "_N$transition": 3,
        "transition": 3
    }],
    "_prefab": {
        "__type__": "cc.PrefabInfo",
        "root": {
            "__id__": 1
        },
        "asset": {
            "__uuid__": "21+vljittIuIzqKf9AS5mM"
        },
        "fileId": "0docuGuUlEurPoCOhvgUe7"
    },
    "_contentSize": {
        "__type__": "cc.Size",
        "width": 248,
        "height": 82
    },
    "_trs": {
        "__type__": "TypedArray",
        "ctor": "Float64Array",
        "array": [0, -158.5, 0, 0, 0, 0, 1, 1, 1, 0]
    }
}, {
    "__type__": "cc.Node",
    "_name": "text",
    "_parent": {
        "__id__": 19
    },
    "_components": [{
        "__type__": "cc.Sprite",
        "node": {
            "__id__": 20
        },
        "_materials": [{
            "__uuid__": "ecpdLyjvZBwrvm+cedCcQy"
        }],
        "_spriteFrame": {
            "__uuid__": "4c6uybvYVElKt+6P+sT4t1"
        }
    }],
    "_prefab": {
        "__type__": "cc.PrefabInfo",
        "root": {
            "__id__": 1
        },
        "asset": {
            "__uuid__": "21+vljittIuIzqKf9AS5mM"
        },
        "fileId": "8diLqn09hPuYHLxAk+Pld/"
    },
    "_contentSize": {
        "__type__": "cc.Size",
        "width": 260,
        "height": 100
    },
    "_trs": {
        "__type__": "TypedArray",
        "ctor": "Float64Array",
        "array": [0, -8, 0, 0, 0, 0, 1, 1, 1, 1]
    }
}, {
    "__type__": "cc.Node",
    "_name": "times_bg",
    "_parent": {
        "__id__": 19
    },
    "_children": [{
        "__id__": 22
    }],
    "_components": [{
        "__type__": "cc.Sprite",
        "node": {
            "__id__": 21
        },
        "_materials": [{
            "__uuid__": "ecpdLyjvZBwrvm+cedCcQy"
        }],
        "_spriteFrame": {
            "__uuid__": "f9gOSwoBFC/4tNzWUZTpnf"
        }
    }],
    "_prefab": {
        "__type__": "cc.PrefabInfo",
        "root": {
            "__id__": 1
        },
        "asset": {
            "__uuid__": "21+vljittIuIzqKf9AS5mM"
        },
        "fileId": "8d3plCJTJIqoX3EgvSteA9"
    },
    "_contentSize": {
        "__type__": "cc.Size",
        "width": 48,
        "height": 53
    },
    "_trs": {
        "__type__": "TypedArray",
        "ctor": "Float64Array",
        "array": [118.25, 22, 0, 0, 0, 0, 1, 1, 1, 1]
    }
}, {
    "__type__": "cc.Node",
    "_name": "$coins_times_lbl",
    "_parent": {
        "__id__": 21
    },
    "_components": [{
        "__type__": "cc.Label",
        "node": {
            "__id__": 22
        },
        "_materials": [{
            "__uuid__": "ecpdLyjvZBwrvm+cedCcQy"
        }],
        "_useOriginalSize": false,
        "_string": "2",
        "_N$string": "2",
        "_fontSize": 20,
        "_lineHeight": 22,
        "_N$horizontalAlign": 1,
        "_N$verticalAlign": 1
    }],
    "_prefab": {
        "__type__": "cc.PrefabInfo",
        "root": {
            "__id__": 1
        },
        "asset": {
            "__uuid__": "21+vljittIuIzqKf9AS5mM"
        },
        "fileId": "aae4C+ZRRMPItDb2/5Kk8g"
    },
    "_contentSize": {
        "__type__": "cc.Size",
        "width": 11.12,
        "height": 27.72
    },
    "_trs": {
        "__type__": "TypedArray",
        "ctor": "Float64Array",
        "array": [0, 7.292, 0, 0, 0, 0, 1, 1, 1, 1]
    }
}, {
    "__type__": "cc.Node",
    "_name": "$coins_price_lbl",
    "_parent": {
        "__id__": 19
    },
    "_components": [{
        "__type__": "cc.Label",
        "node": {
            "__id__": 23
        },
        "_materials": [{
            "__uuid__": "ecpdLyjvZBwrvm+cedCcQy"
        }],
        "_useOriginalSize": false,
        "_string": "10000",
        "_N$string": "10000",
        "_fontSize": 28,
        "_lineHeight": 32,
        "_N$horizontalAlign": 1,
        "_N$verticalAlign": 1
    }, {
        "__type__": "cc.LabelOutline",
        "node": {
            "__id__": 23
        },
        "_color": {
            "__type__": "cc.Color",
            "r": 185,
            "g": 126,
            "b": 30
        },
        "_width": 3
    }],
    "_prefab": {
        "__type__": "cc.PrefabInfo",
        "root": {
            "__id__": 1
        },
        "asset": {
            "__uuid__": "21+vljittIuIzqKf9AS5mM"
        },
        "fileId": "5cOYx0cABNaJuWsmc2yWGG"
    },
    "_contentSize": {
        "__type__": "cc.Size",
        "width": 83.86,
        "height": 46.32
    },
    "_trs": {
        "__type__": "TypedArray",
        "ctor": "Float64Array",
        "array": [-20.636, 2.351, 0, 0, 0, 0, 1, 1, 1, 1]
    }
}, {
    "__type__": "cc.Node",
    "_name": "top",
    "_parent": {
        "__id__": 3
    },
    "_children": [{
        "__id__": 25
    }],
    "_components": [{
        "__type__": "cc.Widget",
        "node": {
            "__id__": 24
        },
        "_alignFlags": 8,
        "_left": -375,
        "_top": -1.0349999999999682
    }, {
        "__type__": "e57e4IZMt1DRIedJi+eZop6",
        "node": {
            "__id__": 24
        }
    }, {
        "__type__": "96549DGCmlIcZghb3AfRGQI",
        "node": {
            "__id__": 24
        }
    }],
    "_prefab": {
        "__type__": "cc.PrefabInfo",
        "root": {
            "__id__": 1
        },
        "asset": {
            "__uuid__": "21+vljittIuIzqKf9AS5mM"
        },
        "fileId": "bdLuH6eGlFZ4d0rVB/azl/"
    },
    "_trs": {
        "__type__": "TypedArray",
        "ctor": "Float64Array",
        "array": [-375, 668.035, 0, 0, 0, 0, 1, 1, 1, 1]
    }
}, {
    "__type__": "cc.Node",
    "_name": "money_bar",
    "_parent": {
        "__id__": 24
    },
    "_components": [{
        "__type__": "ade161OMgVMKpmjDqerbeZb",
        "node": {
            "__id__": 25
        },
        "_prefab": {
            "__uuid__": "1b5n6PJYNCKYVt604lwFVW"
        }
    }],
    "_prefab": {
        "__type__": "cc.PrefabInfo",
        "root": {
            "__id__": 1
        },
        "asset": {
            "__uuid__": "21+vljittIuIzqKf9AS5mM"
        },
        "fileId": "4eZVzJmWBIBJtljF+CiBR2"
    },
    "_trs": {
        "__type__": "TypedArray",
        "ctor": "Float64Array",
        "array": [0, -80, 0, 0, 0, 0, 1, 1, 1, 1]
    }
}, {
    "__type__": "cc.Node",
    "_name": "banner",
    "_parent": {
        "__id__": 3
    },
    "_components": [{
        "__type__": "ce3f9aG6A1If7y9kH3tgvq2",
        "node": {
            "__id__": 26
        }
    }],
    "_prefab": {
        "__type__": "cc.PrefabInfo",
        "root": {
            "__id__": 1
        },
        "asset": {
            "__uuid__": "21+vljittIuIzqKf9AS5mM"
        },
        "fileId": "9ex767541P6ILyPBqnO1L1"
    },
    "_trs": {
        "__type__": "TypedArray",
        "ctor": "Float64Array",
        "array": [0, -168.784, 0, 0, 0, 0, 1, 1, 1, 1]
    }
}], {
    "__type__": "cc.SpriteFrame",
    "content": {
        "name": "获取体力_图标_分享",
        "texture": "14c0017fb",
        "rect": [484, 979, 41, 44],
        "offset": [0, 0],
        "originalSize": [41, 44],
        "rotated": 1,
        "capInsets": [0, 0, 0, 0]
    }
}, {
    "__type__": "cc.SpriteFrame",
    "content": {
        "name": "获取体力_购买",
        "texture": "14c0017fb",
        "rect": [300, 768, 260, 100],
        "offset": [0, 0],
        "originalSize": [260, 100],
        "capInsets": [0, 0, 0, 0]
    }
}, {
    "__type__": "cc.SpriteFrame",
    "content": {
        "name": "体力不足",
        "texture": "14c0017fb",
        "rect": [455, 377, 187, 47],
        "offset": [0, 0],
        "originalSize": [187, 47],
        "capInsets": [0, 0, 0, 0]
    }
}, {
    "__type__": "cc.SpriteFrame",
    "content": {
        "name": "获取体力_领取体力",
        "texture": "14c0017fb",
        "rect": [302, 664, 263, 98],
        "offset": [0, 0],
        "originalSize": [263, 98],
        "capInsets": [0, 0, 0, 0]
    }
}, {
    "__type__": "cc.SpriteFrame",
    "content": {
        "name": "获取体力_图标_视频",
        "texture": "14c0017fb",
        "rect": [645, 552, 53, 41],
        "offset": [0, 0],
        "originalSize": [53, 41],
        "capInsets": [0, 0, 0, 0]
    }
}, {
    "__type__": "cc.SpriteFrame",
    "content": {
        "name": "获取体力_次",
        "texture": "14c0017fb",
        "rect": [645, 498, 48, 53],
        "offset": [0, 0],
        "originalSize": [48, 53],
        "rotated": 1,
        "capInsets": [0, 0, 0, 0]
    }
}
]