{"__type__":"dragonBones.DragonBonesAtlasAsset","_name":"effect_jinqiu_tex","_atlasJson":"{\"width\":1024,\"SubTexture\":[{\"width\":121,\"y\":598,\"height\":123,\"name\":\"xingguang1\",\"x\":901},{\"frameY\":-1,\"y\":314,\"frameWidth\":218,\"frameHeight\":198,\"width\":214,\"height\":195,\"name\":\"510010\",\"frameX\":-2,\"x\":489},{\"frameY\":-1,\"y\":201,\"frameWidth\":218,\"frameHeight\":198,\"width\":216,\"height\":196,\"name\":\"510009\",\"frameX\":-1,\"x\":793},{\"width\":218,\"y\":1,\"height\":198,\"name\":\"510008\",\"x\":793},{\"frameY\":0,\"y\":314,\"frameWidth\":218,\"frameHeight\":198,\"width\":214,\"height\":197,\"name\":\"510007\",\"frameX\":-2,\"x\":273},{\"frameY\":-1,\"y\":399,\"frameWidth\":218,\"frameHeight\":198,\"width\":209,\"height\":197,\"name\":\"510006\",\"frameX\":-4,\"x\":705},{\"frameY\":-3,\"y\":579,\"frameWidth\":218,\"frameHeight\":198,\"width\":203,\"height\":192,\"name\":\"510005\",\"frameX\":-7,\"x\":1},{\"frameY\":-5,\"y\":598,\"frameWidth\":218,\"frameHeight\":198,\"width\":195,\"height\":185,\"name\":\"510004\",\"frameX\":-11,\"x\":704},{\"frameY\":-8,\"y\":706,\"frameWidth\":218,\"frameHeight\":198,\"width\":186,\"height\":176,\"name\":\"510003\",\"frameX\":-15,\"x\":487},{\"frameY\":-58,\"y\":314,\"frameWidth\":218,\"frameHeight\":198,\"width\":58,\"height\":56,\"name\":\"510000\",\"frameX\":-77,\"x\":705},{\"frameY\":-17,\"y\":1062,\"frameWidth\":218,\"frameHeight\":198,\"width\":159,\"height\":151,\"name\":\"510002\",\"frameX\":-28,\"x\":803},{\"frameY\":-2,\"y\":513,\"frameWidth\":218,\"frameHeight\":198,\"width\":212,\"height\":193,\"name\":\"510012\",\"frameX\":-3,\"x\":273},{\"frameY\":-32,\"y\":723,\"frameWidth\":218,\"frameHeight\":198,\"width\":119,\"height\":114,\"name\":\"510001\",\"frameX\":-47,\"x\":901},{\"frameY\":-2,\"y\":511,\"frameWidth\":218,\"frameHeight\":198,\"width\":213,\"height\":193,\"name\":\"510011\",\"frameX\":-3,\"x\":489},{\"width\":157,\"y\":708,\"height\":182,\"name\":\"760014\",\"x\":206},{\"frameY\":-6,\"y\":1319,\"frameWidth\":157,\"frameHeight\":182,\"width\":133,\"height\":139,\"name\":\"760003\",\"frameX\":-10,\"x\":1},{\"frameY\":0,\"y\":773,\"frameWidth\":157,\"frameHeight\":182,\"width\":157,\"height\":180,\"name\":\"760013\",\"frameX\":0,\"x\":1},{\"frameY\":-11,\"y\":708,\"frameWidth\":157,\"frameHeight\":182,\"width\":120,\"height\":127,\"name\":\"760002\",\"frameX\":-17,\"x\":365},{\"frameY\":-48,\"y\":837,\"frameWidth\":157,\"frameHeight\":182,\"width\":47,\"height\":49,\"name\":\"760000\",\"frameX\":-55,\"x\":365},{\"frameY\":0,\"y\":892,\"frameWidth\":157,\"frameHeight\":182,\"width\":157,\"height\":177,\"name\":\"760012\",\"frameX\":0,\"x\":160},{\"frameY\":-20,\"y\":399,\"frameWidth\":157,\"frameHeight\":182,\"width\":103,\"height\":107,\"name\":\"760001\",\"frameX\":-26,\"x\":916},{\"frameY\":-5,\"y\":884,\"frameWidth\":157,\"frameHeight\":182,\"width\":153,\"height\":176,\"name\":\"760019\",\"frameX\":-4,\"x\":805},{\"frameY\":0,\"y\":1071,\"frameWidth\":157,\"frameHeight\":182,\"width\":157,\"height\":175,\"name\":\"760011\",\"frameX\":0,\"x\":156},{\"frameY\":-3,\"y\":1138,\"frameWidth\":157,\"frameHeight\":182,\"width\":153,\"height\":179,\"name\":\"760018\",\"frameX\":-4,\"x\":1},{\"frameY\":0,\"y\":884,\"frameWidth\":157,\"frameHeight\":182,\"width\":157,\"height\":172,\"name\":\"760010\",\"frameX\":0,\"x\":646},{\"frameY\":0,\"y\":1058,\"frameWidth\":157,\"frameHeight\":182,\"width\":155,\"height\":169,\"name\":\"760009\",\"frameX\":0,\"x\":646},{\"frameY\":0,\"y\":1068,\"frameWidth\":157,\"frameHeight\":182,\"width\":154,\"height\":165,\"name\":\"760008\",\"frameX\":0,\"x\":474},{\"frameY\":0,\"y\":1235,\"frameWidth\":157,\"frameHeight\":182,\"width\":154,\"height\":162,\"name\":\"760007\",\"frameX\":0,\"x\":474},{\"frameY\":-2,\"y\":892,\"frameWidth\":157,\"frameHeight\":182,\"width\":153,\"height\":180,\"name\":\"760017\",\"frameX\":-4,\"x\":319},{\"frameY\":0,\"y\":1074,\"frameWidth\":157,\"frameHeight\":182,\"width\":153,\"height\":161,\"name\":\"760006\",\"frameX\":0,\"x\":315},{\"frameY\":-1,\"y\":955,\"frameWidth\":157,\"frameHeight\":182,\"width\":153,\"height\":181,\"name\":\"760016\",\"frameX\":-4,\"x\":1},{\"frameY\":-1,\"y\":1237,\"frameWidth\":157,\"frameHeight\":182,\"width\":149,\"height\":156,\"name\":\"760005\",\"frameX\":-2,\"x\":315},{\"width\":157,\"y\":884,\"height\":182,\"name\":\"760015\",\"x\":487},{\"frameY\":-2,\"y\":1248,\"frameWidth\":157,\"frameHeight\":182,\"width\":142,\"height\":150,\"name\":\"760004\",\"frameX\":-6,\"x\":156},{\"frameY\":-1,\"y\":1215,\"frameWidth\":104,\"frameHeight\":106,\"width\":100,\"height\":103,\"name\":\"f7\",\"frameX\":-2,\"x\":803},{\"frameY\":0,\"y\":1229,\"frameWidth\":104,\"frameHeight\":106,\"width\":98,\"height\":103,\"name\":\"f2\",\"frameX\":-3,\"x\":630},{\"frameY\":-2,\"y\":1215,\"frameWidth\":104,\"frameHeight\":106,\"width\":101,\"height\":100,\"name\":\"f8\",\"frameX\":-1,\"x\":905},{\"frameY\":-2,\"y\":1506,\"frameWidth\":104,\"frameHeight\":106,\"width\":101,\"height\":103,\"name\":\"f3\",\"frameX\":-2,\"x\":129},{\"frameY\":-4,\"y\":1334,\"frameWidth\":104,\"frameHeight\":106,\"width\":102,\"height\":98,\"name\":\"f9\",\"frameX\":0,\"x\":729},{\"frameY\":-2,\"y\":1400,\"frameWidth\":104,\"frameHeight\":106,\"width\":103,\"height\":104,\"name\":\"f4\",\"frameX\":-1,\"x\":136},{\"frameY\":-4,\"y\":1317,\"frameWidth\":104,\"frameHeight\":106,\"width\":102,\"height\":99,\"name\":\"f10\",\"frameX\":-1,\"x\":905},{\"frameY\":-1,\"y\":1545,\"frameWidth\":104,\"frameHeight\":106,\"width\":101,\"height\":103,\"name\":\"f5\",\"frameX\":-1,\"x\":1},{\"frameY\":-2,\"y\":1434,\"frameWidth\":104,\"frameHeight\":106,\"width\":98,\"height\":102,\"name\":\"f6\",\"frameX\":-1,\"x\":729},{\"frameY\":-1,\"y\":1334,\"frameWidth\":104,\"frameHeight\":106,\"width\":97,\"height\":104,\"name\":\"f1\",\"frameX\":-2,\"x\":630},{\"width\":46,\"y\":384,\"height\":4,\"name\":\"彩条1\",\"x\":705},{\"width\":46,\"y\":372,\"height\":4,\"name\":\"彩条2\",\"x\":705},{\"width\":46,\"y\":378,\"height\":4,\"name\":\"彩条3\",\"x\":705},{\"width\":311,\"y\":1,\"height\":311,\"name\":\"guang2\",\"x\":480},{\"width\":115,\"y\":1395,\"height\":115,\"name\":\"guang3\",\"x\":300},{\"width\":270,\"y\":245,\"height\":332,\"name\":\"guang1\",\"x\":1},{\"width\":477,\"y\":1,\"height\":242,\"name\":\"xingguang2\",\"x\":1},{\"frameY\":-3,\"y\":1434,\"frameWidth\":141,\"frameHeight\":104,\"width\":124,\"height\":75,\"name\":\"龙卷风3\",\"frameX\":-5,\"x\":829},{\"frameY\":-10,\"y\":785,\"frameWidth\":141,\"frameHeight\":104,\"width\":131,\"height\":89,\"name\":\"龙卷风1\",\"frameX\":-6,\"x\":675},{\"frameY\":-13,\"y\":1460,\"frameWidth\":141,\"frameHeight\":104,\"width\":126,\"height\":83,\"name\":\"龙卷风2\",\"frameX\":-3,\"x\":1}],\"height\":1650,\"name\":\"effect_jinqiu\",\"imagePath\":\"effect_jinqiu_tex.png\"}","_texture":{"__uuid__":"bandpgSEtMhaIOVLrnvmwq"},"texture":{"__uuid__":"bandpgSEtMhaIOVLrnvmwq"}}