{"__type__":"cc.AnimationClip","_name":"Qiugan_18","_duration":3,"wrapMode":2,"curveData":{"paths":{"Other_6":{"props":{"opacity":[{"frame":0.25,"value":0},{"frame":0.5,"value":128},{"frame":1,"value":128},{"frame":1.25,"value":0}]}},"Other_5":{"props":{"opacity":[{"frame":0.5,"value":0},{"frame":0.75,"value":128},{"frame":1.25,"value":128},{"frame":1.5,"value":0}]}},"Other_3":{"props":{"opacity":[{"frame":0.75,"value":0},{"frame":1,"value":128},{"frame":1.5,"value":128},{"frame":1.75,"value":0}]}},"Other_7":{"props":{"opacity":[{"frame":0,"value":0},{"frame":0.25,"value":128},{"frame":0.75,"value":128},{"frame":1,"value":0}]}},"Other_4":{"props":{"opacity":[{"frame":1,"value":0},{"frame":1.25,"value":128},{"frame":1.75,"value":128},{"frame":2,"value":0}]}},"Other_8":{"props":{"opacity":[{"frame":1.25,"value":0},{"frame":1.5,"value":128},{"frame":2,"value":128},{"frame":2.25,"value":0}]}},"Other_8 copy":{"props":{"opacity":[{"frame":1.5,"value":0},{"frame":1.75,"value":128},{"frame":2.25,"value":128},{"frame":2.5,"value":0}]}},"Other_4 copy":{"props":{"opacity":[{"frame":1.75,"value":0},{"frame":2,"value":128},{"frame":2.5,"value":128},{"frame":2.75,"value":0}]}},"Other_9":{"props":{"opacity":[{"frame":2,"value":0},{"frame":2.25,"value":128},{"frame":2.75,"value":128},{"frame":3,"value":0}]}},"Glow_1":{"props":{"opacity":[{"frame":0.8333333333333334,"value":0},{"frame":1.1666666666666667,"value":255},{"frame":1.6666666666666667,"value":0}],"angle":[{"frame":0.8333333333333334,"value":0},{"frame":1.6666666666666667,"value":65}]}},"Glow_2":{"props":{"angle":[{"frame":1.5,"value":0},{"frame":2.5,"value":-65}],"opacity":[{"frame":1.5,"value":0},{"frame":2,"value":255},{"frame":2.5,"value":0}]}}}}}