{"__type__":"dragonBones.DragonBonesAtlasAsset","_name":"meiri_Project_tex","_atlasJson":"{\"width\":236,\"imagePath\":\"meiri_Project_tex.png\",\"height\":254,\"name\":\"meiri_Project\",\"SubTexture\":[{\"width\":81,\"y\":238,\"height\":12,\"name\":\"奖杯后\",\"x\":136},{\"width\":37,\"y\":1,\"height\":87,\"name\":\"球杆\",\"x\":168},{\"width\":30,\"y\":196,\"height\":31,\"name\":\"heiqiu\",\"x\":171},{\"width\":31,\"y\":196,\"height\":30,\"name\":\"hongqiu\",\"x\":203},{\"width\":113,\"y\":1,\"height\":106,\"name\":\"奖杯\",\"x\":1},{\"width\":98,\"y\":190,\"height\":28,\"name\":\"每日挑战\",\"x\":1},{\"frameY\":-8,\"y\":228,\"frameWidth\":109,\"frameX\":0,\"frameHeight\":97,\"width\":6,\"height\":13,\"name\":\"sg01\",\"x\":219},{\"frameY\":-8,\"y\":100,\"frameWidth\":109,\"frameX\":-69,\"frameHeight\":97,\"width\":40,\"height\":88,\"name\":\"sg07\",\"x\":116},{\"frameY\":-2,\"y\":100,\"frameWidth\":109,\"frameX\":-39,\"frameHeight\":97,\"width\":37,\"height\":94,\"name\":\"sg05\",\"x\":158},{\"frameY\":-4,\"y\":220,\"frameWidth\":109,\"frameX\":0,\"frameHeight\":97,\"width\":21,\"height\":32,\"name\":\"sg02\",\"x\":1},{\"frameY\":-2,\"y\":190,\"frameWidth\":109,\"frameX\":-26,\"frameHeight\":97,\"width\":33,\"height\":48,\"name\":\"sg04\",\"x\":101},{\"frameY\":0,\"y\":1,\"frameWidth\":109,\"frameX\":-46,\"frameHeight\":97,\"width\":50,\"height\":97,\"name\":\"sg06\",\"x\":116},{\"frameY\":-1,\"y\":196,\"frameWidth\":109,\"frameX\":-10,\"frameHeight\":97,\"width\":33,\"height\":40,\"name\":\"sg03\",\"x\":136}]}","_texture":{"__uuid__":"090MIjwfVJ0JbCPVIk31jl"},"texture":{"__uuid__":"090MIjwfVJ0JbCPVIk31jl"}}