[{"__type__":"cc.SpriteFrame","content":{"name":"cue_7","texture":"18a693853","rect":[389,3,43,1482],"offset":[0,0],"originalSize":[43,1482],"capInsets":[0,0,0,0]}},[{"__type__":"cc.Prefab","_name":"Qiugan_7","data":{"__id__":1}},{"__type__":"cc.Node","_name":"Qiugan_7","_children":[{"__id__":2},{"__id__":3}],"_prefab":{"__type__":"cc.PrefabInfo","root":{"__id__":1},"asset":{"__uuid__":"4ealWB3N1GnZIPrur9Ffls"},"fileId":"bdWe+pJkBICrFiJdpxFGtI"},"_contentSize":{"__type__":"cc.Size","height":1100},"_anchorPoint":{"__type__":"cc.Vec2","x":0.5},"_trs":{"__type__":"TypedArray","ctor":"Float64Array","array":[0,0,0,0,0,0,1,1,1,1]}},{"__type__":"cc.Node","_name":"Ball_yinying","_parent":{"__id__":1},"_components":[{"__type__":"cc.Sprite","node":{"__id__":2},"_materials":[{"__uuid__":"ecpdLyjvZBwrvm+cedCcQy"}],"_spriteFrame":{"__uuid__":"29jyIw1K5DQZMoavz4rKeH"},"_sizeMode":0}],"_prefab":{"__type__":"cc.PrefabInfo","root":{"__id__":1},"asset":{"__uuid__":"4ealWB3N1GnZIPrur9Ffls"},"fileId":"ecY8CrlmFOtpB5QCBDPyyg"},"_opacity":20,"_color":{"__type__":"cc.Color"},"_contentSize":{"__type__":"cc.Size","width":32,"height":1100},"_anchorPoint":{"__type__":"cc.Vec2","x":0.5},"_trs":{"__type__":"TypedArray","ctor":"Float64Array","array":[-40.491,-20.693,0,0,0,0,1,1,1,1]}},{"__type__":"cc.Node","_name":"Ball_1","_parent":{"__id__":1},"_components":[{"__type__":"cc.Sprite","node":{"__id__":3},"_materials":[{"__uuid__":"ecpdLyjvZBwrvm+cedCcQy"}],"_spriteFrame":{"__uuid__":"29jyIw1K5DQZMoavz4rKeH"},"_sizeMode":0}],"_prefab":{"__type__":"cc.PrefabInfo","root":{"__id__":1},"asset":{"__uuid__":"4ealWB3N1GnZIPrur9Ffls"},"fileId":"78mJGXEWlD9Z3V5xyRVXSB"},"_contentSize":{"__type__":"cc.Size","width":32,"height":1100},"_anchorPoint":{"__type__":"cc.Vec2","x":0.5},"_trs":{"__type__":"TypedArray","ctor":"Float64Array","array":[-2.309,21.835,0,0,0,0,1,1,1,1]}}]]