[[{"__type__":"cc.Prefab","_name":"table1","data":{"__id__":1}},{"__type__":"cc.Node","_name":"table1","_children":[{"__id__":2},{"__id__":9},{"__id__":40}],"_prefab":{"__type__":"cc.PrefabInfo","root":{"__id__":1},"asset":{"__uuid__":"972+neNbdGUZuqos5tHuY6"},"fileId":"7da/EI6c1P1ovCO4qHG3sV"},"_trs":{"__type__":"TypedArray","ctor":"Float64Array","array":[0,0,0,0,0,0,1,1,1,1]}},{"__type__":"cc.Node","_name":"pocket_sprites","_parent":{"__id__":1},"_children":[{"__id__":3},{"__id__":4},{"__id__":5},{"__id__":6},{"__id__":7},{"__id__":8}],"_prefab":{"__type__":"cc.PrefabInfo","root":{"__id__":1},"asset":{"__uuid__":"972+neNbdGUZuqos5tHuY6"},"fileId":"90FflwMJhHpo+rK1Www2Y+"},"_trs":{"__type__":"TypedArray","ctor":"Float64Array","array":[0,0,0,0,0,0,1,1,1,1]}},{"__type__":"cc.Node","_name":"sp","_parent":{"__id__":2},"_components":[{"__type__":"cc.Sprite","node":{"__id__":3},"_materials":[{"__uuid__":"ecpdLyjvZBwrvm+cedCcQy"}],"_spriteFrame":{"__uuid__":"ebfS+Qb4FL06eanZWQHdYy"}}],"_prefab":{"__type__":"cc.PrefabInfo","root":{"__id__":1},"asset":{"__uuid__":"972+neNbdGUZuqos5tHuY6"},"fileId":"edyJc0ctlBurYLONMY2Swv"},"_contentSize":{"__type__":"cc.Size","width":56,"height":56},"_trs":{"__type__":"TypedArray","ctor":"Float64Array","array":[-261.189,-3.1550000000000002,0,0,0,0,1,1.1,1.1,1]}},{"__type__":"cc.Node","_name":"sp","_parent":{"__id__":2},"_components":[{"__type__":"cc.Sprite","node":{"__id__":4},"_materials":[{"__uuid__":"ecpdLyjvZBwrvm+cedCcQy"}],"_spriteFrame":{"__uuid__":"ebfS+Qb4FL06eanZWQHdYy"}}],"_prefab":{"__type__":"cc.PrefabInfo","root":{"__id__":1},"asset":{"__uuid__":"972+neNbdGUZuqos5tHuY6"},"fileId":"a0sKM4D0RPgamipDFtE34D"},"_contentSize":{"__type__":"cc.Size","width":56,"height":56},"_trs":{"__type__":"TypedArray","ctor":"Float64Array","array":[-242.426,-477.757,0,0,0,0.374606593415912,0.9271838545667874,1.1,1.1,1]},"_eulerAngles":{"__type__":"cc.Vec3","z":44}},{"__type__":"cc.Node","_name":"sp","_parent":{"__id__":2},"_components":[{"__type__":"cc.Sprite","node":{"__id__":5},"_materials":[{"__uuid__":"ecpdLyjvZBwrvm+cedCcQy"}],"_spriteFrame":{"__uuid__":"ebfS+Qb4FL06eanZWQHdYy"}}],"_prefab":{"__type__":"cc.PrefabInfo","root":{"__id__":1},"asset":{"__uuid__":"972+neNbdGUZuqos5tHuY6"},"fileId":"b2/91g/R1A7rYI53WT+2pF"},"_contentSize":{"__type__":"cc.Size","width":56,"height":56},"_trs":{"__type__":"TypedArray","ctor":"Float64Array","array":[245.893,-477.262,0,0,0,0.9205048534524404,0.3907311284892737,1.1,-1.1,1]},"_eulerAngles":{"__type__":"cc.Vec3","z":134}},{"__type__":"cc.Node","_name":"sp","_parent":{"__id__":2},"_components":[{"__type__":"cc.Sprite","node":{"__id__":6},"_materials":[{"__uuid__":"ecpdLyjvZBwrvm+cedCcQy"}],"_spriteFrame":{"__uuid__":"ebfS+Qb4FL06eanZWQHdYy"}}],"_prefab":{"__type__":"cc.PrefabInfo","root":{"__id__":1},"asset":{"__uuid__":"972+neNbdGUZuqos5tHuY6"},"fileId":"39BbKP1ttPwqngzMkQa0Ve"},"_contentSize":{"__type__":"cc.Size","width":56,"height":56},"_trs":{"__type__":"TypedArray","ctor":"Float64Array","array":[265.228,-2.578,0,0,0,0,1,-1.1,1.1,1]}},{"__type__":"cc.Node","_name":"sp","_parent":{"__id__":2},"_components":[{"__type__":"cc.Sprite","node":{"__id__":7},"_materials":[{"__uuid__":"ecpdLyjvZBwrvm+cedCcQy"}],"_spriteFrame":{"__uuid__":"ebfS+Qb4FL06eanZWQHdYy"}}],"_prefab":{"__type__":"cc.PrefabInfo","root":{"__id__":1},"asset":{"__uuid__":"972+neNbdGUZuqos5tHuY6"},"fileId":"96EHHvTYdOKbxc815lK4Mn"},"_contentSize":{"__type__":"cc.Size","width":56,"height":56},"_trs":{"__type__":"TypedArray","ctor":"Float64Array","array":[246.276,469.384,0,0,0,0.9238795325112867,-0.3826834323650897,1.1,-1.1,1]},"_eulerAngles":{"__type__":"cc.Vec3","z":225}},{"__type__":"cc.Node","_name":"sp","_parent":{"__id__":2},"_components":[{"__type__":"cc.Sprite","node":{"__id__":8},"_materials":[{"__uuid__":"ecpdLyjvZBwrvm+cedCcQy"}],"_spriteFrame":{"__uuid__":"ebfS+Qb4FL06eanZWQHdYy"}}],"_prefab":{"__type__":"cc.PrefabInfo","root":{"__id__":1},"asset":{"__uuid__":"972+neNbdGUZuqos5tHuY6"},"fileId":"7efpclAQZGCJr5zaRXHf8P"},"_contentSize":{"__type__":"cc.Size","width":56,"height":56},"_trs":{"__type__":"TypedArray","ctor":"Float64Array","array":[-243.879,470.1,0,0,0,-0.4067366430758002,0.9135454576426009,1.1,1.1,1]},"_eulerAngles":{"__type__":"cc.Vec3","z":-48}},{"__type__":"cc.Node","_name":"table_physics","_parent":{"__id__":1},"_children":[{"__id__":10},{"__id__":13},{"__id__":16},{"__id__":19},{"__id__":22},{"__id__":25},{"__id__":28},{"__id__":29},{"__id__":30},{"__id__":31},{"__id__":32},{"__id__":33},{"__id__":34},{"__id__":35},{"__id__":36},{"__id__":37},{"__id__":38},{"__id__":39}],"_active":false,"_prefab":{"__type__":"cc.PrefabInfo","root":{"__id__":1},"asset":{"__uuid__":"972+neNbdGUZuqos5tHuY6"},"fileId":"96DZtV6sJFm509+JrLDdjg"},"_trs":{"__type__":"TypedArray","ctor":"Float64Array","array":[0,0,0,0,0,0,1,1,1,1]}},{"__type__":"cc.Node","_name":"cushion","_parent":{"__id__":9},"_children":[{"__id__":11},{"__id__":12}],"_components":[{"__type__":"cc.RigidBody","node":{"__id__":10},"_type":0},{"__type__":"cc.PhysicsBoxCollider","node":{"__id__":10},"_friction":0,"_restitution":0.8,"_size":{"__type__":"cc.Size","width":40,"height":370}}],"_prefab":{"__type__":"cc.PrefabInfo","root":{"__id__":1},"asset":{"__uuid__":"972+neNbdGUZuqos5tHuY6"},"fileId":"37ePBb5NBDioiUs5a7jiLN"},"_contentSize":{"__type__":"cc.Size","width":40,"height":370},"_trs":{"__type__":"TypedArray","ctor":"Float64Array","array":[-254,233.7,0,0,0,0,1,1,1,1]},"_groupIndex":1,"groupIndex":1},{"__type__":"cc.Node","_name":"circle","_parent":{"__id__":10},"_components":[{"__type__":"cc.Widget","node":{"__id__":11},"_alignFlags":33,"_right":20},{"__type__":"cc.RigidBody","node":{"__id__":11},"_type":0},{"__type__":"cc.PhysicsCircleCollider","node":{"__id__":11},"_friction":0,"_restitution":0.8,"_radius":20}],"_prefab":{"__type__":"cc.PrefabInfo","root":{"__id__":1},"asset":{"__uuid__":"972+neNbdGUZuqos5tHuY6"},"fileId":"29fhOCByxPZ4R4UUFJcnjg"},"_trs":{"__type__":"TypedArray","ctor":"Float64Array","array":[0,185,0,0,0,0,1,1,1,1]},"_groupIndex":1,"groupIndex":1},{"__type__":"cc.Node","_name":"circle","_parent":{"__id__":10},"_components":[{"__type__":"cc.Widget","node":{"__id__":12},"_alignFlags":36,"_right":20},{"__type__":"cc.RigidBody","node":{"__id__":12},"_type":0},{"__type__":"cc.PhysicsCircleCollider","node":{"__id__":12},"_friction":0,"_restitution":0.8,"_radius":20}],"_prefab":{"__type__":"cc.PrefabInfo","root":{"__id__":1},"asset":{"__uuid__":"972+neNbdGUZuqos5tHuY6"},"fileId":"cewQXXVM5OKIglpel6vnpF"},"_trs":{"__type__":"TypedArray","ctor":"Float64Array","array":[0,-185,0,0,0,0,1,1,1,1]},"_groupIndex":1,"groupIndex":1},{"__type__":"cc.Node","_name":"cushion","_parent":{"__id__":9},"_children":[{"__id__":14},{"__id__":15}],"_components":[{"__type__":"cc.RigidBody","node":{"__id__":13},"_type":0},{"__type__":"cc.PhysicsBoxCollider","node":{"__id__":13},"_friction":0,"_restitution":0.8,"_size":{"__type__":"cc.Size","width":40,"height":370}}],"_prefab":{"__type__":"cc.PrefabInfo","root":{"__id__":1},"asset":{"__uuid__":"972+neNbdGUZuqos5tHuY6"},"fileId":"f8RPbHgwJCVp3ZzZ6ju7Kv"},"_contentSize":{"__type__":"cc.Size","width":40,"height":370},"_trs":{"__type__":"TypedArray","ctor":"Float64Array","array":[-254,-242.5,0,0,0,0,1,1,1,1]},"_groupIndex":1,"groupIndex":1},{"__type__":"cc.Node","_name":"circle","_parent":{"__id__":13},"_components":[{"__type__":"cc.Widget","node":{"__id__":14},"_alignFlags":33,"_right":20},{"__type__":"cc.RigidBody","node":{"__id__":14},"_type":0},{"__type__":"cc.PhysicsCircleCollider","node":{"__id__":14},"_friction":0,"_restitution":0.8,"_radius":20}],"_prefab":{"__type__":"cc.PrefabInfo","root":{"__id__":1},"asset":{"__uuid__":"972+neNbdGUZuqos5tHuY6"},"fileId":"b3rOlTKGNJ6ao4NCZ8jh2T"},"_trs":{"__type__":"TypedArray","ctor":"Float64Array","array":[0,185,0,0,0,0,1,1,1,1]},"_groupIndex":1,"groupIndex":1},{"__type__":"cc.Node","_name":"circle","_parent":{"__id__":13},"_components":[{"__type__":"cc.Widget","node":{"__id__":15},"_alignFlags":36,"_right":20},{"__type__":"cc.RigidBody","node":{"__id__":15},"_type":0},{"__type__":"cc.PhysicsCircleCollider","node":{"__id__":15},"_friction":0,"_restitution":0.8,"_radius":20}],"_prefab":{"__type__":"cc.PrefabInfo","root":{"__id__":1},"asset":{"__uuid__":"972+neNbdGUZuqos5tHuY6"},"fileId":"38e80HDdRKxLPLp5faaVgV"},"_trs":{"__type__":"TypedArray","ctor":"Float64Array","array":[0,-185,0,0,0,0,1,1,1,1]},"_groupIndex":1,"groupIndex":1},{"__type__":"cc.Node","_name":"cushion","_parent":{"__id__":9},"_children":[{"__id__":17},{"__id__":18}],"_components":[{"__type__":"cc.RigidBody","node":{"__id__":16},"_type":0},{"__type__":"cc.PhysicsBoxCollider","node":{"__id__":16},"_friction":0,"_restitution":0.8,"_size":{"__type__":"cc.Size","width":388,"height":40}}],"_prefab":{"__type__":"cc.PrefabInfo","root":{"__id__":1},"asset":{"__uuid__":"972+neNbdGUZuqos5tHuY6"},"fileId":"f2u7tDaCdJUafvbTvx+OJB"},"_contentSize":{"__type__":"cc.Size","width":388,"height":40},"_trs":{"__type__":"TypedArray","ctor":"Float64Array","array":[1,-495,0,0,0,0,1,1,1,1]},"_groupIndex":1,"groupIndex":1},{"__type__":"cc.Node","_name":"circle","_parent":{"__id__":16},"_components":[{"__type__":"cc.Widget","node":{"__id__":17},"_alignFlags":9,"_right":20,"_top":20},{"__type__":"cc.RigidBody","node":{"__id__":17},"_type":0},{"__type__":"cc.PhysicsCircleCollider","node":{"__id__":17},"_friction":0,"_restitution":0.8,"_radius":20}],"_prefab":{"__type__":"cc.PrefabInfo","root":{"__id__":1},"asset":{"__uuid__":"972+neNbdGUZuqos5tHuY6"},"fileId":"2bg7Tt6C9J4r9eWhhf0DOA"},"_trs":{"__type__":"TypedArray","ctor":"Float64Array","array":[-194,0,0,0,0,0,1,1,1,1]},"_groupIndex":1,"groupIndex":1},{"__type__":"cc.Node","_name":"circle","_parent":{"__id__":16},"_components":[{"__type__":"cc.Widget","node":{"__id__":18},"_alignFlags":33,"_left":20,"_top":20},{"__type__":"cc.RigidBody","node":{"__id__":18},"_type":0},{"__type__":"cc.PhysicsCircleCollider","node":{"__id__":18},"_friction":0,"_restitution":0.8,"_radius":20}],"_prefab":{"__type__":"cc.PrefabInfo","root":{"__id__":1},"asset":{"__uuid__":"972+neNbdGUZuqos5tHuY6"},"fileId":"40vu7I85dPjqz+pnLvhjOt"},"_trs":{"__type__":"TypedArray","ctor":"Float64Array","array":[194,0,0,0,0,0,1,1,1,1]},"_groupIndex":1,"groupIndex":1},{"__type__":"cc.Node","_name":"cushion","_parent":{"__id__":9},"_children":[{"__id__":20},{"__id__":21}],"_components":[{"__type__":"cc.RigidBody","node":{"__id__":19},"_type":0},{"__type__":"cc.PhysicsBoxCollider","node":{"__id__":19},"_friction":0,"_restitution":0.8,"_size":{"__type__":"cc.Size","width":40,"height":368}}],"_prefab":{"__type__":"cc.PrefabInfo","root":{"__id__":1},"asset":{"__uuid__":"972+neNbdGUZuqos5tHuY6"},"fileId":"07/+cynt9MgqJfjJquMV4p"},"_contentSize":{"__type__":"cc.Size","width":40,"height":368},"_trs":{"__type__":"TypedArray","ctor":"Float64Array","array":[256,-241.7,0,0,0,0,1,1,1,1]},"_groupIndex":1,"groupIndex":1},{"__type__":"cc.Node","_name":"circle","_parent":{"__id__":19},"_components":[{"__type__":"cc.Widget","node":{"__id__":20},"_alignFlags":9,"_left":20,"_right":20},{"__type__":"cc.RigidBody","node":{"__id__":20},"_type":0},{"__type__":"cc.PhysicsCircleCollider","node":{"__id__":20},"_friction":0,"_restitution":0.8,"_radius":20}],"_prefab":{"__type__":"cc.PrefabInfo","root":{"__id__":1},"asset":{"__uuid__":"972+neNbdGUZuqos5tHuY6"},"fileId":"9b+ZCTEGFDSJITulQI0YQ/"},"_trs":{"__type__":"TypedArray","ctor":"Float64Array","array":[0,184,0,0,0,0,1,1,1,1]},"_groupIndex":1,"groupIndex":1},{"__type__":"cc.Node","_name":"circle","_parent":{"__id__":19},"_components":[{"__type__":"cc.Widget","node":{"__id__":21},"_alignFlags":12,"_left":20,"_right":20},{"__type__":"cc.RigidBody","node":{"__id__":21},"_type":0},{"__type__":"cc.PhysicsCircleCollider","node":{"__id__":21},"_friction":0,"_restitution":0.8,"_radius":20}],"_prefab":{"__type__":"cc.PrefabInfo","root":{"__id__":1},"asset":{"__uuid__":"972+neNbdGUZuqos5tHuY6"},"fileId":"59aHJHglBJT7oMvboIsFfC"},"_trs":{"__type__":"TypedArray","ctor":"Float64Array","array":[0,-184,0,0,0,0,1,1,1,1]},"_groupIndex":1,"groupIndex":1},{"__type__":"cc.Node","_name":"cushion","_parent":{"__id__":9},"_children":[{"__id__":23},{"__id__":24}],"_components":[{"__type__":"cc.RigidBody","node":{"__id__":22},"_type":0},{"__type__":"cc.PhysicsBoxCollider","node":{"__id__":22},"_friction":0,"_restitution":0.8,"_size":{"__type__":"cc.Size","width":40,"height":368}}],"_prefab":{"__type__":"cc.PrefabInfo","root":{"__id__":1},"asset":{"__uuid__":"972+neNbdGUZuqos5tHuY6"},"fileId":"9eQQuQ8QJBEqnWDRiRrlcH"},"_contentSize":{"__type__":"cc.Size","width":40,"height":368},"_trs":{"__type__":"TypedArray","ctor":"Float64Array","array":[256,234.1,0,0,0,0,1,1,1,1]},"_groupIndex":1,"groupIndex":1},{"__type__":"cc.Node","_name":"circle","_parent":{"__id__":22},"_components":[{"__type__":"cc.Widget","node":{"__id__":23},"_alignFlags":9,"_left":20,"_right":20},{"__type__":"cc.RigidBody","node":{"__id__":23},"_type":0},{"__type__":"cc.PhysicsCircleCollider","node":{"__id__":23},"_friction":0,"_restitution":0.8,"_radius":20}],"_prefab":{"__type__":"cc.PrefabInfo","root":{"__id__":1},"asset":{"__uuid__":"972+neNbdGUZuqos5tHuY6"},"fileId":"86A7nseuNCGZXEB4rUoion"},"_trs":{"__type__":"TypedArray","ctor":"Float64Array","array":[0,184,0,0,0,0,1,1,1,1]},"_groupIndex":1,"groupIndex":1},{"__type__":"cc.Node","_name":"circle","_parent":{"__id__":22},"_components":[{"__type__":"cc.Widget","node":{"__id__":24},"_alignFlags":12,"_left":20,"_right":20},{"__type__":"cc.RigidBody","node":{"__id__":24},"_type":0},{"__type__":"cc.PhysicsCircleCollider","node":{"__id__":24},"_friction":0,"_restitution":0.8,"_radius":20}],"_prefab":{"__type__":"cc.PrefabInfo","root":{"__id__":1},"asset":{"__uuid__":"972+neNbdGUZuqos5tHuY6"},"fileId":"90VAPCF5FAYqkAW5Cd+rN3"},"_trs":{"__type__":"TypedArray","ctor":"Float64Array","array":[0,-184,0,0,0,0,1,1,1,1]},"_groupIndex":1,"groupIndex":1},{"__type__":"cc.Node","_name":"cushion","_parent":{"__id__":9},"_children":[{"__id__":26},{"__id__":27}],"_components":[{"__type__":"cc.RigidBody","node":{"__id__":25},"_type":0},{"__type__":"cc.PhysicsBoxCollider","node":{"__id__":25},"_friction":0,"_restitution":0.8,"_size":{"__type__":"cc.Size","width":388,"height":40}}],"_prefab":{"__type__":"cc.PrefabInfo","root":{"__id__":1},"asset":{"__uuid__":"972+neNbdGUZuqos5tHuY6"},"fileId":"4fLuepfzlHiLM6X8/5Dl++"},"_contentSize":{"__type__":"cc.Size","width":388,"height":40},"_trs":{"__type__":"TypedArray","ctor":"Float64Array","array":[2,481.356,0,0,0,0,1,1,1,1]},"_groupIndex":1,"groupIndex":1},{"__type__":"cc.Node","_name":"circle","_parent":{"__id__":25},"_components":[{"__type__":"cc.Widget","node":{"__id__":26},"_alignFlags":12,"_right":20,"_top":20,"_bottom":20},{"__type__":"cc.RigidBody","node":{"__id__":26},"_type":0},{"__type__":"cc.PhysicsCircleCollider","node":{"__id__":26},"_friction":0,"_restitution":0.8,"_radius":20}],"_prefab":{"__type__":"cc.PrefabInfo","root":{"__id__":1},"asset":{"__uuid__":"972+neNbdGUZuqos5tHuY6"},"fileId":"5e44smC9pD/JHXQZcyi6QE"},"_trs":{"__type__":"TypedArray","ctor":"Float64Array","array":[-194,0,0,0,0,0,1,1,1,1]},"_groupIndex":1,"groupIndex":1},{"__type__":"cc.Node","_name":"circle","_parent":{"__id__":25},"_components":[{"__type__":"cc.Widget","node":{"__id__":27},"_alignFlags":36,"_left":20,"_top":20,"_bottom":20},{"__type__":"cc.RigidBody","node":{"__id__":27},"_type":0},{"__type__":"cc.PhysicsCircleCollider","node":{"__id__":27},"_friction":0,"_restitution":0.8,"_radius":20}],"_prefab":{"__type__":"cc.PrefabInfo","root":{"__id__":1},"asset":{"__uuid__":"972+neNbdGUZuqos5tHuY6"},"fileId":"a4AuKI/cVEIop4888Sdp7N"},"_trs":{"__type__":"TypedArray","ctor":"Float64Array","array":[194,0,0,0,0,0,1,1,1,1]},"_groupIndex":1,"groupIndex":1},{"__type__":"cc.Node","_name":"pocket","_parent":{"__id__":9},"_components":[{"__type__":"cc.RigidBody","node":{"__id__":28},"_type":0},{"__type__":"cc.PhysicsCircleCollider","node":{"__id__":28},"_sensor":true,"_radius":27}],"_prefab":{"__type__":"cc.PrefabInfo","root":{"__id__":1},"asset":{"__uuid__":"972+neNbdGUZuqos5tHuY6"},"fileId":"72HkJ+oytIiZ35R0s6yIEC"},"_trs":{"__type__":"TypedArray","ctor":"Float64Array","array":[-261.606,-3.1690000000000005,0,0,0,0,1,1,1,1]},"_groupIndex":2,"groupIndex":2},{"__type__":"cc.Node","_name":"pocket","_parent":{"__id__":9},"_components":[{"__type__":"cc.RigidBody","node":{"__id__":29},"_type":0},{"__type__":"cc.PhysicsCircleCollider","node":{"__id__":29},"_sensor":true,"_radius":32}],"_prefab":{"__type__":"cc.PrefabInfo","root":{"__id__":1},"asset":{"__uuid__":"972+neNbdGUZuqos5tHuY6"},"fileId":"fdTRZIuoZOAooGmGWnlDw7"},"_trs":{"__type__":"TypedArray","ctor":"Float64Array","array":[-242.899,-479.25,0,0,0,0,1,1,1,1]},"_groupIndex":2,"groupIndex":2},{"__type__":"cc.Node","_name":"pocket","_parent":{"__id__":9},"_components":[{"__type__":"cc.RigidBody","node":{"__id__":30},"_type":0},{"__type__":"cc.PhysicsCircleCollider","node":{"__id__":30},"_sensor":true,"_radius":32}],"_prefab":{"__type__":"cc.PrefabInfo","root":{"__id__":1},"asset":{"__uuid__":"972+neNbdGUZuqos5tHuY6"},"fileId":"cc2vzU6PtMFYc0mFFl6Px6"},"_trs":{"__type__":"TypedArray","ctor":"Float64Array","array":[246.08,-479.795,0,0,0,0,1,1,1,1]},"_groupIndex":2,"groupIndex":2},{"__type__":"cc.Node","_name":"pocket","_parent":{"__id__":9},"_components":[{"__type__":"cc.RigidBody","node":{"__id__":31},"_type":0},{"__type__":"cc.PhysicsCircleCollider","node":{"__id__":31},"_sensor":true,"_radius":27}],"_prefab":{"__type__":"cc.PrefabInfo","root":{"__id__":1},"asset":{"__uuid__":"972+neNbdGUZuqos5tHuY6"},"fileId":"e86HQT9oFPUoqp0Aualfn7"},"_trs":{"__type__":"TypedArray","ctor":"Float64Array","array":[265.897,-2.662,0,0,0,0,1,1,1,1]},"_groupIndex":2,"groupIndex":2},{"__type__":"cc.Node","_name":"pocket","_parent":{"__id__":9},"_components":[{"__type__":"cc.RigidBody","node":{"__id__":32},"_type":0},{"__type__":"cc.PhysicsCircleCollider","node":{"__id__":32},"_sensor":true,"_radius":32}],"_prefab":{"__type__":"cc.PrefabInfo","root":{"__id__":1},"asset":{"__uuid__":"972+neNbdGUZuqos5tHuY6"},"fileId":"00jFb7E9dDepUaiXNlRWhm"},"_trs":{"__type__":"TypedArray","ctor":"Float64Array","array":[246.809,468.254,0,0,0,0,1,1,1,1]},"_groupIndex":2,"groupIndex":2},{"__type__":"cc.Node","_name":"pocket","_parent":{"__id__":9},"_components":[{"__type__":"cc.RigidBody","node":{"__id__":33},"_type":0},{"__type__":"cc.PhysicsCircleCollider","node":{"__id__":33},"_sensor":true,"_radius":32}],"_prefab":{"__type__":"cc.PrefabInfo","root":{"__id__":1},"asset":{"__uuid__":"972+neNbdGUZuqos5tHuY6"},"fileId":"a0AgmlVcxBxKrnChzXC3zt"},"_trs":{"__type__":"TypedArray","ctor":"Float64Array","array":[-242.264,468.434,0,0,0,0,1,1,1,1]},"_groupIndex":2,"groupIndex":2},{"__type__":"cc.Node","_name":"potted","_parent":{"__id__":9},"_components":[{"__type__":"cc.RigidBody","node":{"__id__":34},"_type":0},{"__type__":"cc.PhysicsChainCollider","node":{"__id__":34},"_restitution":0.6,"points":[{"__type__":"cc.Vec2","x":4,"y":32},{"__type__":"cc.Vec2","x":-32,"y":22},{"__type__":"cc.Vec2","x":-32,"y":-23},{"__type__":"cc.Vec2","x":4,"y":-33}]}],"_prefab":{"__type__":"cc.PrefabInfo","root":{"__id__":1},"asset":{"__uuid__":"972+neNbdGUZuqos5tHuY6"},"fileId":"74z2lbztFN0bCA9zKorhCC"},"_trs":{"__type__":"TypedArray","ctor":"Float64Array","array":[-261.606,-3.169,0,0,0,0,1,1,1,1]},"_groupIndex":5,"groupIndex":5},{"__type__":"cc.Node","_name":"potted","_parent":{"__id__":9},"_components":[{"__type__":"cc.RigidBody","node":{"__id__":35},"_type":0},{"__type__":"cc.PhysicsChainCollider","node":{"__id__":35},"_restitution":0.6,"points":[{"__type__":"cc.Vec2","x":4,"y":32},{"__type__":"cc.Vec2","x":-32,"y":22},{"__type__":"cc.Vec2","x":-32,"y":-23},{"__type__":"cc.Vec2","x":4,"y":-33}]}],"_prefab":{"__type__":"cc.PrefabInfo","root":{"__id__":1},"asset":{"__uuid__":"972+neNbdGUZuqos5tHuY6"},"fileId":"5bkmSpRKBNDomyJlJ1Zua0"},"_trs":{"__type__":"TypedArray","ctor":"Float64Array","array":[-239.221,-474.393,0,0,0,0.3869282393852158,0.9221098294488879,1,1,1]},"_eulerAngles":{"__type__":"cc.Vec3","z":45.527},"_groupIndex":5,"groupIndex":5},{"__type__":"cc.Node","_name":"potted","_parent":{"__id__":9},"_components":[{"__type__":"cc.RigidBody","node":{"__id__":36},"_type":0},{"__type__":"cc.PhysicsChainCollider","node":{"__id__":36},"_restitution":0.6,"points":[{"__type__":"cc.Vec2","x":4,"y":32},{"__type__":"cc.Vec2","x":-32,"y":22},{"__type__":"cc.Vec2","x":-32,"y":-23},{"__type__":"cc.Vec2","x":4,"y":-33}]}],"_prefab":{"__type__":"cc.PrefabInfo","root":{"__id__":1},"asset":{"__uuid__":"972+neNbdGUZuqos5tHuY6"},"fileId":"98d+BE4hhL/4fuxH9LJE50"},"_trs":{"__type__":"TypedArray","ctor":"Float64Array","array":[239.373,-475.677,0,0,0,0.9335804264972017,0.3583679495453004,1,1,1]},"_eulerAngles":{"__type__":"cc.Vec3","z":138},"_groupIndex":5,"groupIndex":5},{"__type__":"cc.Node","_name":"potted","_parent":{"__id__":9},"_components":[{"__type__":"cc.RigidBody","node":{"__id__":37},"_type":0},{"__type__":"cc.PhysicsChainCollider","node":{"__id__":37},"_restitution":0.6,"points":[{"__type__":"cc.Vec2","x":4,"y":32},{"__type__":"cc.Vec2","x":-32,"y":22},{"__type__":"cc.Vec2","x":-32,"y":-23},{"__type__":"cc.Vec2","x":4,"y":-33}]}],"_prefab":{"__type__":"cc.PrefabInfo","root":{"__id__":1},"asset":{"__uuid__":"972+neNbdGUZuqos5tHuY6"},"fileId":"22HA1XtpJB/4Vl7gJmLswS"},"_trs":{"__type__":"TypedArray","ctor":"Float64Array","array":[267.394,-4.21,0,0,0,1,6.123233995736766e-17,1,1,1]},"_eulerAngles":{"__type__":"cc.Vec3","z":180},"_groupIndex":5,"groupIndex":5},{"__type__":"cc.Node","_name":"potted","_parent":{"__id__":9},"_components":[{"__type__":"cc.RigidBody","node":{"__id__":38},"_type":0},{"__type__":"cc.PhysicsChainCollider","node":{"__id__":38},"_restitution":0.6,"points":[{"__type__":"cc.Vec2","x":4,"y":32},{"__type__":"cc.Vec2","x":-32,"y":22},{"__type__":"cc.Vec2","x":-32,"y":-23},{"__type__":"cc.Vec2","x":4,"y":-33}]}],"_prefab":{"__type__":"cc.PrefabInfo","root":{"__id__":1},"asset":{"__uuid__":"972+neNbdGUZuqos5tHuY6"},"fileId":"37Q7GM6vdOv6BsMZictscJ"},"_trs":{"__type__":"TypedArray","ctor":"Float64Array","array":[243.759,465.706,0,0,0,-0.9335804264972017,0.3583679495453004,1,1,1]},"_eulerAngles":{"__type__":"cc.Vec3","z":-138},"_groupIndex":5,"groupIndex":5},{"__type__":"cc.Node","_name":"potted","_parent":{"__id__":9},"_components":[{"__type__":"cc.RigidBody","node":{"__id__":39},"_type":0},{"__type__":"cc.PhysicsChainCollider","node":{"__id__":39},"_restitution":0.6,"points":[{"__type__":"cc.Vec2","x":4,"y":32},{"__type__":"cc.Vec2","x":-32,"y":22},{"__type__":"cc.Vec2","x":-32,"y":-23},{"__type__":"cc.Vec2","x":4,"y":-33}]}],"_prefab":{"__type__":"cc.PrefabInfo","root":{"__id__":1},"asset":{"__uuid__":"972+neNbdGUZuqos5tHuY6"},"fileId":"c5F+Dfn9tEfIGs29PFh9Zy"},"_trs":{"__type__":"TypedArray","ctor":"Float64Array","array":[-238.391,464.446,0,0,0,-0.3704439592508502,0.9288548180714543,1,1,1]},"_eulerAngles":{"__type__":"cc.Vec3","z":-43.486},"_groupIndex":5,"groupIndex":5},{"__type__":"cc.Node","_name":"table_sprite","_parent":{"__id__":1},"_children":[{"__id__":41}],"_prefab":{"__type__":"cc.PrefabInfo","root":{"__id__":1},"asset":{"__uuid__":"972+neNbdGUZuqos5tHuY6"},"fileId":"f1i63C9k9MUo+U+8JQKkmx"},"_contentSize":{"__type__":"cc.Size","width":730,"height":1192},"_trs":{"__type__":"TypedArray","ctor":"Float64Array","array":[0,0,0,0,0,0,1,1,1,1]}},{"__type__":"cc.Node","_name":"sp","_parent":{"__id__":40},"_components":[{"__type__":"cc.Sprite","node":{"__id__":41},"_materials":[{"__uuid__":"ecpdLyjvZBwrvm+cedCcQy"}],"_spriteFrame":{"__uuid__":"48oTOSkhtCBrHKKFPgoTKG"}}],"_prefab":{"__type__":"cc.PrefabInfo","root":{"__id__":1},"asset":{"__uuid__":"972+neNbdGUZuqos5tHuY6"},"fileId":"14QkiQv4hKu5gOW4vZP4at"},"_contentSize":{"__type__":"cc.Size","width":675,"height":1143},"_trs":{"__type__":"TypedArray","ctor":"Float64Array","array":[0,0,0,0,0,0,1,1,1,1]}}],{"__type__":"cc.SpriteFrame","content":{"name":"球洞","texture":"13ba4cd6d","rect":[764,815,56,56],"offset":[0,0],"originalSize":[56,56],"capInsets":[0,0,0,0]}}]