[{"__type__":"cc.SpriteFrame","content":{"name":"免费试玩","texture":"15339b09a","rect":[713,342,108,91],"offset":[0,0],"originalSize":[108,91],"capInsets":[0,0,0,0]}},{"__type__":"cc.SpriteFrame","content":{"name":"主界面_邀请有礼","texture":"15339b09a","rect":[460,266,108,107],"offset":[0,0],"originalSize":[108,107],"capInsets":[0,0,0,0]}},{"__type__":"cc.SpriteFrame","content":{"name":"菜单","texture":"181f0e3b5","rect":[288,926,108,92],"offset":[0,0],"originalSize":[108,92],"capInsets":[0,0,0,0]}},{"__type__":"cc.SpriteFrame","content":{"name":"任务","texture":"181f0e3b5","rect":[861,568,108,103],"offset":[0,0],"originalSize":[108,103],"rotated":1,"capInsets":[0,0,0,0]}},{"__type__":"cc.SpriteFrame","content":{"name":"金币气泡","texture":"181f0e3b5","rect":[861,682,101,117],"offset":[0.5,-0.5],"originalSize":[106,122],"capInsets":[0,0,0,0]}},{"__type__":"cc.SpriteFrame","content":{"name":"每日挑战","texture":"15339b09a","rect":[925,278,95,28],"offset":[0,0],"originalSize":[95,28],"capInsets":[0,0,0,0]}},{"__type__":"cc.SpriteFrame","content":{"name":"闯关按钮","texture":"1ba580ca6","rect":[799,717,219,146],"offset":[0,0],"originalSize":[219,146],"capInsets":[0,0,0,0]}},{"__type__":"cc.SpriteFrame","content":{"name":"云朵2@2x","texture":"1ee961467","rect":[125,410,115,64],"offset":[0,0],"originalSize":[115,64],"capInsets":[0,0,0,0]}},{"__type__":"cc.SpriteFrame","content":{"name":"主界面_商店","texture":"1ee961467","rect":[908,473,111,93],"offset":[0,0],"originalSize":[111,93],"capInsets":[0,0,0,0]}},[{"__type__":"cc.Prefab","_name":"homeScene","data":{"__id__":1}},{"__type__":"cc.Node","_name":"homeScene","_objFlags":512,"_children":[{"__id__":2},{"__id__":3},{"__id__":4},{"__id__":5}],"_components":[{"__type__":"cc.Widget","node":{"__id__":1},"_alignFlags":45,"_originalWidth":720,"_originalHeight":1280},{"__type__":"bfe85H/Z1pFY4/ZQ8mO152n","node":{"__id__":1}},{"__type__":"c06acr+zbZDNZRuCJ75bKcx","node":{"__id__":1}},{"__type__":"9cc99Zpu1hDFK9j4mAoKBDy","node":{"__id__":1},"upgradeBadage":{"__id__":76}},{"__type__":"16acdDSQjBEAYlFVY9g5BeQ","node":{"__id__":1},"iconList":[{"__id__":68},{"__id__":59}]}],"_prefab":{"__type__":"cc.PrefabInfo","root":{"__id__":1},"asset":{"__uuid__":"35ot1LfwVH7pPzlaanPoTQ"},"fileId":"c8xGlodShGAq4YVUxTYnNJ"},"_contentSize":{"__type__":"cc.Size","width":750,"height":1334},"_trs":{"__type__":"TypedArray","ctor":"Float64Array","array":[375,667,0,0,0,0,1,1,1,1]}},{"__type__":"cc.Node","_name":"bg","_parent":{"__id__":1},"_components":[{"__type__":"cc.Sprite","node":{"__id__":2},"_materials":[{"__uuid__":"ecpdLyjvZBwrvm+cedCcQy"}],"_spriteFrame":{"__uuid__":"9b3ImuDvRDmqNXhCPX2a/m"},"_sizeMode":0},{"__type__":"cc.Widget","node":{"__id__":2},"_alignFlags":40,"_top":667,"_bottom":667}],"_prefab":{"__type__":"cc.PrefabInfo","root":{"__id__":1},"asset":{"__uuid__":"35ot1LfwVH7pPzlaanPoTQ"},"fileId":"cf/jX5nGxLlJxO85Sy/aYD"},"_contentSize":{"__type__":"cc.Size","width":750,"height":1666},"_trs":{"__type__":"TypedArray","ctor":"Float64Array","array":[0,0,0,0,0,0,1,1,1,1]}},{"__type__":"cc.Node","_name":"cloud1","_parent":{"__id__":1},"_components":[{"__type__":"cc.Sprite","node":{"__id__":3},"_materials":[{"__uuid__":"ecpdLyjvZBwrvm+cedCcQy"}],"_spriteFrame":{"__uuid__":"33wz97i5xNU5CWkTNuXH2R"}},{"__type__":"f1d7aNi0Y9KzZW02HGn2qIU","node":{"__id__":3},"startPos":{"__type__":"cc.Vec2","x":-444,"y":469},"endPos":{"__type__":"cc.Vec2","x":444,"y":469},"duration":18,"pingpong":false,"easing":false}],"_prefab":{"__type__":"cc.PrefabInfo","root":{"__id__":1},"asset":{"__uuid__":"35ot1LfwVH7pPzlaanPoTQ"},"fileId":"d0RzNsv5pOKZkz35UMYNh2"},"_contentSize":{"__type__":"cc.Size","width":115,"height":64},"_trs":{"__type__":"TypedArray","ctor":"Float64Array","array":[-444,469,0,0,0,0,1,1,1,1]}},{"__type__":"cc.Node","_name":"cloud2","_parent":{"__id__":1},"_components":[{"__type__":"cc.Sprite","node":{"__id__":4},"_materials":[{"__uuid__":"ecpdLyjvZBwrvm+cedCcQy"}],"_spriteFrame":{"__uuid__":"51oE0bRHhCo6A0sWUO+J8z"}},{"__type__":"f1d7aNi0Y9KzZW02HGn2qIU","node":{"__id__":4},"startPos":{"__type__":"cc.Vec2","x":-555,"y":579},"endPos":{"__type__":"cc.Vec2","x":555,"y":579},"duration":15,"pingpong":false,"easing":false}],"_prefab":{"__type__":"cc.PrefabInfo","root":{"__id__":1},"asset":{"__uuid__":"35ot1LfwVH7pPzlaanPoTQ"},"fileId":"88yu4JT8RCXKQlePVom8CN"},"_contentSize":{"__type__":"cc.Size","width":281,"height":89},"_trs":{"__type__":"TypedArray","ctor":"Float64Array","array":[-555,579,0,0,0,0,1,1,1,1]}},{"__type__":"cc.Node","_name":"hud","_parent":{"__id__":1},"_children":[{"__id__":6},{"__id__":30},{"__id__":31},{"__id__":54},{"__id__":86},{"__id__":89}],"_prefab":{"__type__":"cc.PrefabInfo","root":{"__id__":1},"asset":{"__uuid__":"35ot1LfwVH7pPzlaanPoTQ"},"fileId":"f8av5wc15Ioo7BBFCFhHoG"},"_trs":{"__type__":"TypedArray","ctor":"Float64Array","array":[0,0,0,0,0,0,1,1,1,1]}},{"__type__":"cc.Node","_name":"center","_parent":{"__id__":5},"_children":[{"__id__":7},{"__id__":12},{"__id__":17},{"__id__":22},{"__id__":24},{"__id__":27}],"_components":[{"__type__":"96549DGCmlIcZghb3AfRGQI","node":{"__id__":6}}],"_prefab":{"__type__":"cc.PrefabInfo","root":{"__id__":1},"asset":{"__uuid__":"35ot1LfwVH7pPzlaanPoTQ"},"fileId":"e2GE3kiTlA8bMxCXh2YF0G"},"_trs":{"__type__":"TypedArray","ctor":"Float64Array","array":[0,0,0,0,0,0,1,1,1,1]}},{"__type__":"cc.Node","_name":"building","_parent":{"__id__":6},"_children":[{"__id__":8},{"__id__":9}],"_components":[{"__type__":"b716alLcL5MlagcvLupr2VC","node":{"__id__":7},"type":1}],"_prefab":{"__type__":"cc.PrefabInfo","root":{"__id__":1},"asset":{"__uuid__":"35ot1LfwVH7pPzlaanPoTQ"},"fileId":"7cfh6hdDpIOpO5JD18ou10"},"_trs":{"__type__":"TypedArray","ctor":"Float64Array","array":[0,0,0,0,0,0,1,1,1,1]}},{"__type__":"cc.Node","_name":"text","_parent":{"__id__":7},"_components":[{"__type__":"cc.Sprite","node":{"__id__":8},"_materials":[{"__uuid__":"ecpdLyjvZBwrvm+cedCcQy"}]},{"__type__":"cc.Button","node":{"__id__":8},"clickEvents":[{"__type__":"cc.ClickEvent","target":{"__id__":1},"_componentId":"c06acr+zbZDNZRuCJ75bKcx","handler":"onBtnBuildingClick"}]}],"_prefab":{"__type__":"cc.PrefabInfo","root":{"__id__":1},"asset":{"__uuid__":"35ot1LfwVH7pPzlaanPoTQ"},"fileId":"c1hG/BsxhOEoOszgBA4IJp"},"_contentSize":{"__type__":"cc.Size","width":577,"height":339},"_anchorPoint":{"__type__":"cc.Vec2","x":0.5},"_trs":{"__type__":"TypedArray","ctor":"Float64Array","array":[87,-28,0,0,0,0,1,1,1,1]}},{"__type__":"cc.Node","_name":"profit_collect_btn","_parent":{"__id__":7},"_children":[{"__id__":10},{"__id__":11}],"_components":[{"__type__":"1faaabQFgFHY4LW0q66JrQq","node":{"__id__":9}},{"__type__":"cc.Button","node":{"__id__":9},"zoomScale":1.1,"clickEvents":[{"__type__":"cc.ClickEvent","target":{"__id__":9},"_componentId":"1faaabQFgFHY4LW0q66JrQq","handler":"onClick"}],"_N$transition":3,"transition":3},{"__type__":"23c1dyi9YBGF78AyeTo54MW","node":{"__id__":9},"propName":"y","changeList":[{"__type__":"ActionTweenItem","type":0,"value":{"__type__":"cc.Vec4","x":20},"duration":0.5},{"__type__":"ActionTweenItem","type":0,"value":{"__type__":"cc.Vec4","x":-20},"duration":0.5}],"repeat":-1}],"_prefab":{"__type__":"cc.PrefabInfo","root":{"__id__":1},"asset":{"__uuid__":"35ot1LfwVH7pPzlaanPoTQ"},"fileId":"b6GMJ0dbdBiJ/ihAuhnQs/"},"_contentSize":{"__type__":"cc.Size","width":126,"height":136},"_trs":{"__type__":"TypedArray","ctor":"Float64Array","array":[48.189,319.536,0,0,0,0,1,1,1,0]}},{"__type__":"cc.Node","_name":"_collect_node","_parent":{"__id__":9},"_components":[{"__type__":"cc.Sprite","node":{"__id__":10},"_materials":[{"__uuid__":"ecpdLyjvZBwrvm+cedCcQy"}],"_spriteFrame":{"__uuid__":"1ccWQVPY9I9qeRdV2oh7kH"}}],"_prefab":{"__type__":"cc.PrefabInfo","root":{"__id__":1},"asset":{"__uuid__":"35ot1LfwVH7pPzlaanPoTQ"},"fileId":"8eWwBsrR9K46YgkNjPineE"},"_contentSize":{"__type__":"cc.Size","width":101,"height":117},"_trs":{"__type__":"TypedArray","ctor":"Float64Array","array":[0,0,0,0,0,0,1,1,1,1]}},{"__type__":"cc.Node","_name":"_full_node","_parent":{"__id__":9},"_components":[{"__type__":"cc.Sprite","node":{"__id__":11},"_materials":[{"__uuid__":"ecpdLyjvZBwrvm+cedCcQy"}],"_spriteFrame":{"__uuid__":"eb26Ez9bpA1LjhK+fUCGZd"}}],"_prefab":{"__type__":"cc.PrefabInfo","root":{"__id__":1},"asset":{"__uuid__":"35ot1LfwVH7pPzlaanPoTQ"},"fileId":"b1fVDg2WtNiKHwmScSm2Jz"},"_contentSize":{"__type__":"cc.Size","width":101,"height":117},"_trs":{"__type__":"TypedArray","ctor":"Float64Array","array":[0,0,0,0,0,0,1,1,1,1]}},{"__type__":"cc.Node","_name":"garden","_parent":{"__id__":6},"_children":[{"__id__":13},{"__id__":14}],"_components":[{"__type__":"b716alLcL5MlagcvLupr2VC","node":{"__id__":12},"type":2}],"_prefab":{"__type__":"cc.PrefabInfo","root":{"__id__":1},"asset":{"__uuid__":"35ot1LfwVH7pPzlaanPoTQ"},"fileId":"73WuvQ95VJBLyEH8qO7zx4"},"_trs":{"__type__":"TypedArray","ctor":"Float64Array","array":[-265,0,0,0,0,0,1,1,1,1]}},{"__type__":"cc.Node","_name":"text","_parent":{"__id__":12},"_components":[{"__type__":"cc.Sprite","node":{"__id__":13},"_materials":[{"__uuid__":"ecpdLyjvZBwrvm+cedCcQy"}]},{"__type__":"cc.Button","node":{"__id__":13},"clickEvents":[{"__type__":"cc.ClickEvent","target":{"__id__":1},"_componentId":"c06acr+zbZDNZRuCJ75bKcx","handler":"onBtnGardenClick"}]}],"_prefab":{"__type__":"cc.PrefabInfo","root":{"__id__":1},"asset":{"__uuid__":"35ot1LfwVH7pPzlaanPoTQ"},"fileId":"8fVpo55e9GHZN9DpysRYXB"},"_contentSize":{"__type__":"cc.Size","width":201,"height":73},"_anchorPoint":{"__type__":"cc.Vec2","y":0.5},"_trs":{"__type__":"TypedArray","ctor":"Float64Array","array":[-110,58,0,0,0,0,1,1,1,1]}},{"__type__":"cc.Node","_name":"profit_collect_btn","_parent":{"__id__":12},"_children":[{"__id__":15},{"__id__":16}],"_components":[{"__type__":"1faaabQFgFHY4LW0q66JrQq","node":{"__id__":14},"type":2},{"__type__":"cc.Button","node":{"__id__":14},"zoomScale":1.1,"clickEvents":[{"__type__":"cc.ClickEvent","target":{"__id__":14},"_componentId":"1faaabQFgFHY4LW0q66JrQq","handler":"onClick"}],"_N$transition":3,"transition":3},{"__type__":"23c1dyi9YBGF78AyeTo54MW","node":{"__id__":14},"propName":"y","changeList":[{"__type__":"ActionTweenItem","type":0,"value":{"__type__":"cc.Vec4","x":20},"duration":0.5},{"__type__":"ActionTweenItem","type":0,"value":{"__type__":"cc.Vec4","x":-20},"duration":0.5}],"repeat":-1}],"_prefab":{"__type__":"cc.PrefabInfo","root":{"__id__":1},"asset":{"__uuid__":"35ot1LfwVH7pPzlaanPoTQ"},"fileId":"b2YNsyOW9C2abJZLqNtN/S"},"_contentSize":{"__type__":"cc.Size","width":126,"height":136},"_trs":{"__type__":"TypedArray","ctor":"Float64Array","array":[14.251999999999999,98.76999999999998,0,0,0,0,1,1,1,0]}},{"__type__":"cc.Node","_name":"_collect_node","_parent":{"__id__":14},"_components":[{"__type__":"cc.Sprite","node":{"__id__":15},"_materials":[{"__uuid__":"ecpdLyjvZBwrvm+cedCcQy"}],"_spriteFrame":{"__uuid__":"1ccWQVPY9I9qeRdV2oh7kH"}}],"_prefab":{"__type__":"cc.PrefabInfo","root":{"__id__":1},"asset":{"__uuid__":"35ot1LfwVH7pPzlaanPoTQ"},"fileId":"a3rPx0WvNHRIf6VYyKV7cJ"},"_contentSize":{"__type__":"cc.Size","width":101,"height":117},"_trs":{"__type__":"TypedArray","ctor":"Float64Array","array":[0,0,0,0,0,0,1,1,1,1]}},{"__type__":"cc.Node","_name":"_full_node","_parent":{"__id__":14},"_components":[{"__type__":"cc.Sprite","node":{"__id__":16},"_materials":[{"__uuid__":"ecpdLyjvZBwrvm+cedCcQy"}],"_spriteFrame":{"__uuid__":"eb26Ez9bpA1LjhK+fUCGZd"}}],"_prefab":{"__type__":"cc.PrefabInfo","root":{"__id__":1},"asset":{"__uuid__":"35ot1LfwVH7pPzlaanPoTQ"},"fileId":"a5H3vJHN5JZbm+Z++IWcFf"},"_contentSize":{"__type__":"cc.Size","width":101,"height":117},"_trs":{"__type__":"TypedArray","ctor":"Float64Array","array":[0,0,0,0,0,0,1,1,1,1]}},{"__type__":"cc.Node","_name":"car","_parent":{"__id__":6},"_children":[{"__id__":18},{"__id__":19}],"_components":[{"__type__":"b716alLcL5MlagcvLupr2VC","node":{"__id__":17},"type":3}],"_prefab":{"__type__":"cc.PrefabInfo","root":{"__id__":1},"asset":{"__uuid__":"35ot1LfwVH7pPzlaanPoTQ"},"fileId":"e0YzHVSr5Dvq2hxxQdCYCR"},"_trs":{"__type__":"TypedArray","ctor":"Float64Array","array":[170,-166,0,0,0,0,1,1,1,1]}},{"__type__":"cc.Node","_name":"text","_parent":{"__id__":17},"_components":[{"__type__":"cc.Sprite","node":{"__id__":18},"_materials":[{"__uuid__":"ecpdLyjvZBwrvm+cedCcQy"}]},{"__type__":"cc.Button","node":{"__id__":18},"clickEvents":[{"__type__":"cc.ClickEvent","target":{"__id__":1},"_componentId":"c06acr+zbZDNZRuCJ75bKcx","handler":"onBtnCarClick"}]}],"_prefab":{"__type__":"cc.PrefabInfo","root":{"__id__":1},"asset":{"__uuid__":"35ot1LfwVH7pPzlaanPoTQ"},"fileId":"7fh7TInG9C1rnFsz/BaSxa"},"_contentSize":{"__type__":"cc.Size","width":370,"height":238},"_trs":{"__type__":"TypedArray","ctor":"Float64Array","array":[-18,-22,0,0,0,0,1,1,1,1]}},{"__type__":"cc.Node","_name":"profit_collect_btn","_parent":{"__id__":17},"_children":[{"__id__":20},{"__id__":21}],"_components":[{"__type__":"1faaabQFgFHY4LW0q66JrQq","node":{"__id__":19},"type":3},{"__type__":"cc.Button","node":{"__id__":19},"zoomScale":1.1,"clickEvents":[{"__type__":"cc.ClickEvent","target":{"__id__":19},"_componentId":"1faaabQFgFHY4LW0q66JrQq","handler":"onClick"}],"_N$transition":3,"transition":3},{"__type__":"23c1dyi9YBGF78AyeTo54MW","node":{"__id__":19},"propName":"y","changeList":[{"__type__":"ActionTweenItem","type":0,"value":{"__type__":"cc.Vec4","x":20},"duration":0.5},{"__type__":"ActionTweenItem","type":0,"value":{"__type__":"cc.Vec4","x":-20},"duration":0.5}],"repeat":-1}],"_prefab":{"__type__":"cc.PrefabInfo","root":{"__id__":1},"asset":{"__uuid__":"35ot1LfwVH7pPzlaanPoTQ"},"fileId":"dasROSWVlH159x4HkAxSSw"},"_contentSize":{"__type__":"cc.Size","width":126,"height":136},"_trs":{"__type__":"TypedArray","ctor":"Float64Array","array":[-18.256999999999998,99.258,0,0,0,0,1,1,1,0]}},{"__type__":"cc.Node","_name":"_collect_node","_parent":{"__id__":19},"_components":[{"__type__":"cc.Sprite","node":{"__id__":20},"_materials":[{"__uuid__":"ecpdLyjvZBwrvm+cedCcQy"}],"_spriteFrame":{"__uuid__":"1ccWQVPY9I9qeRdV2oh7kH"}}],"_prefab":{"__type__":"cc.PrefabInfo","root":{"__id__":1},"asset":{"__uuid__":"35ot1LfwVH7pPzlaanPoTQ"},"fileId":"26vahrf8xDCa1GcPX0Vjqp"},"_contentSize":{"__type__":"cc.Size","width":101,"height":117},"_trs":{"__type__":"TypedArray","ctor":"Float64Array","array":[0,0,0,0,0,0,1,1,1,1]}},{"__type__":"cc.Node","_name":"_full_node","_parent":{"__id__":19},"_components":[{"__type__":"cc.Sprite","node":{"__id__":21},"_materials":[{"__uuid__":"ecpdLyjvZBwrvm+cedCcQy"}],"_spriteFrame":{"__uuid__":"eb26Ez9bpA1LjhK+fUCGZd"}}],"_prefab":{"__type__":"cc.PrefabInfo","root":{"__id__":1},"asset":{"__uuid__":"35ot1LfwVH7pPzlaanPoTQ"},"fileId":"3asLbd945NSKP3Oz3Ae9c+"},"_contentSize":{"__type__":"cc.Size","width":101,"height":117},"_trs":{"__type__":"TypedArray","ctor":"Float64Array","array":[0,0,0,0,0,0,1,1,1,1]}},{"__type__":"cc.Node","_name":"role","_parent":{"__id__":6},"_children":[{"__id__":23}],"_components":[{"__type__":"b716alLcL5MlagcvLupr2VC","node":{"__id__":22}}],"_prefab":{"__type__":"cc.PrefabInfo","root":{"__id__":1},"asset":{"__uuid__":"35ot1LfwVH7pPzlaanPoTQ"},"fileId":"33mRXktz5K2IgOD6ZpzI/Z"},"_trs":{"__type__":"TypedArray","ctor":"Float64Array","array":[-119,-293,0,0,0,0,1,1,1,1]}},{"__type__":"cc.Node","_name":"role_btn","_parent":{"__id__":22},"_components":[{"__type__":"cc.Button","node":{"__id__":23},"clickEvents":[{"__type__":"cc.ClickEvent","target":{"__id__":1},"_componentId":"c06acr+zbZDNZRuCJ75bKcx","handler":"onBtnRoleClick"}]}],"_prefab":{"__type__":"cc.PrefabInfo","root":{"__id__":1},"asset":{"__uuid__":"35ot1LfwVH7pPzlaanPoTQ"},"fileId":"3fQttpw89IPLd83vSMaBjF"},"_contentSize":{"__type__":"cc.Size","width":260,"height":400},"_anchorPoint":{"__type__":"cc.Vec2","x":0.5},"_trs":{"__type__":"TypedArray","ctor":"Float64Array","array":[0,-10,0,0,0,0,1,1,1,0]}},{"__type__":"cc.Node","_name":"$edit_btn","_parent":{"__id__":6},"_children":[{"__id__":25}],"_components":[{"__type__":"cc.Button","node":{"__id__":24},"zoomScale":1.05,"clickEvents":[{"__type__":"cc.ClickEvent","target":{"__id__":1},"_componentId":"c06acr+zbZDNZRuCJ75bKcx","handler":"onBtnEditClick"}],"_N$transition":3,"transition":3,"_N$normalColor":{"__type__":"cc.Color","r":230,"g":230,"b":230},"_N$pressedColor":{"__type__":"cc.Color","r":200,"g":200,"b":200},"pressedColor":{"__type__":"cc.Color","r":200,"g":200,"b":200},"_N$disabledColor":{"__type__":"cc.Color","r":120,"g":120,"b":120,"a":200},"_N$normalSprite":{"__uuid__":"f0BIwQ8D5Ml7nTNQbh1YlS"},"_N$pressedSprite":{"__uuid__":"e97GVMl6JHh5Ml5qEDdSGa"},"pressedSprite":{"__uuid__":"e97GVMl6JHh5Ml5qEDdSGa"},"_N$hoverSprite":{"__uuid__":"f0BIwQ8D5Ml7nTNQbh1YlS"},"hoverSprite":{"__uuid__":"f0BIwQ8D5Ml7nTNQbh1YlS"},"_N$disabledSprite":{"__uuid__":"29FYIk+N1GYaeWH/q1NxQO"}}],"_prefab":{"__type__":"cc.PrefabInfo","root":{"__id__":1},"asset":{"__uuid__":"35ot1LfwVH7pPzlaanPoTQ"},"fileId":"24rLbaT+ZIPorpRhRrAfUm"},"_contentSize":{"__type__":"cc.Size","width":100,"height":40},"_trs":{"__type__":"TypedArray","ctor":"Float64Array","array":[-147,388.21500000000003,0,0,0,0,1,1,1,0]}},{"__type__":"cc.Node","_name":"Background","_parent":{"__id__":24},"_children":[{"__id__":26}],"_components":[{"__type__":"cc.Sprite","node":{"__id__":25},"_materials":[{"__uuid__":"ecpdLyjvZBwrvm+cedCcQy"}],"_spriteFrame":{"__uuid__":"f0BIwQ8D5Ml7nTNQbh1YlS"},"_type":1,"_sizeMode":0},{"__type__":"cc.Widget","node":{"__id__":25},"alignMode":0,"_alignFlags":45,"_originalWidth":100,"_originalHeight":40}],"_prefab":{"__type__":"cc.PrefabInfo","root":{"__id__":1},"asset":{"__uuid__":"35ot1LfwVH7pPzlaanPoTQ"},"fileId":"fd0JXmJaNFz5DjXBQ+BNnF"},"_contentSize":{"__type__":"cc.Size","width":100,"height":40},"_trs":{"__type__":"TypedArray","ctor":"Float64Array","array":[0,0,0,0,0,0,1,1,1,1]}},{"__type__":"cc.Node","_name":"Label","_parent":{"__id__":25},"_components":[{"__type__":"cc.Label","node":{"__id__":26},"_materials":[{"__uuid__":"ecpdLyjvZBwrvm+cedCcQy"}],"_useOriginalSize":false,"_string":"编辑器","_N$string":"编辑器","_fontSize":20,"_enableWrapText":false,"_N$horizontalAlign":1,"_N$verticalAlign":1,"_N$overflow":1,"_N$cacheMode":1}],"_prefab":{"__type__":"cc.PrefabInfo","root":{"__id__":1},"asset":{"__uuid__":"35ot1LfwVH7pPzlaanPoTQ"},"fileId":"40vnhCSLFGpa9g0u1z85Gw"},"_color":{"__type__":"cc.Color"},"_contentSize":{"__type__":"cc.Size","width":100,"height":40},"_trs":{"__type__":"TypedArray","ctor":"Float64Array","array":[0,0,0,0,0,0,1,1,1,1]}},{"__type__":"cc.Node","_name":"$cheat_btn","_parent":{"__id__":6},"_children":[{"__id__":28}],"_components":[{"__type__":"cc.Button","node":{"__id__":27},"zoomScale":1.05,"clickEvents":[{"__type__":"cc.ClickEvent","target":{"__id__":1},"_componentId":"c06acr+zbZDNZRuCJ75bKcx","handler":"onBtnCheatClick"}],"_N$transition":3,"transition":3,"_N$normalColor":{"__type__":"cc.Color","r":230,"g":230,"b":230},"_N$pressedColor":{"__type__":"cc.Color","r":200,"g":200,"b":200},"pressedColor":{"__type__":"cc.Color","r":200,"g":200,"b":200},"_N$disabledColor":{"__type__":"cc.Color","r":120,"g":120,"b":120,"a":200},"_N$normalSprite":{"__uuid__":"f0BIwQ8D5Ml7nTNQbh1YlS"},"_N$pressedSprite":{"__uuid__":"e97GVMl6JHh5Ml5qEDdSGa"},"pressedSprite":{"__uuid__":"e97GVMl6JHh5Ml5qEDdSGa"},"_N$hoverSprite":{"__uuid__":"f0BIwQ8D5Ml7nTNQbh1YlS"},"hoverSprite":{"__uuid__":"f0BIwQ8D5Ml7nTNQbh1YlS"},"_N$disabledSprite":{"__uuid__":"29FYIk+N1GYaeWH/q1NxQO"}}],"_prefab":{"__type__":"cc.PrefabInfo","root":{"__id__":1},"asset":{"__uuid__":"35ot1LfwVH7pPzlaanPoTQ"},"fileId":"2cOHNl72hOtaN83ii2J8XO"},"_contentSize":{"__type__":"cc.Size","width":100,"height":40},"_trs":{"__type__":"TypedArray","ctor":"Float64Array","array":[-147,332.998,0,0,0,0,1,1,1,0]}},{"__type__":"cc.Node","_name":"Background","_parent":{"__id__":27},"_children":[{"__id__":29}],"_components":[{"__type__":"cc.Sprite","node":{"__id__":28},"_materials":[{"__uuid__":"ecpdLyjvZBwrvm+cedCcQy"}],"_spriteFrame":{"__uuid__":"f0BIwQ8D5Ml7nTNQbh1YlS"},"_type":1,"_sizeMode":0},{"__type__":"cc.Widget","node":{"__id__":28},"alignMode":0,"_alignFlags":45,"_originalWidth":100,"_originalHeight":40}],"_prefab":{"__type__":"cc.PrefabInfo","root":{"__id__":1},"asset":{"__uuid__":"35ot1LfwVH7pPzlaanPoTQ"},"fileId":"a5fhj+XBBMoI3tjYPIg8OB"},"_contentSize":{"__type__":"cc.Size","width":100,"height":40},"_trs":{"__type__":"TypedArray","ctor":"Float64Array","array":[0,0,0,0,0,0,1,1,1,1]}},{"__type__":"cc.Node","_name":"Label","_parent":{"__id__":28},"_components":[{"__type__":"cc.Label","node":{"__id__":29},"_materials":[{"__uuid__":"ecpdLyjvZBwrvm+cedCcQy"}],"_useOriginalSize":false,"_string":"测试","_N$string":"测试","_fontSize":20,"_enableWrapText":false,"_N$horizontalAlign":1,"_N$verticalAlign":1,"_N$overflow":1,"_N$cacheMode":1}],"_prefab":{"__type__":"cc.PrefabInfo","root":{"__id__":1},"asset":{"__uuid__":"35ot1LfwVH7pPzlaanPoTQ"},"fileId":"1e7nlXXFpOXoSBYFJ8HSum"},"_color":{"__type__":"cc.Color"},"_contentSize":{"__type__":"cc.Size","width":100,"height":40},"_trs":{"__type__":"TypedArray","ctor":"Float64Array","array":[0,0,0,0,0,0,1,1,1,1]}},{"__type__":"cc.Node","_name":"$balloon_btn","_parent":{"__id__":5},"_components":[{"__type__":"cc.Sprite","node":{"__id__":30},"_materials":[{"__uuid__":"ecpdLyjvZBwrvm+cedCcQy"}],"_spriteFrame":{"__uuid__":"83NcJe8y5IYJ8NJsmJEg+S"}},{"__type__":"f1d7aNi0Y9KzZW02HGn2qIU","node":{"__id__":30},"startPos":{"__type__":"cc.Vec2","x":-460,"y":230},"endPos":{"__type__":"cc.Vec2","x":460,"y":230},"easing":false},{"__type__":"cc.Button","node":{"__id__":30},"clickEvents":[{"__type__":"cc.ClickEvent","target":{"__id__":1},"_componentId":"c06acr+zbZDNZRuCJ75bKcx","handler":"onBtnBalloonClick"}]}],"_prefab":{"__type__":"cc.PrefabInfo","root":{"__id__":1},"asset":{"__uuid__":"35ot1LfwVH7pPzlaanPoTQ"},"fileId":"13TSi7q/RKXqzFZMpNLu2D"},"_contentSize":{"__type__":"cc.Size","width":128,"height":209},"_trs":{"__type__":"TypedArray","ctor":"Float64Array","array":[-460,230,0,0,0,0,1,1,1,1]}},{"__type__":"cc.Node","_name":"top","_parent":{"__id__":5},"_children":[{"__id__":32},{"__id__":50}],"_components":[{"__type__":"e57e4IZMt1DRIedJi+eZop6","node":{"__id__":31}}],"_prefab":{"__type__":"cc.PrefabInfo","root":{"__id__":1},"asset":{"__uuid__":"35ot1LfwVH7pPzlaanPoTQ"},"fileId":"0bhlFH7HFGmqzvMFGH5LBZ"},"_trs":{"__type__":"TypedArray","ctor":"Float64Array","array":[0,666,0,0,0,0,1,1,1,1]}},{"__type__":"cc.Node","_name":"left","_parent":{"__id__":31},"_children":[{"__id__":33},{"__id__":35},{"__id__":37},{"__id__":39},{"__id__":44},{"__id__":47}],"_components":[{"__type__":"cc.Widget","node":{"__id__":32},"_target":{"__id__":1},"_alignFlags":8},{"__type__":"96549DGCmlIcZghb3AfRGQI","node":{"__id__":32}},{"__type__":"ade161OMgVMKpmjDqerbeZb","node":{"__id__":32},"_prefab":{"__uuid__":"aaDGxgDHFItqTCDWlU4Xnx"}}],"_prefab":{"__type__":"cc.PrefabInfo","root":{"__id__":1},"asset":{"__uuid__":"35ot1LfwVH7pPzlaanPoTQ"},"fileId":"2b+QPGt3dJfY6DcHGg+rGw"},"_trs":{"__type__":"TypedArray","ctor":"Float64Array","array":[-375,-80,0,0,0,0,1,1,1,1]}},{"__type__":"cc.Node","_name":"feedback_btn","_parent":{"__id__":32},"_children":[{"__id__":34}],"_components":[{"__type__":"3ea852p+mdMf7Zybcu+YYzv","node":{"__id__":33}}],"_prefab":{"__type__":"cc.PrefabInfo","root":{"__id__":1},"asset":{"__uuid__":"35ot1LfwVH7pPzlaanPoTQ"},"fileId":"b7vKqthSJKrbYedkOX4F88"},"_contentSize":{"__type__":"cc.Size","width":161,"height":70},"_trs":{"__type__":"TypedArray","ctor":"Float64Array","array":[102.649,23,0,0,0,0,1,1,1,1]}},{"__type__":"cc.Node","_name":"text","_parent":{"__id__":33},"_components":[{"__type__":"cc.Sprite","node":{"__id__":34},"_materials":[{"__uuid__":"ecpdLyjvZBwrvm+cedCcQy"}],"_spriteFrame":{"__uuid__":"d1KE7hLUFDUpAoYu6E3TdM"}}],"_prefab":{"__type__":"cc.PrefabInfo","root":{"__id__":1},"asset":{"__uuid__":"35ot1LfwVH7pPzlaanPoTQ"},"fileId":"292aZYrZ5H565wl0BtGZjm"},"_contentSize":{"__type__":"cc.Size","width":161,"height":53},"_trs":{"__type__":"TypedArray","ctor":"Float64Array","array":[0,0,0,0,0,0,1,1,1,1]}},{"__type__":"cc.Node","_name":"$contact_us_btn","_parent":{"__id__":32},"_children":[{"__id__":36}],"_components":[{"__type__":"cc.Button","node":{"__id__":35},"zoomScale":1.1,"clickEvents":[{"__type__":"cc.ClickEvent","target":{"__id__":1},"_componentId":"c06acr+zbZDNZRuCJ75bKcx","handler":"onBtnContactUsClick"}],"_N$transition":3,"transition":3}],"_prefab":{"__type__":"cc.PrefabInfo","root":{"__id__":1},"asset":{"__uuid__":"35ot1LfwVH7pPzlaanPoTQ"},"fileId":"63EMwpr55GV7dK1Bez703P"},"_contentSize":{"__type__":"cc.Size","width":161,"height":70},"_trs":{"__type__":"TypedArray","ctor":"Float64Array","array":[277,23,0,0,0,0,1,1,1,0]}},{"__type__":"cc.Node","_name":"text","_parent":{"__id__":35},"_components":[{"__type__":"cc.Sprite","node":{"__id__":36},"_materials":[{"__uuid__":"ecpdLyjvZBwrvm+cedCcQy"}],"_spriteFrame":{"__uuid__":"48LBz98SFMULNUzmS1vjIl"}}],"_prefab":{"__type__":"cc.PrefabInfo","root":{"__id__":1},"asset":{"__uuid__":"35ot1LfwVH7pPzlaanPoTQ"},"fileId":"4ePiiGDblLNr3tDhcCbFdr"},"_contentSize":{"__type__":"cc.Size","width":161,"height":53},"_trs":{"__type__":"TypedArray","ctor":"Float64Array","array":[0,0,0,0,0,0,1,1,1,1]}},{"__type__":"cc.Node","_name":"setting_btn","_active":true,"_parent":{"__id__":32},"_children":[{"__id__":38}],"_components":[{"__type__":"cc.Button","node":{"__id__":37},"_normalMaterial":{"__uuid__":"ecpdLyjvZBwrvm+cedCcQy"},"zoomScale":1.1,"clickEvents":[{"__type__":"cc.ClickEvent","target":{"__id__":1},"_componentId":"c06acr+zbZDNZRuCJ75bKcx","handler":"onBtnSettingClick"}],"_N$transition":3,"transition":3}],"_prefab":{"__type__":"cc.PrefabInfo","root":{"__id__":1},"asset":{"__uuid__":"35ot1LfwVH7pPzlaanPoTQ"},"fileId":"c60t4KayJBzo+GNr52MRgN"},"_contentSize":{"__type__":"cc.Size","width":70,"height":70},"_trs":{"__type__":"TypedArray","ctor":"Float64Array","array":[398.262,23,0,0,0,0,1,1,1,0]}},{"__type__":"cc.Node","_name":"text","_parent":{"__id__":37},"_components":[{"__type__":"cc.Sprite","node":{"__id__":38},"_materials":[{"__uuid__":"ecpdLyjvZBwrvm+cedCcQy"}],"_spriteFrame":{"__uuid__":"d0uXQCAuNL3oFQB4vwdbzr"}}],"_prefab":{"__type__":"cc.PrefabInfo","root":{"__id__":1},"asset":{"__uuid__":"35ot1LfwVH7pPzlaanPoTQ"},"fileId":"dab+DM1ntCxqLgOEu0kWRG"},"_contentSize":{"__type__":"cc.Size","width":54,"height":54},"_trs":{"__type__":"TypedArray","ctor":"Float64Array","array":[0,2,0,0,0,0,1,1,1,1]}},{"__type__":"cc.Node","_name":"challenge_btn","_parent":{"__id__":32},"_children":[{"__id__":40},{"__id__":41},{"__id__":42},{"__id__":43}],"_components":[{"__type__":"cc.Button","node":{"__id__":39},"zoomScale":1.1,"clickEvents":[{"__type__":"cc.ClickEvent","target":{"__id__":1},"_componentId":"c06acr+zbZDNZRuCJ75bKcx","handler":"onBtnChallengeClick"}],"_N$transition":3,"transition":3}],"_prefab":{"__type__":"cc.PrefabInfo","root":{"__id__":1},"asset":{"__uuid__":"35ot1LfwVH7pPzlaanPoTQ"},"fileId":"7eIyO1ydpOpKopZcjdHGKb"},"_contentSize":{"__type__":"cc.Size","width":108,"height":80},"_trs":{"__type__":"TypedArray","ctor":"Float64Array","array":[78,-224.56400000000002,0,0,0,0,1,1,1,0]}},{"__type__":"cc.Node","_name":"text","_parent":{"__id__":39},"_components":[{"__type__":"cc.Sprite","node":{"__id__":40},"_materials":[{"__uuid__":"ecpdLyjvZBwrvm+cedCcQy"}],"_spriteFrame":{"__uuid__":"df8pOsLhdDGYaQDJZxo5JU"}}],"_prefab":{"__type__":"cc.PrefabInfo","root":{"__id__":1},"asset":{"__uuid__":"35ot1LfwVH7pPzlaanPoTQ"},"fileId":"94JI+xWLhEwpm3mCCRdNM1"},"_contentSize":{"__type__":"cc.Size","width":108,"height":72},"_trs":{"__type__":"TypedArray","ctor":"Float64Array","array":[0,0,0,0,0,0,1,1,1,1]}},{"__type__":"cc.Node","_name":"db","_parent":{"__id__":39},"_components":[{"__type__":"dragonBones.ArmatureDisplay","node":{"__id__":41},"_materials":[{"__uuid__":"ecpdLyjvZBwrvm+cedCcQy"}],"_armatureName":"Armature","_animationName":"newAnimation","_preCacheMode":0,"_armatureKey":"3c639662-8837-4bd1-89c4-6e3420e40a9e#a64d510a-3702-479d-abdc-7b1fe971c14d","_N$dragonAsset":{"__uuid__":"3cY5ZiiDdL0YnEbjQg5Aqe"},"_N$dragonAtlasAsset":{"__uuid__":"a6TVEKNwJHnavcex/pccFN"}}],"_prefab":{"__type__":"cc.PrefabInfo","root":{"__id__":1},"asset":{"__uuid__":"35ot1LfwVH7pPzlaanPoTQ"},"fileId":"1esdLGyHBFWKQaq2FsnI/7"},"_contentSize":{"__type__":"cc.Size","width":113,"height":150.86810182452038},"_trs":{"__type__":"TypedArray","ctor":"Float64Array","array":[0,-17.831,0,0,0,0,1,0.7,0.7,1]}},{"__type__":"cc.Node","_name":"title2","_parent":{"__id__":39},"_components":[{"__type__":"cc.Sprite","node":{"__id__":42},"_materials":[{"__uuid__":"ecpdLyjvZBwrvm+cedCcQy"}],"_spriteFrame":{"__uuid__":"2d3yey+LxDj627TGmSQTVP"}}],"_prefab":{"__type__":"cc.PrefabInfo","root":{"__id__":1},"asset":{"__uuid__":"35ot1LfwVH7pPzlaanPoTQ"},"fileId":"888L9ZFwpKgIAOlARqPhcw"},"_contentSize":{"__type__":"cc.Size","width":95,"height":28},"_trs":{"__type__":"TypedArray","ctor":"Float64Array","array":[0,-16.78,0,0,0,0,1,1,1,1]}},{"__type__":"cc.Node","_name":"$challenge_badage","_parent":{"__id__":39},"_components":[{"__type__":"cc.Sprite","node":{"__id__":43},"_materials":[{"__uuid__":"ecpdLyjvZBwrvm+cedCcQy"}],"_spriteFrame":{"__uuid__":"b67gf3BfZD7aFYHOqF+oe9"},"_sizeMode":2}],"_prefab":{"__type__":"cc.PrefabInfo","root":{"__id__":1},"asset":{"__uuid__":"35ot1LfwVH7pPzlaanPoTQ"},"fileId":"fe0OaFBDFIR51/MSu+RO7r"},"_contentSize":{"__type__":"cc.Size","width":43,"height":48},"_trs":{"__type__":"TypedArray","ctor":"Float64Array","array":[49.886,26.584,0,0,0,0,1,0.8,0.8,1]}},{"__type__":"cc.Node","_name":"super_line_btn","_parent":{"__id__":32},"_children":[{"__id__":45},{"__id__":46}],"_components":[{"__type__":"cc.Button","node":{"__id__":44},"_normalMaterial":{"__uuid__":"ecpdLyjvZBwrvm+cedCcQy"},"zoomScale":1.1,"clickEvents":[{"__type__":"cc.ClickEvent","target":{"__id__":1},"_componentId":"c06acr+zbZDNZRuCJ75bKcx","handler":"onBtnSuperLineClick"}],"_N$transition":3,"transition":3}],"_prefab":{"__type__":"cc.PrefabInfo","root":{"__id__":1},"asset":{"__uuid__":"35ot1LfwVH7pPzlaanPoTQ"},"fileId":"e32za6PhpBRJo03lQt9yOY"},"_contentSize":{"__type__":"cc.Size","width":108,"height":80},"_trs":{"__type__":"TypedArray","ctor":"Float64Array","array":[78,-334.928,0,0,0,0,1,1,1,0]}},{"__type__":"cc.Node","_name":"text","_parent":{"__id__":44},"_components":[{"__type__":"cc.Sprite","node":{"__id__":45},"_materials":[{"__uuid__":"ecpdLyjvZBwrvm+cedCcQy"}],"_spriteFrame":{"__uuid__":"e1ISf1rntDEKl1bCqexFcs"}}],"_prefab":{"__type__":"cc.PrefabInfo","root":{"__id__":1},"asset":{"__uuid__":"35ot1LfwVH7pPzlaanPoTQ"},"fileId":"16t7O9jWZFhY/Mc54tkG9T"},"_contentSize":{"__type__":"cc.Size","width":117,"height":98},"_trs":{"__type__":"TypedArray","ctor":"Float64Array","array":[-2,3,0,0,0,0,1,1,1,1]}},{"__type__":"cc.Node","_name":"$super_line_badage","_parent":{"__id__":44},"_components":[{"__type__":"cc.Sprite","node":{"__id__":46},"_materials":[{"__uuid__":"ecpdLyjvZBwrvm+cedCcQy"}],"_spriteFrame":{"__uuid__":"b67gf3BfZD7aFYHOqF+oe9"},"_sizeMode":2}],"_prefab":{"__type__":"cc.PrefabInfo","root":{"__id__":1},"asset":{"__uuid__":"35ot1LfwVH7pPzlaanPoTQ"},"fileId":"f61JrLNrZJ14TVLs3kvRmg"},"_contentSize":{"__type__":"cc.Size","width":43,"height":48},"_trs":{"__type__":"TypedArray","ctor":"Float64Array","array":[49.886,26.584,0,0,0,0,1,0.8,0.8,1]}},{"__type__":"cc.Node","_name":"vip_btn","_parent":{"__id__":32},"_children":[{"__id__":48},{"__id__":49}],"_components":[{"__type__":"cc.Button","node":{"__id__":47},"_normalMaterial":{"__uuid__":"ecpdLyjvZBwrvm+cedCcQy"},"zoomScale":1.1,"clickEvents":[{"__type__":"cc.ClickEvent","target":{"__id__":1},"_componentId":"c06acr+zbZDNZRuCJ75bKcx","handler":"onBtnVipClick"}],"_N$transition":3,"transition":3},{"__type__":"f10c3Vx+WtHIJdJFix2feaY","node":{"__id__":47}}],"_prefab":{"__type__":"cc.PrefabInfo","root":{"__id__":1},"asset":{"__uuid__":"35ot1LfwVH7pPzlaanPoTQ"},"fileId":"027OaQ/ZNK1Zp/HlVltkcr"},"_contentSize":{"__type__":"cc.Size","width":108,"height":80},"_trs":{"__type__":"TypedArray","ctor":"Float64Array","array":[78,-449.928,0,0,0,0,1,1,1,0]}},{"__type__":"cc.Node","_name":"text","_parent":{"__id__":47},"_components":[{"__type__":"cc.Sprite","node":{"__id__":48},"_materials":[{"__uuid__":"ecpdLyjvZBwrvm+cedCcQy"}],"_spriteFrame":{"__uuid__":"c6bEjh0L9OG4drM4D7j/xX"}}],"_prefab":{"__type__":"cc.PrefabInfo","root":{"__id__":1},"asset":{"__uuid__":"35ot1LfwVH7pPzlaanPoTQ"},"fileId":"9bVh7oVPZCkbsN6zS0uO5u"},"_contentSize":{"__type__":"cc.Size","width":108,"height":94},"_trs":{"__type__":"TypedArray","ctor":"Float64Array","array":[-2,3,0,0,0,0,1,1,1,1]}},{"__type__":"cc.Node","_name":"$vip_badage","_parent":{"__id__":47},"_components":[{"__type__":"cc.Sprite","node":{"__id__":49},"_materials":[{"__uuid__":"ecpdLyjvZBwrvm+cedCcQy"}],"_spriteFrame":{"__uuid__":"b67gf3BfZD7aFYHOqF+oe9"},"_sizeMode":2}],"_prefab":{"__type__":"cc.PrefabInfo","root":{"__id__":1},"asset":{"__uuid__":"35ot1LfwVH7pPzlaanPoTQ"},"fileId":"73Rb6gJhlMqpJtjGs+CNWY"},"_contentSize":{"__type__":"cc.Size","width":43,"height":48},"_trs":{"__type__":"TypedArray","ctor":"Float64Array","array":[49.886,26.584,0,0,0,0,1,0.8,0.8,1]}},{"__type__":"cc.Node","_name":"right","_parent":{"__id__":31},"_children":[{"__id__":51}],"_components":[{"__type__":"cc.Widget","node":{"__id__":50},"_target":{"__id__":1},"_alignFlags":32},{"__type__":"96549DGCmlIcZghb3AfRGQI","node":{"__id__":50}}],"_prefab":{"__type__":"cc.PrefabInfo","root":{"__id__":1},"asset":{"__uuid__":"35ot1LfwVH7pPzlaanPoTQ"},"fileId":"6eHfM9AbFHM7xFmwGgtatO"},"_trs":{"__type__":"TypedArray","ctor":"Float64Array","array":[375,-80,0,0,0,0,1,1,1,1]}},{"__type__":"cc.Node","_name":"task_btn","_parent":{"__id__":50},"_children":[{"__id__":52},{"__id__":53}],"_components":[{"__type__":"cc.Button","node":{"__id__":51},"_normalMaterial":{"__uuid__":"ecpdLyjvZBwrvm+cedCcQy"},"zoomScale":1.1,"clickEvents":[{"__type__":"cc.ClickEvent","target":{"__id__":1},"_componentId":"c06acr+zbZDNZRuCJ75bKcx","handler":"onBtnTaskClick"}],"_N$transition":3,"transition":3}],"_prefab":{"__type__":"cc.PrefabInfo","root":{"__id__":1},"asset":{"__uuid__":"35ot1LfwVH7pPzlaanPoTQ"},"fileId":"9cMZhlq5JLP4DuMeowJ4jf"},"_contentSize":{"__type__":"cc.Size","width":108,"height":80},"_trs":{"__type__":"TypedArray","ctor":"Float64Array","array":[-78,-218,0,0,0,0,1,1,1,0]}},{"__type__":"cc.Node","_name":"text","_parent":{"__id__":51},"_components":[{"__type__":"cc.Sprite","node":{"__id__":52},"_materials":[{"__uuid__":"ecpdLyjvZBwrvm+cedCcQy"}],"_spriteFrame":{"__uuid__":"0fJkC9m9dODpeqDwDaAl4Z"}}],"_prefab":{"__type__":"cc.PrefabInfo","root":{"__id__":1},"asset":{"__uuid__":"35ot1LfwVH7pPzlaanPoTQ"},"fileId":"b7RofEV31J9ogS9uScSNwD"},"_contentSize":{"__type__":"cc.Size","width":108,"height":103},"_trs":{"__type__":"TypedArray","ctor":"Float64Array","array":[-2,3,0,0,0,0,1,1,1,1]}},{"__type__":"cc.Node","_name":"$task_badage","_parent":{"__id__":51},"_components":[{"__type__":"cc.Sprite","node":{"__id__":53},"_materials":[{"__uuid__":"ecpdLyjvZBwrvm+cedCcQy"}],"_spriteFrame":{"__uuid__":"b67gf3BfZD7aFYHOqF+oe9"},"_sizeMode":2}],"_prefab":{"__type__":"cc.PrefabInfo","root":{"__id__":1},"asset":{"__uuid__":"35ot1LfwVH7pPzlaanPoTQ"},"fileId":"e4kblSfwxNgq6bvtsyar+p"},"_contentSize":{"__type__":"cc.Size","width":43,"height":48},"_trs":{"__type__":"TypedArray","ctor":"Float64Array","array":[-50,27,0,0,0,0,1,0.8,0.8,1]}},{"__type__":"cc.Node","_name":"bottom","_parent":{"__id__":5},"_children":[{"__id__":55},{"__id__":57}],"_components":[{"__type__":"cc.Widget","node":{"__id__":54},"_target":{"__id__":1},"_alignFlags":4}],"_prefab":{"__type__":"cc.PrefabInfo","root":{"__id__":1},"asset":{"__uuid__":"35ot1LfwVH7pPzlaanPoTQ"},"fileId":"57dxF0sFNKc6AgztRPieAs"},"_trs":{"__type__":"TypedArray","ctor":"Float64Array","array":[0,-667,0,0,0,0,1,1,1,1]}},{"__type__":"cc.Node","_name":"right","_parent":{"__id__":54},"_children":[{"__id__":56}],"_components":[{"__type__":"cc.Widget","node":{"__id__":55},"_target":{"__id__":1},"_alignFlags":32},{"__type__":"96549DGCmlIcZghb3AfRGQI","node":{"__id__":55}}],"_prefab":{"__type__":"cc.PrefabInfo","root":{"__id__":1},"asset":{"__uuid__":"35ot1LfwVH7pPzlaanPoTQ"},"fileId":"88yTXcZvNLf54rLSwpCnC8"},"_trs":{"__type__":"TypedArray","ctor":"Float64Array","array":[375,0,0,0,0,0,1,1,1,1]}},{"__type__":"cc.Node","_name":"db","_parent":{"__id__":55},"_components":[{"__type__":"dragonBones.ArmatureDisplay","node":{"__id__":56},"_materials":[{"__uuid__":"ecpdLyjvZBwrvm+cedCcQy"}],"_armatureName":"Armature","_animationName":"newAnimation","_preCacheMode":0,"_armatureKey":"b0278968-13df-4fa2-9374-f55d32f0c21b#6b7bcf4b-94ec-4c46-9ea0-43b227bb8196","_N$dragonAsset":{"__uuid__":"b0J4loE99PopN09V0y8MIb"},"_N$dragonAtlasAsset":{"__uuid__":"6be89LlOxMRp6gQ7Inu4GW"}}],"_prefab":{"__type__":"cc.PrefabInfo","root":{"__id__":1},"asset":{"__uuid__":"35ot1LfwVH7pPzlaanPoTQ"},"fileId":"30EqsnXJpIr5Icpgoa90u8"},"_contentSize":{"__type__":"cc.Size","width":572,"height":571},"_trs":{"__type__":"TypedArray","ctor":"Float64Array","array":[0,-6.748,0,0,0,0,1,1,1,1]}},{"__type__":"cc.Node","_name":"$bottom_ui","_parent":{"__id__":54},"_children":[{"__id__":58},{"__id__":59},{"__id__":64},{"__id__":68},{"__id__":73},{"__id__":77},{"__id__":81}],"_components":[{"__type__":"96549DGCmlIcZghb3AfRGQI","node":{"__id__":57}}],"_prefab":{"__type__":"cc.PrefabInfo","root":{"__id__":1},"asset":{"__uuid__":"35ot1LfwVH7pPzlaanPoTQ"},"fileId":"55ip8TaJNNvJxpIRoNc/t9"},"_trs":{"__type__":"TypedArray","ctor":"Float64Array","array":[0,300,0,0,0,0,1,1,1,1]}},{"__type__":"cc.Node","_name":"banner","_parent":{"__id__":57},"_components":[{"__type__":"ce3f9aG6A1If7y9kH3tgvq2","node":{"__id__":58}}],"_prefab":{"__type__":"cc.PrefabInfo","root":{"__id__":1},"asset":{"__uuid__":"35ot1LfwVH7pPzlaanPoTQ"},"fileId":"72GF1I2OlCyJgnxBKczB1V"},"_trs":{"__type__":"TypedArray","ctor":"Float64Array","array":[0,47,0,0,0,0,1,1,1,1]}},{"__type__":"cc.Node","_name":"guess1_ads","_parent":{"__id__":57},"_children":[{"__id__":60}],"_components":[{"__type__":"cc.Button","node":{"__id__":59},"zoomScale":1.1,"clickEvents":[{"__type__":"cc.ClickEvent","target":{"__id__":59},"_componentId":"42187AnvedF8ZjlyeHfhAqM","handler":"onClick"}],"_N$transition":3,"transition":3,"_N$normalColor":{"__type__":"cc.Color","r":214,"g":214,"b":214},"_N$target":{"__id__":59}},{"__type__":"42187AnvedF8ZjlyeHfhAqM","node":{"__id__":59},"icon":{"__id__":62}}],"_prefab":{"__type__":"cc.PrefabInfo","root":{"__id__":1},"asset":{"__uuid__":"35ot1LfwVH7pPzlaanPoTQ"},"fileId":"9fW5hC6CVPur6/DuRN+ANF"},"_contentSize":{"__type__":"cc.Size","width":105,"height":140},"_trs":{"__type__":"TypedArray","ctor":"Float64Array","array":[-297,251.039,0,0,0,0,1,1,1,0]}},{"__type__":"cc.Node","_name":"node","_parent":{"__id__":59},"_children":[{"__id__":61},{"__id__":63}],"_prefab":{"__type__":"cc.PrefabInfo","root":{"__id__":1},"asset":{"__uuid__":"35ot1LfwVH7pPzlaanPoTQ"},"fileId":"6cnym5LQBD/KUtQh8/mv6B"},"_trs":{"__type__":"TypedArray","ctor":"Float64Array","array":[0,0,0,0,0,0,1,1,1,1]}},{"__type__":"cc.Node","_name":"icon","_parent":{"__id__":60},"_components":[{"__id__":62}],"_prefab":{"__type__":"cc.PrefabInfo","root":{"__id__":1},"asset":{"__uuid__":"35ot1LfwVH7pPzlaanPoTQ"},"fileId":"17S1GKadVIE6OkpDH8h3P9"},"_contentSize":{"__type__":"cc.Size","width":101,"height":101},"_trs":{"__type__":"TypedArray","ctor":"Float64Array","array":[0,17,0,0,0,0,1,1,1,1]}},{"__type__":"cc.Sprite","node":{"__id__":61},"_materials":[{"__uuid__":"ecpdLyjvZBwrvm+cedCcQy"}],"_spriteFrame":{"__uuid__":"b2JODQBwdEu6xw9GscnaRD"},"_sizeMode":0,"_isTrimmedMode":false},{"__type__":"cc.Node","_name":"guess","_parent":{"__id__":60},"_components":[{"__type__":"cc.Sprite","node":{"__id__":63},"_materials":[{"__uuid__":"ecpdLyjvZBwrvm+cedCcQy"}],"_spriteFrame":{"__uuid__":"85Z6Rpg99PLbUus7dxQr7x"}}],"_prefab":{"__type__":"cc.PrefabInfo","root":{"__id__":1},"asset":{"__uuid__":"35ot1LfwVH7pPzlaanPoTQ"},"fileId":"07X373urpHeJ26ffwu4DUS"},"_contentSize":{"__type__":"cc.Size","width":104,"height":31},"_trs":{"__type__":"TypedArray","ctor":"Float64Array","array":[0,-58.492999999999995,0,0,0,0,1,1,1,1]}},{"__type__":"cc.Node","_name":"newbie_gift_btn","_parent":{"__id__":57},"_children":[{"__id__":65},{"__id__":66},{"__id__":67}],"_components":[{"__type__":"cc.Button","node":{"__id__":64},"_normalMaterial":{"__uuid__":"ecpdLyjvZBwrvm+cedCcQy"},"zoomScale":1.1,"_N$transition":3,"transition":3,"_N$target":{"__id__":65}},{"__type__":"48899rv6JRLMJIBFMIfeHw9","node":{"__id__":64}}],"_prefab":{"__type__":"cc.PrefabInfo","root":{"__id__":1},"asset":{"__uuid__":"35ot1LfwVH7pPzlaanPoTQ"},"fileId":"35em70OF9CEYxoSJpxPgQT"},"_contentSize":{"__type__":"cc.Size","width":108,"height":80},"_trs":{"__type__":"TypedArray","ctor":"Float64Array","array":[296,251,0,0,0,0,1,1,1,1]}},{"__type__":"cc.Node","_name":"text","_parent":{"__id__":64},"_components":[{"__type__":"cc.Sprite","node":{"__id__":65},"_materials":[{"__uuid__":"ecpdLyjvZBwrvm+cedCcQy"}],"_spriteFrame":{"__uuid__":"e0vLgmWOBEA4f3AFyP2k6T"}}],"_prefab":{"__type__":"cc.PrefabInfo","root":{"__id__":1},"asset":{"__uuid__":"35ot1LfwVH7pPzlaanPoTQ"},"fileId":"90W/A91rNO1Zpn1onT+Bmt"},"_contentSize":{"__type__":"cc.Size","width":108,"height":95},"_trs":{"__type__":"TypedArray","ctor":"Float64Array","array":[0,7,0,0,0,0,1,1,1,0]}},{"__type__":"cc.Node","_name":"bg","_parent":{"__id__":64},"_components":[{"__type__":"cc.Sprite","node":{"__id__":66},"_materials":[{"__uuid__":"ecpdLyjvZBwrvm+cedCcQy"}],"_spriteFrame":{"__uuid__":"5bR57nPg9Neo/zKdsRAMe6"}}],"_prefab":{"__type__":"cc.PrefabInfo","root":{"__id__":1},"asset":{"__uuid__":"35ot1LfwVH7pPzlaanPoTQ"},"fileId":"75iDEq78dF36sjyHxOM88/"},"_contentSize":{"__type__":"cc.Size","width":107,"height":24},"_trs":{"__type__":"TypedArray","ctor":"Float64Array","array":[0,-54.817,0,0,0,0,1,1,1,1]}},{"__type__":"cc.Node","_name":"label","_parent":{"__id__":64},"_components":[{"__type__":"cc.Label","node":{"__id__":67},"_materials":[{"__uuid__":"ecpdLyjvZBwrvm+cedCcQy"}],"_useOriginalSize":false,"_string":"00:00:00","_N$string":"00:00:00","_fontSize":20,"_lineHeight":21,"_N$horizontalAlign":1,"_N$verticalAlign":1},{"__type__":"54d03y+mg1K+6NNraXJjTEJ","node":{"__id__":67}}],"_prefab":{"__type__":"cc.PrefabInfo","root":{"__id__":1},"asset":{"__uuid__":"35ot1LfwVH7pPzlaanPoTQ"},"fileId":"a8H+dkPEtBu4Zl0trHaQS5"},"_contentSize":{"__type__":"cc.Size","width":77.85,"height":26.46},"_trs":{"__type__":"TypedArray","ctor":"Float64Array","array":[0,-53.828,0,0,0,0,1,1,1,1]}},{"__type__":"cc.Node","_name":"guess_ads","_parent":{"__id__":57},"_children":[{"__id__":69}],"_components":[{"__type__":"cc.Button","node":{"__id__":68},"zoomScale":1.1,"clickEvents":[{"__type__":"cc.ClickEvent","target":{"__id__":68},"_componentId":"42187AnvedF8ZjlyeHfhAqM","handler":"onClick"}],"_N$transition":3,"transition":3,"_N$normalColor":{"__type__":"cc.Color","r":214,"g":214,"b":214},"_N$target":{"__id__":68}},{"__type__":"42187AnvedF8ZjlyeHfhAqM","node":{"__id__":68},"icon":{"__id__":71}}],"_prefab":{"__type__":"cc.PrefabInfo","root":{"__id__":1},"asset":{"__uuid__":"35ot1LfwVH7pPzlaanPoTQ"},"fileId":"99QkorpZdJrrw/kg2LgjTR"},"_contentSize":{"__type__":"cc.Size","width":105,"height":140},"_trs":{"__type__":"TypedArray","ctor":"Float64Array","array":[296,435,0,0,0,0,1,1,1,0]}},{"__type__":"cc.Node","_name":"node","_parent":{"__id__":68},"_children":[{"__id__":70},{"__id__":72}],"_prefab":{"__type__":"cc.PrefabInfo","root":{"__id__":1},"asset":{"__uuid__":"35ot1LfwVH7pPzlaanPoTQ"},"fileId":"d2uIIambZMgq1guIEJbBPB"},"_trs":{"__type__":"TypedArray","ctor":"Float64Array","array":[0,0,0,0,0,0,1,1,1,1]}},{"__type__":"cc.Node","_name":"icon","_parent":{"__id__":69},"_components":[{"__id__":71}],"_prefab":{"__type__":"cc.PrefabInfo","root":{"__id__":1},"asset":{"__uuid__":"35ot1LfwVH7pPzlaanPoTQ"},"fileId":"6cmrFhjBVMSIlhp6vGbYfr"},"_contentSize":{"__type__":"cc.Size","width":101,"height":101},"_trs":{"__type__":"TypedArray","ctor":"Float64Array","array":[0,17,0,0,0,0,1,1,1,1]}},{"__type__":"cc.Sprite","node":{"__id__":70},"_materials":[{"__uuid__":"ecpdLyjvZBwrvm+cedCcQy"}],"_spriteFrame":{"__uuid__":"b2JODQBwdEu6xw9GscnaRD"},"_sizeMode":0,"_isTrimmedMode":false},{"__type__":"cc.Node","_name":"guess","_parent":{"__id__":69},"_components":[{"__type__":"cc.Sprite","node":{"__id__":72},"_materials":[{"__uuid__":"ecpdLyjvZBwrvm+cedCcQy"}],"_spriteFrame":{"__uuid__":"85Z6Rpg99PLbUus7dxQr7x"}}],"_prefab":{"__type__":"cc.PrefabInfo","root":{"__id__":1},"asset":{"__uuid__":"35ot1LfwVH7pPzlaanPoTQ"},"fileId":"7dvIcSo2VHI6cteRLtroHu"},"_contentSize":{"__type__":"cc.Size","width":104,"height":31},"_trs":{"__type__":"TypedArray","ctor":"Float64Array","array":[0,-58.492999999999995,0,0,0,0,1,1,1,1]}},{"__type__":"cc.Node","_name":"btn_upgrade","_parent":{"__id__":57},"_children":[{"__id__":74}],"_components":[{"__type__":"cc.Button","node":{"__id__":73},"_normalMaterial":{"__uuid__":"ecpdLyjvZBwrvm+cedCcQy"},"zoomScale":0.95,"clickEvents":[{"__type__":"cc.ClickEvent","target":{"__id__":1},"_componentId":"c06acr+zbZDNZRuCJ75bKcx","handler":"onBtnUpgradeClick"}],"_N$transition":3,"transition":3}],"_prefab":{"__type__":"cc.PrefabInfo","root":{"__id__":1},"asset":{"__uuid__":"35ot1LfwVH7pPzlaanPoTQ"},"fileId":"5e7GYam/RCmr+sPqrm1RB+"},"_contentSize":{"__type__":"cc.Size","width":160,"height":102.4},"_trs":{"__type__":"TypedArray","ctor":"Float64Array","array":[-280,80.096,0,0,0,0,1,1,1,0]}},{"__type__":"cc.Node","_name":"scale","_parent":{"__id__":73},"_children":[{"__id__":75},{"__id__":76}],"_prefab":{"__type__":"cc.PrefabInfo","root":{"__id__":1},"asset":{"__uuid__":"35ot1LfwVH7pPzlaanPoTQ"},"fileId":"33vchL0PNGlrgf4hUGJQtT"},"_trs":{"__type__":"TypedArray","ctor":"Float64Array","array":[0,0,0,0,0,0,1,0.8,0.8,1]}},{"__type__":"cc.Node","_name":"text","_parent":{"__id__":74},"_components":[{"__type__":"cc.Sprite","node":{"__id__":75},"_materials":[{"__uuid__":"ecpdLyjvZBwrvm+cedCcQy"}],"_spriteFrame":{"__uuid__":"4fpnxy4W1P+7bAAkjCME8w"}}],"_prefab":{"__type__":"cc.PrefabInfo","root":{"__id__":1},"asset":{"__uuid__":"35ot1LfwVH7pPzlaanPoTQ"},"fileId":"40xcoNnOVFaooqiMTF4sGN"},"_contentSize":{"__type__":"cc.Size","width":219,"height":145},"_trs":{"__type__":"TypedArray","ctor":"Float64Array","array":[0,-7,0,0,0,0,1,1,1,1]}},{"__type__":"cc.Node","_name":"badage","_parent":{"__id__":74},"_components":[{"__type__":"cc.Sprite","node":{"__id__":76},"_materials":[{"__uuid__":"ecpdLyjvZBwrvm+cedCcQy"}],"_spriteFrame":{"__uuid__":"b67gf3BfZD7aFYHOqF+oe9"},"_sizeMode":2}],"_prefab":{"__type__":"cc.PrefabInfo","root":{"__id__":1},"asset":{"__uuid__":"35ot1LfwVH7pPzlaanPoTQ"},"fileId":"544qVgPT1PbKVEz2TA0Mna"},"_contentSize":{"__type__":"cc.Size","width":43,"height":48},"_trs":{"__type__":"TypedArray","ctor":"Float64Array","array":[85.197,30.237,0,0,0,0,1,1,1,1]}},{"__type__":"cc.Node","_name":"$start_btn","_parent":{"__id__":57},"_children":[{"__id__":78}],"_components":[{"__type__":"cc.Button","node":{"__id__":77},"_normalMaterial":{"__uuid__":"ecpdLyjvZBwrvm+cedCcQy"},"zoomScale":0.95,"clickEvents":[{"__type__":"cc.ClickEvent","target":{"__id__":1},"_componentId":"c06acr+zbZDNZRuCJ75bKcx","handler":"onBtnPlayClick"}],"_N$transition":3,"transition":3}],"_prefab":{"__type__":"cc.PrefabInfo","root":{"__id__":1},"asset":{"__uuid__":"35ot1LfwVH7pPzlaanPoTQ"},"fileId":"6a50jl//VJ44EddW0EQrH5"},"_contentSize":{"__type__":"cc.Size","width":160,"height":102.4},"_trs":{"__type__":"TypedArray","ctor":"Float64Array","array":[280,80.096,0,0,0,0,1,1,1,0]}},{"__type__":"cc.Node","_name":"scale","_parent":{"__id__":77},"_children":[{"__id__":79},{"__id__":80}],"_prefab":{"__type__":"cc.PrefabInfo","root":{"__id__":1},"asset":{"__uuid__":"35ot1LfwVH7pPzlaanPoTQ"},"fileId":"b2baNNuYZO7Yo+gynN6um2"},"_trs":{"__type__":"TypedArray","ctor":"Float64Array","array":[0,0,0,0,0,0,1,0.8,0.8,1]}},{"__type__":"cc.Node","_name":"text","_parent":{"__id__":78},"_components":[{"__type__":"cc.Sprite","node":{"__id__":79},"_materials":[{"__uuid__":"ecpdLyjvZBwrvm+cedCcQy"}],"_spriteFrame":{"__uuid__":"33g7/YflVAI5nRTjvIIdZC"}}],"_prefab":{"__type__":"cc.PrefabInfo","root":{"__id__":1},"asset":{"__uuid__":"35ot1LfwVH7pPzlaanPoTQ"},"fileId":"40A9xdPOJEiaomM3LN+PVo"},"_contentSize":{"__type__":"cc.Size","width":219,"height":146},"_trs":{"__type__":"TypedArray","ctor":"Float64Array","array":[0,-7,0,0,0,0,1,1,1,1]}},{"__type__":"cc.Node","_name":"$level_lbl","_parent":{"__id__":78},"_components":[{"__type__":"cc.Label","node":{"__id__":80},"_materials":[{"__uuid__":"ecpdLyjvZBwrvm+cedCcQy"}],"_useOriginalSize":false,"_string":"999","_N$string":"999","_fontSize":20,"_lineHeight":21,"_N$horizontalAlign":1,"_N$verticalAlign":1},{"__type__":"cc.LabelOutline","node":{"__id__":80},"_color":{"__type__":"cc.Color","r":18,"g":123,"b":197},"_width":3}],"_prefab":{"__type__":"cc.PrefabInfo","root":{"__id__":1},"asset":{"__uuid__":"35ot1LfwVH7pPzlaanPoTQ"},"fileId":"73Do11sCBAnJJHt8U84QNA"},"_contentSize":{"__type__":"cc.Size","width":39.37,"height":32.46},"_trs":{"__type__":"TypedArray","ctor":"Float64Array","array":[-2,-36.496,0,0,0,0,1,1,1,1]}},{"__type__":"cc.Node","_name":"$pvp_btn","_parent":{"__id__":57},"_children":[{"__id__":82}],"_components":[{"__type__":"cc.Button","node":{"__id__":81},"_normalMaterial":{"__uuid__":"ecpdLyjvZBwrvm+cedCcQy"},"zoomScale":0.95,"clickEvents":[{"__type__":"cc.ClickEvent","target":{"__id__":1},"_componentId":"c06acr+zbZDNZRuCJ75bKcx","handler":"onBtnPvpClick"}],"_N$transition":3,"transition":3,"_N$normalColor":{"__type__":"cc.Color","r":230,"g":230,"b":230},"_N$pressedColor":{"__type__":"cc.Color","r":200,"g":200,"b":200},"pressedColor":{"__type__":"cc.Color","r":200,"g":200,"b":200},"_N$disabledColor":{"__type__":"cc.Color","r":120,"g":120,"b":120,"a":200}}],"_prefab":{"__type__":"cc.PrefabInfo","root":{"__id__":1},"asset":{"__uuid__":"35ot1LfwVH7pPzlaanPoTQ"},"fileId":"dfxEWzzcFLHaO3paczOvyV"},"_contentSize":{"__type__":"cc.Size","width":379.6,"height":166.4},"_trs":{"__type__":"TypedArray","ctor":"Float64Array","array":[0,102.096,0,0,0,0,1,1,1,0]}},{"__type__":"cc.Node","_name":"scale","_parent":{"__id__":81},"_children":[{"__id__":83},{"__id__":84},{"__id__":85}],"_prefab":{"__type__":"cc.PrefabInfo","root":{"__id__":1},"asset":{"__uuid__":"35ot1LfwVH7pPzlaanPoTQ"},"fileId":"90Y3xced9NmYwe0IGSM1VL"},"_trs":{"__type__":"TypedArray","ctor":"Float64Array","array":[0,0,0,0,0,0,1,1.3,1.3,1]}},{"__type__":"cc.Node","_name":"text","_parent":{"__id__":82},"_components":[{"__type__":"cc.Sprite","node":{"__id__":83},"_materials":[{"__uuid__":"ecpdLyjvZBwrvm+cedCcQy"}],"_spriteFrame":{"__uuid__":"ca94Am3RlFUo7SDXqZCg+0"}}],"_prefab":{"__type__":"cc.PrefabInfo","root":{"__id__":1},"asset":{"__uuid__":"35ot1LfwVH7pPzlaanPoTQ"},"fileId":"0aWTWw0nFFrpDXHQTSacFY"},"_contentSize":{"__type__":"cc.Size","width":312,"height":122},"_trs":{"__type__":"TypedArray","ctor":"Float64Array","array":[0,-18,0,0,0,0,1,1,1,1]}},{"__type__":"cc.Node","_name":"$dan_db","_parent":{"__id__":82},"_components":[{"__type__":"dragonBones.ArmatureDisplay","node":{"__id__":84},"_materials":[{"__uuid__":"ecpdLyjvZBwrvm+cedCcQy"}],"_armatureName":"Armature","_animationName":"hz1","_preCacheMode":0,"_armatureKey":"636ce812-d77f-4c41-ab08-2a8dba220cea#49e58368-c47f-4476-bcad-6329a999921c","_N$dragonAsset":{"__uuid__":"63bOgS139MQasIKo26Igzq"},"_N$dragonAtlasAsset":{"__uuid__":"495YNoxH9EdrytYympmZIc"}}],"_prefab":{"__type__":"cc.PrefabInfo","root":{"__id__":1},"asset":{"__uuid__":"35ot1LfwVH7pPzlaanPoTQ"},"fileId":"3eAUJm1yhHaYacWKJly76Y"},"_contentSize":{"__type__":"cc.Size","width":291.15,"height":268},"_trs":{"__type__":"TypedArray","ctor":"Float64Array","array":[0,-50.039,0,0,0,0,1,0.6,0.6,0.6]}},{"__type__":"cc.Node","_name":"text2","_parent":{"__id__":82},"_components":[{"__type__":"cc.Sprite","node":{"__id__":85},"_materials":[{"__uuid__":"ecpdLyjvZBwrvm+cedCcQy"}],"_spriteFrame":{"__uuid__":"77LwzY2x5BL6u0jvwJ+EzS"}}],"_prefab":{"__type__":"cc.PrefabInfo","root":{"__id__":1},"asset":{"__uuid__":"35ot1LfwVH7pPzlaanPoTQ"},"fileId":"0aYD4JtjZKDZEH1HYNCZZ6"},"_contentSize":{"__type__":"cc.Size","width":125,"height":43},"_trs":{"__type__":"TypedArray","ctor":"Float64Array","array":[0,-28.179,0,0,0,0,1,1,1,1]}},{"__type__":"cc.Node","_name":"$side_ads_btn","_parent":{"__id__":5},"_children":[{"__id__":87}],"_components":[{"__type__":"cc.Button","node":{"__id__":86},"_normalMaterial":{"__uuid__":"ecpdLyjvZBwrvm+cedCcQy"},"zoomScale":1.1,"clickEvents":[{"__type__":"cc.ClickEvent","target":{"__id__":1},"_componentId":"c06acr+zbZDNZRuCJ75bKcx","handler":"onBtnSideAdsClick"}],"_N$transition":3,"transition":3}],"_prefab":{"__type__":"cc.PrefabInfo","root":{"__id__":1},"asset":{"__uuid__":"35ot1LfwVH7pPzlaanPoTQ"},"fileId":"d4OmkuF5ZPOaXOqfywWh9V"},"_contentSize":{"__type__":"cc.Size","width":180,"height":80},"_anchorPoint":{"__type__":"cc.Vec2","y":0.5},"_trs":{"__type__":"TypedArray","ctor":"Float64Array","array":[-390,-106,0,0,0,0,1,1,1,0]}},{"__type__":"cc.Node","_name":"anim","_parent":{"__id__":86},"_children":[{"__id__":88}],"_components":[{"__type__":"cc.Sprite","node":{"__id__":87},"_materials":[{"__uuid__":"ecpdLyjvZBwrvm+cedCcQy"}],"_spriteFrame":{"__uuid__":"62G1+1cGxAYZeSUq1jAXo/"}},{"__type__":"d4448oMF25OlpwxNxYG/5DT","node":{"__id__":87}}],"_prefab":{"__type__":"cc.PrefabInfo","root":{"__id__":1},"asset":{"__uuid__":"35ot1LfwVH7pPzlaanPoTQ"},"fileId":"eexgT/ChxFDLrnAKK40jhK"},"_contentSize":{"__type__":"cc.Size","width":180,"height":80},"_trs":{"__type__":"TypedArray","ctor":"Float64Array","array":[90,0,0,0,0,0,1,1,1,1]}},{"__type__":"cc.Node","_name":"$side_ads_badage","_parent":{"__id__":87},"_components":[{"__type__":"cc.Sprite","node":{"__id__":88},"_materials":[{"__uuid__":"ecpdLyjvZBwrvm+cedCcQy"}],"_spriteFrame":{"__uuid__":"b67gf3BfZD7aFYHOqF+oe9"},"_sizeMode":2}],"_prefab":{"__type__":"cc.PrefabInfo","root":{"__id__":1},"asset":{"__uuid__":"35ot1LfwVH7pPzlaanPoTQ"},"fileId":"5bHHcjpIJMCousMqzjbeon"},"_contentSize":{"__type__":"cc.Size","width":43,"height":48},"_trs":{"__type__":"TypedArray","ctor":"Float64Array","array":[64.66,29.572,0,0,0,0,1,0.8,0.8,0.8]}},{"__type__":"cc.Node","_name":"top_more","_parent":{"__id__":5},"_children":[{"__id__":90}],"_components":[{"__type__":"e57e4IZMt1DRIedJi+eZop6","node":{"__id__":89}}],"_prefab":{"__type__":"cc.PrefabInfo","root":{"__id__":1},"asset":{"__uuid__":"35ot1LfwVH7pPzlaanPoTQ"},"fileId":"c1QeTsyK1DlpLtoj9NWUJc"},"_trs":{"__type__":"TypedArray","ctor":"Float64Array","array":[375,666,0,0,0,0,1,1,1,1]}},{"__type__":"cc.Node","_name":"top_right","_parent":{"__id__":89},"_children":[{"__id__":91},{"__id__":94}],"_components":[{"__type__":"96549DGCmlIcZghb3AfRGQI","node":{"__id__":90}},{"__type__":"cc.Widget","node":{"__id__":90},"_target":{"__id__":1},"_alignFlags":32}],"_prefab":{"__type__":"cc.PrefabInfo","root":{"__id__":1},"asset":{"__uuid__":"35ot1LfwVH7pPzlaanPoTQ"},"fileId":"e34GuuJVNEdYsNb7EtluK/"},"_trs":{"__type__":"TypedArray","ctor":"Float64Array","array":[0,-466,0,0,0,0,1,1,1,1]}},{"__type__":"cc.Node","_name":"$more_open_btn","_parent":{"__id__":90},"_children":[{"__id__":92},{"__id__":93}],"_components":[{"__type__":"cc.Button","node":{"__id__":91},"zoomScale":1.1,"clickEvents":[{"__type__":"cc.ClickEvent","target":{"__id__":1},"_componentId":"c06acr+zbZDNZRuCJ75bKcx","handler":"onBtnMoreOpenClick"}],"_N$transition":3,"transition":3}],"_prefab":{"__type__":"cc.PrefabInfo","root":{"__id__":1},"asset":{"__uuid__":"35ot1LfwVH7pPzlaanPoTQ"},"fileId":"92MrXew/REz562WISeqxAr"},"_contentSize":{"__type__":"cc.Size","width":108,"height":92},"_trs":{"__type__":"TypedArray","ctor":"Float64Array","array":[-78,50,0,0,0,0,1,1,1,0]}},{"__type__":"cc.Node","_name":"text","_parent":{"__id__":91},"_components":[{"__type__":"cc.Sprite","node":{"__id__":92},"_materials":[{"__uuid__":"ecpdLyjvZBwrvm+cedCcQy"}],"_spriteFrame":{"__uuid__":"0dyJ4Q3cBL873lUKc9A+Pb"}}],"_prefab":{"__type__":"cc.PrefabInfo","root":{"__id__":1},"asset":{"__uuid__":"35ot1LfwVH7pPzlaanPoTQ"},"fileId":"c5QqbiXEJOF5W9nhO3cHfN"},"_contentSize":{"__type__":"cc.Size","width":108,"height":92},"_trs":{"__type__":"TypedArray","ctor":"Float64Array","array":[0,0,0,0,0,0,1,1,1,1]}},{"__type__":"cc.Node","_name":"$more_open_badage","_parent":{"__id__":91},"_components":[{"__type__":"cc.Sprite","node":{"__id__":93},"_materials":[{"__uuid__":"ecpdLyjvZBwrvm+cedCcQy"}],"_spriteFrame":{"__uuid__":"b67gf3BfZD7aFYHOqF+oe9"},"_sizeMode":2}],"_prefab":{"__type__":"cc.PrefabInfo","root":{"__id__":1},"asset":{"__uuid__":"35ot1LfwVH7pPzlaanPoTQ"},"fileId":"e4bUW/NApJNZsszyShe0RP"},"_contentSize":{"__type__":"cc.Size","width":43,"height":48},"_trs":{"__type__":"TypedArray","ctor":"Float64Array","array":[-50,24,0,0,0,0,1,0.8,0.8,1]}},{"__type__":"cc.Node","_name":"$more_node","_parent":{"__id__":90},"_children":[{"__id__":95},{"__id__":96},{"__id__":117},{"__id__":119}],"_active":false,"_prefab":{"__type__":"cc.PrefabInfo","root":{"__id__":1},"asset":{"__uuid__":"35ot1LfwVH7pPzlaanPoTQ"},"fileId":"86AaQdHy9GJ77BBDu/LR/u"},"_trs":{"__type__":"TypedArray","ctor":"Float64Array","array":[-78,0,0,0,0,0,1,1,1,1]}},{"__type__":"cc.Node","_name":"$more_close2_btn","_parent":{"__id__":94},"_components":[{"__type__":"809c4SzpK1OEIh/WEmlQyJb","node":{"__id__":95}},{"__type__":"cc.Button","node":{"__id__":95},"clickEvents":[{"__type__":"cc.ClickEvent","target":{"__id__":1},"_componentId":"c06acr+zbZDNZRuCJ75bKcx","handler":"onBtnMoreCloseClick"}]}],"_prefab":{"__type__":"cc.PrefabInfo","root":{"__id__":1},"asset":{"__uuid__":"35ot1LfwVH7pPzlaanPoTQ"},"fileId":"0e84LsKtBEfZq18KfZcEw7"},"_trs":{"__type__":"TypedArray","ctor":"Float64Array","array":[0,0,0,0,0,0,1,1,1,1]}},{"__type__":"cc.Node","_name":"mask","_parent":{"__id__":94},"_children":[{"__id__":97}],"_components":[{"__type__":"cc.Mask","node":{"__id__":96},"_materials":[{"__uuid__":"ecpdLyjvZBwrvm+cedCcQy"}]}],"_prefab":{"__type__":"cc.PrefabInfo","root":{"__id__":1},"asset":{"__uuid__":"35ot1LfwVH7pPzlaanPoTQ"},"fileId":"89Axmp6PJEFaafxOZL4bZx"},"_contentSize":{"__type__":"cc.Size","width":154,"height":1200},"_anchorPoint":{"__type__":"cc.Vec2","x":0.5,"y":1},"_trs":{"__type__":"TypedArray","ctor":"Float64Array","array":[0,0,0,0,0,0,1,1,1,1]}},{"__type__":"cc.Node","_name":"$more_drawer_node","_parent":{"__id__":96},"_children":[{"__id__":98},{"__id__":101},{"__id__":103},{"__id__":105},{"__id__":108},{"__id__":111},{"__id__":114}],"_components":[{"__type__":"cc.Sprite","node":{"__id__":97},"_materials":[{"__uuid__":"ecpdLyjvZBwrvm+cedCcQy"}],"_spriteFrame":{"__uuid__":"8dJ34QOvVB76r5gDzl1Bpi"},"_type":1,"_sizeMode":0},{"__type__":"cc.Layout","node":{"__id__":97},"_layoutSize":{"__type__":"cc.Size","width":154,"height":800},"_resize":1,"_N$layoutType":2,"_N$paddingTop":70,"_N$paddingBottom":50,"_N$spacingY":40},{"__type__":"cc.BlockInputEvents","node":{"__id__":97}}],"_prefab":{"__type__":"cc.PrefabInfo","root":{"__id__":1},"asset":{"__uuid__":"35ot1LfwVH7pPzlaanPoTQ"},"fileId":"77CTF/8mRAT6od0wKkhFmC"},"_contentSize":{"__type__":"cc.Size","width":154,"height":800},"_anchorPoint":{"__type__":"cc.Vec2","x":0.5,"y":1},"_trs":{"__type__":"TypedArray","ctor":"Float64Array","array":[0,0,0,0,0,0,1,1,1,1]}},{"__type__":"cc.Node","_name":"bank_btn","_parent":{"__id__":97},"_children":[{"__id__":99},{"__id__":100}],"_active":false,"_components":[{"__type__":"cc.Button","node":{"__id__":98},"_normalMaterial":{"__uuid__":"ecpdLyjvZBwrvm+cedCcQy"},"zoomScale":1.1,"clickEvents":[{"__type__":"cc.ClickEvent","target":{"__id__":1},"_componentId":"c06acr+zbZDNZRuCJ75bKcx","handler":"onBtnBankClick"}],"_N$transition":3,"transition":3}],"_prefab":{"__type__":"cc.PrefabInfo","root":{"__id__":1},"asset":{"__uuid__":"35ot1LfwVH7pPzlaanPoTQ"},"fileId":"55Jw8hYBJJ5LAVirDQ39N2"},"_contentSize":{"__type__":"cc.Size","width":108,"height":80},"_trs":{"__type__":"TypedArray","ctor":"Float64Array","array":[0,-739.956,0,0,0,0,1,1,1,1]}},{"__type__":"cc.Node","_name":"text","_parent":{"__id__":98},"_components":[{"__type__":"cc.Sprite","node":{"__id__":99},"_materials":[{"__uuid__":"ecpdLyjvZBwrvm+cedCcQy"}],"_spriteFrame":{"__uuid__":"cbqD0sI/FIP4mzfwTuDZ6l"}}],"_prefab":{"__type__":"cc.PrefabInfo","root":{"__id__":1},"asset":{"__uuid__":"35ot1LfwVH7pPzlaanPoTQ"},"fileId":"1cK6KOjXxK3IBOBRjxd6BY"},"_contentSize":{"__type__":"cc.Size","width":108,"height":100},"_trs":{"__type__":"TypedArray","ctor":"Float64Array","array":[0,5,0,0,0,0,1,1,1,1]}},{"__type__":"cc.Node","_name":"$bank_badage","_parent":{"__id__":98},"_components":[{"__type__":"cc.Sprite","node":{"__id__":100},"_materials":[{"__uuid__":"ecpdLyjvZBwrvm+cedCcQy"}],"_spriteFrame":{"__uuid__":"b67gf3BfZD7aFYHOqF+oe9"},"_sizeMode":2}],"_prefab":{"__type__":"cc.PrefabInfo","root":{"__id__":1},"asset":{"__uuid__":"35ot1LfwVH7pPzlaanPoTQ"},"fileId":"1c+ZtrWvhEI7fJwax43tIu"},"_contentSize":{"__type__":"cc.Size","width":43,"height":48},"_trs":{"__type__":"TypedArray","ctor":"Float64Array","array":[46.214,26.584,0,0,0,0,1,0.8,0.8,1]}},{"__type__":"cc.Node","_name":"ranking_btn","_active":false,"_parent":{"__id__":97},"_children":[{"__id__":102}],"_components":[{"__type__":"cc.Button","node":{"__id__":101},"_normalMaterial":{"__uuid__":"ecpdLyjvZBwrvm+cedCcQy"},"zoomScale":1.1,"clickEvents":[{"__type__":"cc.ClickEvent","target":{"__id__":1},"_componentId":"c06acr+zbZDNZRuCJ75bKcx","handler":"onBtnRankClick"}],"_N$transition":3,"transition":3}],"_prefab":{"__type__":"cc.PrefabInfo","root":{"__id__":1},"asset":{"__uuid__":"35ot1LfwVH7pPzlaanPoTQ"},"fileId":"b6sTswtcBF961rsBnbFFZB"},"_contentSize":{"__type__":"cc.Size","width":108,"height":80},"_trs":{"__type__":"TypedArray","ctor":"Float64Array","array":[0,-110,0,0,0,0,1,1,1,1]}},{"__type__":"cc.Node","_name":"text","_parent":{"__id__":101},"_components":[{"__type__":"cc.Sprite","node":{"__id__":102},"_materials":[{"__uuid__":"ecpdLyjvZBwrvm+cedCcQy"}],"_spriteFrame":{"__uuid__":"5cXvJkNNBIiYHQxf8StRFU"}}],"_prefab":{"__type__":"cc.PrefabInfo","root":{"__id__":1},"asset":{"__uuid__":"35ot1LfwVH7pPzlaanPoTQ"},"fileId":"0bOMdpzmVENrTcxrsQGnfr"},"_contentSize":{"__type__":"cc.Size","width":108,"height":85},"_trs":{"__type__":"TypedArray","ctor":"Float64Array","array":[0,0,0,0,0,0,1,1,1,1]}},{"__type__":"cc.Node","_name":"lotttery_btn","_parent":{"__id__":97},"_children":[{"__id__":104}],"_components":[{"__type__":"cc.Button","node":{"__id__":103},"_normalMaterial":{"__uuid__":"ecpdLyjvZBwrvm+cedCcQy"},"zoomScale":1.1,"clickEvents":[{"__type__":"cc.ClickEvent","target":{"__id__":1},"_componentId":"c06acr+zbZDNZRuCJ75bKcx","handler":"onBtnLotteryClick"}],"_N$transition":3,"transition":3}],"_prefab":{"__type__":"cc.PrefabInfo","root":{"__id__":1},"asset":{"__uuid__":"35ot1LfwVH7pPzlaanPoTQ"},"fileId":"17W2fkCJZCE5tnNOrsf6iI"},"_contentSize":{"__type__":"cc.Size","width":108,"height":80},"_trs":{"__type__":"TypedArray","ctor":"Float64Array","array":[0,-230,0,0,0,0,1,1,1,1]}},{"__type__":"cc.Node","_name":"text","_parent":{"__id__":103},"_components":[{"__type__":"cc.Sprite","node":{"__id__":104},"_materials":[{"__uuid__":"ecpdLyjvZBwrvm+cedCcQy"}],"_spriteFrame":{"__uuid__":"73kL65kg1OZJCVfC/SXmka"}}],"_prefab":{"__type__":"cc.PrefabInfo","root":{"__id__":1},"asset":{"__uuid__":"35ot1LfwVH7pPzlaanPoTQ"},"fileId":"36ikEZhwdFt79Ew5y07oel"},"_contentSize":{"__type__":"cc.Size","width":108,"height":88},"_trs":{"__type__":"TypedArray","ctor":"Float64Array","array":[0,0,0,0,0,0,1,1,1,1]}},{"__type__":"cc.Node","_name":"sign_in_btn","_parent":{"__id__":97},"_children":[{"__id__":106},{"__id__":107}],"_components":[{"__type__":"cc.Button","node":{"__id__":105},"_normalMaterial":{"__uuid__":"ecpdLyjvZBwrvm+cedCcQy"},"zoomScale":1.1,"clickEvents":[{"__type__":"cc.ClickEvent","target":{"__id__":1},"_componentId":"c06acr+zbZDNZRuCJ75bKcx","handler":"onBtnSignInClick"}],"_N$transition":3,"transition":3}],"_prefab":{"__type__":"cc.PrefabInfo","root":{"__id__":1},"asset":{"__uuid__":"35ot1LfwVH7pPzlaanPoTQ"},"fileId":"ae25+6FdlJTIcf6LJ4OJxI"},"_contentSize":{"__type__":"cc.Size","width":108,"height":80},"_trs":{"__type__":"TypedArray","ctor":"Float64Array","array":[0,-350,0,0,0,0,1,1,1,1]}},{"__type__":"cc.Node","_name":"text","_parent":{"__id__":105},"_components":[{"__type__":"cc.Sprite","node":{"__id__":106},"_materials":[{"__uuid__":"ecpdLyjvZBwrvm+cedCcQy"}],"_spriteFrame":{"__uuid__":"ffRqvbrqBKHYi6QrvpHWlG"}}],"_prefab":{"__type__":"cc.PrefabInfo","root":{"__id__":1},"asset":{"__uuid__":"35ot1LfwVH7pPzlaanPoTQ"},"fileId":"15CH4jxPBL8qm1S0B/cZHe"},"_contentSize":{"__type__":"cc.Size","width":108,"height":98},"_trs":{"__type__":"TypedArray","ctor":"Float64Array","array":[0,5,0,0,0,0,1,1,1,1]}},{"__type__":"cc.Node","_name":"$sign_in_badage","_parent":{"__id__":105},"_components":[{"__type__":"cc.Sprite","node":{"__id__":107},"_materials":[{"__uuid__":"ecpdLyjvZBwrvm+cedCcQy"}],"_spriteFrame":{"__uuid__":"b67gf3BfZD7aFYHOqF+oe9"},"_sizeMode":2}],"_prefab":{"__type__":"cc.PrefabInfo","root":{"__id__":1},"asset":{"__uuid__":"35ot1LfwVH7pPzlaanPoTQ"},"fileId":"0eEweKfXpMWJ4awImDqwUn"},"_contentSize":{"__type__":"cc.Size","width":43,"height":48},"_trs":{"__type__":"TypedArray","ctor":"Float64Array","array":[49.886,26.584,0,0,0,0,1,0.8,0.8,1]}},{"__type__":"cc.Node","_name":"$trial_ads_btn","_parent":{"__id__":97},"_children":[{"__id__":109},{"__id__":110}],"_components":[{"__type__":"cc.Button","node":{"__id__":108},"_normalMaterial":{"__uuid__":"ecpdLyjvZBwrvm+cedCcQy"},"zoomScale":1.1,"clickEvents":[{"__type__":"cc.ClickEvent","target":{"__id__":1},"_componentId":"c06acr+zbZDNZRuCJ75bKcx","handler":"onBtnTrialAdsClick"}],"_N$transition":3,"transition":3}],"_prefab":{"__type__":"cc.PrefabInfo","root":{"__id__":1},"asset":{"__uuid__":"35ot1LfwVH7pPzlaanPoTQ"},"fileId":"94/wwQLb1EPaZg7gmn0ShE"},"_contentSize":{"__type__":"cc.Size","width":108,"height":80},"_trs":{"__type__":"TypedArray","ctor":"Float64Array","array":[0,-470,0,0,0,0,1,1,1,1]}},{"__type__":"cc.Node","_name":"text","_parent":{"__id__":108},"_components":[{"__type__":"cc.Sprite","node":{"__id__":109},"_materials":[{"__uuid__":"ecpdLyjvZBwrvm+cedCcQy"}],"_spriteFrame":{"__uuid__":"01U6b+ZqFC3qVo8Rl9p+xp"}}],"_prefab":{"__type__":"cc.PrefabInfo","root":{"__id__":1},"asset":{"__uuid__":"35ot1LfwVH7pPzlaanPoTQ"},"fileId":"73xMWZf89K0ZweLKcNpcIB"},"_contentSize":{"__type__":"cc.Size","width":108,"height":91},"_trs":{"__type__":"TypedArray","ctor":"Float64Array","array":[0,0,0,0,0,0,1,1,1,1]}},{"__type__":"cc.Node","_name":"$trial_ads_badage","_parent":{"__id__":108},"_components":[{"__type__":"cc.Sprite","node":{"__id__":110},"_materials":[{"__uuid__":"ecpdLyjvZBwrvm+cedCcQy"}],"_spriteFrame":{"__uuid__":"b67gf3BfZD7aFYHOqF+oe9"},"_sizeMode":2}],"_prefab":{"__type__":"cc.PrefabInfo","root":{"__id__":1},"asset":{"__uuid__":"35ot1LfwVH7pPzlaanPoTQ"},"fileId":"69H5dtP8NMV5ygoPo4OV4x"},"_contentSize":{"__type__":"cc.Size","width":43,"height":48},"_trs":{"__type__":"TypedArray","ctor":"Float64Array","array":[49.886,26.584,0,0,0,0,1,0.8,0.8,1]}},{"__type__":"cc.Node","_name":"$invite_btn","_parent":{"__id__":97},"_children":[{"__id__":112},{"__id__":113}],"_components":[{"__type__":"cc.Button","node":{"__id__":111},"_normalMaterial":{"__uuid__":"ecpdLyjvZBwrvm+cedCcQy"},"zoomScale":1.1,"clickEvents":[{"__type__":"cc.ClickEvent","target":{"__id__":1},"_componentId":"c06acr+zbZDNZRuCJ75bKcx","handler":"onBtnInviteClick"}],"_N$transition":3,"transition":3,"_N$target":{"__id__":112}}],"_prefab":{"__type__":"cc.PrefabInfo","root":{"__id__":1},"asset":{"__uuid__":"35ot1LfwVH7pPzlaanPoTQ"},"fileId":"b4XPpnHNNMA43o8xlKbF4z"},"_contentSize":{"__type__":"cc.Size","width":108,"height":80},"_trs":{"__type__":"TypedArray","ctor":"Float64Array","array":[0,-590,0,0,0,0,1,1,1,1]}},{"__type__":"cc.Node","_name":"text","_parent":{"__id__":111},"_components":[{"__type__":"cc.Sprite","node":{"__id__":112},"_materials":[{"__uuid__":"ecpdLyjvZBwrvm+cedCcQy"}],"_spriteFrame":{"__uuid__":"03dbisXxZH44vnSQF8JS+1"}}],"_prefab":{"__type__":"cc.PrefabInfo","root":{"__id__":1},"asset":{"__uuid__":"35ot1LfwVH7pPzlaanPoTQ"},"fileId":"a0SvZMHKFB5bZyHp3Mp6A0"},"_contentSize":{"__type__":"cc.Size","width":108,"height":107},"_trs":{"__type__":"TypedArray","ctor":"Float64Array","array":[0,7,0,0,0,0,1,1,1,1]}},{"__type__":"cc.Node","_name":"$invite_badage","_parent":{"__id__":111},"_components":[{"__type__":"cc.Sprite","node":{"__id__":113},"_materials":[{"__uuid__":"ecpdLyjvZBwrvm+cedCcQy"}],"_spriteFrame":{"__uuid__":"b67gf3BfZD7aFYHOqF+oe9"},"_sizeMode":2}],"_prefab":{"__type__":"cc.PrefabInfo","root":{"__id__":1},"asset":{"__uuid__":"35ot1LfwVH7pPzlaanPoTQ"},"fileId":"48DCzUb15Cj55xOzpnExZs"},"_contentSize":{"__type__":"cc.Size","width":43,"height":48},"_trs":{"__type__":"TypedArray","ctor":"Float64Array","array":[49.886,26.584,0,0,0,0,1,0.8,0.8,1]}},{"__type__":"cc.Node","_name":"cue_shop_btn","_parent":{"__id__":97},"_children":[{"__id__":115},{"__id__":116}],"_components":[{"__type__":"cc.Button","node":{"__id__":114},"_normalMaterial":{"__uuid__":"ecpdLyjvZBwrvm+cedCcQy"},"zoomScale":1.1,"clickEvents":[{"__type__":"cc.ClickEvent","target":{"__id__":1},"_componentId":"c06acr+zbZDNZRuCJ75bKcx","handler":"onBtnCueShopClick"}],"_N$transition":3,"transition":3}],"_prefab":{"__type__":"cc.PrefabInfo","root":{"__id__":1},"asset":{"__uuid__":"35ot1LfwVH7pPzlaanPoTQ"},"fileId":"8e2pvgHFZFlrX4ZihjzWFh"},"_contentSize":{"__type__":"cc.Size","width":108,"height":80},"_trs":{"__type__":"TypedArray","ctor":"Float64Array","array":[0,-710,0,0,0,0,1,1,1,1]}},{"__type__":"cc.Node","_name":"text","_parent":{"__id__":114},"_components":[{"__type__":"cc.Sprite","node":{"__id__":115},"_materials":[{"__uuid__":"ecpdLyjvZBwrvm+cedCcQy"}],"_spriteFrame":{"__uuid__":"345F+k8N5AUblkt33prXeJ"}}],"_prefab":{"__type__":"cc.PrefabInfo","root":{"__id__":1},"asset":{"__uuid__":"35ot1LfwVH7pPzlaanPoTQ"},"fileId":"bdKoeIVLNJ75LQnR6Wbnj0"},"_contentSize":{"__type__":"cc.Size","width":111,"height":93},"_trs":{"__type__":"TypedArray","ctor":"Float64Array","array":[-2,3,0,0,0,0,1,1,1,1]}},{"__type__":"cc.Node","_name":"$cue_shop_badage","_parent":{"__id__":114},"_components":[{"__type__":"cc.Sprite","node":{"__id__":116},"_materials":[{"__uuid__":"ecpdLyjvZBwrvm+cedCcQy"}],"_spriteFrame":{"__uuid__":"b67gf3BfZD7aFYHOqF+oe9"},"_sizeMode":2}],"_prefab":{"__type__":"cc.PrefabInfo","root":{"__id__":1},"asset":{"__uuid__":"35ot1LfwVH7pPzlaanPoTQ"},"fileId":"e8TdnQbiZH5bD6hyTFUPcE"},"_contentSize":{"__type__":"cc.Size","width":43,"height":48},"_trs":{"__type__":"TypedArray","ctor":"Float64Array","array":[49.886,26.584,0,0,0,0,1,0.8,0.8,1]}},{"__type__":"cc.Node","_name":"$more_close_btn","_parent":{"__id__":94},"_children":[{"__id__":118}],"_components":[{"__type__":"cc.Button","node":{"__id__":117},"zoomScale":1.1,"clickEvents":[{"__type__":"cc.ClickEvent","target":{"__id__":1},"_componentId":"c06acr+zbZDNZRuCJ75bKcx","handler":"onBtnMoreCloseClick"}],"_N$transition":3,"transition":3}],"_prefab":{"__type__":"cc.PrefabInfo","root":{"__id__":1},"asset":{"__uuid__":"35ot1LfwVH7pPzlaanPoTQ"},"fileId":"741poNs+dB7ZYfOUmSo/KL"},"_contentSize":{"__type__":"cc.Size","width":108,"height":92},"_trs":{"__type__":"TypedArray","ctor":"Float64Array","array":[0,50,0,0,0,0,1,1,1,1]}},{"__type__":"cc.Node","_name":"text","_parent":{"__id__":117},"_components":[{"__type__":"cc.Sprite","node":{"__id__":118},"_materials":[{"__uuid__":"ecpdLyjvZBwrvm+cedCcQy"}],"_spriteFrame":{"__uuid__":"0dyJ4Q3cBL873lUKc9A+Pb"}}],"_prefab":{"__type__":"cc.PrefabInfo","root":{"__id__":1},"asset":{"__uuid__":"35ot1LfwVH7pPzlaanPoTQ"},"fileId":"bf9czuKUVOl6JrtiUqf7mO"},"_contentSize":{"__type__":"cc.Size","width":108,"height":92},"_trs":{"__type__":"TypedArray","ctor":"Float64Array","array":[0,0,0,0,0,0,1,1,1,1]}},{"__type__":"cc.Node","_name":"$more_arrow","_parent":{"__id__":94},"_components":[{"__type__":"cc.Sprite","node":{"__id__":119},"_materials":[{"__uuid__":"ecpdLyjvZBwrvm+cedCcQy"}],"_spriteFrame":{"__uuid__":"3e6wta3XRMOZfvK55GbNxE"}}],"_prefab":{"__type__":"cc.PrefabInfo","root":{"__id__":1},"asset":{"__uuid__":"35ot1LfwVH7pPzlaanPoTQ"},"fileId":"20nqZx5DtNhJKm6Lv1L3/t"},"_contentSize":{"__type__":"cc.Size","width":33,"height":21},"_trs":{"__type__":"TypedArray","ctor":"Float64Array","array":[0,-21.971,0,0,0,0,1,1,1,1]}}],{"__type__":"dragonBones.DragonBonesAsset","_name":"meiri_Project_ske","_dragonBonesJson":"{\"frameRate\":60,\"isGlobal\":0,\"name\":\"meiri_Project\",\"version\":\"4.5\",\"armature\":[{\"skin\":[{\"name\":\"\",\"slot\":[{\"display\":[{\"path\":\"奖杯\",\"type\":\"image\",\"name\":\"奖杯\",\"transform\":{\"y\":0.4309,\"skX\":90,\"skY\":90,\"x\":16.5358}}],\"name\":\"奖杯\"},{\"display\":[{\"path\":\"sg01\",\"type\":\"image\",\"name\":\"sg01\",\"transform\":{}},{\"path\":\"sg07\",\"type\":\"image\",\"name\":\"sg07\",\"transform\":{}},{\"path\":\"sg06\",\"type\":\"image\",\"name\":\"sg06\",\"transform\":{}},{\"path\":\"sg05\",\"type\":\"image\",\"name\":\"sg05\",\"transform\":{}},{\"path\":\"sg04\",\"type\":\"image\",\"name\":\"sg04\",\"transform\":{}},{\"path\":\"sg03\",\"type\":\"image\",\"name\":\"sg03\",\"transform\":{}},{\"path\":\"sg02\",\"type\":\"image\",\"name\":\"sg02\",\"transform\":{}}],\"blendMode\":\"add\",\"name\":\"sg01\"},{\"display\":[{\"path\":\"奖杯后\",\"type\":\"image\",\"name\":\"奖杯后\",\"transform\":{\"y\":-0.1219,\"skX\":90,\"skY\":90,\"x\":69.1734}}],\"name\":\"奖杯后\"},{\"display\":[{\"path\":\"每日挑战\",\"type\":\"image\",\"name\":\"每日挑战\",\"transform\":{}}],\"name\":\"每日挑战\"},{\"display\":[{\"path\":\"hongqiu\",\"type\":\"image\",\"name\":\"hongqiu\",\"transform\":{}}],\"name\":\"hongqiu\"},{\"display\":[{\"path\":\"heiqiu\",\"type\":\"image\",\"name\":\"heiqiu\",\"transform\":{}}],\"name\":\"heiqiu\"},{\"display\":[{\"path\":\"球杆\",\"type\":\"image\",\"name\":\"球杆\",\"transform\":{\"y\":1.0975,\"skX\":70.7832,\"skY\":70.7832,\"x\":29.4206}}],\"name\":\"球杆\"}]}],\"defaultActions\":[{\"gotoAndPlay\":\"newAnimation\"}],\"type\":\"Armature\",\"frameRate\":60,\"bone\":[{\"name\":\"root\",\"transform\":{}},{\"length\":69,\"transform\":{},\"parent\":\"root\",\"name\":\"meiritiaozhan\"},{\"length\":32,\"transform\":{\"y\":-45.7429,\"x\":0.05},\"parent\":\"meiritiaozhan\",\"name\":\"sg01\"},{\"length\":42,\"transform\":{\"y\":-31.4733,\"skX\":-90,\"skY\":-90},\"parent\":\"meiritiaozhan\",\"name\":\"bone\"},{\"length\":59,\"transform\":{\"y\":5.4564,\"skX\":19.2168,\"skY\":19.2168,\"x\":34.4748},\"parent\":\"bone\",\"name\":\"球杆\"},{\"length\":14,\"transform\":{\"y\":-15.1615,\"skX\":90,\"skY\":90,\"x\":66.9797},\"parent\":\"bone\",\"name\":\"heiqiu\"},{\"length\":13,\"transform\":{\"y\":13.4524,\"skX\":90,\"skY\":90,\"x\":64.4567},\"parent\":\"bone\",\"name\":\"hongqiu\"}],\"aabb\":{\"width\":113,\"y\":-136.86810182452038,\"height\":150.86810182452038,\"x\":-56.069091075608696},\"slot\":[{\"name\":\"奖杯后\",\"parent\":\"bone\",\"color\":{}},{\"z\":1,\"name\":\"球杆\",\"parent\":\"球杆\",\"color\":{}},{\"z\":2,\"name\":\"heiqiu\",\"parent\":\"heiqiu\",\"color\":{}},{\"z\":3,\"name\":\"hongqiu\",\"parent\":\"hongqiu\",\"color\":{}},{\"z\":4,\"name\":\"奖杯\",\"parent\":\"bone\",\"color\":{}},{\"z\":5,\"name\":\"每日挑战\",\"parent\":\"meiritiaozhan\",\"color\":{}},{\"blendMode\":\"add\",\"z\":6,\"parent\":\"sg01\",\"name\":\"sg01\",\"color\":{}}],\"animation\":[{\"frame\":[],\"duration\":140,\"bone\":[{\"frame\":[{\"tweenEasing\":0,\"duration\":70,\"transform\":{}},{\"tweenEasing\":0,\"duration\":70,\"transform\":{}},{\"duration\":0,\"transform\":{}}],\"name\":\"root\"},{\"frame\":[{\"tweenEasing\":0,\"duration\":70,\"transform\":{}},{\"tweenEasing\":0,\"duration\":70,\"transform\":{}},{\"duration\":0,\"transform\":{}}],\"name\":\"meiritiaozhan\"},{\"frame\":[{\"tweenEasing\":0,\"duration\":70,\"transform\":{}},{\"tweenEasing\":0,\"duration\":70,\"transform\":{}},{\"duration\":0,\"transform\":{}}],\"name\":\"sg01\"},{\"frame\":[{\"tweenEasing\":0,\"duration\":10,\"transform\":{}},{\"tweenEasing\":0,\"duration\":9,\"transform\":{\"skX\":-5.2039,\"skY\":-5.2039}},{\"tweenEasing\":0,\"duration\":13,\"transform\":{\"skX\":0.8179,\"skY\":0.8179}},{\"tweenEasing\":0,\"duration\":10,\"transform\":{\"skX\":0.6094,\"skY\":0.6094}},{\"tweenEasing\":0,\"duration\":15,\"transform\":{\"y\":-9.9059,\"skX\":-19.6666,\"skY\":-19.6666,\"x\":0.2733}},{\"tweenEasing\":0,\"duration\":13,\"transform\":{\"y\":3.7074,\"skX\":4.9771,\"skY\":4.9771,\"x\":-2.8469}},{\"tweenEasing\":0,\"duration\":10,\"transform\":{\"y\":3.8302,\"skX\":-1.9765,\"skY\":-1.9765,\"x\":24.0754}},{\"tweenEasing\":0,\"duration\":6,\"transform\":{\"y\":-0.5472,\"skX\":-7.9264,\"skY\":-7.9264,\"x\":8.7547}},{\"tweenEasing\":0,\"duration\":54,\"transform\":{}},{\"duration\":0,\"transform\":{}}],\"name\":\"球杆\"},{\"frame\":[{\"tweenEasing\":0,\"duration\":10,\"transform\":{}},{\"tweenEasing\":0,\"duration\":14,\"transform\":{\"y\":-1.0491,\"x\":-0.0436}},{\"tweenEasing\":0,\"duration\":8,\"transform\":{\"y\":10.9233,\"x\":0.0341}},{\"tweenEasing\":0,\"duration\":10,\"transform\":{\"y\":9.0236,\"x\":0.0281}},{\"tweenEasing\":0,\"duration\":15,\"transform\":{\"y\":-3.915,\"x\":5.751}},{\"tweenEasing\":0,\"duration\":13,\"transform\":{\"y\":13.7664,\"x\":-2.747}},{\"tweenEasing\":0,\"duration\":10,\"transform\":{\"y\":12.3078,\"x\":7.3847}},{\"tweenEasing\":0,\"duration\":6,\"transform\":{\"y\":-2.0396,\"x\":-0.6506}},{\"tweenEasing\":0,\"duration\":54,\"transform\":{}},{\"duration\":0,\"transform\":{}}],\"name\":\"heiqiu\"},{\"frame\":[{\"tweenEasing\":0,\"duration\":10,\"transform\":{}},{\"tweenEasing\":0,\"duration\":14,\"transform\":{\"y\":-2.4479,\"x\":-0.1017}},{\"tweenEasing\":0,\"duration\":8,\"transform\":{\"y\":4.5057,\"x\":-0.0795}},{\"tweenEasing\":0,\"duration\":10,\"transform\":{\"y\":3.7221,\"x\":-0.0657}},{\"tweenEasing\":0,\"duration\":15,\"transform\":{\"y\":-12.1463,\"x\":5.2184}},{\"tweenEasing\":0,\"duration\":13,\"transform\":{\"y\":2.9381,\"x\":0.3713}},{\"tweenEasing\":0,\"duration\":10,\"transform\":{\"y\":5.6967,\"x\":12.4484}},{\"tweenEasing\":0,\"duration\":6,\"transform\":{\"y\":-8.1282,\"x\":7.8569}},{\"tweenEasing\":0,\"duration\":54,\"transform\":{}},{\"duration\":0,\"transform\":{}}],\"name\":\"hongqiu\"},{\"frame\":[{\"tweenEasing\":0,\"duration\":19,\"transform\":{}},{\"tweenEasing\":0,\"duration\":19,\"transform\":{\"skX\":4.5213,\"skY\":4.5213}},{\"tweenEasing\":0,\"duration\":19,\"transform\":{\"skX\":-12.7122,\"skY\":-12.7122}},{\"tweenEasing\":0,\"duration\":13,\"transform\":{\"skX\":10.047,\"skY\":10.047}},{\"tweenEasing\":0,\"duration\":70,\"transform\":{}},{\"duration\":0,\"transform\":{}}],\"name\":\"bone\"}],\"slot\":[{\"frame\":[{\"tweenEasing\":0,\"duration\":70},{\"tweenEasing\":0,\"duration\":70},{\"tweenEasing\":null,\"duration\":0}],\"name\":\"奖杯后\"},{\"frame\":[{\"tweenEasing\":0,\"duration\":70},{\"tweenEasing\":0,\"duration\":70},{\"tweenEasing\":null,\"duration\":0}],\"name\":\"球杆\"},{\"frame\":[{\"tweenEasing\":0,\"duration\":70},{\"tweenEasing\":0,\"duration\":70},{\"tweenEasing\":null,\"duration\":0}],\"name\":\"heiqiu\"},{\"frame\":[{\"tweenEasing\":0,\"duration\":70},{\"tweenEasing\":0,\"duration\":70},{\"tweenEasing\":null,\"duration\":0}],\"name\":\"hongqiu\"},{\"frame\":[{\"tweenEasing\":0,\"duration\":70},{\"tweenEasing\":0,\"duration\":70},{\"tweenEasing\":null,\"duration\":0}],\"name\":\"奖杯\"},{\"frame\":[{\"tweenEasing\":0,\"duration\":70},{\"tweenEasing\":0,\"duration\":70},{\"tweenEasing\":null,\"duration\":0}],\"name\":\"每日挑战\"},{\"frame\":[{\"tweenEasing\":0,\"displayIndex\":-1,\"duration\":70},{\"tweenEasing\":0,\"displayIndex\":-1,\"duration\":10},{\"tweenEasing\":0,\"duration\":6,\"color\":{\"aM\":52}},{\"tweenEasing\":0,\"displayIndex\":6,\"duration\":6,\"color\":{\"aM\":57}},{\"tweenEasing\":0,\"displayIndex\":5,\"duration\":5,\"color\":{\"aM\":62}},{\"tweenEasing\":0,\"displayIndex\":4,\"duration\":6,\"color\":{\"aM\":67}},{\"tweenEasing\":0,\"displayIndex\":3,\"duration\":6,\"color\":{\"aM\":73}},{\"tweenEasing\":0,\"displayIndex\":2,\"duration\":6,\"color\":{\"aM\":59}},{\"tweenEasing\":0,\"displayIndex\":1,\"duration\":5,\"color\":{\"aM\":46}},{\"tweenEasing\":0,\"displayIndex\":-1,\"duration\":20,\"color\":{\"aM\":35}},{\"tweenEasing\":null,\"displayIndex\":-1,\"duration\":0}],\"name\":\"sg01\"}],\"ffd\":[],\"name\":\"newAnimation\",\"ik\":[],\"playTimes\":0}],\"name\":\"Armature\",\"ik\":[]}]}"},{"__type__":"cc.SpriteFrame","content":{"name":"箭头1","texture":"181f0e3b5","rect":[913,894,33,21],"offset":[0,0],"originalSize":[33,21],"capInsets":[0,0,0,0]}},{"__type__":"cc.SpriteFrame","content":{"name":"主界面_客服","texture":"1d1fa178d","rect":[750,486,161,53],"offset":[0,0],"originalSize":[161,53],"rotated":1,"capInsets":[0,0,0,0]}},{"__type__":"cc.SpriteFrame","content":{"name":"升级按钮","texture":"1ee961467","rect":[620,570,219,145],"offset":[0,0],"originalSize":[219,145],"rotated":1,"capInsets":[0,0,0,0]}},{"__type__":"cc.SpriteFrame","content":{"name":"云朵1@2x","texture":"13ca4574f","rect":[740,896,281,89],"offset":[0,0],"originalSize":[281,89],"capInsets":[0,0,0,0]}},{"__type__":"cc.SpriteFrame","content":{"name":"主界面_圆角矩形","texture":"1ee961467","rect":[951,908,107,24],"offset":[0,0],"originalSize":[107,24],"rotated":1,"capInsets":[0,0,0,0]}},{"__type__":"cc.SpriteFrame","content":{"name":"排行榜","texture":"1d1fa178d","rect":[659,262,108,85],"offset":[0,0],"originalSize":[108,85],"rotated":1,"capInsets":[0,0,0,0]}},{"__type__":"cc.SpriteFrame","content":{"name":"幸运转盘","texture":"15339b09a","rect":[248,273,108,88],"offset":[0,0],"originalSize":[108,88],"capInsets":[0,0,0,0]}},{"__type__":"cc.SpriteFrame","content":{"name":"排位赛","texture":"1d1fa178d","rect":[750,896,125,43],"offset":[0,0],"originalSize":[125,43],"rotated":1,"capInsets":[0,0,0,0]}},{"__type__":"cc.SpriteFrame","content":{"name":"猜你喜欢","texture":"1d1fa178d","rect":[773,376,104,31],"offset":[0,0],"originalSize":[104,31],"rotated":1,"capInsets":[0,0,0,0]}},{"__type__":"cc.SpriteFrame","content":{"name":"透明弹窗 - 副本","texture":"13ca4574f","rect":[571,866,154,40],"offset":[0,0],"originalSize":[154,40],"rotated":1,"capInsets":[19,16,20,16]}},{"__type__":"cc.SpriteFrame","content":{"name":"bj","texture":"96XFDbqY1A4q97qyail0iA","rect":[0,0,750,1666],"offset":[0,0],"originalSize":[750,1666],"capInsets":[0,0,0,0]}},{"__type__":"dragonBones.DragonBonesAsset","_name":"cao_Project_ske","_dragonBonesJson":"{\"frameRate\":60,\"armature\":[{\"type\":\"Armature\",\"ik\":[],\"defaultActions\":[{\"gotoAndPlay\":\"newAnimation\"}],\"animation\":[{\"ffd\":[{\"frame\":[{\"offset\":0,\"tweenEasing\":0,\"vertices\":[],\"duration\":80},{\"offset\":2,\"tweenEasing\":0,\"vertices\":[10.3,-1.1,16.5,-0.45,20.2,-4.8,17,-14.3,-9.1,-5.65,17.1,-11.4,17.6,-2.45,14.35,-3.15,0,0],\"duration\":20},{\"offset\":2,\"tweenEasing\":0,\"vertices\":[8.24,-0.88,18.25,-2.16,20.66,-6.19,19.9,-15.84,1.47,-12.62,21.33,-15.32,17.28,-1.96,11.48,-2.52,0,0],\"duration\":80},{\"offset\":0,\"tweenEasing\":null,\"vertices\":[],\"duration\":0}],\"skin\":\"\",\"scale\":1,\"offset\":0,\"slot\":\"cao1\",\"name\":\"cao1\"},{\"frame\":[{\"offset\":0,\"tweenEasing\":0,\"vertices\":[],\"duration\":80},{\"offset\":4,\"tweenEasing\":0,\"vertices\":[18.35,-4.25,17.9,-3.5],\"duration\":100},{\"offset\":0,\"tweenEasing\":null,\"vertices\":[],\"duration\":0}],\"skin\":\"\",\"scale\":1,\"offset\":0,\"slot\":\"cao2\",\"name\":\"cao2\"}],\"playTimes\":0,\"duration\":180,\"ik\":[],\"frame\":[],\"bone\":[{\"frame\":[{\"transform\":{},\"duration\":180}],\"name\":\"root\"},{\"frame\":[{\"tweenEasing\":0,\"transform\":{},\"duration\":180},{\"transform\":{},\"duration\":0}],\"name\":\"bone\"}],\"slot\":[{\"frame\":[{\"tweenEasing\":0,\"duration\":180},{\"tweenEasing\":null,\"duration\":0}],\"name\":\"cao2\"},{\"frame\":[{\"tweenEasing\":0,\"duration\":180},{\"tweenEasing\":null,\"duration\":0}],\"name\":\"cao1\"}],\"name\":\"newAnimation\"}],\"bone\":[{\"name\":\"root\",\"transform\":{}},{\"length\":92,\"transform\":{},\"parent\":\"root\",\"name\":\"bone\"}],\"aabb\":{\"width\":572,\"y\":-478.0134269908038,\"height\":571,\"x\":-481.0881540594138},\"slot\":[{\"name\":\"cao2\",\"parent\":\"bone\",\"color\":{}},{\"z\":1,\"name\":\"cao1\",\"parent\":\"bone\",\"color\":{}}],\"frameRate\":60,\"name\":\"Armature\",\"skin\":[{\"slot\":[{\"display\":[{\"width\":194,\"triangles\":[3,0,1,3,1,2],\"type\":\"mesh\",\"uvs\":[0.19716,0.92089,0.72088,0.919,0.80129,0.0628,0.31933,0.41685],\"transform\":{\"y\":-149.0032,\"x\":-44.5741},\"userEdges\":[],\"path\":\"cao2\",\"edges\":[0,1,1,2,2,3,3,0],\"height\":371,\"vertices\":[-58.75,156.15,42.85,155.45,58.45,-162.2,-35.05,-30.85],\"name\":\"cao2\"}],\"name\":\"cao2\"},{\"display\":[{\"width\":572,\"triangles\":[8,9,1,1,9,0,2,8,1,3,8,2,6,7,8,4,8,3,8,7,9,4,6,8,5,6,4],\"type\":\"mesh\",\"uvs\":[0.8514,0.84326,0.84738,0.46252,0.83357,0.3458,0.58514,0.09422,0.2465,0.32356,0.07439,0.46944,0.22168,0.64737,0.31119,0.85018,0.4644,0.47918,0.61706,0.84626],\"transform\":{\"y\":-192.5134,\"x\":-195.0882},\"userEdges\":[4,8,8,9],\"path\":\"cao1\",\"edges\":[0,1,1,2,2,3,3,4,4,5,5,6,6,7,7,9,9,0],\"height\":571,\"vertices\":[201,196,198.7,-21.4,190.8,-88.05,48.7,-231.7,-145,-100.75,-243.45,-17.45,-159.2,84.15,-108,199.95,-20.36,-11.89,66.96,197.71],\"name\":\"cao1\"}],\"name\":\"cao1\"}],\"name\":\"\"}]}],\"isGlobal\":0,\"name\":\"cao_Project\",\"version\":\"4.5\"}"},{"__type__":"cc.SpriteFrame","content":{"name":"超级VIP卡","texture":"181f0e3b5","rect":[3,926,108,94],"offset":[0,0],"originalSize":[108,94],"capInsets":[0,0,0,0]}},{"__type__":"cc.SpriteFrame","content":{"name":"排位赛按钮","texture":"1ee961467","rect":[139,572,312,122],"offset":[0,0],"originalSize":[312,122],"rotated":1,"capInsets":[0,0,0,0]}},{"__type__":"cc.SpriteFrame","content":{"name":"银行","texture":"1d1fa178d","rect":[659,376,108,100],"offset":[0,0],"originalSize":[108,100],"capInsets":[0,0,0,0]}},{"__type__":"cc.SpriteFrame","content":{"name":"设置","texture":"1d1fa178d","rect":[750,316,54,54],"offset":[0,0],"originalSize":[54,54],"capInsets":[0,0,0,0]}},{"__type__":"cc.SpriteFrame","content":{"name":"意见反馈","texture":"1d1fa178d","rect":[750,653,161,53],"offset":[0,0],"originalSize":[161,53],"rotated":1,"capInsets":[0,0,0,0]}},{"__type__":"cc.SpriteFrame","content":{"name":"每日挑战_底板","texture":"1ee961467","rect":[3,494,108,72],"offset":[0,0],"originalSize":[108,72],"capInsets":[0,0,0,0]}},{"__type__":"cc.SpriteFrame","content":{"name":"主界面_新手活动","texture":"1ba580ca6","rect":[837,615,108,95],"offset":[0,0],"originalSize":[108,95],"capInsets":[0,0,0,0]}},{"__type__":"cc.SpriteFrame","content":{"name":"主界面_超级辅助线","texture":"1ba580ca6","rect":[837,511,117,98],"offset":[0,0],"originalSize":[117,98],"capInsets":[0,0,0,0]}},{"__type__":"cc.SpriteFrame","content":{"name":"MAX气泡","texture":"1298ae8a0","rect":[3,628,101,117],"offset":[0.5,-0.5],"originalSize":[106,122],"rotated":1,"capInsets":[0,0,0,0]}},{"__type__":"cc.SpriteFrame","content":{"name":"每日签到","texture":"15339b09a","rect":[609,319,108,98],"offset":[0,0],"originalSize":[108,98],"rotated":1,"capInsets":[0,0,0,0]}}]