[[{"__type__":"cc.Prefab","_name":"upgrade3Layer","data":{"__id__":1}},{"__type__":"cc.Node","_name":"upgrade3Layer","_children":[{"__id__":2},{"__id__":3},{"__id__":5}],"_components":[{"__type__":"cc.Widget","node":{"__id__":1},"_alignFlags":45},{"__type__":"cc.BlockInputEvents","node":{"__id__":1}},{"__type__":"ecb15rgkLVJEK3c9M3wLX0o","node":{"__id__":1}}],"_prefab":{"__type__":"cc.PrefabInfo","root":{"__id__":1},"asset":{"__uuid__":"01On6PfVFCM4KHR3OWrwBW"},"fileId":"b2ZI9uCE5Au74Q/STRz0iL"},"_contentSize":{"__type__":"cc.Size","width":750,"height":1334},"_trs":{"__type__":"TypedArray","ctor":"Float64Array","array":[375,667,0,0,0,0,1,1,1,1]}},{"__type__":"cc.Node","_name":"mask","_parent":{"__id__":1},"_components":[{"__type__":"cc.Sprite","node":{"__id__":2},"_materials":[{"__uuid__":"ecpdLyjvZBwrvm+cedCcQy"}],"_spriteFrame":{"__uuid__":"fdZ+FLNoFGtYmgI6Rsppg4"},"_type":1,"_sizeMode":0,"_isTrimmedMode":false},{"__type__":"cc.Button","node":{"__id__":2},"_N$normalColor":{"__type__":"cc.Color","r":214,"g":214,"b":214},"_N$target":{"__id__":2}},{"__type__":"cc.Widget","node":{"__id__":2},"_alignFlags":45,"_left":-1,"_right":-1,"_top":-1,"_bottom":-1,"_originalWidth":16,"_originalHeight":16}],"_prefab":{"__type__":"cc.PrefabInfo","root":{"__id__":1},"asset":{"__uuid__":"01On6PfVFCM4KHR3OWrwBW"},"fileId":"67EbqYNDxBRautS9PwfMF8"},"_opacity":180,"_contentSize":{"__type__":"cc.Size","width":752,"height":1336},"_trs":{"__type__":"TypedArray","ctor":"Float64Array","array":[0,0,0,0,0,0,1,1,1,1]}},{"__type__":"cc.Node","_name":"top","_parent":{"__id__":1},"_children":[{"__id__":4}],"_components":[{"__type__":"e57e4IZMt1DRIedJi+eZop6","node":{"__id__":3}},{"__type__":"96549DGCmlIcZghb3AfRGQI","node":{"__id__":3}}],"_prefab":{"__type__":"cc.PrefabInfo","root":{"__id__":1},"asset":{"__uuid__":"01On6PfVFCM4KHR3OWrwBW"},"fileId":"daN+GUPUVMj6SVw114XxJm"},"_trs":{"__type__":"TypedArray","ctor":"Float64Array","array":[0,668.035,0,0,0,0,1,1,1,1]}},{"__type__":"cc.Node","_name":"money_bar","_parent":{"__id__":3},"_components":[{"__type__":"ade161OMgVMKpmjDqerbeZb","node":{"__id__":4},"_prefab":{"__uuid__":"71ieGPFExOvpvzmNhHnvsL"}}],"_prefab":{"__type__":"cc.PrefabInfo","root":{"__id__":1},"asset":{"__uuid__":"01On6PfVFCM4KHR3OWrwBW"},"fileId":"59bJwDI6ZNqoI0mNQrCnQP"},"_trs":{"__type__":"TypedArray","ctor":"Float64Array","array":[-375,-10,0,0,0,0,1,1,1,1]}},{"__type__":"cc.Node","_name":"center","_parent":{"__id__":1},"_children":[{"__id__":6},{"__id__":98},{"__id__":99}],"_components":[{"__type__":"96549DGCmlIcZghb3AfRGQI","node":{"__id__":5}}],"_prefab":{"__type__":"cc.PrefabInfo","root":{"__id__":1},"asset":{"__uuid__":"01On6PfVFCM4KHR3OWrwBW"},"fileId":"15aVSVYU9IO5KKM3hyUXGR"},"_trs":{"__type__":"TypedArray","ctor":"Float64Array","array":[0,55,0,0,0,0,1,1,1,1]}},{"__type__":"cc.Node","_name":"contents","_parent":{"__id__":5},"_children":[{"__id__":7},{"__id__":8},{"__id__":9},{"__id__":10},{"__id__":12},{"__id__":29},{"__id__":30}],"_components":[{"__type__":"09bd4f7l0NPfpseMfFdw+uE","node":{"__id__":6}},{"__type__":"cc.BlockInputEvents","node":{"__id__":6}}],"_prefab":{"__type__":"cc.PrefabInfo","root":{"__id__":1},"asset":{"__uuid__":"01On6PfVFCM4KHR3OWrwBW"},"fileId":"83itAy/NpMgY0thrKt/8tx"},"_contentSize":{"__type__":"cc.Size","width":684,"height":996},"_trs":{"__type__":"TypedArray","ctor":"Float64Array","array":[0,0,0,0,0,0,1,1,1,1]}},{"__type__":"cc.Node","_name":"bg","_parent":{"__id__":6},"_components":[{"__type__":"cc.Sprite","node":{"__id__":7},"_materials":[{"__uuid__":"ecpdLyjvZBwrvm+cedCcQy"}],"_spriteFrame":{"__uuid__":"7eUA/ecqtKJbHxsn0n8WHp"},"_type":1,"_sizeMode":0,"_isTrimmedMode":false},{"__type__":"cc.Widget","node":{"__id__":7},"_alignFlags":45,"_originalWidth":684,"_originalHeight":875}],"_prefab":{"__type__":"cc.PrefabInfo","root":{"__id__":1},"asset":{"__uuid__":"01On6PfVFCM4KHR3OWrwBW"},"fileId":"3dj1s32ylF8YJ6VkSrViV+"},"_contentSize":{"__type__":"cc.Size","width":684,"height":996},"_trs":{"__type__":"TypedArray","ctor":"Float64Array","array":[0,0,0,0,0,0,1,1,1,1]}},{"__type__":"cc.Node","_name":"title_light","_parent":{"__id__":6},"_components":[{"__type__":"ade161OMgVMKpmjDqerbeZb","node":{"__id__":8},"_prefab":{"__uuid__":"a9R2AW7eJGzoql/lnwjPLu"}},{"__type__":"cc.Widget","node":{"__id__":8},"_alignFlags":1,"_top":1.5}],"_prefab":{"__type__":"cc.PrefabInfo","root":{"__id__":1},"asset":{"__uuid__":"01On6PfVFCM4KHR3OWrwBW"},"fileId":"dd8Sa4lpNFzqGbd402oPJF"},"_contentSize":{"__type__":"cc.Size","width":675.7,"height":104},"_trs":{"__type__":"TypedArray","ctor":"Float64Array","array":[0.9,444.5,0,0,0,0,1,1,1,1]}},{"__type__":"cc.Node","_name":"title","_parent":{"__id__":6},"_components":[{"__type__":"cc.Sprite","node":{"__id__":9},"_materials":[{"__uuid__":"ecpdLyjvZBwrvm+cedCcQy"}],"_spriteFrame":{"__uuid__":"ecOnb2GLpKWY0RjNZK2Pft"}},{"__type__":"cc.Widget","node":{"__id__":9},"_alignFlags":1,"_top":32}],"_prefab":{"__type__":"cc.PrefabInfo","root":{"__id__":1},"asset":{"__uuid__":"01On6PfVFCM4KHR3OWrwBW"},"fileId":"45t9ny5RBGsYktDHaCrIMg"},"_contentSize":{"__type__":"cc.Size","width":93,"height":47},"_trs":{"__type__":"TypedArray","ctor":"Float64Array","array":[0,442.5,0,0,0,0,1,1,1,1]}},{"__type__":"cc.Node","_name":"close_btn","_parent":{"__id__":6},"_children":[{"__id__":11}],"_components":[{"__type__":"cc.Button","node":{"__id__":10},"zoomScale":1.1,"_N$transition":3,"transition":3},{"__type__":"cc.Widget","node":{"__id__":10},"_alignFlags":33,"_right":5.2660000000000196,"_top":6.5}],"_prefab":{"__type__":"cc.PrefabInfo","root":{"__id__":1},"asset":{"__uuid__":"01On6PfVFCM4KHR3OWrwBW"},"fileId":"50/c4uO2RJAIrE/oodyVLv"},"_contentSize":{"__type__":"cc.Size","width":98,"height":98},"_trs":{"__type__":"TypedArray","ctor":"Float64Array","array":[287.734,442.5,0,0,0,0,1,1,1,0]}},{"__type__":"cc.Node","_name":"text","_parent":{"__id__":10},"_components":[{"__type__":"cc.Sprite","node":{"__id__":11},"_materials":[{"__uuid__":"ecpdLyjvZBwrvm+cedCcQy"}],"_spriteFrame":{"__uuid__":"e2qKO1X95Gk6tYQAVxQ0sN"}}],"_prefab":{"__type__":"cc.PrefabInfo","root":{"__id__":1},"asset":{"__uuid__":"01On6PfVFCM4KHR3OWrwBW"},"fileId":"408fAIY0ZM2IDvM/470Uxs"},"_contentSize":{"__type__":"cc.Size","width":38,"height":38},"_trs":{"__type__":"TypedArray","ctor":"Float64Array","array":[0,0,0,0,0,0,1,1,1,1]}},{"__type__":"cc.Node","_name":"$tables_node","_parent":{"__id__":6},"_children":[{"__id__":13},{"__id__":17},{"__id__":21},{"__id__":25}],"_components":[{"__type__":"cc.Layout","node":{"__id__":12},"_layoutSize":{"__type__":"cc.Size","width":388},"_resize":1,"_N$layoutType":1,"_N$spacingX":8},{"__type__":"cc.Widget","node":{"__id__":12},"_alignFlags":1,"_top":155.52100000000002}],"_prefab":{"__type__":"cc.PrefabInfo","root":{"__id__":1},"asset":{"__uuid__":"01On6PfVFCM4KHR3OWrwBW"},"fileId":"64mI5GNRVBl4c4x6XTYiVW"},"_contentSize":{"__type__":"cc.Size","width":388},"_anchorPoint":{"__type__":"cc.Vec2","y":0.5},"_trs":{"__type__":"TypedArray","ctor":"Float64Array","array":[-334.5,342.479,0,0,0,0,1,1,1,1]}},{"__type__":"cc.Node","_name":"item1","_parent":{"__id__":12},"_children":[{"__id__":14},{"__id__":15},{"__id__":16}],"_components":[{"__type__":"cc.Button","node":{"__id__":13}}],"_prefab":{"__type__":"cc.PrefabInfo","root":{"__id__":1},"asset":{"__uuid__":"01On6PfVFCM4KHR3OWrwBW"},"fileId":"d8JwbiLuxIZIJrTFZu8pHi"},"_contentSize":{"__type__":"cc.Size","width":124,"height":75},"_trs":{"__type__":"TypedArray","ctor":"Float64Array","array":[62,0,0,0,0,0,1,1,1,1]}},{"__type__":"cc.Node","_name":"gray","_parent":{"__id__":13},"_components":[{"__type__":"cc.Sprite","node":{"__id__":14},"_materials":[{"__uuid__":"ecpdLyjvZBwrvm+cedCcQy"}],"_spriteFrame":{"__uuid__":"14SOxJfBBAIJmLWQyCW5O5"},"_sizeMode":2,"_isTrimmedMode":false}],"_prefab":{"__type__":"cc.PrefabInfo","root":{"__id__":1},"asset":{"__uuid__":"01On6PfVFCM4KHR3OWrwBW"},"fileId":"18dqtkgdVAMbzFyPvCtoVJ"},"_contentSize":{"__type__":"cc.Size","width":124,"height":75},"_trs":{"__type__":"TypedArray","ctor":"Float64Array","array":[0,0,0,0,0,0,1,1,1,1]}},{"__type__":"cc.Node","_name":"bright","_parent":{"__id__":13},"_components":[{"__type__":"cc.Sprite","node":{"__id__":15},"_materials":[{"__uuid__":"ecpdLyjvZBwrvm+cedCcQy"}],"_spriteFrame":{"__uuid__":"d8bvxsMMtFDKk3k696rogi"},"_sizeMode":2,"_isTrimmedMode":false}],"_prefab":{"__type__":"cc.PrefabInfo","root":{"__id__":1},"asset":{"__uuid__":"01On6PfVFCM4KHR3OWrwBW"},"fileId":"f48Gg/bJRPYqhAYmLhmLHm"},"_contentSize":{"__type__":"cc.Size","width":124,"height":75},"_trs":{"__type__":"TypedArray","ctor":"Float64Array","array":[0,0,0,0,0,0,1,1,1,1]}},{"__type__":"cc.Node","_name":"badage","_parent":{"__id__":13},"_components":[{"__type__":"cc.Sprite","node":{"__id__":16},"_materials":[{"__uuid__":"ecpdLyjvZBwrvm+cedCcQy"}],"_spriteFrame":{"__uuid__":"a4fXshnzVEB6julN2gjHNb"}}],"_prefab":{"__type__":"cc.PrefabInfo","root":{"__id__":1},"asset":{"__uuid__":"01On6PfVFCM4KHR3OWrwBW"},"fileId":"f04ONF1apFVbtVjjKATO1H"},"_contentSize":{"__type__":"cc.Size","width":24,"height":25},"_trs":{"__type__":"TypedArray","ctor":"Float64Array","array":[54.131,33.041,0,0,0,0,1,1,1,1]}},{"__type__":"cc.Node","_name":"item2","_parent":{"__id__":12},"_children":[{"__id__":18},{"__id__":19},{"__id__":20}],"_components":[{"__type__":"cc.Button","node":{"__id__":17}}],"_prefab":{"__type__":"cc.PrefabInfo","root":{"__id__":1},"asset":{"__uuid__":"01On6PfVFCM4KHR3OWrwBW"},"fileId":"4fpvBhLsZEUJPczlRPcqln"},"_contentSize":{"__type__":"cc.Size","width":124,"height":75},"_trs":{"__type__":"TypedArray","ctor":"Float64Array","array":[194,0,0,0,0,0,1,1,1,1]}},{"__type__":"cc.Node","_name":"bright","_parent":{"__id__":17},"_components":[{"__type__":"cc.Sprite","node":{"__id__":18},"_materials":[{"__uuid__":"ecpdLyjvZBwrvm+cedCcQy"}],"_spriteFrame":{"__uuid__":"f8+g1kz3JCVINs95OiuKW7"},"_sizeMode":2,"_isTrimmedMode":false}],"_prefab":{"__type__":"cc.PrefabInfo","root":{"__id__":1},"asset":{"__uuid__":"01On6PfVFCM4KHR3OWrwBW"},"fileId":"f8HubkJvdKpKNrnC4n8f/a"},"_contentSize":{"__type__":"cc.Size","width":124,"height":75},"_trs":{"__type__":"TypedArray","ctor":"Float64Array","array":[0,0,0,0,0,0,1,1,1,1]}},{"__type__":"cc.Node","_name":"gray","_parent":{"__id__":17},"_components":[{"__type__":"cc.Sprite","node":{"__id__":19},"_materials":[{"__uuid__":"ecpdLyjvZBwrvm+cedCcQy"}],"_spriteFrame":{"__uuid__":"03oTNxdJ9Kt4lqjDc9OIw/"},"_sizeMode":2,"_isTrimmedMode":false}],"_prefab":{"__type__":"cc.PrefabInfo","root":{"__id__":1},"asset":{"__uuid__":"01On6PfVFCM4KHR3OWrwBW"},"fileId":"5bEtdg9ydNAIqhXDgiGKYs"},"_contentSize":{"__type__":"cc.Size","width":124,"height":75},"_trs":{"__type__":"TypedArray","ctor":"Float64Array","array":[0,0,0,0,0,0,1,1,1,1]}},{"__type__":"cc.Node","_name":"badage","_parent":{"__id__":17},"_components":[{"__type__":"cc.Sprite","node":{"__id__":20},"_materials":[{"__uuid__":"ecpdLyjvZBwrvm+cedCcQy"}],"_spriteFrame":{"__uuid__":"a4fXshnzVEB6julN2gjHNb"}}],"_prefab":{"__type__":"cc.PrefabInfo","root":{"__id__":1},"asset":{"__uuid__":"01On6PfVFCM4KHR3OWrwBW"},"fileId":"7bmhLRBhxHxp0/aem2EK9N"},"_contentSize":{"__type__":"cc.Size","width":24,"height":25},"_trs":{"__type__":"TypedArray","ctor":"Float64Array","array":[54.131,33.041,0,0,0,0,1,1,1,1]}},{"__type__":"cc.Node","_name":"item3","_parent":{"__id__":12},"_children":[{"__id__":22},{"__id__":23},{"__id__":24}],"_components":[{"__type__":"cc.Button","node":{"__id__":21}}],"_prefab":{"__type__":"cc.PrefabInfo","root":{"__id__":1},"asset":{"__uuid__":"01On6PfVFCM4KHR3OWrwBW"},"fileId":"80G6yhUQlNWouxx3Aq1TuJ"},"_contentSize":{"__type__":"cc.Size","width":124,"height":75},"_trs":{"__type__":"TypedArray","ctor":"Float64Array","array":[326,0,0,0,0,0,1,1,1,1]}},{"__type__":"cc.Node","_name":"bright","_parent":{"__id__":21},"_components":[{"__type__":"cc.Sprite","node":{"__id__":22},"_materials":[{"__uuid__":"ecpdLyjvZBwrvm+cedCcQy"}],"_spriteFrame":{"__uuid__":"a7J7V9GRtFdIjdB79SRgQN"},"_sizeMode":2,"_isTrimmedMode":false}],"_prefab":{"__type__":"cc.PrefabInfo","root":{"__id__":1},"asset":{"__uuid__":"01On6PfVFCM4KHR3OWrwBW"},"fileId":"ecJMsvOnNOI75PpuQd3ZNv"},"_contentSize":{"__type__":"cc.Size","width":124,"height":75},"_trs":{"__type__":"TypedArray","ctor":"Float64Array","array":[0,0,0,0,0,0,1,1,1,1]}},{"__type__":"cc.Node","_name":"gray","_parent":{"__id__":21},"_components":[{"__type__":"cc.Sprite","node":{"__id__":23},"_materials":[{"__uuid__":"ecpdLyjvZBwrvm+cedCcQy"}],"_spriteFrame":{"__uuid__":"a8mfUQM2hAnaR0pJRBtewU"},"_sizeMode":2,"_isTrimmedMode":false}],"_prefab":{"__type__":"cc.PrefabInfo","root":{"__id__":1},"asset":{"__uuid__":"01On6PfVFCM4KHR3OWrwBW"},"fileId":"14q7V1vzxCEL1co15Z0bDU"},"_contentSize":{"__type__":"cc.Size","width":124,"height":75},"_trs":{"__type__":"TypedArray","ctor":"Float64Array","array":[0,0,0,0,0,0,1,1,1,1]}},{"__type__":"cc.Node","_name":"badage","_parent":{"__id__":21},"_components":[{"__type__":"cc.Sprite","node":{"__id__":24},"_materials":[{"__uuid__":"ecpdLyjvZBwrvm+cedCcQy"}],"_spriteFrame":{"__uuid__":"a4fXshnzVEB6julN2gjHNb"}}],"_prefab":{"__type__":"cc.PrefabInfo","root":{"__id__":1},"asset":{"__uuid__":"01On6PfVFCM4KHR3OWrwBW"},"fileId":"2a7EL/3hhOL5LjbNDEJEeG"},"_contentSize":{"__type__":"cc.Size","width":24,"height":25},"_trs":{"__type__":"TypedArray","ctor":"Float64Array","array":[54.131,33.041,0,0,0,0,1,1,1,1]}},{"__type__":"cc.Node","_name":"item4","_parent":{"__id__":12},"_children":[{"__id__":26},{"__id__":27},{"__id__":28}],"_active":false,"_components":[{"__type__":"cc.Button","node":{"__id__":25}}],"_prefab":{"__type__":"cc.PrefabInfo","root":{"__id__":1},"asset":{"__uuid__":"01On6PfVFCM4KHR3OWrwBW"},"fileId":"43/10Ij4hDIIR060zLrOnY"},"_contentSize":{"__type__":"cc.Size","width":124,"height":75},"_trs":{"__type__":"TypedArray","ctor":"Float64Array","array":[458,0,0,0,0,0,1,1,1,1]}},{"__type__":"cc.Node","_name":"bright","_parent":{"__id__":25},"_components":[{"__type__":"cc.Sprite","node":{"__id__":26},"_materials":[{"__uuid__":"ecpdLyjvZBwrvm+cedCcQy"}],"_spriteFrame":{"__uuid__":"b3OeLrBzdP/6UoKjMn71fG"},"_sizeMode":2,"_isTrimmedMode":false}],"_prefab":{"__type__":"cc.PrefabInfo","root":{"__id__":1},"asset":{"__uuid__":"01On6PfVFCM4KHR3OWrwBW"},"fileId":"2f0B+G6ptMfbWa7L4aayEZ"},"_contentSize":{"__type__":"cc.Size","width":124,"height":75},"_trs":{"__type__":"TypedArray","ctor":"Float64Array","array":[0,0,0,0,0,0,1,1,1,1]}},{"__type__":"cc.Node","_name":"gray","_parent":{"__id__":25},"_components":[{"__type__":"cc.Sprite","node":{"__id__":27},"_materials":[{"__uuid__":"ecpdLyjvZBwrvm+cedCcQy"}],"_spriteFrame":{"__uuid__":"cfroIc7y9BO5FUH6dwIMzB"},"_sizeMode":2,"_isTrimmedMode":false}],"_prefab":{"__type__":"cc.PrefabInfo","root":{"__id__":1},"asset":{"__uuid__":"01On6PfVFCM4KHR3OWrwBW"},"fileId":"3a587H4NxI84X9XRkWYIv+"},"_contentSize":{"__type__":"cc.Size","width":124,"height":75},"_trs":{"__type__":"TypedArray","ctor":"Float64Array","array":[0,0,0,0,0,0,1,1,1,1]}},{"__type__":"cc.Node","_name":"badage","_parent":{"__id__":25},"_components":[{"__type__":"cc.Sprite","node":{"__id__":28},"_materials":[{"__uuid__":"ecpdLyjvZBwrvm+cedCcQy"}],"_spriteFrame":{"__uuid__":"a4fXshnzVEB6julN2gjHNb"}}],"_prefab":{"__type__":"cc.PrefabInfo","root":{"__id__":1},"asset":{"__uuid__":"01On6PfVFCM4KHR3OWrwBW"},"fileId":"22pSlWl+pEpqYp9PK8ybmX"},"_contentSize":{"__type__":"cc.Size","width":24,"height":25},"_trs":{"__type__":"TypedArray","ctor":"Float64Array","array":[54.131,33.041,0,0,0,0,1,1,1,1]}},{"__type__":"cc.Node","_name":"panel_bg","_parent":{"__id__":6},"_components":[{"__type__":"cc.Sprite","node":{"__id__":29},"_materials":[{"__uuid__":"ecpdLyjvZBwrvm+cedCcQy"}],"_spriteFrame":{"__uuid__":"81pgx284hKz4Tlrqr1L8Zo"},"_type":1,"_sizeMode":0},{"__type__":"cc.Widget","node":{"__id__":29},"_alignFlags":5,"_top":180,"_bottom":18,"_originalHeight":677}],"_prefab":{"__type__":"cc.PrefabInfo","root":{"__id__":1},"asset":{"__uuid__":"01On6PfVFCM4KHR3OWrwBW"},"fileId":"67VgnL3F5PeKzoM5UHa4bS"},"_contentSize":{"__type__":"cc.Size","width":670,"height":798},"_trs":{"__type__":"TypedArray","ctor":"Float64Array","array":[0,-81,0,0,0,0,1,1,1,1]}},{"__type__":"cc.Node","_name":"$panels_node","_parent":{"__id__":6},"_children":[{"__id__":31}],"_components":[{"__type__":"cc.Widget","node":{"__id__":30},"_alignFlags":1,"_top":437.5}],"_prefab":{"__type__":"cc.PrefabInfo","root":{"__id__":1},"asset":{"__uuid__":"01On6PfVFCM4KHR3OWrwBW"},"fileId":"303LnVsFxMvLM1VoI6Ey4T"},"_trs":{"__type__":"TypedArray","ctor":"Float64Array","array":[0,60.5,0,0,0,0,1,1,1,1]}},{"__type__":"cc.Node","_name":"panel1","_parent":{"__id__":30},"_children":[{"__id__":32},{"__id__":33},{"__id__":40},{"__id__":68},{"__id__":84},{"__id__":88},{"__id__":96},{"__id__":97}],"_components":[{"__type__":"032c3nLIP9Jvo1+bgKdvWcn","node":{"__id__":31},"type":1}],"_prefab":{"__type__":"cc.PrefabInfo","root":{"__id__":1},"asset":{"__uuid__":"01On6PfVFCM4KHR3OWrwBW"},"fileId":"4bbjW2O1pOf4a1taA8eznb"},"_contentSize":{"__type__":"cc.Size","width":631,"height":678},"_anchorPoint":{"__type__":"cc.Vec2","x":0.5,"y":1},"_trs":{"__type__":"TypedArray","ctor":"Float64Array","array":[0,240,0,0,0,0,1,1,1,1]}},{"__type__":"cc.Node","_name":"bg","_parent":{"__id__":31},"_components":[{"__type__":"cc.Sprite","node":{"__id__":32},"_materials":[{"__uuid__":"ecpdLyjvZBwrvm+cedCcQy"}],"_spriteFrame":{"__uuid__":"14xhy2WWpB7ZN4g44yg/hB"},"_type":1,"_sizeMode":0}],"_prefab":{"__type__":"cc.PrefabInfo","root":{"__id__":1},"asset":{"__uuid__":"01On6PfVFCM4KHR3OWrwBW"},"fileId":"c96E0nB7dPc5SYm/w+GGzT"},"_contentSize":{"__type__":"cc.Size","width":631,"height":589},"_anchorPoint":{"__type__":"cc.Vec2","x":0.5,"y":1},"_trs":{"__type__":"TypedArray","ctor":"Float64Array","array":[0,0,0,0,0,0,1,1,1,1]}},{"__type__":"cc.Node","_name":"layout","_parent":{"__id__":31},"_children":[{"__id__":34},{"__id__":36},{"__id__":37}],"_components":[{"__type__":"cc.Layout","node":{"__id__":33},"_layoutSize":{"__type__":"cc.Size","width":593},"_resize":1,"_N$layoutType":1,"_N$spacingX":32}],"_prefab":{"__type__":"cc.PrefabInfo","root":{"__id__":1},"asset":{"__uuid__":"01On6PfVFCM4KHR3OWrwBW"},"fileId":"adxZPOjhlI5ZzS1pplYEn2"},"_contentSize":{"__type__":"cc.Size","width":593},"_trs":{"__type__":"TypedArray","ctor":"Float64Array","array":[0,-124,0,0,0,0,1,1,1,1]}},{"__type__":"cc.Node","_name":"_object1_node","_parent":{"__id__":33},"_children":[{"__id__":35}],"_components":[{"__type__":"b716alLcL5MlagcvLupr2VC","node":{"__id__":34},"isThumb":true}],"_prefab":{"__type__":"cc.PrefabInfo","root":{"__id__":1},"asset":{"__uuid__":"01On6PfVFCM4KHR3OWrwBW"},"fileId":"e8ls7Y+15GUbNsHrD7OjOo"},"_contentSize":{"__type__":"cc.Size","width":231,"height":202},"_trs":{"__type__":"TypedArray","ctor":"Float64Array","array":[-181,0,0,0,0,0,1,1,1,1]}},{"__type__":"cc.Node","_name":"text","_parent":{"__id__":34},"_components":[{"__type__":"cc.Sprite","node":{"__id__":35},"_materials":[{"__uuid__":"ecpdLyjvZBwrvm+cedCcQy"}],"_spriteFrame":{"__uuid__":"63zYuT3cNFL7SAJ7OaEp/1"},"_sizeMode":2,"_isTrimmedMode":false}],"_prefab":{"__type__":"cc.PrefabInfo","root":{"__id__":1},"asset":{"__uuid__":"01On6PfVFCM4KHR3OWrwBW"},"fileId":"7d+2KCEaFEha0psF905DYR"},"_contentSize":{"__type__":"cc.Size","width":231,"height":202},"_trs":{"__type__":"TypedArray","ctor":"Float64Array","array":[0,0,0,0,0,0,1,1,1,1]}},{"__type__":"cc.Node","_name":"_object_anim","_parent":{"__id__":33},"_components":[{"__type__":"dragonBones.ArmatureDisplay","node":{"__id__":36},"_materials":[{"__uuid__":"ecpdLyjvZBwrvm+cedCcQy"}],"_armatureName":"jiantou","_animationName":"newAnimation","_preCacheMode":0,"playTimes":0,"_armatureKey":"31cbb519-8d34-4c28-8753-e138d62b1d94#856090ce-5bbc-4f1c-8e92-22958034090a","_N$dragonAsset":{"__uuid__":"31y7UZjTRMKIdT4TjWKx2U"},"_N$dragonAtlasAsset":{"__uuid__":"85YJDOW7xPHI6SIpWANAkK"}}],"_prefab":{"__type__":"cc.PrefabInfo","root":{"__id__":1},"asset":{"__uuid__":"01On6PfVFCM4KHR3OWrwBW"},"fileId":"cbld/MBoNNeLqGIKNqUJNd"},"_contentSize":{"__type__":"cc.Size","width":67,"height":56},"_trs":{"__type__":"TypedArray","ctor":"Float64Array","array":[0,0,0,0,0,0,1,1,1,1]}},{"__type__":"cc.Node","_name":"_object2_node","_parent":{"__id__":33},"_children":[{"__id__":38},{"__id__":39}],"_components":[{"__type__":"b716alLcL5MlagcvLupr2VC","node":{"__id__":37},"isThumb":true}],"_prefab":{"__type__":"cc.PrefabInfo","root":{"__id__":1},"asset":{"__uuid__":"01On6PfVFCM4KHR3OWrwBW"},"fileId":"61BB89m+5E/5lE5waNxNiN"},"_contentSize":{"__type__":"cc.Size","width":231,"height":202},"_trs":{"__type__":"TypedArray","ctor":"Float64Array","array":[181,0,0,0,0,0,1,1,1,1]}},{"__type__":"cc.Node","_name":"text","_parent":{"__id__":37},"_components":[{"__type__":"cc.Sprite","node":{"__id__":38},"_materials":[{"__uuid__":"ecpdLyjvZBwrvm+cedCcQy"}],"_spriteFrame":{"__uuid__":"5duStHAltNmI5l98yq2uEP"},"_sizeMode":2,"_isTrimmedMode":false}],"_prefab":{"__type__":"cc.PrefabInfo","root":{"__id__":1},"asset":{"__uuid__":"01On6PfVFCM4KHR3OWrwBW"},"fileId":"b7jFM+HH5IY7v4c0v0Dbce"},"_contentSize":{"__type__":"cc.Size","width":231,"height":202},"_trs":{"__type__":"TypedArray","ctor":"Float64Array","array":[0,0,0,0,0,0,1,1,1,1]}},{"__type__":"cc.Node","_name":"locked","_parent":{"__id__":37},"_components":[{"__type__":"cc.Sprite","node":{"__id__":39},"_materials":[{"__uuid__":"ecpdLyjvZBwrvm+cedCcQy"}],"_spriteFrame":{"__uuid__":"7bsiYj725Feb/83G+WEFxa"}}],"_prefab":{"__type__":"cc.PrefabInfo","root":{"__id__":1},"asset":{"__uuid__":"01On6PfVFCM4KHR3OWrwBW"},"fileId":"84NtVodc9IxY/WEZIYhiOe"},"_contentSize":{"__type__":"cc.Size","width":225,"height":51},"_trs":{"__type__":"TypedArray","ctor":"Float64Array","array":[0,0,0,0,0,0,1,1,1,1]}},{"__type__":"cc.Node","_name":"_attr_node","_parent":{"__id__":31},"_children":[{"__id__":41},{"__id__":54},{"__id__":61}],"_components":[{"__type__":"cc.Layout","node":{"__id__":40},"_layoutSize":{"__type__":"cc.Size","height":274},"_resize":1,"_N$layoutType":2,"_N$spacingY":17}],"_prefab":{"__type__":"cc.PrefabInfo","root":{"__id__":1},"asset":{"__uuid__":"01On6PfVFCM4KHR3OWrwBW"},"fileId":"48c53gQypEp6CZMbfgqU9h"},"_contentSize":{"__type__":"cc.Size","height":274},"_anchorPoint":{"__type__":"cc.Vec2","x":0.5,"y":1},"_trs":{"__type__":"TypedArray","ctor":"Float64Array","array":[0,-304.682,0,0,0,0,1,0.92,0.92,1]}},{"__type__":"cc.Node","_name":"upgradeAttrItem","_parent":{"__id__":40},"_children":[{"__id__":42},{"__id__":45},{"__id__":48},{"__id__":51}],"_components":[{"__type__":"cc.Sprite","node":{"__id__":41},"_materials":[{"__uuid__":"ecpdLyjvZBwrvm+cedCcQy"}],"_spriteFrame":{"__uuid__":"c5uTzg4YtLoJZGSe3qddsb"}},{"__type__":"627ca4rrBlL54vITctdAw9W","node":{"__id__":41}}],"_prefab":{"__type__":"cc.PrefabInfo","root":{"__id__":1},"asset":{"__uuid__":"01On6PfVFCM4KHR3OWrwBW"},"fileId":"17LaoZIA1GapZivXhg6YLM"},"_contentSize":{"__type__":"cc.Size","width":550,"height":80},"_trs":{"__type__":"TypedArray","ctor":"Float64Array","array":[0,-40,0,0,0,0,1,1,1,1]}},{"__type__":"cc.Node","_name":"#sight_node","_parent":{"__id__":41},"_children":[{"__id__":43},{"__id__":44}],"_active":false,"_prefab":{"__type__":"cc.PrefabInfo","root":{"__id__":1},"asset":{"__uuid__":"01On6PfVFCM4KHR3OWrwBW"},"fileId":"39FoPcj0FO05VD7rH4y2ss"},"_trs":{"__type__":"TypedArray","ctor":"Float64Array","array":[0,0,0,0,0,0,1,1,1,1]}},{"__type__":"cc.Node","_name":"1","_parent":{"__id__":42},"_components":[{"__type__":"cc.Sprite","node":{"__id__":43},"_materials":[{"__uuid__":"ecpdLyjvZBwrvm+cedCcQy"}],"_spriteFrame":{"__uuid__":"f63h0q6qVDebPFyWk/s+OS"}}],"_prefab":{"__type__":"cc.PrefabInfo","root":{"__id__":1},"asset":{"__uuid__":"01On6PfVFCM4KHR3OWrwBW"},"fileId":"7bZuL9AkVBJoEtNm1rqiMa"},"_contentSize":{"__type__":"cc.Size","width":83,"height":53},"_trs":{"__type__":"TypedArray","ctor":"Float64Array","array":[-226.72,0,0,0,0,0,1,0.65,0.65,1]}},{"__type__":"cc.Node","_name":"2","_parent":{"__id__":42},"_components":[{"__type__":"cc.Sprite","node":{"__id__":44},"_materials":[{"__uuid__":"ecpdLyjvZBwrvm+cedCcQy"}],"_spriteFrame":{"__uuid__":"467UVUXMtMApE65cGLYf7C"}}],"_prefab":{"__type__":"cc.PrefabInfo","root":{"__id__":1},"asset":{"__uuid__":"01On6PfVFCM4KHR3OWrwBW"},"fileId":"660D7bL4VJR4GMKNfyDhlh"},"_contentSize":{"__type__":"cc.Size","width":101,"height":31},"_trs":{"__type__":"TypedArray","ctor":"Float64Array","array":[-113.919,0,0,0,0,0,1,1,1,1]}},{"__type__":"cc.Node","_name":"#force_node","_parent":{"__id__":41},"_children":[{"__id__":46},{"__id__":47}],"_prefab":{"__type__":"cc.PrefabInfo","root":{"__id__":1},"asset":{"__uuid__":"01On6PfVFCM4KHR3OWrwBW"},"fileId":"21nrWS5e5PPqlqE1qHTmhQ"},"_trs":{"__type__":"TypedArray","ctor":"Float64Array","array":[0,0,0,0,0,0,1,1,1,1]}},{"__type__":"cc.Node","_name":"1","_parent":{"__id__":45},"_components":[{"__type__":"cc.Sprite","node":{"__id__":46},"_materials":[{"__uuid__":"ecpdLyjvZBwrvm+cedCcQy"}],"_spriteFrame":{"__uuid__":"cevGs4Nb5Nn5cW1WF4WiOl"}}],"_prefab":{"__type__":"cc.PrefabInfo","root":{"__id__":1},"asset":{"__uuid__":"01On6PfVFCM4KHR3OWrwBW"},"fileId":"52tCp+oHdGlb2YjR/I2NSd"},"_contentSize":{"__type__":"cc.Size","width":51,"height":64},"_trs":{"__type__":"TypedArray","ctor":"Float64Array","array":[-226.72,0,0,0,0,0,1,0.65,0.65,1]}},{"__type__":"cc.Node","_name":"2","_parent":{"__id__":45},"_components":[{"__type__":"cc.Sprite","node":{"__id__":47},"_materials":[{"__uuid__":"ecpdLyjvZBwrvm+cedCcQy"}],"_spriteFrame":{"__uuid__":"a2gxji9V9Hh7uEW7UTJAk3"}}],"_prefab":{"__type__":"cc.PrefabInfo","root":{"__id__":1},"asset":{"__uuid__":"01On6PfVFCM4KHR3OWrwBW"},"fileId":"5cxRGgGAdD5IvedbILqbD4"},"_contentSize":{"__type__":"cc.Size","width":68,"height":31},"_trs":{"__type__":"TypedArray","ctor":"Float64Array","array":[-113.919,0,0,0,0,0,1,1,1,1]}},{"__type__":"cc.Node","_name":"#english_node","_parent":{"__id__":41},"_children":[{"__id__":49},{"__id__":50}],"_active":false,"_prefab":{"__type__":"cc.PrefabInfo","root":{"__id__":1},"asset":{"__uuid__":"01On6PfVFCM4KHR3OWrwBW"},"fileId":"9cecVNv9FDIaNbls93Ph0C"},"_trs":{"__type__":"TypedArray","ctor":"Float64Array","array":[0,0,0,0,0,0,1,1,1,1]}},{"__type__":"cc.Node","_name":"1","_parent":{"__id__":48},"_components":[{"__type__":"cc.Sprite","node":{"__id__":49},"_materials":[{"__uuid__":"ecpdLyjvZBwrvm+cedCcQy"}],"_spriteFrame":{"__uuid__":"54D2hGAM5OjZ5KdcUmBZIg"}}],"_prefab":{"__type__":"cc.PrefabInfo","root":{"__id__":1},"asset":{"__uuid__":"01On6PfVFCM4KHR3OWrwBW"},"fileId":"515iMqLCBG6Z3LaHt+YjN7"},"_contentSize":{"__type__":"cc.Size","width":87,"height":55},"_trs":{"__type__":"TypedArray","ctor":"Float64Array","array":[-226.72,0,0,0,0,0,1,0.65,0.65,1]}},{"__type__":"cc.Node","_name":"2","_parent":{"__id__":48},"_components":[{"__type__":"cc.Sprite","node":{"__id__":50},"_materials":[{"__uuid__":"ecpdLyjvZBwrvm+cedCcQy"}],"_spriteFrame":{"__uuid__":"37ddrKRghK7LhvHRHGwKy5"}}],"_prefab":{"__type__":"cc.PrefabInfo","root":{"__id__":1},"asset":{"__uuid__":"01On6PfVFCM4KHR3OWrwBW"},"fileId":"e3bvM4WfZFh7JSSDLYuEMW"},"_contentSize":{"__type__":"cc.Size","width":70,"height":31},"_trs":{"__type__":"TypedArray","ctor":"Float64Array","array":[-113.919,0,0,0,0,0,1,1,1,1]}},{"__type__":"cc.Node","_name":"layout","_parent":{"__id__":41},"_children":[{"__id__":52},{"__id__":53}],"_components":[{"__type__":"cc.Layout","node":{"__id__":51},"_layoutSize":{"__type__":"cc.Size","width":161.48},"_resize":1,"_N$layoutType":1,"_N$spacingX":20}],"_prefab":{"__type__":"cc.PrefabInfo","root":{"__id__":1},"asset":{"__uuid__":"01On6PfVFCM4KHR3OWrwBW"},"fileId":"67qBSBnqxPFLbeo/Ef2wAM"},"_contentSize":{"__type__":"cc.Size","width":161.48},"_anchorPoint":{"__type__":"cc.Vec2","y":0.5},"_trs":{"__type__":"TypedArray","ctor":"Float64Array","array":[-51.375,0,0,0,0,0,1,1,1,1]}},{"__type__":"cc.Node","_name":"#value_lbl","_parent":{"__id__":51},"_components":[{"__type__":"cc.Label","node":{"__id__":52},"_materials":[{"__uuid__":"ecpdLyjvZBwrvm+cedCcQy"}],"_useOriginalSize":false,"_string":"999","_N$string":"999","_fontSize":38,"_styleFlags":1,"_N$verticalAlign":1}],"_prefab":{"__type__":"cc.PrefabInfo","root":{"__id__":1},"asset":{"__uuid__":"01On6PfVFCM4KHR3OWrwBW"},"fileId":"0cgf1NwsJHub7sJWxCFqLT"},"_color":{"__type__":"cc.Color","r":191,"g":100,"b":46},"_contentSize":{"__type__":"cc.Size","width":63.4,"height":50.4},"_anchorPoint":{"__type__":"cc.Vec2","y":0.5},"_trs":{"__type__":"TypedArray","ctor":"Float64Array","array":[0,0,0,0,0,0,1,1,1,1]}},{"__type__":"cc.Node","_name":"#add_lbl","_parent":{"__id__":51},"_components":[{"__type__":"cc.Label","node":{"__id__":53},"_materials":[{"__uuid__":"ecpdLyjvZBwrvm+cedCcQy"}],"_useOriginalSize":false,"_string":"+999","_N$string":"+999","_fontSize":32,"_lineHeight":34,"_N$verticalAlign":1},{"__type__":"cc.LabelOutline","node":{"__id__":53},"_color":{"__type__":"cc.Color","r":159,"g":54,"b":40},"_width":3}],"_prefab":{"__type__":"cc.PrefabInfo","root":{"__id__":1},"asset":{"__uuid__":"01On6PfVFCM4KHR3OWrwBW"},"fileId":"83FZtiLd9Eb7at5XKgVQgY"},"_contentSize":{"__type__":"cc.Size","width":78.08,"height":48.84},"_anchorPoint":{"__type__":"cc.Vec2","y":0.5},"_trs":{"__type__":"TypedArray","ctor":"Float64Array","array":[83.4,0,0,0,0,0,1,1,1,1]}},{"__type__":"cc.Node","_name":"upgradeAttrItem","_parent":{"__id__":40},"_children":[{"__id__":55},{"__id__":58}],"_components":[{"__type__":"cc.Sprite","node":{"__id__":54},"_materials":[{"__uuid__":"ecpdLyjvZBwrvm+cedCcQy"}],"_spriteFrame":{"__uuid__":"c5uTzg4YtLoJZGSe3qddsb"}},{"__type__":"627ca4rrBlL54vITctdAw9W","node":{"__id__":54}}],"_prefab":{"__type__":"cc.PrefabInfo","root":{"__id__":1},"asset":{"__uuid__":"01On6PfVFCM4KHR3OWrwBW"},"fileId":"b1vz5Gk/ZHy576CxHXcPyh"},"_contentSize":{"__type__":"cc.Size","width":550,"height":80},"_trs":{"__type__":"TypedArray","ctor":"Float64Array","array":[0,-137,0,0,0,0,1,1,1,1]}},{"__type__":"cc.Node","_name":"#capacity_node","_parent":{"__id__":54},"_children":[{"__id__":56},{"__id__":57}],"_prefab":{"__type__":"cc.PrefabInfo","root":{"__id__":1},"asset":{"__uuid__":"01On6PfVFCM4KHR3OWrwBW"},"fileId":"56W1LKAuJCOafjNk7IULfh"},"_trs":{"__type__":"TypedArray","ctor":"Float64Array","array":[0,0,0,0,0,0,1,1,1,1]}},{"__type__":"cc.Node","_name":"1","_parent":{"__id__":55},"_components":[{"__type__":"cc.Sprite","node":{"__id__":56},"_materials":[{"__uuid__":"ecpdLyjvZBwrvm+cedCcQy"}],"_spriteFrame":{"__uuid__":"96TZPydYZNGpqy0EunLuZF"}}],"_prefab":{"__type__":"cc.PrefabInfo","root":{"__id__":1},"asset":{"__uuid__":"01On6PfVFCM4KHR3OWrwBW"},"fileId":"2e6Vy061RNLIWEu8HoZ/z5"},"_contentSize":{"__type__":"cc.Size","width":76,"height":75},"_trs":{"__type__":"TypedArray","ctor":"Float64Array","array":[-226.72,0,0,0,0,0,1,0.65,0.65,1]}},{"__type__":"cc.Node","_name":"2","_parent":{"__id__":55},"_components":[{"__type__":"cc.Sprite","node":{"__id__":57},"_materials":[{"__uuid__":"ecpdLyjvZBwrvm+cedCcQy"}],"_spriteFrame":{"__uuid__":"bdEfWqVHdLbY/Nd8spDgYK"}}],"_prefab":{"__type__":"cc.PrefabInfo","root":{"__id__":1},"asset":{"__uuid__":"01On6PfVFCM4KHR3OWrwBW"},"fileId":"6fQgDwxg9NdJDXQClHs3c5"},"_contentSize":{"__type__":"cc.Size","width":70,"height":31},"_trs":{"__type__":"TypedArray","ctor":"Float64Array","array":[-113.919,0,0,0,0,0,1,1,1,1]}},{"__type__":"cc.Node","_name":"layout","_parent":{"__id__":54},"_children":[{"__id__":59},{"__id__":60}],"_components":[{"__type__":"cc.Layout","node":{"__id__":58},"_layoutSize":{"__type__":"cc.Size","width":161.48},"_resize":1,"_N$layoutType":1,"_N$spacingX":20}],"_prefab":{"__type__":"cc.PrefabInfo","root":{"__id__":1},"asset":{"__uuid__":"01On6PfVFCM4KHR3OWrwBW"},"fileId":"95r/oh69tHZqo/zfSqQ4iA"},"_contentSize":{"__type__":"cc.Size","width":161.48},"_anchorPoint":{"__type__":"cc.Vec2","y":0.5},"_trs":{"__type__":"TypedArray","ctor":"Float64Array","array":[-51.375,0,0,0,0,0,1,1,1,1]}},{"__type__":"cc.Node","_name":"#value_lbl","_parent":{"__id__":58},"_components":[{"__type__":"cc.Label","node":{"__id__":59},"_materials":[{"__uuid__":"ecpdLyjvZBwrvm+cedCcQy"}],"_useOriginalSize":false,"_string":"999","_N$string":"999","_fontSize":38,"_styleFlags":1,"_N$verticalAlign":1}],"_prefab":{"__type__":"cc.PrefabInfo","root":{"__id__":1},"asset":{"__uuid__":"01On6PfVFCM4KHR3OWrwBW"},"fileId":"0aHB0LgjpHba+ibXU9AOL8"},"_color":{"__type__":"cc.Color","r":191,"g":100,"b":46},"_contentSize":{"__type__":"cc.Size","width":63.4,"height":50.4},"_anchorPoint":{"__type__":"cc.Vec2","y":0.5},"_trs":{"__type__":"TypedArray","ctor":"Float64Array","array":[0,0,0,0,0,0,1,1,1,1]}},{"__type__":"cc.Node","_name":"#add_lbl","_parent":{"__id__":58},"_components":[{"__type__":"cc.Label","node":{"__id__":60},"_materials":[{"__uuid__":"ecpdLyjvZBwrvm+cedCcQy"}],"_useOriginalSize":false,"_string":"+999","_N$string":"+999","_fontSize":32,"_lineHeight":34,"_N$verticalAlign":1},{"__type__":"cc.LabelOutline","node":{"__id__":60},"_color":{"__type__":"cc.Color","r":159,"g":54,"b":40},"_width":3}],"_prefab":{"__type__":"cc.PrefabInfo","root":{"__id__":1},"asset":{"__uuid__":"01On6PfVFCM4KHR3OWrwBW"},"fileId":"97hKVs4UZPWo/ugjRFuJiy"},"_contentSize":{"__type__":"cc.Size","width":78.08,"height":48.84},"_anchorPoint":{"__type__":"cc.Vec2","y":0.5},"_trs":{"__type__":"TypedArray","ctor":"Float64Array","array":[83.4,0,0,0,0,0,1,1,1,1]}},{"__type__":"cc.Node","_name":"upgradeAttrItem","_parent":{"__id__":40},"_children":[{"__id__":62},{"__id__":65}],"_components":[{"__type__":"cc.Sprite","node":{"__id__":61},"_materials":[{"__uuid__":"ecpdLyjvZBwrvm+cedCcQy"}],"_spriteFrame":{"__uuid__":"c5uTzg4YtLoJZGSe3qddsb"}},{"__type__":"627ca4rrBlL54vITctdAw9W","node":{"__id__":61}}],"_prefab":{"__type__":"cc.PrefabInfo","root":{"__id__":1},"asset":{"__uuid__":"01On6PfVFCM4KHR3OWrwBW"},"fileId":"93iDuqsEVJXaK/IpZb6AWs"},"_contentSize":{"__type__":"cc.Size","width":550,"height":80},"_trs":{"__type__":"TypedArray","ctor":"Float64Array","array":[0,-234,0,0,0,0,1,1,1,1]}},{"__type__":"cc.Node","_name":"#profit_node","_parent":{"__id__":61},"_children":[{"__id__":63},{"__id__":64}],"_prefab":{"__type__":"cc.PrefabInfo","root":{"__id__":1},"asset":{"__uuid__":"01On6PfVFCM4KHR3OWrwBW"},"fileId":"6b5ijmYWNAaZ03mgwbZHda"},"_trs":{"__type__":"TypedArray","ctor":"Float64Array","array":[0,0,0,0,0,0,1,1,1,1]}},{"__type__":"cc.Node","_name":"1","_parent":{"__id__":62},"_components":[{"__type__":"cc.Sprite","node":{"__id__":63},"_materials":[{"__uuid__":"ecpdLyjvZBwrvm+cedCcQy"}],"_spriteFrame":{"__uuid__":"96TZPydYZNGpqy0EunLuZF"}}],"_prefab":{"__type__":"cc.PrefabInfo","root":{"__id__":1},"asset":{"__uuid__":"01On6PfVFCM4KHR3OWrwBW"},"fileId":"08zq2fTP5ES7OceSG19+Ek"},"_contentSize":{"__type__":"cc.Size","width":76,"height":75},"_trs":{"__type__":"TypedArray","ctor":"Float64Array","array":[-226.72,0,0,0,0,0,1,0.65,0.65,1]}},{"__type__":"cc.Node","_name":"2","_parent":{"__id__":62},"_components":[{"__type__":"cc.Sprite","node":{"__id__":64},"_materials":[{"__uuid__":"ecpdLyjvZBwrvm+cedCcQy"}],"_spriteFrame":{"__uuid__":"d0KijOJOtP8p1ZY30WoUnh"}}],"_prefab":{"__type__":"cc.PrefabInfo","root":{"__id__":1},"asset":{"__uuid__":"01On6PfVFCM4KHR3OWrwBW"},"fileId":"ablOdDUvBHup+y3pClfDXI"},"_contentSize":{"__type__":"cc.Size","width":70,"height":31},"_trs":{"__type__":"TypedArray","ctor":"Float64Array","array":[-113.919,0,0,0,0,0,1,1,1,1]}},{"__type__":"cc.Node","_name":"layout","_parent":{"__id__":61},"_children":[{"__id__":66},{"__id__":67}],"_components":[{"__type__":"cc.Layout","node":{"__id__":65},"_layoutSize":{"__type__":"cc.Size","width":161.48},"_resize":1,"_N$layoutType":1,"_N$spacingX":20}],"_prefab":{"__type__":"cc.PrefabInfo","root":{"__id__":1},"asset":{"__uuid__":"01On6PfVFCM4KHR3OWrwBW"},"fileId":"c5EGx+SkROO47wSOvoq1SS"},"_contentSize":{"__type__":"cc.Size","width":161.48},"_anchorPoint":{"__type__":"cc.Vec2","y":0.5},"_trs":{"__type__":"TypedArray","ctor":"Float64Array","array":[-51.375,0,0,0,0,0,1,1,1,1]}},{"__type__":"cc.Node","_name":"#value_lbl","_parent":{"__id__":65},"_components":[{"__type__":"cc.Label","node":{"__id__":66},"_materials":[{"__uuid__":"ecpdLyjvZBwrvm+cedCcQy"}],"_useOriginalSize":false,"_string":"999","_N$string":"999","_fontSize":38,"_styleFlags":1,"_N$verticalAlign":1}],"_prefab":{"__type__":"cc.PrefabInfo","root":{"__id__":1},"asset":{"__uuid__":"01On6PfVFCM4KHR3OWrwBW"},"fileId":"66bX1BHMtGSrODDxtV/apz"},"_color":{"__type__":"cc.Color","r":191,"g":100,"b":46},"_contentSize":{"__type__":"cc.Size","width":63.4,"height":50.4},"_anchorPoint":{"__type__":"cc.Vec2","y":0.5},"_trs":{"__type__":"TypedArray","ctor":"Float64Array","array":[0,0,0,0,0,0,1,1,1,1]}},{"__type__":"cc.Node","_name":"#add_lbl","_parent":{"__id__":65},"_components":[{"__type__":"cc.Label","node":{"__id__":67},"_materials":[{"__uuid__":"ecpdLyjvZBwrvm+cedCcQy"}],"_useOriginalSize":false,"_string":"+999","_N$string":"+999","_fontSize":32,"_lineHeight":34,"_N$verticalAlign":1},{"__type__":"cc.LabelOutline","node":{"__id__":67},"_color":{"__type__":"cc.Color","r":159,"g":54,"b":40},"_width":3}],"_prefab":{"__type__":"cc.PrefabInfo","root":{"__id__":1},"asset":{"__uuid__":"01On6PfVFCM4KHR3OWrwBW"},"fileId":"77R6LNyJFDY7iQ9ltvcP9b"},"_contentSize":{"__type__":"cc.Size","width":78.08,"height":48.84},"_anchorPoint":{"__type__":"cc.Vec2","y":0.5},"_trs":{"__type__":"TypedArray","ctor":"Float64Array","array":[83.4,0,0,0,0,0,1,1,1,1]}},{"__type__":"cc.Node","_name":"_incomplete_node","_parent":{"__id__":31},"_children":[{"__id__":69},{"__id__":78},{"__id__":81}],"_prefab":{"__type__":"cc.PrefabInfo","root":{"__id__":1},"asset":{"__uuid__":"01On6PfVFCM4KHR3OWrwBW"},"fileId":"69ky9gTapA2aaC7hOeXQXV"},"_trs":{"__type__":"TypedArray","ctor":"Float64Array","array":[0,-724.574,0,0,0,0,1,1,1,1]}},{"__type__":"cc.Node","_name":"_price_node","_parent":{"__id__":68},"_children":[{"__id__":70},{"__id__":74}],"_components":[{"__type__":"cc.Layout","node":{"__id__":69},"_layoutSize":{"__type__":"cc.Size","width":490},"_resize":1,"_N$layoutType":1,"_N$spacingX":30}],"_prefab":{"__type__":"cc.PrefabInfo","root":{"__id__":1},"asset":{"__uuid__":"01On6PfVFCM4KHR3OWrwBW"},"fileId":"46T4KHFf5Ab7/S/hmDyrWo"},"_contentSize":{"__type__":"cc.Size","width":490},"_trs":{"__type__":"TypedArray","ctor":"Float64Array","array":[0,96.471,0,0,0,0,1,1,1,1]}},{"__type__":"cc.Node","_name":"coins_pnl","_parent":{"__id__":69},"_children":[{"__id__":71},{"__id__":72},{"__id__":73}],"_prefab":{"__type__":"cc.PrefabInfo","root":{"__id__":1},"asset":{"__uuid__":"01On6PfVFCM4KHR3OWrwBW"},"fileId":"9aromXsKxIpomYk35xk2Ff"},"_contentSize":{"__type__":"cc.Size","width":230,"height":60},"_anchorPoint":{"__type__":"cc.Vec2","y":0.5},"_trs":{"__type__":"TypedArray","ctor":"Float64Array","array":[-245,0,0,0,0,0,1,1,1,1]}},{"__type__":"cc.Node","_name":"bg","_parent":{"__id__":70},"_components":[{"__type__":"cc.Sprite","node":{"__id__":71},"_materials":[{"__uuid__":"ecpdLyjvZBwrvm+cedCcQy"}],"_spriteFrame":{"__uuid__":"c5OLocz01BnJAON9DNUIsq"},"_sizeMode":2}],"_prefab":{"__type__":"cc.PrefabInfo","root":{"__id__":1},"asset":{"__uuid__":"01On6PfVFCM4KHR3OWrwBW"},"fileId":"e32hm3cORJd4eQOWdASljj"},"_contentSize":{"__type__":"cc.Size","width":174,"height":41},"_trs":{"__type__":"TypedArray","ctor":"Float64Array","array":[107,3,0,0,0,0,1,1,1,1]}},{"__type__":"cc.Node","_name":"icon","_parent":{"__id__":70},"_components":[{"__type__":"cc.Sprite","node":{"__id__":72},"_materials":[{"__uuid__":"ecpdLyjvZBwrvm+cedCcQy"}],"_spriteFrame":{"__uuid__":"79ln/Vcd1Dl5Qa9a2S4ztu"},"_sizeMode":2,"_isTrimmedMode":false}],"_prefab":{"__type__":"cc.PrefabInfo","root":{"__id__":1},"asset":{"__uuid__":"01On6PfVFCM4KHR3OWrwBW"},"fileId":"ba4TOb2L1Gg6KfkTq9caaa"},"_contentSize":{"__type__":"cc.Size","width":57,"height":57},"_trs":{"__type__":"TypedArray","ctor":"Float64Array","array":[33.296,2.1,0,0,0,0,1,1,1,1]}},{"__type__":"cc.Node","_name":"label","_parent":{"__id__":70},"_components":[{"__type__":"cc.Label","node":{"__id__":73},"_materials":[{"__uuid__":"ecpdLyjvZBwrvm+cedCcQy"}],"_useOriginalSize":false,"_string":"0","_N$string":"0","_fontSize":24,"_lineHeight":26,"_styleFlags":1,"_N$horizontalAlign":1,"_N$verticalAlign":1,"_N$cacheMode":2}],"_prefab":{"__type__":"cc.PrefabInfo","root":{"__id__":1},"asset":{"__uuid__":"01On6PfVFCM4KHR3OWrwBW"},"fileId":"f2h+Alb5RGWo3BskTjpC7e"},"_contentSize":{"__type__":"cc.Size","width":13.35,"height":26},"_trs":{"__type__":"TypedArray","ctor":"Float64Array","array":[116.15100000000001,5,0,0,0,0,1,1,1,1]}},{"__type__":"cc.Node","_name":"bcoins_pnl","_parent":{"__id__":69},"_children":[{"__id__":75},{"__id__":76},{"__id__":77}],"_prefab":{"__type__":"cc.PrefabInfo","root":{"__id__":1},"asset":{"__uuid__":"01On6PfVFCM4KHR3OWrwBW"},"fileId":"8agky2/yBG85aE5fgAG4cO"},"_contentSize":{"__type__":"cc.Size","width":230,"height":60},"_anchorPoint":{"__type__":"cc.Vec2","y":0.5},"_trs":{"__type__":"TypedArray","ctor":"Float64Array","array":[15,0,0,0,0,0,1,1,1,1]}},{"__type__":"cc.Node","_name":"bg","_parent":{"__id__":74},"_components":[{"__type__":"cc.Sprite","node":{"__id__":75},"_materials":[{"__uuid__":"ecpdLyjvZBwrvm+cedCcQy"}],"_spriteFrame":{"__uuid__":"c5OLocz01BnJAON9DNUIsq"},"_sizeMode":2}],"_prefab":{"__type__":"cc.PrefabInfo","root":{"__id__":1},"asset":{"__uuid__":"01On6PfVFCM4KHR3OWrwBW"},"fileId":"52wesfDbZB07c4tL47h0wC"},"_contentSize":{"__type__":"cc.Size","width":174,"height":41},"_trs":{"__type__":"TypedArray","ctor":"Float64Array","array":[107,3,0,0,0,0,1,1,1,1]}},{"__type__":"cc.Node","_name":"icon","_parent":{"__id__":74},"_components":[{"__type__":"cc.Sprite","node":{"__id__":76},"_materials":[{"__uuid__":"ecpdLyjvZBwrvm+cedCcQy"}],"_spriteFrame":{"__uuid__":"63+7TLDp5Hp46+WHsTKuHv"},"_sizeMode":2,"_isTrimmedMode":false}],"_prefab":{"__type__":"cc.PrefabInfo","root":{"__id__":1},"asset":{"__uuid__":"01On6PfVFCM4KHR3OWrwBW"},"fileId":"3fcI5Vi9JHUbMPKonOhW5A"},"_contentSize":{"__type__":"cc.Size","width":51,"height":58},"_trs":{"__type__":"TypedArray","ctor":"Float64Array","array":[33.296,2.1,0,0,0,0,1,1,1,1]}},{"__type__":"cc.Node","_name":"label","_parent":{"__id__":74},"_components":[{"__type__":"cc.Label","node":{"__id__":77},"_materials":[{"__uuid__":"ecpdLyjvZBwrvm+cedCcQy"}],"_useOriginalSize":false,"_string":"0","_N$string":"0","_fontSize":24,"_lineHeight":26,"_styleFlags":1,"_N$horizontalAlign":1,"_N$verticalAlign":1,"_N$cacheMode":2}],"_prefab":{"__type__":"cc.PrefabInfo","root":{"__id__":1},"asset":{"__uuid__":"01On6PfVFCM4KHR3OWrwBW"},"fileId":"18nuPQhg9I6oqKXq8Qy3AV"},"_contentSize":{"__type__":"cc.Size","width":13.35,"height":26},"_trs":{"__type__":"TypedArray","ctor":"Float64Array","array":[124.15100000000001,5,0,0,0,0,1,1,1,1]}},{"__type__":"cc.Node","_name":"_upgrade_btn","_parent":{"__id__":68},"_children":[{"__id__":79},{"__id__":80}],"_components":[{"__type__":"cc.Sprite","node":{"__id__":78},"_materials":[{"__uuid__":"ecpdLyjvZBwrvm+cedCcQy"}],"_spriteFrame":{"__uuid__":"82fJFSO5BG+6Kog1d2d24K"},"_sizeMode":0},{"__type__":"cc.Button","node":{"__id__":78},"zoomScale":1.1,"clickEvents":[{"__type__":"cc.ClickEvent","target":{"__id__":31},"_componentId":"032c3nLIP9Jvo1+bgKdvWcn","handler":"onBtnUpgradeClick"}],"_N$transition":3,"transition":3}],"_prefab":{"__type__":"cc.PrefabInfo","root":{"__id__":1},"asset":{"__uuid__":"01On6PfVFCM4KHR3OWrwBW"},"fileId":"680eLyRt9Fi5/HJY5IdYn5"},"_contentSize":{"__type__":"cc.Size","width":239.85,"height":83.2},"_trs":{"__type__":"TypedArray","ctor":"Float64Array","array":[0,14,0,0,0,0,1,1,1,0]}},{"__type__":"cc.Node","_name":"t1","_parent":{"__id__":78},"_components":[{"__type__":"cc.Sprite","node":{"__id__":79},"_materials":[{"__uuid__":"ecpdLyjvZBwrvm+cedCcQy"}],"_spriteFrame":{"__uuid__":"82fJFSO5BG+6Kog1d2d24K"},"_sizeMode":0}],"_prefab":{"__type__":"cc.PrefabInfo","root":{"__id__":1},"asset":{"__uuid__":"01On6PfVFCM4KHR3OWrwBW"},"fileId":"8eJ84dGRJA6Z2WteKPitXu"},"_contentSize":{"__type__":"cc.Size","width":369,"height":128},"_trs":{"__type__":"TypedArray","ctor":"Float64Array","array":[0,0,0,0,0,0,1,0.65,0.65,1]}},{"__type__":"cc.Node","_name":"t2","_parent":{"__id__":78},"_components":[{"__type__":"cc.Sprite","node":{"__id__":80},"_materials":[{"__uuid__":"ecpdLyjvZBwrvm+cedCcQy"}],"_spriteFrame":{"__uuid__":"48eX+c11FDeoOQ8hdbnvUR"}}],"_prefab":{"__type__":"cc.PrefabInfo","root":{"__id__":1},"asset":{"__uuid__":"01On6PfVFCM4KHR3OWrwBW"},"fileId":"58MwyFQN5IPIscabbyQlI+"},"_contentSize":{"__type__":"cc.Size","width":112,"height":60},"_trs":{"__type__":"TypedArray","ctor":"Float64Array","array":[0,0,0,0,0,0,1,0.65,0.65,1]}},{"__type__":"cc.Node","_name":"_exp_btn","_parent":{"__id__":68},"_children":[{"__id__":82},{"__id__":83}],"_components":[{"__type__":"cc.Button","node":{"__id__":81},"zoomScale":1.1,"clickEvents":[{"__type__":"cc.ClickEvent","target":{"__id__":31},"_componentId":"032c3nLIP9Jvo1+bgKdvWcn","handler":"onBtnExpClick"}],"_N$transition":3,"transition":3}],"_prefab":{"__type__":"cc.PrefabInfo","root":{"__id__":1},"asset":{"__uuid__":"01On6PfVFCM4KHR3OWrwBW"},"fileId":"baZk9eAUFB2rhazU1GW1Dn"},"_contentSize":{"__type__":"cc.Size","width":239.85,"height":83.2},"_trs":{"__type__":"TypedArray","ctor":"Float64Array","array":[0,14,0,0,0,0,1,1,1,0]}},{"__type__":"cc.Node","_name":"t1","_parent":{"__id__":81},"_components":[{"__type__":"cc.Sprite","node":{"__id__":82},"_materials":[{"__uuid__":"ecpdLyjvZBwrvm+cedCcQy"}],"_spriteFrame":{"__uuid__":"74UklgfaNNU6qrGUNy5n6Y"},"_sizeMode":0}],"_prefab":{"__type__":"cc.PrefabInfo","root":{"__id__":1},"asset":{"__uuid__":"01On6PfVFCM4KHR3OWrwBW"},"fileId":"52JD9vFvtE9p08ikUJC+m7"},"_contentSize":{"__type__":"cc.Size","width":369,"height":128},"_trs":{"__type__":"TypedArray","ctor":"Float64Array","array":[0,0,0,0,0,0,1,0.65,0.65,1]}},{"__type__":"cc.Node","_name":"t2","_parent":{"__id__":81},"_components":[{"__type__":"cc.Sprite","node":{"__id__":83},"_materials":[{"__uuid__":"ecpdLyjvZBwrvm+cedCcQy"}],"_spriteFrame":{"__uuid__":"e42PcrDIJJ8bNw00qq8aHv"}}],"_prefab":{"__type__":"cc.PrefabInfo","root":{"__id__":1},"asset":{"__uuid__":"01On6PfVFCM4KHR3OWrwBW"},"fileId":"42ElE1YEFFvpCIzgRjyXA8"},"_contentSize":{"__type__":"cc.Size","width":217,"height":61},"_trs":{"__type__":"TypedArray","ctor":"Float64Array","array":[0,0,0,0,0,0,1,0.65,0.65,1]}},{"__type__":"cc.Node","_name":"_complete_node","_parent":{"__id__":31},"_children":[{"__id__":85},{"__id__":86}],"_active":false,"_prefab":{"__type__":"cc.PrefabInfo","root":{"__id__":1},"asset":{"__uuid__":"01On6PfVFCM4KHR3OWrwBW"},"fileId":"6dRiq+zBJH8b2w0KXCEH2b"},"_trs":{"__type__":"TypedArray","ctor":"Float64Array","array":[0,-724.574,0,0,0,0,1,1,1,1]}},{"__type__":"cc.Node","_name":"offset_lbl","_parent":{"__id__":84},"_components":[{"__type__":"cc.Label","node":{"__id__":85},"_materials":[{"__uuid__":"ecpdLyjvZBwrvm+cedCcQy"}],"_useOriginalSize":false,"_string":"完成升级！","_N$string":"完成升级！","_fontSize":38,"_styleFlags":1,"_N$horizontalAlign":1,"_N$verticalAlign":1}],"_prefab":{"__type__":"cc.PrefabInfo","root":{"__id__":1},"asset":{"__uuid__":"01On6PfVFCM4KHR3OWrwBW"},"fileId":"43KHGbiSJBS5JnlQ5IBIYw"},"_color":{"__type__":"cc.Color","r":104,"g":137,"b":205},"_contentSize":{"__type__":"cc.Size","width":190,"height":50.4},"_trs":{"__type__":"TypedArray","ctor":"Float64Array","array":[0,461.053,0,0,0,0,1,1,1,1]}},{"__type__":"cc.Node","_name":"btn","_parent":{"__id__":84},"_children":[{"__id__":87}],"_components":[{"__type__":"cc.Button","node":{"__id__":86},"zoomScale":1.1,"clickEvents":[{"__type__":"cc.ClickEvent","target":{"__id__":1},"_componentId":"ecb15rgkLVJEK3c9M3wLX0o","handler":"onBtnFlauntClick"}],"_N$transition":3,"transition":3}],"_prefab":{"__type__":"cc.PrefabInfo","root":{"__id__":1},"asset":{"__uuid__":"01On6PfVFCM4KHR3OWrwBW"},"fileId":"5aRxtJqkhFtaVOeikWWMvH"},"_contentSize":{"__type__":"cc.Size","width":291,"height":116},"_trs":{"__type__":"TypedArray","ctor":"Float64Array","array":[0,41,0,0,0,0,1,1,1,1]}},{"__type__":"cc.Node","_name":"gray","_parent":{"__id__":86},"_components":[{"__type__":"cc.Sprite","node":{"__id__":87},"_materials":[{"__uuid__":"ecpdLyjvZBwrvm+cedCcQy"}],"_spriteFrame":{"__uuid__":"244Z73hB1JYozRsazchxwP"}}],"_prefab":{"__type__":"cc.PrefabInfo","root":{"__id__":1},"asset":{"__uuid__":"01On6PfVFCM4KHR3OWrwBW"},"fileId":"3bzWmS7+5IjKnUby2nxGjF"},"_contentSize":{"__type__":"cc.Size","width":312,"height":130},"_trs":{"__type__":"TypedArray","ctor":"Float64Array","array":[0,-7,0,0,0,0,1,1,1,1]}},{"__type__":"cc.Node","_name":"_progress_node","_parent":{"__id__":31},"_children":[{"__id__":89},{"__id__":93},{"__id__":94},{"__id__":95}],"_prefab":{"__type__":"cc.PrefabInfo","root":{"__id__":1},"asset":{"__uuid__":"01On6PfVFCM4KHR3OWrwBW"},"fileId":"af5xdLT0FAu5ad1U1RWfaS"},"_trs":{"__type__":"TypedArray","ctor":"Float64Array","array":[0,-266.222,0,0,0,0,1,1,1,1]}},{"__type__":"cc.Node","_name":"_p_progress","_parent":{"__id__":88},"_children":[{"__id__":90},{"__id__":92}],"_components":[{"__type__":"cc.Sprite","node":{"__id__":89},"_materials":[{"__uuid__":"ecpdLyjvZBwrvm+cedCcQy"}],"_spriteFrame":{"__uuid__":"a1NlixxIRD8IloQKKEf9BX"},"_type":1,"_sizeMode":0,"_isTrimmedMode":false},{"__type__":"cc.ProgressBar","node":{"__id__":89},"_N$totalLength":405,"_N$barSprite":{"__id__":91},"_N$progress":0}],"_prefab":{"__type__":"cc.PrefabInfo","root":{"__id__":1},"asset":{"__uuid__":"01On6PfVFCM4KHR3OWrwBW"},"fileId":"c376GZSBBKzL+IfdQS4zZp"},"_contentSize":{"__type__":"cc.Size","width":405,"height":27},"_trs":{"__type__":"TypedArray","ctor":"Float64Array","array":[72.375,0,0,0,0,0,1,1,1,1]}},{"__type__":"cc.Node","_name":"bar","_parent":{"__id__":89},"_components":[{"__id__":91}],"_prefab":{"__type__":"cc.PrefabInfo","root":{"__id__":1},"asset":{"__uuid__":"01On6PfVFCM4KHR3OWrwBW"},"fileId":"e7Y1u6Zk9N6brc+ZVhlLP5"},"_contentSize":{"__type__":"cc.Size","height":27},"_anchorPoint":{"__type__":"cc.Vec2","y":0.5},"_trs":{"__type__":"TypedArray","ctor":"Float64Array","array":[-202.5,0,0,0,0,0,1,1,1,1]}},{"__type__":"cc.Sprite","node":{"__id__":90},"_materials":[{"__uuid__":"ecpdLyjvZBwrvm+cedCcQy"}],"_spriteFrame":{"__uuid__":"6dUOiCgJNLpaEAxzT1L2AN"},"_type":1,"_sizeMode":0,"_isTrimmedMode":false},{"__type__":"cc.Node","_name":"bar2","_parent":{"__id__":89},"_components":[{"__type__":"cc.Sprite","node":{"__id__":92},"_materials":[{"__uuid__":"ecpdLyjvZBwrvm+cedCcQy"}],"_spriteFrame":{"__uuid__":"89f3foOatE1oEFQR2gs0Zw"},"_type":1,"_sizeMode":0,"_isTrimmedMode":false}],"_prefab":{"__type__":"cc.PrefabInfo","root":{"__id__":1},"asset":{"__uuid__":"01On6PfVFCM4KHR3OWrwBW"},"fileId":"ebmj5NabRK759pisoFcz36"},"_contentSize":{"__type__":"cc.Size","height":27},"_anchorPoint":{"__type__":"cc.Vec2","y":0.5},"_trs":{"__type__":"TypedArray","ctor":"Float64Array","array":[-202.5,0,0,0,0,0,1,1,1,1]}},{"__type__":"cc.Node","_name":"锤子","_parent":{"__id__":88},"_components":[{"__type__":"cc.Sprite","node":{"__id__":93},"_materials":[{"__uuid__":"ecpdLyjvZBwrvm+cedCcQy"}],"_spriteFrame":{"__uuid__":"bfVQ7AQQ9MW5E1cPXatBcy"}}],"_prefab":{"__type__":"cc.PrefabInfo","root":{"__id__":1},"asset":{"__uuid__":"01On6PfVFCM4KHR3OWrwBW"},"fileId":"3aEYSgQEpLpYEEzNcipjRm"},"_contentSize":{"__type__":"cc.Size","width":64,"height":64},"_trs":{"__type__":"TypedArray","ctor":"Float64Array","array":[-146.716,7.303,0,0,0,0,1,1,1,1]}},{"__type__":"cc.Node","_name":"_progress_lbl","_parent":{"__id__":88},"_components":[{"__type__":"cc.Label","node":{"__id__":94},"_materials":[{"__uuid__":"ecpdLyjvZBwrvm+cedCcQy"}],"_useOriginalSize":false,"_string":"1/10","_N$string":"1/10","_fontSize":23,"_lineHeight":25,"_styleFlags":1,"_N$horizontalAlign":1,"_N$verticalAlign":1},{"__type__":"cc.LabelOutline","node":{"__id__":94},"_color":{"__type__":"cc.Color","r":93,"g":120,"b":189},"_width":3}],"_prefab":{"__type__":"cc.PrefabInfo","root":{"__id__":1},"asset":{"__uuid__":"01On6PfVFCM4KHR3OWrwBW"},"fileId":"0b+dDojKFFDJ5VNdTKmc7O"},"_contentSize":{"__type__":"cc.Size","width":50.76,"height":37.5},"_trs":{"__type__":"TypedArray","ctor":"Float64Array","array":[58.375,0,0,0,0,0,1,1,1,1]}},{"__type__":"cc.Node","_name":"_upgrade_anim","_parent":{"__id__":88},"_active":false,"_components":[{"__type__":"dragonBones.ArmatureDisplay","node":{"__id__":95},"_materials":[{"__uuid__":"ecpdLyjvZBwrvm+cedCcQy"}],"_armatureName":"Armature","_preCacheMode":0,"_armatureKey":"76c55aa1-3533-4e03-bb63-5ab085b369f6#c7a54f26-6bb0-47c3-b826-052cdf142383","_N$dragonAsset":{"__uuid__":"76xVqhNTNOA7tjWrCFs2n2"},"_N$dragonAtlasAsset":{"__uuid__":"c7pU8ma7BHw7gmBSzfFCOD"}}],"_prefab":{"__type__":"cc.PrefabInfo","root":{"__id__":1},"asset":{"__uuid__":"01On6PfVFCM4KHR3OWrwBW"},"fileId":"8dhqLRgSVJdY9yCzXC2KEN"},"_contentSize":{"__type__":"cc.Size","width":479.6898206777737,"height":87.50396765193108},"_trs":{"__type__":"TypedArray","ctor":"Float64Array","array":[61.39,0,0,0,0,0,1,1,1,1]}},{"__type__":"cc.Node","_name":"bg2","_parent":{"__id__":31},"_components":[{"__type__":"cc.Sprite","node":{"__id__":96},"_materials":[{"__uuid__":"ecpdLyjvZBwrvm+cedCcQy"}],"_spriteFrame":{"__uuid__":"b51npSwJdNnY2r0JshoFmZ"}}],"_prefab":{"__type__":"cc.PrefabInfo","root":{"__id__":1},"asset":{"__uuid__":"01On6PfVFCM4KHR3OWrwBW"},"fileId":"280tv54+ZO+ajGXUFQIELe"},"_contentSize":{"__type__":"cc.Size","width":63,"height":32},"_trs":{"__type__":"TypedArray","ctor":"Float64Array","array":[-258.506,-266.222,0,0,0,0,1,1,1,1]}},{"__type__":"cc.Node","_name":"_level_lbl","_parent":{"__id__":31},"_components":[{"__type__":"cc.Label","node":{"__id__":97},"_materials":[{"__uuid__":"ecpdLyjvZBwrvm+cedCcQy"}],"_useOriginalSize":false,"_string":"1","_N$string":"1","_styleFlags":1,"_N$verticalAlign":1}],"_prefab":{"__type__":"cc.PrefabInfo","root":{"__id__":1},"asset":{"__uuid__":"01On6PfVFCM4KHR3OWrwBW"},"fileId":"f1mh9u0ENOMZXRGxP8FyNw"},"_color":{"__type__":"cc.Color","r":191,"g":100,"b":46},"_contentSize":{"__type__":"cc.Size","width":22.25,"height":50.4},"_anchorPoint":{"__type__":"cc.Vec2","y":0.5},"_trs":{"__type__":"TypedArray","ctor":"Float64Array","array":[-223,-265.222,0,0,0,0,1,1,1,1]}},{"__type__":"cc.Node","_name":"banner","_parent":{"__id__":5},"_components":[{"__type__":"ce3f9aG6A1If7y9kH3tgvq2","node":{"__id__":98}}],"_prefab":{"__type__":"cc.PrefabInfo","root":{"__id__":1},"asset":{"__uuid__":"01On6PfVFCM4KHR3OWrwBW"},"fileId":"95bU6KjKRA9aP3ZaGu3QV8"},"_trs":{"__type__":"TypedArray","ctor":"Float64Array","array":[0,-458.203,0,0,0,0,1,1,1,1]}},{"__type__":"cc.Node","_name":"place_banner","_parent":{"__id__":5},"_components":[{"__type__":"7a07beGvHFD24I8eargNJi4","node":{"__id__":99}}],"_prefab":{"__type__":"cc.PrefabInfo","root":{"__id__":1},"asset":{"__uuid__":"01On6PfVFCM4KHR3OWrwBW"},"fileId":"e364Ic4T9N06s+2SZWx0H4"},"_trs":{"__type__":"TypedArray","ctor":"Float64Array","array":[0,-311.033,0,0,0,0,1,1,1,1]}}],{"__type__":"cc.SpriteFrame","content":{"name":"页签_水池_暗","texture":"1ba580ca6","rect":[175,530,124,75],"offset":[0,0],"originalSize":[124,75],"capInsets":[0,0,0,0]}},{"__type__":"cc.SpriteFrame","content":{"name":"页签_房子_暗","texture":"1ee961467","rect":[135,890,124,75],"offset":[0,0],"originalSize":[124,75],"rotated":1,"capInsets":[0,0,0,0]}},{"__type__":"cc.SpriteFrame","content":{"name":"炫耀一下","texture":"1ee961467","rect":[3,572,312,130],"offset":[0,0],"originalSize":[312,130],"rotated":1,"capInsets":[0,0,0,0]}},{"__type__":"dragonBones.DragonBonesAsset","_name":"sjjdt_jiantou_ske","_dragonBonesJson":"{\"frameRate\":60,\"isGlobal\":0,\"name\":\"sjjdt_jiantou\",\"version\":\"4.5\",\"armature\":[{\"defaultActions\":[{\"gotoAndPlay\":\"newAnimation\"}],\"skin\":[{\"name\":\"\",\"slot\":[{\"display\":[{\"path\":\"箭头\",\"type\":\"image\",\"name\":\"箭头\",\"transform\":{\"skX\":180,\"skY\":180,\"x\":30.159}}],\"name\":\"箭头\"}]}],\"ik\":[],\"animation\":[{\"frame\":[],\"duration\":48,\"bone\":[{\"frame\":[{\"duration\":48,\"transform\":{}}],\"name\":\"root\"},{\"frame\":[{\"tweenEasing\":0,\"duration\":10,\"transform\":{}},{\"tweenEasing\":0,\"duration\":5,\"transform\":{\"x\":8.4091}},{\"tweenEasing\":0,\"duration\":5,\"transform\":{\"scY\":1.05,\"scX\":0.95,\"x\":8.4091}},{\"tweenEasing\":0,\"duration\":10,\"transform\":{\"x\":8.4091}},{\"tweenEasing\":0,\"duration\":5,\"transform\":{\"x\":-10.1879}},{\"tweenEasing\":0,\"duration\":5,\"transform\":{\"x\":-13.4222}},{\"tweenEasing\":0,\"duration\":8,\"transform\":{\"x\":-14.2022}},{\"duration\":0,\"transform\":{}}],\"name\":\"箭头\"}],\"ik\":[],\"slot\":[{\"frame\":[{\"tweenEasing\":null,\"duration\":48}],\"name\":\"箭头\"}],\"ffd\":[],\"name\":\"newAnimation\",\"playTimes\":0}],\"type\":\"Armature\",\"frameRate\":60,\"bone\":[{\"name\":\"root\",\"transform\":{}},{\"length\":60,\"transform\":{\"skX\":180,\"skY\":180,\"x\":30.8938},\"parent\":\"root\",\"name\":\"箭头\"}],\"aabb\":{\"width\":67,\"y\":-27.999999999999996,\"height\":56,\"x\":-32.76517313665255},\"slot\":[{\"name\":\"箭头\",\"parent\":\"箭头\",\"color\":{}}],\"name\":\"jiantou\"}]}"},{"__type__":"cc.SpriteFrame","content":{"name":"升级","texture":"1298ae8a0","rect":[205,559,112,60],"offset":[0,0],"originalSize":[112,60],"capInsets":[0,0,0,0]}},{"__type__":"cc.SpriteFrame","content":{"name":"building_1_gray","texture":"1d9c727ec","rect":[3,538,231,202],"offset":[0,0],"originalSize":[231,202],"capInsets":[0,0,0,0]}},{"__type__":"cc.SpriteFrame","content":{"name":"building_1","texture":"1d9c727ec","rect":[477,657,231,202],"offset":[0,0],"originalSize":[231,202],"capInsets":[0,0,0,0]}},{"__type__":"cc.SpriteFrame","content":{"name":"黄按钮","texture":"1298ae8a0","rect":[632,209,369,142],"offset":[0,0],"originalSize":[369,142],"capInsets":[0,0,0,0]}},{"__type__":"dragonBones.DragonBonesAsset","_name":"sjjdt_Project_ske","_dragonBonesJson":"{\"frameRate\":60,\"isGlobal\":0,\"name\":\"sjjdt_Project\",\"version\":\"4.5\",\"armature\":[{\"defaultActions\":[{\"gotoAndPlay\":\"+1\"}],\"skin\":[{\"name\":\"\",\"slot\":[{\"display\":[{\"path\":\"进度条光\",\"type\":\"image\",\"name\":\"进度条光\",\"transform\":{}}],\"blendMode\":\"add\",\"name\":\"进度条光\"},{\"display\":[{\"path\":\"建造度+1\",\"type\":\"image\",\"name\":\"建造度+1\",\"transform\":{}},{\"path\":\"建造度+5\",\"type\":\"image\",\"name\":\"建造度+5\",\"transform\":{}},{\"path\":\"建造度+2\",\"type\":\"image\",\"name\":\"建造度+2\",\"transform\":{}},{\"path\":\"建造度+10\",\"type\":\"image\",\"name\":\"建造度+10\",\"transform\":{}}],\"name\":\"建造度+1\"},{\"display\":[{\"path\":\"chuiguang\",\"type\":\"image\",\"name\":\"chuiguang\",\"transform\":{\"y\":-3.5997,\"skX\":0.6953,\"skY\":0.6953,\"x\":0.0437}}],\"blendMode\":\"add\",\"name\":\"chuiguang\"},{\"display\":[{\"path\":\"进度条光\",\"type\":\"image\",\"name\":\"进度条光\",\"transform\":{}}],\"name\":\"进度条光1\"},{\"display\":[{\"path\":\"锤子\",\"type\":\"image\",\"name\":\"锤子\",\"transform\":{\"y\":-3.341,\"skX\":0.6953,\"skY\":0.6953,\"x\":0.2344}}],\"name\":\"锤子\"}]}],\"ik\":[],\"animation\":[{\"frame\":[{\"tweenEasing\":null,\"duration\":61,\"event\":\"+1start\"},{\"tweenEasing\":null,\"duration\":0,\"event\":\"+1end\"}],\"duration\":80,\"bone\":[{\"frame\":[{\"duration\":80,\"transform\":{}}],\"name\":\"root\"},{\"frame\":[{\"tweenEasing\":0,\"duration\":60,\"transform\":{}},{\"tweenEasing\":0,\"duration\":20,\"transform\":{}},{\"duration\":0,\"transform\":{}}],\"name\":\"bone\"},{\"frame\":[{\"tweenEasing\":0,\"duration\":10,\"transform\":{\"scY\":4,\"scX\":4}},{\"tweenEasing\":0,\"duration\":4,\"transform\":{\"scY\":0.9,\"scX\":0.9}},{\"tweenEasing\":0,\"duration\":4,\"transform\":{\"scY\":1.2,\"scX\":1.2}},{\"tweenEasing\":0,\"duration\":3,\"transform\":{\"scY\":1.23,\"scX\":1.23}},{\"tweenEasing\":0,\"duration\":23,\"transform\":{}},{\"tweenEasing\":0,\"duration\":3,\"transform\":{}},{\"tweenEasing\":0,\"duration\":3,\"transform\":{\"y\":4.69}},{\"tweenEasing\":0,\"duration\":10,\"transform\":{\"y\":4.02}},{\"duration\":20,\"transform\":{\"y\":-66.2854}}],\"name\":\"暴击x2\"},{\"frame\":[{\"tweenEasing\":0,\"duration\":4,\"transform\":{}},{\"tweenEasing\":0,\"duration\":9,\"transform\":{\"y\":1.3433}},{\"tweenEasing\":0,\"duration\":7,\"transform\":{\"y\":-8.7232}},{\"tweenEasing\":0,\"duration\":10,\"transform\":{\"y\":3.6746}},{\"tweenEasing\":0,\"duration\":7,\"transform\":{\"y\":-8.7232}},{\"tweenEasing\":0,\"duration\":11,\"transform\":{\"y\":3.6746}},{\"tweenEasing\":0,\"duration\":7,\"transform\":{\"y\":-8.7232}},{\"tweenEasing\":0,\"duration\":5,\"transform\":{\"y\":3.6746}},{\"duration\":20,\"transform\":{}}],\"name\":\"锤子\"}],\"ik\":[],\"slot\":[{\"frame\":[{\"tweenEasing\":0,\"duration\":15,\"color\":{\"aM\":0}},{\"tweenEasing\":0,\"duration\":30},{\"tweenEasing\":0,\"duration\":15},{\"tweenEasing\":null,\"duration\":1,\"color\":{\"aM\":0}},{\"tweenEasing\":0,\"displayIndex\":-1,\"duration\":19,\"color\":{\"aM\":0}}],\"name\":\"进度条光1\"},{\"frame\":[{\"tweenEasing\":0,\"duration\":30,\"color\":{\"aM\":0}},{\"tweenEasing\":0,\"duration\":30,\"color\":{\"aM\":30}},{\"tweenEasing\":null,\"duration\":1,\"color\":{\"aM\":0}},{\"tweenEasing\":0,\"displayIndex\":-1,\"duration\":19,\"color\":{\"aM\":0}}],\"name\":\"进度条光\"},{\"frame\":[{\"tweenEasing\":null,\"duration\":80}],\"name\":\"锤子\"},{\"frame\":[{\"tweenEasing\":0,\"duration\":13,\"color\":{\"aM\":0}},{\"tweenEasing\":0,\"duration\":30,\"color\":{\"aM\":73}},{\"tweenEasing\":0,\"duration\":17,\"color\":{\"aM\":75}},{\"tweenEasing\":null,\"duration\":1,\"color\":{\"aM\":0}},{\"tweenEasing\":0,\"displayIndex\":-1,\"duration\":19,\"color\":{\"aM\":0}}],\"name\":\"chuiguang\"},{\"frame\":[{\"tweenEasing\":0,\"duration\":10,\"color\":{\"aM\":0}},{\"tweenEasing\":0,\"duration\":40},{\"tweenEasing\":0,\"duration\":10},{\"tweenEasing\":null,\"duration\":1,\"color\":{\"aM\":0}},{\"tweenEasing\":0,\"displayIndex\":-1,\"duration\":19,\"color\":{\"aM\":0}}],\"name\":\"建造度+1\"}],\"ffd\":[],\"name\":\"+1\",\"playTimes\":0},{\"frame\":[{\"tweenEasing\":null,\"duration\":61,\"event\":\"+5start\"},{\"tweenEasing\":null,\"duration\":0,\"event\":\"+5end\"}],\"duration\":80,\"bone\":[{\"frame\":[{\"duration\":80,\"transform\":{}}],\"name\":\"root\"},{\"frame\":[{\"tweenEasing\":0,\"duration\":60,\"transform\":{}},{\"tweenEasing\":0,\"duration\":20,\"transform\":{}},{\"duration\":0,\"transform\":{}}],\"name\":\"bone\"},{\"frame\":[{\"tweenEasing\":0,\"duration\":10,\"transform\":{\"scY\":4,\"scX\":4}},{\"tweenEasing\":0,\"duration\":4,\"transform\":{\"scY\":0.9,\"scX\":0.9}},{\"tweenEasing\":0,\"duration\":4,\"transform\":{\"scY\":1.2,\"scX\":1.2}},{\"tweenEasing\":0,\"duration\":3,\"transform\":{\"scY\":1.23,\"scX\":1.23}},{\"tweenEasing\":0,\"duration\":23,\"transform\":{}},{\"tweenEasing\":0,\"duration\":3,\"transform\":{}},{\"tweenEasing\":0,\"duration\":3,\"transform\":{\"y\":4.69}},{\"tweenEasing\":0,\"duration\":10,\"transform\":{\"y\":4.02}},{\"duration\":20,\"transform\":{\"y\":-66.2854}}],\"name\":\"暴击x2\"},{\"frame\":[{\"tweenEasing\":0,\"duration\":4,\"transform\":{}},{\"tweenEasing\":0,\"duration\":9,\"transform\":{\"y\":1.3433}},{\"tweenEasing\":0,\"duration\":7,\"transform\":{\"y\":-8.7232}},{\"tweenEasing\":0,\"duration\":10,\"transform\":{\"y\":3.6746}},{\"tweenEasing\":0,\"duration\":7,\"transform\":{\"y\":-8.7232}},{\"tweenEasing\":0,\"duration\":11,\"transform\":{\"y\":3.6746}},{\"tweenEasing\":0,\"duration\":7,\"transform\":{\"y\":-8.7232}},{\"tweenEasing\":0,\"duration\":5,\"transform\":{\"y\":3.6746}},{\"duration\":20,\"transform\":{}}],\"name\":\"锤子\"}],\"ik\":[],\"slot\":[{\"frame\":[{\"tweenEasing\":0,\"duration\":15,\"color\":{\"aM\":0}},{\"tweenEasing\":0,\"duration\":30},{\"tweenEasing\":0,\"duration\":15},{\"tweenEasing\":null,\"duration\":1,\"color\":{\"aM\":0}},{\"tweenEasing\":0,\"displayIndex\":-1,\"duration\":19,\"color\":{\"aM\":0}}],\"name\":\"进度条光1\"},{\"frame\":[{\"tweenEasing\":0,\"duration\":30,\"color\":{\"aM\":0}},{\"tweenEasing\":0,\"duration\":30,\"color\":{\"aM\":30}},{\"tweenEasing\":null,\"duration\":1,\"color\":{\"aM\":0}},{\"tweenEasing\":0,\"displayIndex\":-1,\"duration\":19,\"color\":{\"aM\":0}}],\"name\":\"进度条光\"},{\"frame\":[{\"tweenEasing\":null,\"duration\":80}],\"name\":\"锤子\"},{\"frame\":[{\"tweenEasing\":0,\"duration\":13,\"color\":{\"aM\":0}},{\"tweenEasing\":0,\"duration\":30,\"color\":{\"aM\":73}},{\"tweenEasing\":0,\"duration\":17,\"color\":{\"aM\":75}},{\"tweenEasing\":null,\"duration\":1,\"color\":{\"aM\":0}},{\"tweenEasing\":0,\"displayIndex\":-1,\"duration\":19,\"color\":{\"aM\":0}}],\"name\":\"chuiguang\"},{\"frame\":[{\"tweenEasing\":0,\"displayIndex\":1,\"duration\":10,\"color\":{\"aM\":0}},{\"tweenEasing\":0,\"displayIndex\":1,\"duration\":40},{\"tweenEasing\":0,\"displayIndex\":1,\"duration\":10},{\"tweenEasing\":null,\"displayIndex\":1,\"duration\":1,\"color\":{\"aM\":0}},{\"tweenEasing\":0,\"displayIndex\":-1,\"duration\":19,\"color\":{\"aM\":0}}],\"name\":\"建造度+1\"}],\"ffd\":[],\"name\":\"+5\",\"playTimes\":0},{\"frame\":[{\"tweenEasing\":null,\"duration\":61,\"event\":\"+10start\"},{\"tweenEasing\":null,\"duration\":0,\"event\":\"+10end\"}],\"duration\":80,\"bone\":[{\"frame\":[{\"duration\":80,\"transform\":{}}],\"name\":\"root\"},{\"frame\":[{\"tweenEasing\":0,\"duration\":60,\"transform\":{}},{\"tweenEasing\":0,\"duration\":20,\"transform\":{}},{\"duration\":0,\"transform\":{}}],\"name\":\"bone\"},{\"frame\":[{\"tweenEasing\":0,\"duration\":10,\"transform\":{\"scY\":4,\"scX\":4}},{\"tweenEasing\":0,\"duration\":4,\"transform\":{\"scY\":0.9,\"scX\":0.9}},{\"tweenEasing\":0,\"duration\":4,\"transform\":{\"scY\":1.2,\"scX\":1.2}},{\"tweenEasing\":0,\"duration\":3,\"transform\":{\"scY\":1.23,\"scX\":1.23}},{\"tweenEasing\":0,\"duration\":23,\"transform\":{}},{\"tweenEasing\":0,\"duration\":3,\"transform\":{}},{\"tweenEasing\":0,\"duration\":3,\"transform\":{\"y\":4.69}},{\"tweenEasing\":0,\"duration\":10,\"transform\":{\"y\":4.02}},{\"duration\":20,\"transform\":{\"y\":-66.2854}}],\"name\":\"暴击x2\"},{\"frame\":[{\"tweenEasing\":0,\"duration\":4,\"transform\":{}},{\"tweenEasing\":0,\"duration\":9,\"transform\":{\"y\":1.3433}},{\"tweenEasing\":0,\"duration\":7,\"transform\":{\"y\":-8.7232}},{\"tweenEasing\":0,\"duration\":10,\"transform\":{\"y\":3.6746}},{\"tweenEasing\":0,\"duration\":7,\"transform\":{\"y\":-8.7232}},{\"tweenEasing\":0,\"duration\":11,\"transform\":{\"y\":3.6746}},{\"tweenEasing\":0,\"duration\":7,\"transform\":{\"y\":-8.7232}},{\"tweenEasing\":0,\"duration\":5,\"transform\":{\"y\":3.6746}},{\"duration\":20,\"transform\":{}}],\"name\":\"锤子\"}],\"ik\":[],\"slot\":[{\"frame\":[{\"tweenEasing\":0,\"duration\":15,\"color\":{\"aM\":0}},{\"tweenEasing\":0,\"duration\":30},{\"tweenEasing\":0,\"duration\":15},{\"tweenEasing\":null,\"duration\":1,\"color\":{\"aM\":0}},{\"tweenEasing\":0,\"displayIndex\":-1,\"duration\":19,\"color\":{\"aM\":0}}],\"name\":\"进度条光1\"},{\"frame\":[{\"tweenEasing\":0,\"duration\":30,\"color\":{\"aM\":0}},{\"tweenEasing\":0,\"duration\":30,\"color\":{\"aM\":30}},{\"tweenEasing\":null,\"duration\":1,\"color\":{\"aM\":0}},{\"tweenEasing\":0,\"displayIndex\":-1,\"duration\":19,\"color\":{\"aM\":0}}],\"name\":\"进度条光\"},{\"frame\":[{\"tweenEasing\":null,\"duration\":80}],\"name\":\"锤子\"},{\"frame\":[{\"tweenEasing\":0,\"duration\":13,\"color\":{\"aM\":0}},{\"tweenEasing\":0,\"duration\":30,\"color\":{\"aM\":73}},{\"tweenEasing\":0,\"duration\":17,\"color\":{\"aM\":75}},{\"tweenEasing\":null,\"duration\":1,\"color\":{\"aM\":0}},{\"tweenEasing\":0,\"displayIndex\":-1,\"duration\":19,\"color\":{\"aM\":0}}],\"name\":\"chuiguang\"},{\"frame\":[{\"tweenEasing\":0,\"displayIndex\":3,\"duration\":10,\"color\":{\"aM\":0}},{\"tweenEasing\":0,\"displayIndex\":3,\"duration\":40},{\"tweenEasing\":0,\"displayIndex\":3,\"duration\":10},{\"tweenEasing\":null,\"displayIndex\":3,\"duration\":1,\"color\":{\"aM\":0}},{\"tweenEasing\":0,\"displayIndex\":-1,\"duration\":19,\"color\":{\"aM\":0}}],\"name\":\"建造度+1\"}],\"ffd\":[],\"name\":\"+10\",\"playTimes\":0},{\"frame\":[{\"tweenEasing\":null,\"duration\":61,\"event\":\"+2start\"},{\"tweenEasing\":null,\"duration\":0,\"event\":\"+2end\"}],\"duration\":80,\"bone\":[{\"frame\":[{\"duration\":80,\"transform\":{}}],\"name\":\"root\"},{\"frame\":[{\"tweenEasing\":0,\"duration\":60,\"transform\":{}},{\"tweenEasing\":0,\"duration\":20,\"transform\":{}},{\"duration\":0,\"transform\":{}}],\"name\":\"bone\"},{\"frame\":[{\"tweenEasing\":0,\"duration\":10,\"transform\":{\"scY\":4,\"scX\":4}},{\"tweenEasing\":0,\"duration\":4,\"transform\":{\"scY\":0.9,\"scX\":0.9}},{\"tweenEasing\":0,\"duration\":4,\"transform\":{\"scY\":1.2,\"scX\":1.2}},{\"tweenEasing\":0,\"duration\":3,\"transform\":{\"scY\":1.23,\"scX\":1.23}},{\"tweenEasing\":0,\"duration\":23,\"transform\":{}},{\"tweenEasing\":0,\"duration\":3,\"transform\":{}},{\"tweenEasing\":0,\"duration\":3,\"transform\":{\"y\":4.69}},{\"tweenEasing\":0,\"duration\":10,\"transform\":{\"y\":4.02}},{\"duration\":20,\"transform\":{\"y\":-66.2854}}],\"name\":\"暴击x2\"},{\"frame\":[{\"tweenEasing\":0,\"duration\":4,\"transform\":{}},{\"tweenEasing\":0,\"duration\":9,\"transform\":{\"y\":1.3433}},{\"tweenEasing\":0,\"duration\":7,\"transform\":{\"y\":-8.7232}},{\"tweenEasing\":0,\"duration\":10,\"transform\":{\"y\":3.6746}},{\"tweenEasing\":0,\"duration\":7,\"transform\":{\"y\":-8.7232}},{\"tweenEasing\":0,\"duration\":11,\"transform\":{\"y\":3.6746}},{\"tweenEasing\":0,\"duration\":7,\"transform\":{\"y\":-8.7232}},{\"tweenEasing\":0,\"duration\":5,\"transform\":{\"y\":3.6746}},{\"duration\":20,\"transform\":{}}],\"name\":\"锤子\"}],\"ik\":[],\"slot\":[{\"frame\":[{\"tweenEasing\":0,\"duration\":15,\"color\":{\"aM\":0}},{\"tweenEasing\":0,\"duration\":30},{\"tweenEasing\":0,\"duration\":15},{\"tweenEasing\":null,\"duration\":1,\"color\":{\"aM\":0}},{\"tweenEasing\":0,\"displayIndex\":-1,\"duration\":19,\"color\":{\"aM\":0}}],\"name\":\"进度条光1\"},{\"frame\":[{\"tweenEasing\":0,\"duration\":30,\"color\":{\"aM\":0}},{\"tweenEasing\":0,\"duration\":30,\"color\":{\"aM\":30}},{\"tweenEasing\":null,\"duration\":1,\"color\":{\"aM\":0}},{\"tweenEasing\":0,\"displayIndex\":-1,\"duration\":19,\"color\":{\"aM\":0}}],\"name\":\"进度条光\"},{\"frame\":[{\"tweenEasing\":null,\"duration\":80}],\"name\":\"锤子\"},{\"frame\":[{\"tweenEasing\":0,\"duration\":13,\"color\":{\"aM\":0}},{\"tweenEasing\":0,\"duration\":30,\"color\":{\"aM\":73}},{\"tweenEasing\":0,\"duration\":17,\"color\":{\"aM\":75}},{\"tweenEasing\":null,\"duration\":1,\"color\":{\"aM\":0}},{\"tweenEasing\":0,\"displayIndex\":-1,\"duration\":19,\"color\":{\"aM\":0}}],\"name\":\"chuiguang\"},{\"frame\":[{\"tweenEasing\":0,\"displayIndex\":2,\"duration\":10,\"color\":{\"aM\":0}},{\"tweenEasing\":0,\"displayIndex\":2,\"duration\":40},{\"tweenEasing\":0,\"displayIndex\":2,\"duration\":10},{\"tweenEasing\":null,\"displayIndex\":2,\"duration\":1,\"color\":{\"aM\":0}},{\"tweenEasing\":0,\"displayIndex\":-1,\"duration\":19,\"color\":{\"aM\":0}}],\"name\":\"建造度+1\"}],\"ffd\":[],\"name\":\"+2\",\"playTimes\":0}],\"type\":\"Armature\",\"frameRate\":60,\"bone\":[{\"name\":\"root\",\"transform\":{}},{\"length\":49,\"transform\":{\"x\":4.1883},\"parent\":\"root\",\"name\":\"bone\"},{\"length\":27,\"transform\":{\"y\":-41.2647,\"x\":-210.6898},\"parent\":\"bone\",\"name\":\"暴击x2\"},{\"length\":20,\"transform\":{\"y\":-4.6607,\"skX\":-0.6953,\"skY\":-0.6953,\"x\":-212.4213},\"parent\":\"bone\",\"name\":\"锤子\"}],\"aabb\":{\"width\":479.6898206777737,\"y\":-55.26467288297307,\"height\":87.50396765193108,\"x\":-257.00151211490356},\"slot\":[{\"name\":\"进度条光1\",\"parent\":\"bone\",\"color\":{}},{\"blendMode\":\"add\",\"z\":1,\"parent\":\"bone\",\"name\":\"进度条光\",\"color\":{\"aM\":23}},{\"z\":2,\"name\":\"锤子\",\"parent\":\"锤子\",\"color\":{}},{\"blendMode\":\"add\",\"z\":3,\"parent\":\"锤子\",\"name\":\"chuiguang\",\"color\":{\"aM\":38}},{\"z\":4,\"name\":\"建造度+1\",\"parent\":\"暴击x2\",\"color\":{}}],\"name\":\"Armature\"}]}"},{"__type__":"cc.SpriteFrame","content":{"name":"未解锁","texture":"13ca4574f","rect":[967,397,225,51],"offset":[0,0],"originalSize":[225,51],"rotated":1,"capInsets":[0,0,0,0]}},{"__type__":"cc.SpriteFrame","content":{"name":"绿按钮","texture":"1298ae8a0","rect":[632,357,329,128],"offset":[0,0],"originalSize":[329,128],"capInsets":[0,0,0,0]}},{"__type__":"cc.SpriteFrame","content":{"name":"页签_车_亮","texture":"1ee961467","rect":[216,890,124,75],"offset":[0,0],"originalSize":[124,75],"rotated":1,"capInsets":[0,0,0,0]}},{"__type__":"cc.SpriteFrame","content":{"name":"页签_车_暗","texture":"1ee961467","rect":[772,494,124,75],"offset":[0,0],"originalSize":[124,75],"capInsets":[0,0,0,0]}},{"__type__":"cc.SpriteFrame","content":{"name":"页签_角色_亮","texture":"15339b09a","rect":[714,180,124,75],"offset":[0,0],"originalSize":[124,75],"capInsets":[0,0,0,0]}},{"__type__":"cc.SpriteFrame","content":{"name":"等级 ","texture":"1298ae8a0","rect":[72,559,63,32],"offset":[0,0],"originalSize":[63,32],"rotated":1,"capInsets":[0,0,0,0]}},{"__type__":"cc.SpriteFrame","content":{"name":"锤子","texture":"1ee961467","rect":[725,838,64,64],"offset":[0,0],"originalSize":[64,64],"capInsets":[0,0,0,0]}},{"__type__":"cc.SpriteFrame","content":{"name":"页签_角色_暗","texture":"15339b09a","rect":[844,180,124,75],"offset":[0,0],"originalSize":[124,75],"rotated":1,"capInsets":[0,0,0,0]}},{"__type__":"cc.SpriteFrame","content":{"name":"页签_房子_亮","texture":"15339b09a","rect":[714,261,124,75],"offset":[0,0],"originalSize":[124,75],"capInsets":[0,0,0,0]}},{"__type__":"cc.SpriteFrame","content":{"name":"购买经验","texture":"1b5eece6f","rect":[3,803,217,61],"offset":[0,0],"originalSize":[217,61],"rotated":1,"capInsets":[0,0,0,0]}},{"__type__":"cc.SpriteFrame","content":{"name":"标题升级","texture":"15339b09a","rect":[612,266,93,47],"offset":[0,0],"originalSize":[93,47],"capInsets":[0,0,0,0]}},{"__type__":"cc.SpriteFrame","content":{"name":"页签_水池_亮","texture":"15339b09a","rect":[844,310,124,75],"offset":[0,0],"originalSize":[124,75],"rotated":1,"capInsets":[0,0,0,0]}}]