[{"__type__":"cc.SpriteAtlas","_name":"Jiyichaoqun_1.plist","_spriteFrames":{"bandicam 2020-04-11 16-21-36-614":{"__uuid__":"72myU4EnpFUoLje5Va5/4V"},"bandicam 2020-04-11 16-21-38-664":{"__uuid__":"1eZ9cPNjNDsabrGNhJznGb"},"bandicam 2020-04-11 16-21-40-008":{"__uuid__":"cbVvYuQphKUp/TJheaIi5m"},"bandicam 2020-04-11 16-21-40-914":{"__uuid__":"1ajwLPfiVLGJvH194ElQcV"},"bandicam 2020-04-11 16-21-41-876":{"__uuid__":"1cL+qnulBE6p4r5A2wTdoY"},"bandicam 2020-04-11 16-21-42-534":{"__uuid__":"7cTZpfZx9I+Zc61Zt59oFH"},"bandicam 2020-04-11 16-21-43-239":{"__uuid__":"863i+JdbBIDZDaw02Vgq7F"},"bandicam 2020-04-11 16-21-43-913":{"__uuid__":"d6Pj8TvSJHs56y+kXnnV32"},"bandicam 2020-04-11 16-21-44-632":{"__uuid__":"084efyL3lOHrGJAc+/qmOF"},"bandicam 2020-04-11 16-21-45-319":{"__uuid__":"fdr1oZv/hF1o6ExGxPdJmb"},"bandicam 2020-04-11 16-21-46-023":{"__uuid__":"f9eG9hATtI35V1FOnYbY1d"},"bandicam 2020-04-11 16-21-46-693":{"__uuid__":"a4DpJG47xHuJw6cJ6kzWoQ"},"bandicam 2020-04-11 16-21-47-405":{"__uuid__":"85fDohp29B84G3OyTQLXBo"},"bandicam 2020-04-11 16-21-48-067":{"__uuid__":"adrHrFF8dGN4Cp8CP4hZOR"},"bandicam 2020-04-11 16-21-48-858":{"__uuid__":"ffunmIr0hJV6U3vLFNurkY"},"bandicam 2020-04-11 16-21-49-711":{"__uuid__":"81UoUJRKJE6Jpt4CcF99l2"},"bandicam 2020-04-11 16-21-50-449":{"__uuid__":"b8OtHAb15OhIPx64GX5n7K"},"bandicam 2020-04-11 16-21-51-269":{"__uuid__":"6960UKXAVDOLzGkAA3wJDJ"},"bandicam 2020-04-11 16-21-52-053":{"__uuid__":"e3yF9xVP9GjpnFcYcWXzAK"},"bandicam 2020-04-11 16-21-52-753":{"__uuid__":"01wbZ/WIpHiI7Rec4+6KAn"},"bandicam 2020-04-11 16-21-54-246":{"__uuid__":"7aUt972OdEJq1v7E5dMzwx"},"bandicam 2020-04-11 16-21-55-805":{"__uuid__":"0aoLYFqFVMy6Y9RVBS4NpI"},"bandicam 2020-04-11 16-21-57-267":{"__uuid__":"06i3NzcFtDZpIBpCj2sLsc"},"bandicam 2020-04-11 16-21-58-613":{"__uuid__":"eaqubV0D9PJaiJ1zjLKKgo"},"bandicam 2020-04-11 16-22-00-475":{"__uuid__":"6eo3jDDftMxInntkgsja7h"},"bandicam 2020-04-11 16-22-02-727":{"__uuid__":"9ahhtarERHj4JmFbyfeyFt"},"bandicam 2020-04-11 16-22-04-267":{"__uuid__":"61Fhu5qsVEZ4RGerW4qPsJ"},"bandicam 2020-04-11 16-22-05-776":{"__uuid__":"f2sELKbzBG6qvUZnifiuTJ"},"bandicam 2020-04-11 16-22-07-271":{"__uuid__":"ea5y55jMlCNYzUbOV+bofv"},"bandicam 2020-04-11 16-22-08-738":{"__uuid__":"28DdOSoH9MJ5LDNVruFVIC"},"bandicam 2020-04-11 16-22-10-171":{"__uuid__":"aePwxgWDFPA7ZCqCqsFBJV"},"bandicam 2020-04-11 16-22-11-546":{"__uuid__":"6alIIWoq5M0K5ZC45xtn2o"}}},[{"__type__":"cc.Prefab","_name":"amazing","data":{"__id__":1}},{"__type__":"cc.Node","_name":"Jiyichaoqun","_children":[{"__id__":2},{"__id__":3}],"_components":[{"__type__":"cc.Animation","node":{"__id__":1},"_defaultClip":{"__uuid__":"79lKkFthNPa7cq3InV34gg"},"_clips":[{"__uuid__":"79lKkFthNPa7cq3InV34gg"}],"playOnLoad":true}],"_prefab":{"__type__":"cc.PrefabInfo","root":{"__id__":1},"asset":{"__uuid__":"b7yXUhuFlNNb+bu2is7UJs"},"fileId":"59UzhNEKREB5AocCXYde93"},"_trs":{"__type__":"TypedArray","ctor":"Float64Array","array":[377.181,678.926,0,0,0,0,1,1,1,1]}},{"__type__":"cc.Node","_name":"Jiyichaoqun_di","_parent":{"__id__":1},"_components":[{"__type__":"cc.Sprite","node":{"__id__":2},"_materials":[{"__uuid__":"ecpdLyjvZBwrvm+cedCcQy"}],"_spriteFrame":{"__uuid__":"da/P/UduBML43dvdMuwEht"}}],"_prefab":{"__type__":"cc.PrefabInfo","root":{"__id__":1},"asset":{"__uuid__":"b7yXUhuFlNNb+bu2is7UJs"},"fileId":"780aziZflFC5iFcL4tS9/1"},"_contentSize":{"__type__":"cc.Size","width":661,"height":117},"_trs":{"__type__":"TypedArray","ctor":"Float64Array","array":[0,0,0,0,0,0,1,1,1,1]}},{"__type__":"cc.Node","_name":"Zi","_parent":{"__id__":1},"_components":[{"__type__":"cc.Sprite","node":{"__id__":3},"_materials":[{"__uuid__":"ecpdLyjvZBwrvm+cedCcQy"}],"_spriteFrame":{"__uuid__":"6alIIWoq5M0K5ZC45xtn2o"}}],"_prefab":{"__type__":"cc.PrefabInfo","root":{"__id__":1},"asset":{"__uuid__":"b7yXUhuFlNNb+bu2is7UJs"},"fileId":"64vIVOLJpG76jkSiBM7Htm"},"_contentSize":{"__type__":"cc.Size","width":306,"height":95},"_trs":{"__type__":"TypedArray","ctor":"Float64Array","array":[0,-7.777,0,0,0,0,1,1.407,1.407,1.407]}}]]