[{"__type__":"cc.SpriteFrame","content":{"name":"转盘_打勾框","texture":"1ba580ca6","rect":[605,68,31,31],"offset":[0,0],"originalSize":[31,31],"capInsets":[0,0,0,0]}},{"__type__":"cc.SpriteFrame","content":{"name":"底框","texture":"1298ae8a0","rect":[366,625,157,187],"offset":[0,0],"originalSize":[157,187],"rotated":1,"capInsets":[0,0,0,0]}},{"__type__":"cc.SpriteFrame","content":{"name":"奖励背景","texture":"16b10d60f","rect":[632,3,552,337],"offset":[0,0],"originalSize":[552,337],"rotated":1,"capInsets":[0,0,0,0]}},{"__type__":"cc.SpriteFrame","content":{"name":"转盘_打勾","texture":"13ca4574f","rect":[600,525,38,32],"offset":[0,0],"originalSize":[38,32],"capInsets":[0,0,0,0]}},{"__type__":"cc.SpriteFrame","content":{"name":"进球-龙卷风","texture":"181f0e3b5","rect":[171,926,93,111],"offset":[0,0],"originalSize":[93,111],"rotated":1,"capInsets":[0,0,0,0]}},{"__type__":"cc.SpriteFrame","content":{"name":"新手特效大礼包","texture":"16b10d60f","rect":[939,628,324,47],"offset":[0,0],"originalSize":[324,47],"rotated":1,"capInsets":[0,0,0,0]}},[{"__type__":"cc.Prefab","_name":"newbieEffectLayer","data":{"__id__":1}},{"__type__":"cc.Node","_name":"newbieEffectLayer","_children":[{"__id__":2},{"__id__":3}],"_components":[{"__type__":"cc.Widget","node":{"__id__":1},"_alignFlags":45},{"__type__":"cc.BlockInputEvents","node":{"__id__":1}},{"__type__":"3afd8m4jW9GIbAAJ13njdh8","node":{"__id__":1}}],"_prefab":{"__type__":"cc.PrefabInfo","root":{"__id__":1},"asset":{"__uuid__":"917/MRAm1PjrsjibtDl0j1"},"fileId":"b2ZI9uCE5Au74Q/STRz0iL"},"_contentSize":{"__type__":"cc.Size","width":750,"height":1334},"_trs":{"__type__":"TypedArray","ctor":"Float64Array","array":[375,667,0,0,0,0,1,1,1,1]}},{"__type__":"cc.Node","_name":"mask","_parent":{"__id__":1},"_components":[{"__type__":"cc.Sprite","node":{"__id__":2},"_materials":[{"__uuid__":"ecpdLyjvZBwrvm+cedCcQy"}],"_spriteFrame":{"__uuid__":"fdZ+FLNoFGtYmgI6Rsppg4"},"_type":1,"_sizeMode":0,"_isTrimmedMode":false},{"__type__":"cc.Button","node":{"__id__":2},"_N$normalColor":{"__type__":"cc.Color","r":214,"g":214,"b":214},"_N$target":{"__id__":2}},{"__type__":"cc.Widget","node":{"__id__":2},"_alignFlags":45,"_left":-1,"_right":-1,"_top":-1,"_bottom":-1,"_originalWidth":16,"_originalHeight":16}],"_prefab":{"__type__":"cc.PrefabInfo","root":{"__id__":1},"asset":{"__uuid__":"917/MRAm1PjrsjibtDl0j1"},"fileId":"67EbqYNDxBRautS9PwfMF8"},"_opacity":180,"_contentSize":{"__type__":"cc.Size","width":752,"height":1336},"_trs":{"__type__":"TypedArray","ctor":"Float64Array","array":[0,0,0,0,0,0,1,1,1,1]}},{"__type__":"cc.Node","_name":"dialog","_parent":{"__id__":1},"_children":[{"__id__":4},{"__id__":32}],"_components":[{"__type__":"96549DGCmlIcZghb3AfRGQI","node":{"__id__":3}}],"_prefab":{"__type__":"cc.PrefabInfo","root":{"__id__":1},"asset":{"__uuid__":"917/MRAm1PjrsjibtDl0j1"},"fileId":"4e0olrghFBEIcfnNmjyfTT"},"_trs":{"__type__":"TypedArray","ctor":"Float64Array","array":[0,0,0,0,0,0,1,1,1,1]}},{"__type__":"cc.Node","_name":"contents","_parent":{"__id__":3},"_children":[{"__id__":5},{"__id__":6},{"__id__":11},{"__id__":12},{"__id__":13},{"__id__":16},{"__id__":19},{"__id__":30}],"_components":[{"__type__":"09bd4f7l0NPfpseMfFdw+uE","node":{"__id__":4}},{"__type__":"cc.BlockInputEvents","node":{"__id__":4}}],"_prefab":{"__type__":"cc.PrefabInfo","root":{"__id__":1},"asset":{"__uuid__":"917/MRAm1PjrsjibtDl0j1"},"fileId":"4aiSlis7pBhLGvmKKezuRa"},"_contentSize":{"__type__":"cc.Size","width":625,"height":735},"_trs":{"__type__":"TypedArray","ctor":"Float64Array","array":[0,66.3,0,0,0,0,1,1,1,1]}},{"__type__":"cc.Node","_name":"bg","_parent":{"__id__":4},"_components":[{"__type__":"cc.Sprite","node":{"__id__":5},"_materials":[{"__uuid__":"ecpdLyjvZBwrvm+cedCcQy"}],"_spriteFrame":{"__uuid__":"7eUA/ecqtKJbHxsn0n8WHp"},"_type":1,"_sizeMode":0,"_isTrimmedMode":false},{"__type__":"cc.Widget","node":{"__id__":5},"_alignFlags":45,"_originalWidth":625,"_originalHeight":628}],"_prefab":{"__type__":"cc.PrefabInfo","root":{"__id__":1},"asset":{"__uuid__":"917/MRAm1PjrsjibtDl0j1"},"fileId":"ad10fh3cdFm46OvsbsbPYr"},"_contentSize":{"__type__":"cc.Size","width":625,"height":735},"_trs":{"__type__":"TypedArray","ctor":"Float64Array","array":[0,0,0,0,0,0,1,1,1,1]}},{"__type__":"cc.Node","_name":"header","_parent":{"__id__":4},"_children":[{"__id__":7},{"__id__":8},{"__id__":9}],"_components":[{"__type__":"cc.Widget","node":{"__id__":6},"_alignFlags":1,"_top":55}],"_prefab":{"__type__":"cc.PrefabInfo","root":{"__id__":1},"asset":{"__uuid__":"917/MRAm1PjrsjibtDl0j1"},"fileId":"95vah1hZ9H/79/1z0mYraU"},"_trs":{"__type__":"TypedArray","ctor":"Float64Array","array":[0,312.5,0,0,0,0,1,1,1,1]}},{"__type__":"cc.Node","_name":"title_light","_parent":{"__id__":6},"_components":[{"__type__":"ade161OMgVMKpmjDqerbeZb","node":{"__id__":7},"_prefab":{"__uuid__":"a9R2AW7eJGzoql/lnwjPLu"}}],"_prefab":{"__type__":"cc.PrefabInfo","root":{"__id__":1},"asset":{"__uuid__":"917/MRAm1PjrsjibtDl0j1"},"fileId":"bewRQB805LxpNAA1aaY/OE"},"_contentSize":{"__type__":"cc.Size","width":618,"height":104},"_trs":{"__type__":"TypedArray","ctor":"Float64Array","array":[0,0,0,0,0,0,1,1,1,1]}},{"__type__":"cc.Node","_name":"title","_parent":{"__id__":6},"_components":[{"__type__":"cc.Sprite","node":{"__id__":8},"_materials":[{"__uuid__":"ecpdLyjvZBwrvm+cedCcQy"}],"_spriteFrame":{"__uuid__":"3chLQt0zhE5owJUzD8LXXp"}}],"_prefab":{"__type__":"cc.PrefabInfo","root":{"__id__":1},"asset":{"__uuid__":"917/MRAm1PjrsjibtDl0j1"},"fileId":"96s/qFU2NAlJtljW1iE8ve"},"_contentSize":{"__type__":"cc.Size","width":324,"height":47},"_trs":{"__type__":"TypedArray","ctor":"Float64Array","array":[0,-5,0,0,0,0,1,1,1,1]}},{"__type__":"cc.Node","_name":"close_btn","_parent":{"__id__":6},"_children":[{"__id__":10}],"_components":[{"__type__":"cc.Button","node":{"__id__":9},"zoomScale":1.1,"_N$transition":3,"transition":3}],"_prefab":{"__type__":"cc.PrefabInfo","root":{"__id__":1},"asset":{"__uuid__":"917/MRAm1PjrsjibtDl0j1"},"fileId":"a5uDCHerxNcYf+wUbGbma4"},"_contentSize":{"__type__":"cc.Size","width":98,"height":98},"_trs":{"__type__":"TypedArray","ctor":"Float64Array","array":[259.84,-3,0,0,0,0,1,1,1,0]}},{"__type__":"cc.Node","_name":"text","_parent":{"__id__":9},"_components":[{"__type__":"cc.Sprite","node":{"__id__":10},"_materials":[{"__uuid__":"ecpdLyjvZBwrvm+cedCcQy"}],"_spriteFrame":{"__uuid__":"e2qKO1X95Gk6tYQAVxQ0sN"}}],"_prefab":{"__type__":"cc.PrefabInfo","root":{"__id__":1},"asset":{"__uuid__":"917/MRAm1PjrsjibtDl0j1"},"fileId":"0cKBtlcbRFKqUhOxSw9XUr"},"_contentSize":{"__type__":"cc.Size","width":38,"height":38},"_trs":{"__type__":"TypedArray","ctor":"Float64Array","array":[0,0,0,0,0,0,1,1,1,1]}},{"__type__":"cc.Node","_name":"bg2","_parent":{"__id__":4},"_components":[{"__type__":"cc.Sprite","node":{"__id__":11},"_materials":[{"__uuid__":"ecpdLyjvZBwrvm+cedCcQy"}],"_spriteFrame":{"__uuid__":"81pgx284hKz4Tlrqr1L8Zo"},"_type":1,"_sizeMode":0}],"_prefab":{"__type__":"cc.PrefabInfo","root":{"__id__":1},"asset":{"__uuid__":"917/MRAm1PjrsjibtDl0j1"},"fileId":"7ea6iT7oxKd6dT33FlXm3L"},"_contentSize":{"__type__":"cc.Size","width":590,"height":411},"_trs":{"__type__":"TypedArray","ctor":"Float64Array","array":[0,39,0,0,0,0,1,1,1,1]}},{"__type__":"cc.Node","_name":"bg3","_parent":{"__id__":4},"_components":[{"__type__":"cc.Sprite","node":{"__id__":12},"_materials":[{"__uuid__":"ecpdLyjvZBwrvm+cedCcQy"}],"_spriteFrame":{"__uuid__":"113kMS1EtFWq0q05NnsE+J"}}],"_prefab":{"__type__":"cc.PrefabInfo","root":{"__id__":1},"asset":{"__uuid__":"917/MRAm1PjrsjibtDl0j1"},"fileId":"b5Dc4WTkpJAosoP66Zr0wU"},"_contentSize":{"__type__":"cc.Size","width":552,"height":337},"_trs":{"__type__":"TypedArray","ctor":"Float64Array","array":[0,60,0,0,0,0,1,1,1,1]}},{"__type__":"cc.Node","_name":"b1","_parent":{"__id__":4},"_children":[{"__id__":14},{"__id__":15}],"_components":[{"__type__":"cc.Sprite","node":{"__id__":13},"_materials":[{"__uuid__":"ecpdLyjvZBwrvm+cedCcQy"}],"_spriteFrame":{"__uuid__":"10VwbyZElO4YcL7vjkJpcv"}}],"_prefab":{"__type__":"cc.PrefabInfo","root":{"__id__":1},"asset":{"__uuid__":"917/MRAm1PjrsjibtDl0j1"},"fileId":"bczYEqpBFGFrVqTTFS6AaY"},"_contentSize":{"__type__":"cc.Size","width":157,"height":187},"_trs":{"__type__":"TypedArray","ctor":"Float64Array","array":[-120,110,0,0,0,0,1,1,1,1]}},{"__type__":"cc.Node","_name":"icon","_parent":{"__id__":13},"_components":[{"__type__":"cc.Sprite","node":{"__id__":14},"_materials":[{"__uuid__":"ecpdLyjvZBwrvm+cedCcQy"}],"_spriteFrame":{"__uuid__":"f5bXW3YTdKyL+yEkFb/iBt"}}],"_prefab":{"__type__":"cc.PrefabInfo","root":{"__id__":1},"asset":{"__uuid__":"917/MRAm1PjrsjibtDl0j1"},"fileId":"92Gt0myGRFp49NcgbvZ00k"},"_contentSize":{"__type__":"cc.Size","width":151,"height":181},"_trs":{"__type__":"TypedArray","ctor":"Float64Array","array":[0,0,0,0,0,0,1,1,1,1]}},{"__type__":"cc.Node","_name":"label","_parent":{"__id__":13},"_components":[{"__type__":"cc.Label","node":{"__id__":15},"_materials":[{"__uuid__":"ecpdLyjvZBwrvm+cedCcQy"}],"_useOriginalSize":false,"_string":"","_N$string":"","_fontSize":20,"_lineHeight":21,"_styleFlags":1,"_N$horizontalAlign":1,"_N$verticalAlign":1}],"_prefab":{"__type__":"cc.PrefabInfo","root":{"__id__":1},"asset":{"__uuid__":"917/MRAm1PjrsjibtDl0j1"},"fileId":"7bmP3WO2xA0rWiYBjNk11E"},"_contentSize":{"__type__":"cc.Size","width":66.66,"height":26.46},"_trs":{"__type__":"TypedArray","ctor":"Float64Array","array":[0,-74.606,0,0,0,0,1,1,1,1]}},{"__type__":"cc.Node","_name":"b2","_parent":{"__id__":4},"_children":[{"__id__":17},{"__id__":18}],"_components":[{"__type__":"cc.Sprite","node":{"__id__":16},"_materials":[{"__uuid__":"ecpdLyjvZBwrvm+cedCcQy"}],"_spriteFrame":{"__uuid__":"10VwbyZElO4YcL7vjkJpcv"}}],"_prefab":{"__type__":"cc.PrefabInfo","root":{"__id__":1},"asset":{"__uuid__":"917/MRAm1PjrsjibtDl0j1"},"fileId":"627JtzcaJN1Lk0QgQ0TYlA"},"_contentSize":{"__type__":"cc.Size","width":157,"height":187},"_trs":{"__type__":"TypedArray","ctor":"Float64Array","array":[110,110,0,0,0,0,1,1,1,1]}},{"__type__":"cc.Node","_name":"icon","_parent":{"__id__":16},"_components":[{"__type__":"cc.Sprite","node":{"__id__":17},"_materials":[{"__uuid__":"ecpdLyjvZBwrvm+cedCcQy"}],"_spriteFrame":{"__uuid__":"38KVuhWppDy73n1dE9iMJU"}}],"_prefab":{"__type__":"cc.PrefabInfo","root":{"__id__":1},"asset":{"__uuid__":"917/MRAm1PjrsjibtDl0j1"},"fileId":"9fEKOzikJP6qo3HnD2mWsp"},"_contentSize":{"__type__":"cc.Size","width":93,"height":111},"_trs":{"__type__":"TypedArray","ctor":"Float64Array","array":[0,0,0,0,0,0,1,1,1,1]}},{"__type__":"cc.Node","_name":"label","_parent":{"__id__":16},"_components":[{"__type__":"cc.Label","node":{"__id__":18},"_materials":[{"__uuid__":"ecpdLyjvZBwrvm+cedCcQy"}],"_useOriginalSize":false,"_string":"","_N$string":"","_fontSize":20,"_lineHeight":21,"_styleFlags":1,"_N$horizontalAlign":1,"_N$verticalAlign":1}],"_prefab":{"__type__":"cc.PrefabInfo","root":{"__id__":1},"asset":{"__uuid__":"917/MRAm1PjrsjibtDl0j1"},"fileId":"56NbqSQh9CAoYfjKZt2XTd"},"_contentSize":{"__type__":"cc.Size","width":106.66,"height":26.46},"_trs":{"__type__":"TypedArray","ctor":"Float64Array","array":[0,-74.606,0,0,0,0,1,1,1,1]}},{"__type__":"cc.Node","_name":"$subscribe_node","_parent":{"__id__":4},"_children":[{"__id__":20},{"__id__":25},{"__id__":28}],"_prefab":{"__type__":"cc.PrefabInfo","root":{"__id__":1},"asset":{"__uuid__":"917/MRAm1PjrsjibtDl0j1"},"fileId":"8bcCWY839ADbcfY/Au0v5b"},"_trs":{"__type__":"TypedArray","ctor":"Float64Array","array":[0,-202.748,0,0,0,0,1,1,1,1]}},{"__type__":"cc.Node","_name":"$subscribe_toggle","_parent":{"__id__":19},"_children":[{"__id__":21},{"__id__":22},{"__id__":24}],"_components":[{"__type__":"cc.Toggle","node":{"__id__":20},"_N$transition":3,"transition":3,"_N$normalColor":{"__type__":"cc.Color","r":214,"g":214,"b":214},"_N$target":{"__id__":21},"checkMark":{"__id__":23}}],"_prefab":{"__type__":"cc.PrefabInfo","root":{"__id__":1},"asset":{"__uuid__":"917/MRAm1PjrsjibtDl0j1"},"fileId":"69bP0VOhdJMpfQHeBnUAv4"},"_contentSize":{"__type__":"cc.Size","width":50,"height":50},"_trs":{"__type__":"TypedArray","ctor":"Float64Array","array":[-148,62.748,0,0,0,0,1,1,1,1]}},{"__type__":"cc.Node","_name":"Background","_objFlags":512,"_parent":{"__id__":20},"_components":[{"__type__":"cc.Sprite","node":{"__id__":21},"_materials":[{"__uuid__":"ecpdLyjvZBwrvm+cedCcQy"}],"_spriteFrame":{"__uuid__":"0dauubmXBKRIIIHlQmPRkY"}}],"_prefab":{"__type__":"cc.PrefabInfo","root":{"__id__":1},"asset":{"__uuid__":"917/MRAm1PjrsjibtDl0j1"},"fileId":"a5K2ff4ABPYqV2f/+KVcBz"},"_contentSize":{"__type__":"cc.Size","width":31,"height":31},"_trs":{"__type__":"TypedArray","ctor":"Float64Array","array":[0,0,0,0,0,0,1,1,1,0]}},{"__type__":"cc.Node","_name":"checkmark","_objFlags":512,"_parent":{"__id__":20},"_components":[{"__id__":23}],"_prefab":{"__type__":"cc.PrefabInfo","root":{"__id__":1},"asset":{"__uuid__":"917/MRAm1PjrsjibtDl0j1"},"fileId":"3fj1Y8vL5Fr7EmXNxbygKb"},"_contentSize":{"__type__":"cc.Size","width":38,"height":32},"_trs":{"__type__":"TypedArray","ctor":"Float64Array","array":[3,1,0,0,0,0,1,1,1,1]}},{"__type__":"cc.Sprite","node":{"__id__":22},"_materials":[{"__uuid__":"ecpdLyjvZBwrvm+cedCcQy"}],"_spriteFrame":{"__uuid__":"29c1EZICFAIo889TyIa+zb"},"_sizeMode":2,"_isTrimmedMode":false},{"__type__":"cc.Node","_name":"$subscribe_lbl","_parent":{"__id__":20},"_components":[{"__type__":"cc.Label","node":{"__id__":24},"_materials":[{"__uuid__":"ecpdLyjvZBwrvm+cedCcQy"}],"_useOriginalSize":false,"_string":"是否需要微信通知你收取奖励","_N$string":"是否需要微信通知你收取奖励","_fontSize":22,"_lineHeight":23,"_N$verticalAlign":1},{"__type__":"cc.LabelOutline","node":{"__id__":24},"_color":{"__type__":"cc.Color","r":54,"g":131,"b":184},"_width":3}],"_prefab":{"__type__":"cc.PrefabInfo","root":{"__id__":1},"asset":{"__uuid__":"917/MRAm1PjrsjibtDl0j1"},"fileId":"b1xZbDJv1Npa23J3eJkw2D"},"_contentSize":{"__type__":"cc.Size","width":292,"height":34.980000000000004},"_anchorPoint":{"__type__":"cc.Vec2","y":0.5},"_trs":{"__type__":"TypedArray","ctor":"Float64Array","array":[23.972,2,0,0,0,0,1,1,1,1]}},{"__type__":"cc.Node","_name":"layout","_parent":{"__id__":19},"_children":[{"__id__":26},{"__id__":27}],"_components":[{"__type__":"cc.Layout","node":{"__id__":25},"_layoutSize":{"__type__":"cc.Size","width":179.06},"_resize":1,"_N$layoutType":1,"_N$spacingX":4}],"_prefab":{"__type__":"cc.PrefabInfo","root":{"__id__":1},"asset":{"__uuid__":"917/MRAm1PjrsjibtDl0j1"},"fileId":"eaH+NbWXdDyp6wAWYbIY+g"},"_contentSize":{"__type__":"cc.Size","width":179.06},"_trs":{"__type__":"TypedArray","ctor":"Float64Array","array":[0,0,0,0,0,0,1,1,1,1]}},{"__type__":"cc.Node","_name":"$time_lbl","_parent":{"__id__":25},"_components":[{"__type__":"cc.Label","node":{"__id__":26},"_materials":[{"__uuid__":"ecpdLyjvZBwrvm+cedCcQy"}],"_useOriginalSize":false,"_string":"00:00:00","_N$string":"00:00:00","_fontSize":22,"_lineHeight":23,"_styleFlags":1,"_N$horizontalAlign":1,"_N$verticalAlign":1},{"__type__":"54d03y+mg1K+6NNraXJjTEJ","node":{"__id__":26}}],"_prefab":{"__type__":"cc.PrefabInfo","root":{"__id__":1},"asset":{"__uuid__":"917/MRAm1PjrsjibtDl0j1"},"fileId":"62pZsXiMtBiovjQ1aUKmxh"},"_color":{"__type__":"cc.Color","r":30,"g":93,"b":142},"_contentSize":{"__type__":"cc.Size","width":88.06,"height":28.98},"_trs":{"__type__":"TypedArray","ctor":"Float64Array","array":[-45.5,1,0,0,0,0,1,1,1,1]}},{"__type__":"cc.Node","_name":"t2","_parent":{"__id__":25},"_components":[{"__type__":"cc.Sprite","node":{"__id__":27},"_materials":[{"__uuid__":"ecpdLyjvZBwrvm+cedCcQy"}],"_spriteFrame":{"__uuid__":"aa/NAlRmVJM7f8TTThMhDn"}}],"_prefab":{"__type__":"cc.PrefabInfo","root":{"__id__":1},"asset":{"__uuid__":"917/MRAm1PjrsjibtDl0j1"},"fileId":"c3Yepiyu9AbaSCEh0gtshe"},"_contentSize":{"__type__":"cc.Size","width":87,"height":21},"_trs":{"__type__":"TypedArray","ctor":"Float64Array","array":[46.03,0,0,0,0,0,1,1,1,1]}},{"__type__":"cc.Node","_name":"ok_btn","_parent":{"__id__":19},"_children":[{"__id__":29}],"_components":[{"__type__":"cc.Button","node":{"__id__":28},"_normalMaterial":{"__uuid__":"ecpdLyjvZBwrvm+cedCcQy"},"zoomScale":1.1,"clickEvents":[{"__type__":"cc.ClickEvent","target":{"__id__":1},"_componentId":"3afd8m4jW9GIbAAJ13njdh8","handler":"onBtnCloseClick"}],"_N$transition":3,"transition":3}],"_prefab":{"__type__":"cc.PrefabInfo","root":{"__id__":1},"asset":{"__uuid__":"917/MRAm1PjrsjibtDl0j1"},"fileId":"daxsJTxxhBtIyvVGahOSgL"},"_contentSize":{"__type__":"cc.Size","width":295,"height":100},"_trs":{"__type__":"TypedArray","ctor":"Float64Array","array":[0,-87.252,0,0,0,0,1,1,1,0]}},{"__type__":"cc.Node","_name":"text","_parent":{"__id__":28},"_components":[{"__type__":"cc.Sprite","node":{"__id__":29},"_materials":[{"__uuid__":"ecpdLyjvZBwrvm+cedCcQy"}],"_spriteFrame":{"__uuid__":"f8ULCWZlZNcJagyUf0D4pD"}}],"_prefab":{"__type__":"cc.PrefabInfo","root":{"__id__":1},"asset":{"__uuid__":"917/MRAm1PjrsjibtDl0j1"},"fileId":"2fTX2aYalE94gVmyFpzvKN"},"_contentSize":{"__type__":"cc.Size","width":315,"height":121},"_trs":{"__type__":"TypedArray","ctor":"Float64Array","array":[0,-9,0,0,0,0,1,1,1,1]}},{"__type__":"cc.Node","_name":"$receive_btn","_parent":{"__id__":4},"_children":[{"__id__":31}],"_active":false,"_components":[{"__type__":"cc.Button","node":{"__id__":30},"_normalMaterial":{"__uuid__":"ecpdLyjvZBwrvm+cedCcQy"},"zoomScale":1.1,"clickEvents":[{"__type__":"cc.ClickEvent","target":{"__id__":1},"_componentId":"3afd8m4jW9GIbAAJ13njdh8","handler":"onBtnReceiveClick"}],"_N$transition":3,"transition":3}],"_prefab":{"__type__":"cc.PrefabInfo","root":{"__id__":1},"asset":{"__uuid__":"917/MRAm1PjrsjibtDl0j1"},"fileId":"a9/jug4/1HSpT+P65XEVtb"},"_contentSize":{"__type__":"cc.Size","width":295,"height":100},"_trs":{"__type__":"TypedArray","ctor":"Float64Array","array":[0,-250,0,0,0,0,1,1,1,1]}},{"__type__":"cc.Node","_name":"text","_parent":{"__id__":30},"_components":[{"__type__":"cc.Sprite","node":{"__id__":31},"_materials":[{"__uuid__":"ecpdLyjvZBwrvm+cedCcQy"}],"_spriteFrame":{"__uuid__":"46qU+g3v1OSoPEDf/cshFN"}}],"_prefab":{"__type__":"cc.PrefabInfo","root":{"__id__":1},"asset":{"__uuid__":"917/MRAm1PjrsjibtDl0j1"},"fileId":"02Xlb/55NELZDcDeVf4Kxe"},"_contentSize":{"__type__":"cc.Size","width":315,"height":121},"_trs":{"__type__":"TypedArray","ctor":"Float64Array","array":[0,-9,0,0,0,0,1,1,1,1]}},{"__type__":"cc.Node","_name":"banner","_parent":{"__id__":3},"_components":[{"__type__":"ce3f9aG6A1If7y9kH3tgvq2","node":{"__id__":32}}],"_prefab":{"__type__":"cc.PrefabInfo","root":{"__id__":1},"asset":{"__uuid__":"917/MRAm1PjrsjibtDl0j1"},"fileId":"baUm+0hiNJnZraTn4AM4oF"},"_trs":{"__type__":"TypedArray","ctor":"Float64Array","array":[0,-305.228,0,0,0,0,1,1,1,1]}}],{"__type__":"cc.SpriteFrame","content":{"name":"后可领取","texture":"1298ae8a0","rect":[3,995,87,21],"offset":[0,0],"originalSize":[87,21],"capInsets":[0,0,0,0]}},{"__type__":"cc.SpriteFrame","content":{"name":"击球-电","texture":"1298ae8a0","rect":[300,839,151,181],"offset":[0,0],"originalSize":[151,181],"capInsets":[0,0,0,0]}},{"__type__":"cc.SpriteFrame","content":{"name":"好的","texture":"1298ae8a0","rect":[631,491,315,121],"offset":[0,0],"originalSize":[315,121],"capInsets":[0,0,0,0]}}]