[{"__type__":"cc.SpriteFrame","content":{"name":"邀请有礼_文本2","texture":"1ba580ca6","rect":[175,499,453,25],"offset":[0,0],"originalSize":[453,25],"capInsets":[0,0,0,0]}},[{"__type__":"cc.Prefab","_name":"inviteLayer","data":{"__id__":1}},{"__type__":"cc.Node","_name":"inviteLayer","_children":[{"__id__":2},{"__id__":3}],"_components":[{"__type__":"cc.Widget","node":{"__id__":1},"_alignFlags":45},{"__type__":"cc.BlockInputEvents","node":{"__id__":1}},{"__type__":"bad0cOzGoVGI445a2IXkMEq","node":{"__id__":1},"avatarSf":{"__uuid__":"e1LbhNqvtBQJFazVfbkldc"},"btnSf":{"__uuid__":"e4EIljAMNPuba1JROM9jsH"}}],"_prefab":{"__type__":"cc.PrefabInfo","root":{"__id__":1},"asset":{"__uuid__":"46me0NT/RO66PQYx8QT/kM"},"fileId":"b2ZI9uCE5Au74Q/STRz0iL"},"_contentSize":{"__type__":"cc.Size","width":750,"height":1334},"_trs":{"__type__":"TypedArray","ctor":"Float64Array","array":[375,667,0,0,0,0,1,1,1,1]}},{"__type__":"cc.Node","_name":"mask","_parent":{"__id__":1},"_components":[{"__type__":"cc.Sprite","node":{"__id__":2},"_materials":[{"__uuid__":"ecpdLyjvZBwrvm+cedCcQy"}],"_spriteFrame":{"__uuid__":"fdZ+FLNoFGtYmgI6Rsppg4"},"_type":1,"_sizeMode":0,"_isTrimmedMode":false},{"__type__":"cc.Button","node":{"__id__":2},"_N$normalColor":{"__type__":"cc.Color","r":214,"g":214,"b":214},"_N$target":{"__id__":2}},{"__type__":"cc.Widget","node":{"__id__":2},"_alignFlags":45,"_left":-1,"_right":-1,"_top":-1,"_bottom":-1,"_originalWidth":16,"_originalHeight":16}],"_prefab":{"__type__":"cc.PrefabInfo","root":{"__id__":1},"asset":{"__uuid__":"46me0NT/RO66PQYx8QT/kM"},"fileId":"67EbqYNDxBRautS9PwfMF8"},"_opacity":180,"_contentSize":{"__type__":"cc.Size","width":752,"height":1336},"_trs":{"__type__":"TypedArray","ctor":"Float64Array","array":[0,0,0,0,0,0,1,1,1,1]}},{"__type__":"cc.Node","_name":"dialog","_parent":{"__id__":1},"_children":[{"__id__":4},{"__id__":32}],"_components":[{"__type__":"96549DGCmlIcZghb3AfRGQI","node":{"__id__":3}}],"_prefab":{"__type__":"cc.PrefabInfo","root":{"__id__":1},"asset":{"__uuid__":"46me0NT/RO66PQYx8QT/kM"},"fileId":"19pEruYqhJjrAkAknf+vUE"},"_trs":{"__type__":"TypedArray","ctor":"Float64Array","array":[0,0,0,0,0,0,1,1,1,1]}},{"__type__":"cc.Node","_name":"contents","_parent":{"__id__":3},"_children":[{"__id__":5},{"__id__":6},{"__id__":11},{"__id__":12},{"__id__":13},{"__id__":15},{"__id__":16},{"__id__":17},{"__id__":18},{"__id__":19},{"__id__":20},{"__id__":21},{"__id__":22},{"__id__":27}],"_components":[{"__type__":"09bd4f7l0NPfpseMfFdw+uE","node":{"__id__":4}},{"__type__":"cc.BlockInputEvents","node":{"__id__":4}}],"_prefab":{"__type__":"cc.PrefabInfo","root":{"__id__":1},"asset":{"__uuid__":"46me0NT/RO66PQYx8QT/kM"},"fileId":"51qPXPM9RH6blewgAKdmh5"},"_contentSize":{"__type__":"cc.Size","width":684,"height":650},"_trs":{"__type__":"TypedArray","ctor":"Float64Array","array":[0,0,0,0,0,0,1,1,1,1]}},{"__type__":"cc.Node","_name":"bg","_parent":{"__id__":4},"_components":[{"__type__":"cc.Sprite","node":{"__id__":5},"_materials":[{"__uuid__":"ecpdLyjvZBwrvm+cedCcQy"}],"_spriteFrame":{"__uuid__":"7eUA/ecqtKJbHxsn0n8WHp"},"_type":1,"_sizeMode":0,"_isTrimmedMode":false},{"__type__":"cc.Widget","node":{"__id__":5},"_alignFlags":45,"_originalWidth":625,"_originalHeight":771}],"_prefab":{"__type__":"cc.PrefabInfo","root":{"__id__":1},"asset":{"__uuid__":"46me0NT/RO66PQYx8QT/kM"},"fileId":"24NmMqu0hBcJJ/rVpJsLQs"},"_contentSize":{"__type__":"cc.Size","width":684,"height":650},"_trs":{"__type__":"TypedArray","ctor":"Float64Array","array":[0,0,0,0,0,0,1,1,1,1]}},{"__type__":"cc.Node","_name":"title_node","_parent":{"__id__":4},"_children":[{"__id__":7},{"__id__":8},{"__id__":9}],"_components":[{"__type__":"cc.Widget","node":{"__id__":6},"_alignFlags":1,"_top":53.5}],"_prefab":{"__type__":"cc.PrefabInfo","root":{"__id__":1},"asset":{"__uuid__":"46me0NT/RO66PQYx8QT/kM"},"fileId":"62SMrziwNOs4wB9o5cdGUN"},"_trs":{"__type__":"TypedArray","ctor":"Float64Array","array":[0.9,271.5,0,0,0,0,1,1,1,1]}},{"__type__":"cc.Node","_name":"title_light","_parent":{"__id__":6},"_components":[{"__type__":"ade161OMgVMKpmjDqerbeZb","node":{"__id__":7},"_prefab":{"__uuid__":"a9R2AW7eJGzoql/lnwjPLu"}}],"_prefab":{"__type__":"cc.PrefabInfo","root":{"__id__":1},"asset":{"__uuid__":"46me0NT/RO66PQYx8QT/kM"},"fileId":"b0Ke+vpQtPIIuFpKXf24xd"},"_contentSize":{"__type__":"cc.Size","width":676,"height":104},"_trs":{"__type__":"TypedArray","ctor":"Float64Array","array":[0,-2,0,0,0,0,1,1,1,1]}},{"__type__":"cc.Node","_name":"title","_parent":{"__id__":6},"_components":[{"__type__":"cc.Sprite","node":{"__id__":8},"_materials":[{"__uuid__":"ecpdLyjvZBwrvm+cedCcQy"}],"_spriteFrame":{"__uuid__":"bex9kv54hFW54aF3jJK1Gm"}}],"_prefab":{"__type__":"cc.PrefabInfo","root":{"__id__":1},"asset":{"__uuid__":"46me0NT/RO66PQYx8QT/kM"},"fileId":"b4Ya8XymNBEJ2bskbfLXlc"},"_contentSize":{"__type__":"cc.Size","width":186,"height":47},"_trs":{"__type__":"TypedArray","ctor":"Float64Array","array":[-0.9,-2,0,0,0,0,1,1,1,1]}},{"__type__":"cc.Node","_name":"close_btn","_parent":{"__id__":6},"_children":[{"__id__":10}],"_components":[{"__type__":"cc.Button","node":{"__id__":9},"zoomScale":1.1,"_N$transition":3,"transition":3}],"_prefab":{"__type__":"cc.PrefabInfo","root":{"__id__":1},"asset":{"__uuid__":"46me0NT/RO66PQYx8QT/kM"},"fileId":"6eMST/MkZFXb7kfqlskNlM"},"_contentSize":{"__type__":"cc.Size","width":98,"height":98},"_trs":{"__type__":"TypedArray","ctor":"Float64Array","array":[287.848,-2,0,0,0,0,1,1,1,0]}},{"__type__":"cc.Node","_name":"text","_parent":{"__id__":9},"_components":[{"__type__":"cc.Sprite","node":{"__id__":10},"_materials":[{"__uuid__":"ecpdLyjvZBwrvm+cedCcQy"}],"_spriteFrame":{"__uuid__":"e2qKO1X95Gk6tYQAVxQ0sN"}}],"_prefab":{"__type__":"cc.PrefabInfo","root":{"__id__":1},"asset":{"__uuid__":"46me0NT/RO66PQYx8QT/kM"},"fileId":"ddesDk+AZKlZhevmGMCWLf"},"_contentSize":{"__type__":"cc.Size","width":38,"height":38},"_trs":{"__type__":"TypedArray","ctor":"Float64Array","array":[0,0,0,0,0,0,1,1,1,1]}},{"__type__":"cc.Node","_name":"bg2","_parent":{"__id__":4},"_components":[{"__type__":"cc.Sprite","node":{"__id__":11},"_materials":[{"__uuid__":"ecpdLyjvZBwrvm+cedCcQy"}],"_spriteFrame":{"__uuid__":"81pgx284hKz4Tlrqr1L8Zo"},"_type":1,"_sizeMode":0},{"__type__":"cc.Widget","node":{"__id__":11},"_alignFlags":5,"_top":116.5,"_bottom":92.5,"_originalHeight":911}],"_prefab":{"__type__":"cc.PrefabInfo","root":{"__id__":1},"asset":{"__uuid__":"46me0NT/RO66PQYx8QT/kM"},"fileId":"6a6RtcQwhOoYgGeaDSZKFt"},"_contentSize":{"__type__":"cc.Size","width":670,"height":441},"_trs":{"__type__":"TypedArray","ctor":"Float64Array","array":[0,-12,0,0,0,0,1,1,1,1]}},{"__type__":"cc.Node","_name":"bg3","_parent":{"__id__":4},"_components":[{"__type__":"cc.Sprite","node":{"__id__":12},"_materials":[{"__uuid__":"ecpdLyjvZBwrvm+cedCcQy"}],"_spriteFrame":{"__uuid__":"b8oDdEliJAFrko13kuBWGz"},"_type":1,"_sizeMode":0}],"_prefab":{"__type__":"cc.PrefabInfo","root":{"__id__":1},"asset":{"__uuid__":"46me0NT/RO66PQYx8QT/kM"},"fileId":"8dXa3xQxZCgqbQEPcsZfGf"},"_contentSize":{"__type__":"cc.Size","width":637,"height":274},"_trs":{"__type__":"TypedArray","ctor":"Float64Array","array":[0,56.614000000000004,0,0,0,0,1,1,1,1]}},{"__type__":"cc.Node","_name":"mask","_parent":{"__id__":4},"_children":[{"__id__":14}],"_components":[{"__type__":"cc.Mask","node":{"__id__":13},"_materials":[{"__uuid__":"ecpdLyjvZBwrvm+cedCcQy"}]}],"_prefab":{"__type__":"cc.PrefabInfo","root":{"__id__":1},"asset":{"__uuid__":"46me0NT/RO66PQYx8QT/kM"},"fileId":"58RrpHwm1CU7SEatIzSAm5"},"_contentSize":{"__type__":"cc.Size","width":631,"height":270},"_trs":{"__type__":"TypedArray","ctor":"Float64Array","array":[0,56.614000000000004,0,0,0,0,1,1,1,1]}},{"__type__":"cc.Node","_name":"node","_parent":{"__id__":13},"_children":[{"__type__":"cc.Node","_name":"$cue_node","_parent":{"__id__":14},"_prefab":{"__type__":"cc.PrefabInfo","root":{"__id__":1},"asset":{"__uuid__":"46me0NT/RO66PQYx8QT/kM"},"fileId":"b6CfpAVLJMjb32yblTTlTs"},"_trs":{"__type__":"TypedArray","ctor":"Float64Array","array":[0,0,0,0,0,-0.5774515907011507,0.8164249263690512,1,1,1]},"_eulerAngles":{"__type__":"cc.Vec3","z":-70.543}}],"_components":[{"__type__":"f1d7aNi0Y9KzZW02HGn2qIU","node":{"__id__":14},"startPos":{"__type__":"cc.Vec2","x":-250,"y":-80},"endPos":{"__type__":"cc.Vec2","x":-250,"y":-100},"duration":2,"easing":false}],"_prefab":{"__type__":"cc.PrefabInfo","root":{"__id__":1},"asset":{"__uuid__":"46me0NT/RO66PQYx8QT/kM"},"fileId":"6bmH7LiXBABLuhW8v+WQlF"},"_trs":{"__type__":"TypedArray","ctor":"Float64Array","array":[-250,-80,0,0,0,0,1,0.45,0.45,1]}},{"__type__":"cc.Node","_name":"bg4","_parent":{"__id__":4},"_components":[{"__type__":"cc.Sprite","node":{"__id__":15},"_materials":[{"__uuid__":"ecpdLyjvZBwrvm+cedCcQy"}],"_spriteFrame":{"__uuid__":"e2DVl0HoxHSK+vALmAmn76"}}],"_prefab":{"__type__":"cc.PrefabInfo","root":{"__id__":1},"asset":{"__uuid__":"46me0NT/RO66PQYx8QT/kM"},"fileId":"52dCxA/sBIN4pUi4zIK5EQ"},"_contentSize":{"__type__":"cc.Size","width":633,"height":59},"_trs":{"__type__":"TypedArray","ctor":"Float64Array","array":[0,-48.424,0,0,0,0,1,1,1,1]}},{"__type__":"cc.Node","_name":"number_bg","_parent":{"__id__":4},"_components":[{"__type__":"cc.Sprite","node":{"__id__":16},"_materials":[{"__uuid__":"ecpdLyjvZBwrvm+cedCcQy"}],"_spriteFrame":{"__uuid__":"193Z8cX+hGGojgdEZG8EQi"}}],"_prefab":{"__type__":"cc.PrefabInfo","root":{"__id__":1},"asset":{"__uuid__":"46me0NT/RO66PQYx8QT/kM"},"fileId":"42SrHqm1BFX4mDyIcvYx7h"},"_contentSize":{"__type__":"cc.Size","width":453,"height":25},"_trs":{"__type__":"TypedArray","ctor":"Float64Array","array":[0,-49.028,0,0,0,0,1,1,1,1]}},{"__type__":"cc.Node","_name":"$number_lbl","_parent":{"__id__":4},"_components":[{"__type__":"cc.Label","node":{"__id__":17},"_materials":[{"__uuid__":"ecpdLyjvZBwrvm+cedCcQy"}],"_useOriginalSize":false,"_string":"0","_N$string":"0","_fontSize":26,"_lineHeight":28,"_N$horizontalAlign":1,"_N$verticalAlign":1}],"_prefab":{"__type__":"cc.PrefabInfo","root":{"__id__":1},"asset":{"__uuid__":"46me0NT/RO66PQYx8QT/kM"},"fileId":"84BrmoG+FI+I4oVnsYw1ZB"},"_contentSize":{"__type__":"cc.Size","width":14.46,"height":35.28},"_trs":{"__type__":"TypedArray","ctor":"Float64Array","array":[179,-48.935,0,0,0,0,1,1,1,1]}},{"__type__":"cc.Node","_name":"bg5","_parent":{"__id__":4},"_components":[{"__type__":"cc.Sprite","node":{"__id__":18},"_materials":[{"__uuid__":"ecpdLyjvZBwrvm+cedCcQy"}],"_spriteFrame":{"__uuid__":"da2dm+L31DjYc9La25bBhz"}}],"_prefab":{"__type__":"cc.PrefabInfo","root":{"__id__":1},"asset":{"__uuid__":"46me0NT/RO66PQYx8QT/kM"},"fileId":"87/FulBuxDk7EDIhNy1F+3"},"_contentSize":{"__type__":"cc.Size","width":268,"height":48},"_trs":{"__type__":"TypedArray","ctor":"Float64Array","array":[-182.444,152.146,0,0,0,0,1,1,1,1]}},{"__type__":"cc.Node","_name":"bg6","_parent":{"__id__":4},"_components":[{"__type__":"cc.Sprite","node":{"__id__":19},"_materials":[{"__uuid__":"ecpdLyjvZBwrvm+cedCcQy"}],"_spriteFrame":{"__uuid__":"56Sj4ZsIxHQo5/bY6bopiV"}}],"_prefab":{"__type__":"cc.PrefabInfo","root":{"__id__":1},"asset":{"__uuid__":"46me0NT/RO66PQYx8QT/kM"},"fileId":"20uvzgZTlLDLGjJxLoJDPD"},"_contentSize":{"__type__":"cc.Size","width":88,"height":20},"_trs":{"__type__":"TypedArray","ctor":"Float64Array","array":[-256.136,152.321,0,0,0,0,1,1,1,1]}},{"__type__":"cc.Node","_name":"$cue_level_sp","_parent":{"__id__":4},"_components":[{"__type__":"cc.Sprite","node":{"__id__":20},"_materials":[{"__uuid__":"ecpdLyjvZBwrvm+cedCcQy"}]}],"_prefab":{"__type__":"cc.PrefabInfo","root":{"__id__":1},"asset":{"__uuid__":"46me0NT/RO66PQYx8QT/kM"},"fileId":"bfMHN5+FlHLZcN+j6h+AP0"},"_contentSize":{"__type__":"cc.Size","width":66,"height":36},"_trs":{"__type__":"TypedArray","ctor":"Float64Array","array":[-161.564,151.471,0,0,0,0,1,1,1,1]}},{"__type__":"cc.Node","_name":"bg7","_parent":{"__id__":4},"_components":[{"__type__":"cc.Sprite","node":{"__id__":21},"_materials":[{"__uuid__":"ecpdLyjvZBwrvm+cedCcQy"}],"_spriteFrame":{"__uuid__":"0b/n9VcrhDdalMP4f7lbRx"},"_type":1,"_sizeMode":0}],"_prefab":{"__type__":"cc.PrefabInfo","root":{"__id__":1},"asset":{"__uuid__":"46me0NT/RO66PQYx8QT/kM"},"fileId":"d5qmqTCEhG47QVVfTiK76O"},"_contentSize":{"__type__":"cc.Size","width":633,"height":108},"_trs":{"__type__":"TypedArray","ctor":"Float64Array","array":[0,-157,0,0,0,0,1,1,1,1]}},{"__type__":"cc.Node","_name":"$list_node","_parent":{"__id__":4},"_children":[{"__id__":23}],"_components":[{"__type__":"cc.Layout","node":{"__id__":22},"_layoutSize":{"__type__":"cc.Size","width":96,"height":100},"_resize":1,"_N$layoutType":1,"_N$spacingX":30}],"_prefab":{"__type__":"cc.PrefabInfo","root":{"__id__":1},"asset":{"__uuid__":"46me0NT/RO66PQYx8QT/kM"},"fileId":"617lb6RaJGbZmKnEvDFr5l"},"_contentSize":{"__type__":"cc.Size","width":96,"height":100},"_trs":{"__type__":"TypedArray","ctor":"Float64Array","array":[0,-157,0,0,0,0,1,1,1,1]}},{"__type__":"cc.Node","_name":"item","_parent":{"__id__":22},"_children":[{"__id__":24},{"__id__":26}],"_components":[{"__type__":"cc.Button","node":{"__id__":23},"zoomScale":1.1,"_N$transition":3,"transition":3}],"_prefab":{"__type__":"cc.PrefabInfo","root":{"__id__":1},"asset":{"__uuid__":"46me0NT/RO66PQYx8QT/kM"},"fileId":"23bsTkIYlMcI/1ziIVvC37"},"_contentSize":{"__type__":"cc.Size","width":96,"height":96},"_trs":{"__type__":"TypedArray","ctor":"Float64Array","array":[0,0,0,0,0,0,1,1,1,0]}},{"__type__":"cc.Node","_name":"mask","_parent":{"__id__":23},"_children":[{"__id__":25}],"_components":[{"__type__":"cc.Mask","node":{"__id__":24},"_materials":[{"__uuid__":"ecpdLyjvZBwrvm+cedCcQy"}],"_type":1,"_segments":16,"_N$alphaThreshold":0}],"_prefab":{"__type__":"cc.PrefabInfo","root":{"__id__":1},"asset":{"__uuid__":"46me0NT/RO66PQYx8QT/kM"},"fileId":"902sy49QtPl4gUE7NUxKHC"},"_contentSize":{"__type__":"cc.Size","width":96,"height":96},"_trs":{"__type__":"TypedArray","ctor":"Float64Array","array":[0,0,0,0,0,0,1,1,1,1]}},{"__type__":"cc.Node","_name":"avatar","_parent":{"__id__":24},"_components":[{"__type__":"cc.Sprite","node":{"__id__":25},"_materials":[{"__uuid__":"ecpdLyjvZBwrvm+cedCcQy"}],"_spriteFrame":{"__uuid__":"e1LbhNqvtBQJFazVfbkldc"},"_sizeMode":0,"_isTrimmedMode":false}],"_prefab":{"__type__":"cc.PrefabInfo","root":{"__id__":1},"asset":{"__uuid__":"46me0NT/RO66PQYx8QT/kM"},"fileId":"2dBvZts+JF6Lwfh9qZENVc"},"_contentSize":{"__type__":"cc.Size","width":100,"height":100},"_trs":{"__type__":"TypedArray","ctor":"Float64Array","array":[0,0,0,0,0,0,1,1,1,1]}},{"__type__":"cc.Node","_name":"border","_parent":{"__id__":23},"_components":[{"__type__":"cc.Sprite","node":{"__id__":26},"_materials":[{"__uuid__":"ecpdLyjvZBwrvm+cedCcQy"}],"_spriteFrame":{"__uuid__":"d82PckltxAu4RY94wd6jkF"}}],"_prefab":{"__type__":"cc.PrefabInfo","root":{"__id__":1},"asset":{"__uuid__":"46me0NT/RO66PQYx8QT/kM"},"fileId":"44zpAk7SlCuaUtDwUUdmtr"},"_contentSize":{"__type__":"cc.Size","width":100,"height":100},"_trs":{"__type__":"TypedArray","ctor":"Float64Array","array":[0,0,0,0,0,0,1,1,1,1]}},{"__type__":"cc.Node","_name":"$no_remind_toggle","_parent":{"__id__":4},"_children":[{"__id__":28},{"__id__":29},{"__id__":31}],"_components":[{"__type__":"cc.Toggle","node":{"__id__":27},"zoomScale":1.1,"_N$transition":3,"transition":3,"_N$normalColor":{"__type__":"cc.Color","r":214,"g":214,"b":214},"checkMark":{"__id__":30}},{"__type__":"cc.Widget","node":{"__id__":27},"_alignFlags":4,"_bottom":20.543000000000006}],"_prefab":{"__type__":"cc.PrefabInfo","root":{"__id__":1},"asset":{"__uuid__":"46me0NT/RO66PQYx8QT/kM"},"fileId":"b4OLrDnqpKF7HoL6f1rMzY"},"_contentSize":{"__type__":"cc.Size","width":258,"height":60},"_trs":{"__type__":"TypedArray","ctor":"Float64Array","array":[0,-274.457,0,0,0,0,1,1,1,0]}},{"__type__":"cc.Node","_name":"bg","_parent":{"__id__":27},"_components":[{"__type__":"cc.Sprite","node":{"__id__":28},"_materials":[{"__uuid__":"ecpdLyjvZBwrvm+cedCcQy"}],"_spriteFrame":{"__uuid__":"e5AkHAYsVCU4mxKFR9UiZF"}}],"_prefab":{"__type__":"cc.PrefabInfo","root":{"__id__":1},"asset":{"__uuid__":"46me0NT/RO66PQYx8QT/kM"},"fileId":"6bGfFtMeZGm7uSVIRJLVOq"},"_contentSize":{"__type__":"cc.Size","width":31,"height":31},"_trs":{"__type__":"TypedArray","ctor":"Float64Array","array":[-90,0,0,0,0,0,1,1,1,0]}},{"__type__":"cc.Node","_name":"checkmark","_parent":{"__id__":27},"_components":[{"__id__":30}],"_prefab":{"__type__":"cc.PrefabInfo","root":{"__id__":1},"asset":{"__uuid__":"46me0NT/RO66PQYx8QT/kM"},"fileId":"63ZPA6sp5HI7vfL/NQmvqU"},"_contentSize":{"__type__":"cc.Size","width":37,"height":32},"_trs":{"__type__":"TypedArray","ctor":"Float64Array","array":[-90,0,0,0,0,0,1,1,1,1]}},{"__type__":"cc.Sprite","node":{"__id__":29},"_materials":[{"__uuid__":"ecpdLyjvZBwrvm+cedCcQy"}],"_spriteFrame":{"__uuid__":"edX9Nw33ZPWqvI2dlNBsg/"},"_sizeMode":2,"_isTrimmedMode":false},{"__type__":"cc.Node","_name":"label","_parent":{"__id__":27},"_components":[{"__type__":"cc.Label","node":{"__id__":31},"_materials":[{"__uuid__":"ecpdLyjvZBwrvm+cedCcQy"}],"_useOriginalSize":false,"_string":"今日不再提醒","_N$string":"今日不再提醒","_fontSize":28,"_lineHeight":30,"_styleFlags":1,"_N$verticalAlign":1}],"_prefab":{"__type__":"cc.PrefabInfo","root":{"__id__":1},"asset":{"__uuid__":"46me0NT/RO66PQYx8QT/kM"},"fileId":"b7VF6pfB9MroP2VmQIdBYC"},"_color":{"__type__":"cc.Color","r":101,"g":135,"b":157},"_contentSize":{"__type__":"cc.Size","width":168,"height":37.8},"_anchorPoint":{"__type__":"cc.Vec2","y":0.5},"_trs":{"__type__":"TypedArray","ctor":"Float64Array","array":[-64.122,1,0,0,0,0,1,1,1,1]}},{"__type__":"cc.Node","_name":"banner","_parent":{"__id__":3},"_components":[{"__type__":"ce3f9aG6A1If7y9kH3tgvq2","node":{"__id__":32}}],"_prefab":{"__type__":"cc.PrefabInfo","root":{"__id__":1},"asset":{"__uuid__":"46me0NT/RO66PQYx8QT/kM"},"fileId":"60O8O5aJtI85lKWuytPXmi"},"_trs":{"__type__":"TypedArray","ctor":"Float64Array","array":[0,-341.852,0,0,0,0,1,1,1,1]}}],{"__type__":"cc.SpriteFrame","content":{"name":"邀请有礼_球杆级别：","texture":"13ca4574f","rect":[863,866,88,20],"offset":[0,0],"originalSize":[88,20],"capInsets":[0,0,0,0]}},{"__type__":"cc.SpriteFrame","content":{"name":"邀请有礼_标题","texture":"1ba580ca6","rect":[831,869,186,47],"offset":[0,0],"originalSize":[186,47],"capInsets":[0,0,0,0]}},{"__type__":"cc.SpriteFrame","content":{"name":"邀请有礼_级别框","texture":"1d1fa178d","rect":[750,262,268,48],"offset":[0,0],"originalSize":[268,48],"capInsets":[0,0,0,0]}},{"__type__":"cc.SpriteFrame","content":{"name":"邀请有礼_底板2","texture":"1ba580ca6","rect":[3,3,633,59],"offset":[0,0],"originalSize":[633,59],"capInsets":[0,0,0,0]}}]