{"__type__":"cc.AnimationClip","_name":"Qiugan_12","_duration":1.0666666666666667,"sample":15,"wrapMode":2,"curveData":{"comps":{"cc.Sprite":{"spriteFrame":[{"frame":0,"value":{"__uuid__":"c9M5LC7+dB7LjebRKSTLvJ"}},{"frame":0.06666666666666667,"value":{"__uuid__":"dewCxdIRdAH4yvan6Ms1Kv"}},{"frame":0.13333333333333333,"value":{"__uuid__":"02CDtoPDdIJ7wevMGARMhh"}},{"frame":0.2,"value":{"__uuid__":"c8Q3a0V4dOzqkNQY6Sr83u"}},{"frame":0.26666666666666666,"value":{"__uuid__":"4aQsi6X7FKpphhsUOHnx3T"}},{"frame":0.3333333333333333,"value":{"__uuid__":"66PmO1dmFPxbFPvcZKwRJG"}},{"frame":0.4,"value":{"__uuid__":"c4FyiCYtBHHb4fJbKvirLc"}},{"frame":0.4666666666666667,"value":{"__uuid__":"4auue+K+FHm7SG+m2WPBhQ"}},{"frame":0.5333333333333333,"value":{"__uuid__":"8491JdlaJPcaiyuErEu1XG"}},{"frame":0.6,"value":{"__uuid__":"5146dMfRFIvZBKyoUJjnmR"}},{"frame":0.6666666666666666,"value":{"__uuid__":"97/PmfrzVPO4QylfK9DJhK"}},{"frame":0.7333333333333333,"value":{"__uuid__":"e5VxcRGXBL9ZN8HjFzGqTJ"}},{"frame":0.8,"value":{"__uuid__":"332lPWbBhPh4WRr3/ITKZG"}},{"frame":0.8666666666666667,"value":{"__uuid__":"8aIXwvMdBI/JkoI212dCXj"}},{"frame":0.9333333333333333,"value":{"__uuid__":"d3bOJXwOZMU6kZ/Jt3I1UL"}},{"frame":1,"value":{"__uuid__":"f9ggey6ixKy6jg5Qhw2HHI"}}]}}}}