{"__type__":"cc.AnimationClip","_name":"Smoke","_duration":1.625,"sample":8,"wrapMode":2,"curveData":{"comps":{"cc.Sprite":{"spriteFrame":[{"frame":0,"value":{"__uuid__":"bbIXwm69ZA8bISZPRDVLdn"}},{"frame":0.125,"value":{"__uuid__":"c9T8cKsiVMP5V1zgu+Ro9m"}},{"frame":0.25,"value":{"__uuid__":"171T2Ydd9Bg6CCulTUF8Ob"}},{"frame":0.375,"value":{"__uuid__":"f94RD9OtpGQrZtB8XRHfJj"}},{"frame":0.5,"value":{"__uuid__":"e0gIP5cX1PQ7oI4oQmu9A6"}},{"frame":0.625,"value":{"__uuid__":"0eNih89gNOo5P+0Lc7jgBK"}},{"frame":0.75,"value":{"__uuid__":"8a1C1FOm5FTYtLGu5ANmr7"}},{"frame":0.875,"value":{"__uuid__":"40ufdgx5xIp4LPiGbAkBpY"}},{"frame":1,"value":{"__uuid__":"0ctM4Bg4BKNqCUmxBoaRsR"}},{"frame":1.125,"value":{"__uuid__":"e3yXr9Gt5O6KbJUIvfIMXX"}},{"frame":1.25,"value":{"__uuid__":"b9gjX1OJJGAY9AyXGWNVqt"}},{"frame":1.375,"value":{"__uuid__":"d2LYE+985C8LJLliZtVi8o"}},{"frame":1.5,"value":{"__uuid__":"6boWxsJ8tJ2oE9/rVBY2z+"}}]}}}}