{"__type__":"cc.AnimationClip","_name":"Qiugan_9","_duration":4,"sample":30,"wrapMode":2,"curveData":{"paths":{"Glow_2":{"props":{"opacity":[{"frame":0.16666666666666666,"value":0},{"frame":0.3333333333333333,"value":255},{"frame":0.5,"value":0}],"angle":[{"frame":0.16666666666666666,"value":0},{"frame":0.5,"value":60}]}},"Glow_1":{"props":{"opacity":[{"frame":0.8333333333333334,"value":0},{"frame":0.9333333333333333,"value":255},{"frame":1.1666666666666667,"value":0},{"frame":2.3333333333333335,"value":0}],"angle":[{"frame":0.8333333333333334,"value":-40},{"frame":1.1666666666666667,"value":-100}]}},"Glow_4":{"props":{"opacity":[{"frame":1.4,"value":0},{"frame":1.6666666666666667,"value":255},{"frame":2,"value":0}],"angle":[{"frame":1.4,"value":65},{"frame":2,"value":125}]}},"Glow_3":{"props":{"opacity":[{"frame":2.3333333333333335,"value":0},{"frame":2.7333333333333334,"value":255},{"frame":3.1333333333333333,"value":0},{"frame":4,"value":0}],"angle":[{"frame":2.3333333333333335,"value":-30},{"frame":3.1333333333333333,"value":-100}]}}}}}