[{"__type__":"cc.SpriteFrame","content":{"name":"道具说明","texture":"1e23cd0ad","rect":[759,3,185,47],"offset":[0,0],"originalSize":[185,47],"capInsets":[0,0,0,0]}},[{"__type__":"cc.Prefab","_name":"useItemLayer","data":{"__id__":1}},{"__type__":"cc.Node","_name":"useItemLayer","_children":[{"__id__":2},{"__id__":3}],"_components":[{"__type__":"cc.Widget","node":{"__id__":1},"_alignFlags":45},{"__type__":"cc.BlockInputEvents","node":{"__id__":1}},{"__type__":"e9a65Ih9FZKK7aJ8CB97CQr","node":{"__id__":1}}],"_prefab":{"__type__":"cc.PrefabInfo","root":{"__id__":1},"asset":{"__uuid__":"67jv1dRXJIKbLyWbn74vgk"},"fileId":"b2ZI9uCE5Au74Q/STRz0iL"},"_contentSize":{"__type__":"cc.Size","width":750,"height":1334},"_trs":{"__type__":"TypedArray","ctor":"Float64Array","array":[375,667,0,0,0,0,1,1,1,1]}},{"__type__":"cc.Node","_name":"mask","_parent":{"__id__":1},"_components":[{"__type__":"cc.Sprite","node":{"__id__":2},"_materials":[{"__uuid__":"ecpdLyjvZBwrvm+cedCcQy"}],"_spriteFrame":{"__uuid__":"fdZ+FLNoFGtYmgI6Rsppg4"},"_type":1,"_sizeMode":0,"_isTrimmedMode":false},{"__type__":"cc.Button","node":{"__id__":2},"_N$normalColor":{"__type__":"cc.Color","r":214,"g":214,"b":214},"_N$target":{"__id__":2}},{"__type__":"cc.Widget","node":{"__id__":2},"_alignFlags":45,"_left":-1,"_right":-1,"_top":-1,"_bottom":-1,"_originalWidth":16,"_originalHeight":16}],"_prefab":{"__type__":"cc.PrefabInfo","root":{"__id__":1},"asset":{"__uuid__":"67jv1dRXJIKbLyWbn74vgk"},"fileId":"67EbqYNDxBRautS9PwfMF8"},"_opacity":180,"_contentSize":{"__type__":"cc.Size","width":752,"height":1336},"_trs":{"__type__":"TypedArray","ctor":"Float64Array","array":[0,0,0,0,0,0,1,1,1,1]}},{"__type__":"cc.Node","_name":"dialog","_parent":{"__id__":1},"_children":[{"__id__":4},{"__id__":19}],"_components":[{"__type__":"96549DGCmlIcZghb3AfRGQI","node":{"__id__":3}}],"_prefab":{"__type__":"cc.PrefabInfo","root":{"__id__":1},"asset":{"__uuid__":"67jv1dRXJIKbLyWbn74vgk"},"fileId":"4e0olrghFBEIcfnNmjyfTT"},"_trs":{"__type__":"TypedArray","ctor":"Float64Array","array":[0,0,0,0,0,0,1,1,1,1]}},{"__type__":"cc.Node","_name":"contents","_parent":{"__id__":3},"_children":[{"__id__":5},{"__id__":6},{"__id__":7},{"__id__":8},{"__id__":15},{"__id__":17}],"_components":[{"__type__":"09bd4f7l0NPfpseMfFdw+uE","node":{"__id__":4}},{"__type__":"cc.BlockInputEvents","node":{"__id__":4}}],"_prefab":{"__type__":"cc.PrefabInfo","root":{"__id__":1},"asset":{"__uuid__":"67jv1dRXJIKbLyWbn74vgk"},"fileId":"4aiSlis7pBhLGvmKKezuRa"},"_contentSize":{"__type__":"cc.Size","width":636,"height":466},"_trs":{"__type__":"TypedArray","ctor":"Float64Array","array":[0,86.3,0,0,0,0,1,1,1,1]}},{"__type__":"cc.Node","_name":"bg","_parent":{"__id__":4},"_components":[{"__type__":"cc.Sprite","node":{"__id__":5},"_materials":[{"__uuid__":"ecpdLyjvZBwrvm+cedCcQy"}],"_spriteFrame":{"__uuid__":"7eUA/ecqtKJbHxsn0n8WHp"},"_type":1,"_sizeMode":0,"_isTrimmedMode":false}],"_prefab":{"__type__":"cc.PrefabInfo","root":{"__id__":1},"asset":{"__uuid__":"67jv1dRXJIKbLyWbn74vgk"},"fileId":"ad10fh3cdFm46OvsbsbPYr"},"_contentSize":{"__type__":"cc.Size","width":625,"height":466},"_trs":{"__type__":"TypedArray","ctor":"Float64Array","array":[0,0,0,0,0,0,1,1,1,1]}},{"__type__":"cc.Node","_name":"title_light","_parent":{"__id__":4},"_components":[{"__type__":"ade161OMgVMKpmjDqerbeZb","node":{"__id__":6},"_prefab":{"__uuid__":"a9R2AW7eJGzoql/lnwjPLu"}}],"_prefab":{"__type__":"cc.PrefabInfo","root":{"__id__":1},"asset":{"__uuid__":"67jv1dRXJIKbLyWbn74vgk"},"fileId":"89NkZgL8dK7oy/rpW6wzNQ"},"_contentSize":{"__type__":"cc.Size","width":618,"height":104},"_trs":{"__type__":"TypedArray","ctor":"Float64Array","array":[0,178,0,0,0,0,1,1,1,1]}},{"__type__":"cc.Node","_name":"title","_parent":{"__id__":4},"_components":[{"__type__":"cc.Sprite","node":{"__id__":7},"_materials":[{"__uuid__":"ecpdLyjvZBwrvm+cedCcQy"}],"_spriteFrame":{"__uuid__":"4btPo/8QtLG5ktXbEn7Wtn"}}],"_prefab":{"__type__":"cc.PrefabInfo","root":{"__id__":1},"asset":{"__uuid__":"67jv1dRXJIKbLyWbn74vgk"},"fileId":"33JOgM495LMqWbIuAdY1ju"},"_contentSize":{"__type__":"cc.Size","width":185,"height":47},"_trs":{"__type__":"TypedArray","ctor":"Float64Array","array":[0,173,0,0,0,0,1,1,1,1]}},{"__type__":"cc.Node","_name":"item_list","_parent":{"__id__":4},"_children":[{"__id__":9},{"__id__":12}],"_prefab":{"__type__":"cc.PrefabInfo","root":{"__id__":1},"asset":{"__uuid__":"67jv1dRXJIKbLyWbn74vgk"},"fileId":"0asH3B9DNHcrZXRTt5XIrm"},"_trs":{"__type__":"TypedArray","ctor":"Float64Array","array":[0,37.771,0,0,0,0,1,1,1,1]}},{"__type__":"cc.Node","_name":"move_item","_parent":{"__id__":8},"_children":[{"__id__":10},{"__id__":11}],"_components":[{"__type__":"cc.Sprite","node":{"__id__":9},"_materials":[{"__uuid__":"ecpdLyjvZBwrvm+cedCcQy"}],"_spriteFrame":{"__uuid__":"23YTkF059FBKef+x5RBwYu"}}],"_prefab":{"__type__":"cc.PrefabInfo","root":{"__id__":1},"asset":{"__uuid__":"67jv1dRXJIKbLyWbn74vgk"},"fileId":"760yRyLx5G458VPPmQx0s7"},"_contentSize":{"__type__":"cc.Size","width":122,"height":112},"_trs":{"__type__":"TypedArray","ctor":"Float64Array","array":[0,0,0,0,0,0,1,1,1,1]}},{"__type__":"cc.Node","_name":"label","_parent":{"__id__":9},"_components":[{"__type__":"cc.Label","node":{"__id__":10},"_materials":[{"__uuid__":"ecpdLyjvZBwrvm+cedCcQy"}],"_useOriginalSize":false,"_string":"2","_N$string":"2","_fontSize":25,"_lineHeight":26,"_N$horizontalAlign":1,"_N$verticalAlign":1},{"__type__":"cc.LabelOutline","node":{"__id__":10},"_color":{"__type__":"cc.Color","r":29,"g":85,"b":124},"_width":2}],"_prefab":{"__type__":"cc.PrefabInfo","root":{"__id__":1},"asset":{"__uuid__":"67jv1dRXJIKbLyWbn74vgk"},"fileId":"773lO/iulBx5KOfwqNMP+f"},"_contentSize":{"__type__":"cc.Size","width":17.9,"height":36.76},"_trs":{"__type__":"TypedArray","ctor":"Float64Array","array":[39.732,-32.197,0,0,0,0,1,1,1,1]}},{"__type__":"cc.Node","_name":"sub_title","_parent":{"__id__":9},"_components":[{"__type__":"cc.Sprite","node":{"__id__":11},"_materials":[{"__uuid__":"ecpdLyjvZBwrvm+cedCcQy"}],"_spriteFrame":{"__uuid__":"baLPt8LilFE41OmBK1hS3W"}}],"_prefab":{"__type__":"cc.PrefabInfo","root":{"__id__":1},"asset":{"__uuid__":"67jv1dRXJIKbLyWbn74vgk"},"fileId":"62ESihExJGxbfx+mJ8COzt"},"_contentSize":{"__type__":"cc.Size","width":481,"height":29},"_trs":{"__type__":"TypedArray","ctor":"Float64Array","array":[0,-104.723,0,0,0,0,1,1,1,1]}},{"__type__":"cc.Node","_name":"free_item","_parent":{"__id__":8},"_children":[{"__id__":13},{"__id__":14}],"_components":[{"__type__":"cc.Sprite","node":{"__id__":12},"_materials":[{"__uuid__":"ecpdLyjvZBwrvm+cedCcQy"}],"_spriteFrame":{"__uuid__":"841Uz094dG958biFuZ7KhJ"}}],"_prefab":{"__type__":"cc.PrefabInfo","root":{"__id__":1},"asset":{"__uuid__":"67jv1dRXJIKbLyWbn74vgk"},"fileId":"f8KOTFx2ZJb4xQxJu90IPy"},"_contentSize":{"__type__":"cc.Size","width":123,"height":112},"_trs":{"__type__":"TypedArray","ctor":"Float64Array","array":[0,0,0,0,0,0,1,1,1,1]}},{"__type__":"cc.Node","_name":"label","_parent":{"__id__":12},"_components":[{"__type__":"cc.Label","node":{"__id__":13},"_materials":[{"__uuid__":"ecpdLyjvZBwrvm+cedCcQy"}],"_useOriginalSize":false,"_string":"2","_N$string":"2","_fontSize":25,"_lineHeight":26,"_N$horizontalAlign":1,"_N$verticalAlign":1},{"__type__":"cc.LabelOutline","node":{"__id__":13},"_color":{"__type__":"cc.Color","r":29,"g":85,"b":124},"_width":2}],"_prefab":{"__type__":"cc.PrefabInfo","root":{"__id__":1},"asset":{"__uuid__":"67jv1dRXJIKbLyWbn74vgk"},"fileId":"da4L+7UjhCwbWFyAE26lN6"},"_contentSize":{"__type__":"cc.Size","width":17.9,"height":36.76},"_trs":{"__type__":"TypedArray","ctor":"Float64Array","array":[39.732,-32.197,0,0,0,0,1,1,1,1]}},{"__type__":"cc.Node","_name":"sub_title","_parent":{"__id__":12},"_components":[{"__type__":"cc.Sprite","node":{"__id__":14},"_materials":[{"__uuid__":"ecpdLyjvZBwrvm+cedCcQy"}],"_spriteFrame":{"__uuid__":"2fSQec0JNOZKDHCGHebYda"}}],"_prefab":{"__type__":"cc.PrefabInfo","root":{"__id__":1},"asset":{"__uuid__":"67jv1dRXJIKbLyWbn74vgk"},"fileId":"6f9rNWviRHEYxAvqtbut1R"},"_contentSize":{"__type__":"cc.Size","width":481,"height":65},"_trs":{"__type__":"TypedArray","ctor":"Float64Array","array":[0,-104.723,0,0,0,0,1,1,1,1]}},{"__type__":"cc.Node","_name":"use_btn","_parent":{"__id__":4},"_children":[{"__id__":16}],"_components":[{"__type__":"cc.Button","node":{"__id__":15},"_normalMaterial":{"__uuid__":"ecpdLyjvZBwrvm+cedCcQy"},"zoomScale":1.1,"clickEvents":[{"__type__":"cc.ClickEvent","target":{"__id__":1},"_componentId":"e9a65Ih9FZKK7aJ8CB97CQr","handler":"onUseBtnClick"}],"_N$transition":3,"transition":3}],"_prefab":{"__type__":"cc.PrefabInfo","root":{"__id__":1},"asset":{"__uuid__":"67jv1dRXJIKbLyWbn74vgk"},"fileId":"71dCHM4JxMWbRfjcVTLvEx"},"_contentSize":{"__type__":"cc.Size","width":294,"height":104},"_trs":{"__type__":"TypedArray","ctor":"Float64Array","array":[0,-158.44,0,0,0,0,1,1,1,0]}},{"__type__":"cc.Node","_name":"text","_parent":{"__id__":15},"_components":[{"__type__":"cc.Sprite","node":{"__id__":16},"_materials":[{"__uuid__":"ecpdLyjvZBwrvm+cedCcQy"}],"_spriteFrame":{"__uuid__":"bdPEupwthMuYDqbzVXN0ND"}}],"_prefab":{"__type__":"cc.PrefabInfo","root":{"__id__":1},"asset":{"__uuid__":"67jv1dRXJIKbLyWbn74vgk"},"fileId":"58zqWi7aBL9r+KUn0E7YeK"},"_contentSize":{"__type__":"cc.Size","width":263,"height":101},"_trs":{"__type__":"TypedArray","ctor":"Float64Array","array":[0,-8,0,0,0,0,1,1,1,1]}},{"__type__":"cc.Node","_name":"close_btn","_parent":{"__id__":4},"_children":[{"__id__":18}],"_components":[{"__type__":"cc.Button","node":{"__id__":17},"zoomScale":1.1,"_N$transition":3,"transition":3}],"_prefab":{"__type__":"cc.PrefabInfo","root":{"__id__":1},"asset":{"__uuid__":"67jv1dRXJIKbLyWbn74vgk"},"fileId":"1d0D5p1o9F+abu8ZIRbqaK"},"_contentSize":{"__type__":"cc.Size","width":98,"height":98},"_trs":{"__type__":"TypedArray","ctor":"Float64Array","array":[259.84,175,0,0,0,0,1,1,1,0]}},{"__type__":"cc.Node","_name":"text","_parent":{"__id__":17},"_components":[{"__type__":"cc.Sprite","node":{"__id__":18},"_materials":[{"__uuid__":"ecpdLyjvZBwrvm+cedCcQy"}],"_spriteFrame":{"__uuid__":"e2qKO1X95Gk6tYQAVxQ0sN"}}],"_prefab":{"__type__":"cc.PrefabInfo","root":{"__id__":1},"asset":{"__uuid__":"67jv1dRXJIKbLyWbn74vgk"},"fileId":"a1GStLXzFDK5yngjYde7i/"},"_contentSize":{"__type__":"cc.Size","width":38,"height":38},"_trs":{"__type__":"TypedArray","ctor":"Float64Array","array":[0,0,0,0,0,0,1,1,1,1]}},{"__type__":"cc.Node","_name":"banner","_parent":{"__id__":3},"_components":[{"__type__":"ce3f9aG6A1If7y9kH3tgvq2","node":{"__id__":19}}],"_prefab":{"__type__":"cc.PrefabInfo","root":{"__id__":1},"asset":{"__uuid__":"67jv1dRXJIKbLyWbn74vgk"},"fileId":"baUm+0hiNJnZraTn4AM4oF"},"_trs":{"__type__":"TypedArray","ctor":"Float64Array","array":[0,-165.228,0,0,0,0,1,1,1,1]}}],{"__type__":"cc.SpriteFrame","content":{"name":"使用道具","texture":"18d37ab2d","rect":[277,915,263,101],"offset":[0,0],"originalSize":[263,101],"capInsets":[0,0,0,0]}}]