[{"__type__":"cc.SpriteFrame","content":{"name":"挑战关","texture":"18138cb60","rect":[383,987,61,20],"offset":[0,0],"originalSize":[61,20],"capInsets":[0,0,0,0]}},[{"__type__":"cc.Prefab","_name":"challengeScene","data":{"__id__":1}},{"__type__":"cc.Node","_name":"challengeScene","_objFlags":512,"_children":[{"__id__":2},{"__id__":3},{"__id__":24},{"__id__":25},{"__id__":26}],"_components":[{"__type__":"cc.Widget","node":{"__id__":1},"_alignFlags":45,"_originalWidth":720,"_originalHeight":1280},{"__type__":"cc.BlockInputEvents","node":{"__id__":1}},{"__type__":"e99e7BnEKxHFopftfWwp/Ip","node":{"__id__":1}}],"_prefab":{"__type__":"cc.PrefabInfo","root":{"__id__":1},"asset":{"__uuid__":"ffL4yu0TJLirWu6hhcBRj/"},"fileId":"c8xGlodShGAq4YVUxTYnNJ"},"_contentSize":{"__type__":"cc.Size","width":750,"height":1334},"_trs":{"__type__":"TypedArray","ctor":"Float64Array","array":[375,667,0,0,0,0,1,1,1,1]}},{"__type__":"cc.Node","_name":"bg","_parent":{"__id__":1},"_components":[{"__type__":"cc.Sprite","node":{"__id__":2},"_materials":[{"__uuid__":"ecpdLyjvZBwrvm+cedCcQy"}],"_spriteFrame":{"__uuid__":"41B/8Te4RDVrspD5W3bbWo"},"_sizeMode":0},{"__type__":"cc.Widget","node":{"__id__":2},"_alignFlags":45,"_originalWidth":375,"_originalHeight":667}],"_prefab":{"__type__":"cc.PrefabInfo","root":{"__id__":1},"asset":{"__uuid__":"ffL4yu0TJLirWu6hhcBRj/"},"fileId":"c6XvLJ5tNAcKmhwuk+w6it"},"_contentSize":{"__type__":"cc.Size","width":750,"height":1334},"_trs":{"__type__":"TypedArray","ctor":"Float64Array","array":[0,0,0,0,0,0,1,1,1,1]}},{"__type__":"cc.Node","_name":"hud","_parent":{"__id__":1},"_children":[{"__id__":4}],"_prefab":{"__type__":"cc.PrefabInfo","root":{"__id__":1},"asset":{"__uuid__":"ffL4yu0TJLirWu6hhcBRj/"},"fileId":"f8av5wc15Ioo7BBFCFhHoG"},"_trs":{"__type__":"TypedArray","ctor":"Float64Array","array":[0,0,0,0,0,0,1,1,1,1]}},{"__type__":"cc.Node","_name":"center","_parent":{"__id__":3},"_children":[{"__id__":5}],"_components":[{"__type__":"96549DGCmlIcZghb3AfRGQI","node":{"__id__":4}},{"__type__":"2fcbeGhVEBNqKdqPyHvxt/T","node":{"__id__":4},"stageNode":{"__id__":5}}],"_prefab":{"__type__":"cc.PrefabInfo","root":{"__id__":1},"asset":{"__uuid__":"ffL4yu0TJLirWu6hhcBRj/"},"fileId":"2bQir1v3VHoKoQg6ZjiS3O"},"_trs":{"__type__":"TypedArray","ctor":"Float64Array","array":[0,0,0,0,0,0,1,1,1,1]}},{"__type__":"cc.Node","_name":"stage","_parent":{"__id__":4},"_children":[{"__id__":6},{"__id__":18},{"__id__":19}],"_prefab":{"__type__":"cc.PrefabInfo","root":{"__id__":1},"asset":{"__uuid__":"ffL4yu0TJLirWu6hhcBRj/"},"fileId":"38O9vfBe1GXbK7UB0kmVCR"},"_contentSize":{"__type__":"cc.Size","width":750,"height":1270},"_trs":{"__type__":"TypedArray","ctor":"Float64Array","array":[0,0,0,0,0,0,1,1,1,1]}},{"__type__":"cc.Node","_name":"pool_stage","_parent":{"__id__":5},"_children":[{"__id__":7},{"__id__":10},{"__id__":14},{"__id__":15},{"__id__":16},{"__id__":17}],"_components":[{"__type__":"b1507fLaHZHfJRYHSkYKMWP","node":{"__id__":6}}],"_prefab":{"__type__":"cc.PrefabInfo","root":{"__id__":1},"asset":{"__uuid__":"ffL4yu0TJLirWu6hhcBRj/"},"fileId":"b4jIwSrexL+4PEhmrvP43L"},"_trs":{"__type__":"TypedArray","ctor":"Float64Array","array":[0,0,0,0,0,0,1,1,1,1]}},{"__type__":"cc.Node","_name":"stage_node","_parent":{"__id__":6},"_children":[{"__id__":8},{"__id__":9}],"_components":[{"__type__":"ade161OMgVMKpmjDqerbeZb","node":{"__id__":7},"_prefab":{"__uuid__":"9aqCoGkxpKMqo1ZNWk/j44"},"_zIndex":19},{"__type__":"ade161OMgVMKpmjDqerbeZb","node":{"__id__":7},"_prefab":{"__uuid__":"6fSdMryJNCYo3XFr84f2b3"},"_zIndex":11},{"__type__":"ade161OMgVMKpmjDqerbeZb","node":{"__id__":7},"_prefab":{"__uuid__":"52UpuTuidDpbUUerg/rALX"},"_zIndex":10},{"__type__":"9be1aSzs7FIibSRTUNkNp7C","node":{"__id__":7}},{"__type__":"16eb42tg9RBfqiQFYiyUsc/","node":{"__id__":7}},{"__type__":"dd038kgiYFEALxjswdPjBZr","node":{"__id__":7},"tipsPrefab":{"__uuid__":"8fT8vnkSFDG4+xKvaqhjjc"}},{"__type__":"c6339NZDwZNAYQDLMuylBBE","node":{"__id__":7}},{"__type__":"1e820TeSgZMpLnz0H1vZMwx","node":{"__id__":7}},{"__type__":"f8e46RMjjpIh73kYuRojYc9","node":{"__id__":7}}],"_prefab":{"__type__":"cc.PrefabInfo","root":{"__id__":1},"asset":{"__uuid__":"ffL4yu0TJLirWu6hhcBRj/"},"fileId":"d8Ta0676ZJLqicPFkwiBdG"},"_contentSize":{"__type__":"cc.Size","width":468,"height":934},"_trs":{"__type__":"TypedArray","ctor":"Float64Array","array":[-60,14,0,0,0,0,1,1,1,1]}},{"__type__":"cc.Node","_name":"forbid_node","_parent":{"__id__":7},"_components":[{"__type__":"cc.Sprite","node":{"__id__":8},"_materials":[{"__uuid__":"ecpdLyjvZBwrvm+cedCcQy"}],"_spriteFrame":{"__uuid__":"2c+slBuQxBbKbymUOP69ib"}},{"__type__":"d4448oMF25OlpwxNxYG/5DT","node":{"__id__":8},"zoom":1.2}],"_prefab":{"__type__":"cc.PrefabInfo","root":{"__id__":1},"asset":{"__uuid__":"ffL4yu0TJLirWu6hhcBRj/"},"fileId":"51lskBZaBBxqX04IT1K+jL"},"_contentSize":{"__type__":"cc.Size","width":56,"height":56},"_trs":{"__type__":"TypedArray","ctor":"Float64Array","array":[0,0,0,0,0,0,1,1,1,1]}},{"__type__":"cc.Node","_name":"draw_node","_parent":{"__id__":7},"_components":[{"__type__":"cc.Graphics","node":{"__id__":9},"_materials":[{"__uuid__":"6fgBCSDDdPMInvyNlggls2"}],"_lineWidth":1}],"_prefab":{"__type__":"cc.PrefabInfo","root":{"__id__":1},"asset":{"__uuid__":"ffL4yu0TJLirWu6hhcBRj/"},"fileId":"5cU6L0thZEKrD04+CmZDpc"},"_trs":{"__type__":"TypedArray","ctor":"Float64Array","array":[0,0,0,0,0,0,1,1,1,1]}},{"__type__":"cc.Node","_name":"level_node","_parent":{"__id__":6},"_children":[{"__id__":11},{"__id__":12}],"_components":[{"__type__":"cc.Sprite","node":{"__id__":10},"_materials":[{"__uuid__":"ecpdLyjvZBwrvm+cedCcQy"}],"_spriteFrame":{"__uuid__":"0aAQM8AP5HxLlc6bSFw5WD"}}],"_prefab":{"__type__":"cc.PrefabInfo","root":{"__id__":1},"asset":{"__uuid__":"ffL4yu0TJLirWu6hhcBRj/"},"fileId":"da3lqprI5K1bnZwv43g1u8"},"_contentSize":{"__type__":"cc.Size","width":105,"height":52},"_trs":{"__type__":"TypedArray","ctor":"Float64Array","array":[310,517.703,0,0,0,0,1,1,1,1]}},{"__type__":"cc.Node","_name":"text","_parent":{"__id__":10},"_components":[{"__type__":"cc.Sprite","node":{"__id__":11},"_materials":[{"__uuid__":"ecpdLyjvZBwrvm+cedCcQy"}],"_spriteFrame":{"__uuid__":"babOMZgiBOJJRCd+IjJNm+"}}],"_prefab":{"__type__":"cc.PrefabInfo","root":{"__id__":1},"asset":{"__uuid__":"ffL4yu0TJLirWu6hhcBRj/"},"fileId":"703kZSSV9Dn7cFyThdTQYs"},"_contentSize":{"__type__":"cc.Size","width":61,"height":20},"_trs":{"__type__":"TypedArray","ctor":"Float64Array","array":[-15.588,0,0,0,0,0,1,1,1,1]}},{"__type__":"cc.Node","_name":"label","_parent":{"__id__":10},"_components":[{"__id__":13},{"__type__":"7fb4aWg4UlPRo2vBFiBDs1U","node":{"__id__":12},"label":{"__id__":13}}],"_prefab":{"__type__":"cc.PrefabInfo","root":{"__id__":1},"asset":{"__uuid__":"ffL4yu0TJLirWu6hhcBRj/"},"fileId":"efLFhYGDhM0orkiKYDqoe8"},"_color":{"__type__":"cc.Color","r":207,"g":207,"b":207},"_contentSize":{"__type__":"cc.Size","width":27.8,"height":26.46},"_anchorPoint":{"__type__":"cc.Vec2","y":0.5},"_trs":{"__type__":"TypedArray","ctor":"Float64Array","array":[15.462,0,0,0,0,0,1,1,1,1]}},{"__type__":"cc.Label","node":{"__id__":12},"_materials":[{"__uuid__":"ecpdLyjvZBwrvm+cedCcQy"}],"_useOriginalSize":false,"_string":"1/2","_N$string":"1/2","_fontSize":20,"_lineHeight":21,"_styleFlags":1,"_N$verticalAlign":1},{"__type__":"cc.Node","_name":"objects_panel","_parent":{"__id__":6},"_components":[{"__type__":"ade161OMgVMKpmjDqerbeZb","node":{"__id__":14},"_prefab":{"__uuid__":"a4k3QlPX9GyoadJTSSTiW9"}}],"_prefab":{"__type__":"cc.PrefabInfo","root":{"__id__":1},"asset":{"__uuid__":"ffL4yu0TJLirWu6hhcBRj/"},"fileId":"4eRbJa94lBd4/zDrwEnMPa"},"_trs":{"__type__":"TypedArray","ctor":"Float64Array","array":[310,341.722,0,0,0,0,1,1,1,1]}},{"__type__":"cc.Node","_name":"tuning_bar","_parent":{"__id__":6},"_components":[{"__type__":"ade161OMgVMKpmjDqerbeZb","node":{"__id__":15},"_prefab":{"__uuid__":"44tCZoJutBaIC7X7Mdbvwf"}}],"_prefab":{"__type__":"cc.PrefabInfo","root":{"__id__":1},"asset":{"__uuid__":"ffL4yu0TJLirWu6hhcBRj/"},"fileId":"8d1Sw3BRpEK5HBxoXEzet1"},"_trs":{"__type__":"TypedArray","ctor":"Float64Array","array":[-70,-592,0,0,0,0,1,1,1,1]}},{"__type__":"cc.Node","_name":"shoot_point_btn","_parent":{"__id__":6},"_components":[{"__type__":"ade161OMgVMKpmjDqerbeZb","node":{"__id__":16},"_prefab":{"__uuid__":"83+Ht93cxOfrLnS901I33D"}}],"_prefab":{"__type__":"cc.PrefabInfo","root":{"__id__":1},"asset":{"__uuid__":"ffL4yu0TJLirWu6hhcBRj/"},"fileId":"72PIQ8ofdFZb7PZGXk599d"},"_trs":{"__type__":"TypedArray","ctor":"Float64Array","array":[309,164.666,0,0,0,0,1,1,1,1]}},{"__type__":"cc.Node","_name":"force_bar","_parent":{"__id__":6},"_components":[{"__type__":"ade161OMgVMKpmjDqerbeZb","node":{"__id__":17},"_prefab":{"__uuid__":"50e/uCTI1Hv5sv3e3zmir4"}}],"_prefab":{"__type__":"cc.PrefabInfo","root":{"__id__":1},"asset":{"__uuid__":"ffL4yu0TJLirWu6hhcBRj/"},"fileId":"1dPCHqC+NK0r9EMW6GzWbt"},"_trs":{"__type__":"TypedArray","ctor":"Float64Array","array":[310,-203.158,0,0,0,0,1,1,1,1]}},{"__type__":"cc.Node","_name":"pool_effect","_parent":{"__id__":5},"_components":[{"__type__":"595b5BjlY1CnJh4SNyVnCkH","node":{"__id__":18}}],"_prefab":{"__type__":"cc.PrefabInfo","root":{"__id__":1},"asset":{"__uuid__":"ffL4yu0TJLirWu6hhcBRj/"},"fileId":"a5+g9bemZMzqIWTsyOpo5g"},"_trs":{"__type__":"TypedArray","ctor":"Float64Array","array":[0,0,0,0,0,0,1,1,1,1]}},{"__type__":"cc.Node","_name":"left","_parent":{"__id__":5},"_children":[{"__id__":20},{"__id__":22}],"_components":[{"__type__":"cc.Widget","node":{"__id__":19},"_target":{"__id__":1},"_alignFlags":8}],"_prefab":{"__type__":"cc.PrefabInfo","root":{"__id__":1},"asset":{"__uuid__":"ffL4yu0TJLirWu6hhcBRj/"},"fileId":"55df6d3Y1CqKfxy2LoR999"},"_trs":{"__type__":"TypedArray","ctor":"Float64Array","array":[-375,666,0,0,0,0,1,1,1,1]}},{"__type__":"cc.Node","_name":"home_btn","_parent":{"__id__":19},"_children":[{"__id__":21}],"_components":[{"__type__":"cc.Button","node":{"__id__":20},"zoomScale":1.1,"clickEvents":[{"__type__":"cc.ClickEvent","target":{"__id__":1},"_componentId":"e99e7BnEKxHFopftfWwp/Ip","handler":"onBtnHomeClick"}],"_N$transition":3,"transition":3}],"_prefab":{"__type__":"cc.PrefabInfo","root":{"__id__":1},"asset":{"__uuid__":"ffL4yu0TJLirWu6hhcBRj/"},"fileId":"63Jo/feiFNVoSHQJC55XBR"},"_contentSize":{"__type__":"cc.Size","width":100,"height":100},"_trs":{"__type__":"TypedArray","ctor":"Float64Array","array":[85.016,-69.332,0,0,0,0,1,1,1,0]}},{"__type__":"cc.Node","_name":"text","_parent":{"__id__":20},"_components":[{"__type__":"cc.Sprite","node":{"__id__":21},"_materials":[{"__uuid__":"ecpdLyjvZBwrvm+cedCcQy"}],"_spriteFrame":{"__uuid__":"e5zu0/HElNPp3m/FxNSdT4"}}],"_prefab":{"__type__":"cc.PrefabInfo","root":{"__id__":1},"asset":{"__uuid__":"ffL4yu0TJLirWu6hhcBRj/"},"fileId":"346XUSkcxBjIplo7ytvJDU"},"_opacity":200,"_contentSize":{"__type__":"cc.Size","width":81,"height":74},"_trs":{"__type__":"TypedArray","ctor":"Float64Array","array":[0,0,0,0,0,0,1,0.95,0.95,1]}},{"__type__":"cc.Node","_name":"help_btn","_parent":{"__id__":19},"_children":[{"__id__":23}],"_components":[{"__type__":"71b7f8KgINGb7GAti+S0ZRO","node":{"__id__":22}},{"__type__":"cc.Button","node":{"__id__":22},"zoomScale":1.1,"clickEvents":[{"__type__":"cc.ClickEvent","target":{"__id__":22},"_componentId":"71b7f8KgINGb7GAti+S0ZRO","handler":"onClick"}],"_N$transition":3,"transition":3}],"_prefab":{"__type__":"cc.PrefabInfo","root":{"__id__":1},"asset":{"__uuid__":"ffL4yu0TJLirWu6hhcBRj/"},"fileId":"c5kzKjQDxNAIGfuc8vSbT0"},"_contentSize":{"__type__":"cc.Size","width":100,"height":100},"_trs":{"__type__":"TypedArray","ctor":"Float64Array","array":[201.334,-69.332,0,0,0,0,1,1,1,0]}},{"__type__":"cc.Node","_name":"text","_parent":{"__id__":22},"_components":[{"__type__":"cc.Sprite","node":{"__id__":23},"_materials":[{"__uuid__":"ecpdLyjvZBwrvm+cedCcQy"}],"_spriteFrame":{"__uuid__":"97f0wGYplAYJBtv6eA6S2G"}}],"_prefab":{"__type__":"cc.PrefabInfo","root":{"__id__":1},"asset":{"__uuid__":"ffL4yu0TJLirWu6hhcBRj/"},"fileId":"0dxZx+8SZJdbosz/dWrEe4"},"_contentSize":{"__type__":"cc.Size","width":73,"height":71},"_trs":{"__type__":"TypedArray","ctor":"Float64Array","array":[0,0,0,0,0,0,1,1,1,1]}},{"__type__":"cc.Node","_name":"touch_screen","_parent":{"__id__":1},"_components":[{"__type__":"cc.Widget","node":{"__id__":24},"_alignFlags":45,"_originalWidth":375,"_originalHeight":667}],"_prefab":{"__type__":"cc.PrefabInfo","root":{"__id__":1},"asset":{"__uuid__":"ffL4yu0TJLirWu6hhcBRj/"},"fileId":"27QJPkJAZNraaU5afYaOBY"},"_contentSize":{"__type__":"cc.Size","width":750,"height":1334},"_trs":{"__type__":"TypedArray","ctor":"Float64Array","array":[0,0,0,0,0,0,1,1,1,1]}},{"__type__":"cc.Node","_name":"color","_parent":{"__id__":1},"_active":false,"_components":[{"__type__":"cc.Sprite","node":{"__id__":25},"_materials":[{"__uuid__":"ecpdLyjvZBwrvm+cedCcQy"}],"_srcBlendFactor":0,"_dstBlendFactor":768,"_spriteFrame":{"__uuid__":"b2JODQBwdEu6xw9GscnaRD"},"_type":1,"_sizeMode":0},{"__type__":"cc.Widget","node":{"__id__":25},"_alignFlags":45,"_originalWidth":375,"_originalHeight":667}],"_prefab":{"__type__":"cc.PrefabInfo","root":{"__id__":1},"asset":{"__uuid__":"ffL4yu0TJLirWu6hhcBRj/"},"fileId":"99M0dKFctH54FyPZHlOwJo"},"_color":{"__type__":"cc.Color","r":255,"g":255,"b":222},"_contentSize":{"__type__":"cc.Size","width":750,"height":1334},"_trs":{"__type__":"TypedArray","ctor":"Float64Array","array":[0,0,0,0,0,0,1,1,1,1]}},{"__type__":"cc.Node","_name":"effect_zi_ske","_parent":{"__id__":1},"_components":[{"__type__":"dragonBones.ArmatureDisplay","node":{"__id__":26},"_materials":[{"__uuid__":"ecpdLyjvZBwrvm+cedCcQy"}],"_armatureName":"Armature","_N$dragonAsset":{"__uuid__":"34yy0sOJ5DlZHRIoXFEaWG"}}],"_prefab":{"__type__":"cc.PrefabInfo","root":{"__id__":1},"asset":{"__uuid__":"ffL4yu0TJLirWu6hhcBRj/"},"fileId":"60mJxdekZGx72kWkugWTxo"},"_trs":{"__type__":"TypedArray","ctor":"Float64Array","array":[0,0,0,0,0,0,1,1,1,1]}}]]