[{"__type__":"cc.Prefab","_name":"taskTips","data":{"__id__":1}},{"__type__":"cc.Node","_name":"taskTips","_children":[{"__id__":2}],"_components":[{"__type__":"cc.Sprite","node":{"__id__":1},"_materials":[{"__uuid__":"ecpdLyjvZBwrvm+cedCcQy"}],"_spriteFrame":{"__uuid__":"0aZecIa8NAyJiY+ANvVSpK"},"_type":1,"_sizeMode":0},{"__type__":"afaff/fULVDcLYSGTTT8w/c","node":{"__id__":1},"label":{"__id__":3}}],"_prefab":{"__type__":"cc.PrefabInfo","root":{"__id__":1},"asset":{"__uuid__":"d4HgarXi9FQqvOBKGl+YIA"},"fileId":"08CXrynqlKIJUZr08O37Us"},"_contentSize":{"__type__":"cc.Size","width":262,"height":85.8},"_anchorPoint":{"__type__":"cc.Vec2","x":0.5,"y":0.47},"_trs":{"__type__":"TypedArray","ctor":"Float64Array","array":[0,0,0,0,0,0,1,1,1,1]}},{"__type__":"cc.Node","_name":"label","_parent":{"__id__":1},"_components":[{"__id__":3}],"_prefab":{"__type__":"cc.PrefabInfo","root":{"__id__":1},"asset":{"__uuid__":"d4HgarXi9FQqvOBKGl+YIA"},"fileId":"84j9gdjXhLPIyneBKxugEf"},"_color":{"__type__":"cc.Color","r":240,"g":240,"b":240},"_contentSize":{"__type__":"cc.Size","width":192,"height":42.84},"_trs":{"__type__":"TypedArray","ctor":"Float64Array","array":[0,3,0,0,0,0,1,1,1,1]}},{"__type__":"cc.Label","node":{"__id__":2},"_materials":[{"__uuid__":"ecpdLyjvZBwrvm+cedCcQy"}],"_useOriginalSize":false,"_string":"白球不能碰库","_N$string":"白球不能碰库","_fontSize":32,"_lineHeight":34,"_styleFlags":1,"_N$horizontalAlign":1,"_N$verticalAlign":1}]