[{"__type__":"cc.Prefab","_name":"jiqiu_dianji","data":{"__id__":1}},{"__type__":"cc.Node","_name":"jiqiu_dianji","_children":[{"__id__":2}],"_prefab":{"__type__":"cc.PrefabInfo","root":{"__id__":1},"asset":{"__uuid__":"9atjmy8sBOeL7HsUms2IXs"},"fileId":"41A6RjaoxPb64PPyrSTG5T"},"_trs":{"__type__":"TypedArray","ctor":"Float64Array","array":[0,0,0,0,0,0,1,1,1,1]}},{"__type__":"cc.Node","_name":"effect_jiqiu_ske","_parent":{"__id__":1},"_components":[{"__type__":"dragonBones.ArmatureDisplay","node":{"__id__":2},"_materials":[{"__uuid__":"ecpdLyjvZBwrvm+cedCcQy"}],"_armatureName":"dianji","_animationName":"newAnimation","_preCacheMode":0,"playTimes":1,"_armatureKey":"b0f4b3a0-81ce-489f-a2a9-dd271bd9fb10#2ca2075b-dba2-40bd-b585-c607c5606021","_N$dragonAsset":{"__uuid__":"b09LOggc5In6Kp3Scb2fsQ"},"_N$dragonAtlasAsset":{"__uuid__":"2cogdb26JAvbWFxgfFYGAh"}}],"_prefab":{"__type__":"cc.PrefabInfo","root":{"__id__":1},"asset":{"__uuid__":"9atjmy8sBOeL7HsUms2IXs"},"fileId":"05zlA7J69GK55PNGu9vsI+"},"_contentSize":{"__type__":"cc.Size","width":102,"height":82},"_trs":{"__type__":"TypedArray","ctor":"Float64Array","array":[0,0,0,0,0,0,1,1,1,1]}}]