[{"__type__":"cc.Prefab","_name":"coinsAnim","data":{"__id__":1}},{"__type__":"cc.Node","_name":"coinsAnim","_components":[{"__type__":"cc.Sprite","node":{"__id__":1},"_materials":[{"__uuid__":"ecpdLyjvZBwrvm+cedCcQy"}],"_spriteFrame":{"__uuid__":"79ln/Vcd1Dl5Qa9a2S4ztu"}}],"_prefab":{"__type__":"cc.PrefabInfo","root":{"__id__":1},"asset":{"__uuid__":"d9Sad7+VVGdoWv7JUfLr/c"},"fileId":"83+TbpvDhLrK15M/CKfP3Z"},"_contentSize":{"__type__":"cc.Size","width":87,"height":86},"_trs":{"__type__":"TypedArray","ctor":"Float64Array","array":[0,0,0,0,0,0,1,1,1,1]}}]