[{"__type__":"cc.Prefab","_name":"weeklyActiveAnim","data":{"__id__":1}},{"__type__":"cc.Node","_name":"coinsAnim","_components":[{"__type__":"cc.Sprite","node":{"__id__":1},"_materials":[{"__uuid__":"ecpdLyjvZBwrvm+cedCcQy"}],"_spriteFrame":{"__uuid__":"40TWJp9eVBX7CoCLktQiWM"}}],"_prefab":{"__type__":"cc.PrefabInfo","root":{"__id__":1},"asset":{"__uuid__":"9dK8alGJhBX4hltWznEhl5"},"fileId":"83+TbpvDhLrK15M/CKfP3Z"},"_contentSize":{"__type__":"cc.Size","width":32,"height":39},"_trs":{"__type__":"TypedArray","ctor":"Float64Array","array":[0,0,0,0,0,0,1,1,1,1]}}]