[{"__type__":"cc.Prefab","_name":"textTips","data":{"__id__":1}},{"__type__":"cc.Node","_name":"textTips","_components":[{"__type__":"cc.Label","node":{"__id__":1},"_materials":[{"__uuid__":"ecpdLyjvZBwrvm+cedCcQy"}],"_useOriginalSize":false,"_string":"Label","_N$string":"Label","_fontSize":46,"_lineHeight":60,"_styleFlags":1,"_N$horizontalAlign":1,"_N$verticalAlign":1},{"__type__":"cc.LabelOutline","node":{"__id__":1},"_color":{"__type__":"cc.Color","a":62},"_width":3}],"_prefab":{"__type__":"cc.PrefabInfo","root":{"__id__":1},"asset":{"__uuid__":"9dqMOuiQdNVIscKiiNvDSU"},"fileId":"aarGp0NrNEjairkx4gg7fK"},"_contentSize":{"__type__":"cc.Size","width":126.14,"height":81.6},"_trs":{"__type__":"TypedArray","ctor":"Float64Array","array":[0,0,0,0,0,0,1,1,1,1]}}]