[{"__type__":"cc.SpriteFrame","content":{"name":"免费试用","texture":"1fecc0cbf","rect":[671,636,315,121],"offset":[0,0],"originalSize":[315,121],"capInsets":[0,0,0,0]}},{"__type__":"cc.SpriteFrame","content":{"name":"视频免费试用","texture":"1fecc0cbf","rect":[671,763,313,121],"offset":[0,0],"originalSize":[313,121],"capInsets":[0,0,0,0]}},{"__type__":"cc.SpriteFrame","content":{"name":"我知道了","texture":"1fecc0cbf","rect":[749,431,268,102],"offset":[0,0],"originalSize":[268,102],"capInsets":[0,0,0,0]}},[{"__type__":"cc.Prefab","_name":"cueTrialLayer","data":{"__id__":1}},{"__type__":"cc.Node","_name":"cueTrialLayer","_children":[{"__id__":2},{"__id__":3}],"_components":[{"__type__":"cc.Widget","node":{"__id__":1},"_alignFlags":45},{"__type__":"cc.BlockInputEvents","node":{"__id__":1}},{"__type__":"02dcbRWkHVFLq94MCbPLeeS","node":{"__id__":1}}],"_prefab":{"__type__":"cc.PrefabInfo","root":{"__id__":1},"asset":{"__uuid__":"88dQEDQmJBS7RFP/xJNDtk"},"fileId":"b2ZI9uCE5Au74Q/STRz0iL"},"_contentSize":{"__type__":"cc.Size","width":750,"height":1334},"_trs":{"__type__":"TypedArray","ctor":"Float64Array","array":[375,667,0,0,0,0,1,1,1,1]}},{"__type__":"cc.Node","_name":"mask","_parent":{"__id__":1},"_components":[{"__type__":"cc.Sprite","node":{"__id__":2},"_materials":[{"__uuid__":"ecpdLyjvZBwrvm+cedCcQy"}],"_spriteFrame":{"__uuid__":"fdZ+FLNoFGtYmgI6Rsppg4"},"_type":1,"_sizeMode":0,"_isTrimmedMode":false},{"__type__":"cc.Button","node":{"__id__":2},"_N$normalColor":{"__type__":"cc.Color","r":214,"g":214,"b":214},"_N$target":{"__id__":2}},{"__type__":"cc.Widget","node":{"__id__":2},"_alignFlags":45,"_left":-1,"_right":-1,"_top":-1,"_bottom":-1,"_originalWidth":16,"_originalHeight":16}],"_prefab":{"__type__":"cc.PrefabInfo","root":{"__id__":1},"asset":{"__uuid__":"88dQEDQmJBS7RFP/xJNDtk"},"fileId":"67EbqYNDxBRautS9PwfMF8"},"_opacity":150,"_contentSize":{"__type__":"cc.Size","width":752,"height":1336},"_trs":{"__type__":"TypedArray","ctor":"Float64Array","array":[0,0,0,0,0,0,1,1,1,1]}},{"__type__":"cc.Node","_name":"dialog","_parent":{"__id__":1},"_children":[{"__id__":4},{"__id__":25}],"_components":[{"__type__":"96549DGCmlIcZghb3AfRGQI","node":{"__id__":3}}],"_prefab":{"__type__":"cc.PrefabInfo","root":{"__id__":1},"asset":{"__uuid__":"88dQEDQmJBS7RFP/xJNDtk"},"fileId":"4e0olrghFBEIcfnNmjyfTT"},"_trs":{"__type__":"TypedArray","ctor":"Float64Array","array":[0,0,0,0,0,0,1,1,1,1]}},{"__type__":"cc.Node","_name":"contents","_parent":{"__id__":3},"_children":[{"__id__":5},{"__id__":6},{"__id__":7},{"__id__":8},{"__id__":12},{"__id__":13},{"__id__":17},{"__id__":19},{"__id__":21},{"__id__":23}],"_components":[{"__type__":"09bd4f7l0NPfpseMfFdw+uE","node":{"__id__":4}},{"__type__":"cc.BlockInputEvents","node":{"__id__":4}}],"_prefab":{"__type__":"cc.PrefabInfo","root":{"__id__":1},"asset":{"__uuid__":"88dQEDQmJBS7RFP/xJNDtk"},"fileId":"4aiSlis7pBhLGvmKKezuRa"},"_contentSize":{"__type__":"cc.Size","width":625,"height":466},"_trs":{"__type__":"TypedArray","ctor":"Float64Array","array":[0,100,0,0,0,0,1,1,1,1]}},{"__type__":"cc.Node","_name":"bg","_parent":{"__id__":4},"_components":[{"__type__":"cc.Sprite","node":{"__id__":5},"_materials":[{"__uuid__":"ecpdLyjvZBwrvm+cedCcQy"}],"_spriteFrame":{"__uuid__":"7eUA/ecqtKJbHxsn0n8WHp"},"_type":1,"_sizeMode":0}],"_prefab":{"__type__":"cc.PrefabInfo","root":{"__id__":1},"asset":{"__uuid__":"88dQEDQmJBS7RFP/xJNDtk"},"fileId":"fbMvftKMRLW4p9spqvxX2F"},"_contentSize":{"__type__":"cc.Size","width":625,"height":466},"_trs":{"__type__":"TypedArray","ctor":"Float64Array","array":[0,0,0,0,0,0,1,1,1,1]}},{"__type__":"cc.Node","_name":"title_light","_parent":{"__id__":4},"_components":[{"__type__":"ade161OMgVMKpmjDqerbeZb","node":{"__id__":6},"_prefab":{"__uuid__":"a9R2AW7eJGzoql/lnwjPLu"}}],"_prefab":{"__type__":"cc.PrefabInfo","root":{"__id__":1},"asset":{"__uuid__":"88dQEDQmJBS7RFP/xJNDtk"},"fileId":"6ccMOObnxLKqicJ5lDf/KA"},"_contentSize":{"__type__":"cc.Size","width":618,"height":104},"_trs":{"__type__":"TypedArray","ctor":"Float64Array","array":[0,178,0,0,0,0,1,1,1,1]}},{"__type__":"cc.Node","_name":"title","_parent":{"__id__":4},"_components":[{"__type__":"cc.Sprite","node":{"__id__":7},"_materials":[{"__uuid__":"ecpdLyjvZBwrvm+cedCcQy"}],"_spriteFrame":{"__uuid__":"96adQyyBFK3Kaa1gEpmcHn"}}],"_prefab":{"__type__":"cc.PrefabInfo","root":{"__id__":1},"asset":{"__uuid__":"88dQEDQmJBS7RFP/xJNDtk"},"fileId":"2eB3wYtOZBSrmArxYe1ucz"},"_contentSize":{"__type__":"cc.Size","width":183,"height":47},"_trs":{"__type__":"TypedArray","ctor":"Float64Array","array":[0,175,0,0,0,0,1,1,1,1]}},{"__type__":"cc.Node","_name":"cue","_parent":{"__id__":4},"_children":[{"__id__":9},{"__id__":10}],"_prefab":{"__type__":"cc.PrefabInfo","root":{"__id__":1},"asset":{"__uuid__":"88dQEDQmJBS7RFP/xJNDtk"},"fileId":"409mYxHv9B6bwrfiFGKyug"},"_contentSize":{"__type__":"cc.Size","width":242,"height":297},"_anchorPoint":{"__type__":"cc.Vec2","x":0.5},"_trs":{"__type__":"TypedArray","ctor":"Float64Array","array":[0,-142.128,0,0,0,0,1,0.85,0.85,0.85]}},{"__type__":"cc.Node","_name":"bg","_parent":{"__id__":8},"_components":[{"__type__":"cc.Sprite","node":{"__id__":9},"_materials":[{"__uuid__":"ecpdLyjvZBwrvm+cedCcQy"}],"_spriteFrame":{"__uuid__":"a0ZIUqmgZCM4LB/PlG60od"}}],"_prefab":{"__type__":"cc.PrefabInfo","root":{"__id__":1},"asset":{"__uuid__":"88dQEDQmJBS7RFP/xJNDtk"},"fileId":"478ubavq1Do5sCKsqLDbSb"},"_contentSize":{"__type__":"cc.Size","width":242,"height":297},"_anchorPoint":{"__type__":"cc.Vec2","x":0.5},"_trs":{"__type__":"TypedArray","ctor":"Float64Array","array":[0,0,0,0,0,0,1,1,1,1]}},{"__type__":"cc.Node","_name":"mask","_parent":{"__id__":8},"_children":[{"__id__":11}],"_components":[{"__type__":"cc.Mask","node":{"__id__":10},"_materials":[{"__uuid__":"ecpdLyjvZBwrvm+cedCcQy"}]}],"_prefab":{"__type__":"cc.PrefabInfo","root":{"__id__":1},"asset":{"__uuid__":"88dQEDQmJBS7RFP/xJNDtk"},"fileId":"e5GJtmt6NJq6oKD0HKZgDz"},"_contentSize":{"__type__":"cc.Size","width":200,"height":256},"_trs":{"__type__":"TypedArray","ctor":"Float64Array","array":[0,149,0,0,0,0,1,1,1,1]}},{"__type__":"cc.Node","_name":"$cue_sp","_parent":{"__id__":10},"_components":[{"__type__":"cc.Sprite","node":{"__id__":11},"_materials":[{"__uuid__":"ecpdLyjvZBwrvm+cedCcQy"}],"_sizeMode":2,"_isTrimmedMode":false}],"_prefab":{"__type__":"cc.PrefabInfo","root":{"__id__":1},"asset":{"__uuid__":"88dQEDQmJBS7RFP/xJNDtk"},"fileId":"d4XKbC79lEBapK+lKaapui"},"_anchorPoint":{"__type__":"cc.Vec2","x":0.5,"y":1},"_trs":{"__type__":"TypedArray","ctor":"Float64Array","array":[-73.1505,104.46974,0,0,0,0.3007057995042731,0.9537169507482269,0.4,0.4,1]},"_eulerAngles":{"__type__":"cc.Vec3","z":35}},{"__type__":"cc.Node","_name":"$line_lbl","_parent":{"__id__":4},"_components":[{"__type__":"cc.Label","node":{"__id__":12},"_materials":[{"__uuid__":"ecpdLyjvZBwrvm+cedCcQy"}],"_useOriginalSize":false,"_string":"Boresight Growth:","_N$string":"Boresight Growth:","_fontSize":28,"_lineHeight":30,"_styleFlags":1,"_N$horizontalAlign":1,"_N$verticalAlign":1}],"_prefab":{"__type__":"cc.PrefabInfo","root":{"__id__":1},"asset":{"__uuid__":"88dQEDQmJBS7RFP/xJNDtk"},"fileId":"e2zHw44DZDbJJDbiEx9r79"},"_color":{"__type__":"cc.Color","r":66,"g":131,"b":171},"_contentSize":{"__type__":"cc.Size","width":199.14,"height":37.8},"_trs":{"__type__":"TypedArray","ctor":"Float64Array","array":[0,-185.154,0,0,0,0,1,1,1,1]}},{"__type__":"cc.Node","_name":"$reward_btn","_parent":{"__id__":4},"_children":[{"__id__":14},{"__id__":15},{"__id__":16}],"_components":[{"__type__":"cc.Button","node":{"__id__":13},"_normalMaterial":{"__uuid__":"ecpdLyjvZBwrvm+cedCcQy"},"zoomScale":1.1,"_N$transition":3,"transition":3},{"__type__":"3a0bdMWXApFAIRZFct2j8zt","node":{"__id__":13},"sharePos":4563,"callback":{"__type__":"cc.ClickEvent","target":{"__id__":1},"_componentId":"02dcbRWkHVFLq94MCbPLeeS","handler":"onRewardCallback"},"autoRefresh":true}],"_prefab":{"__type__":"cc.PrefabInfo","root":{"__id__":1},"asset":{"__uuid__":"88dQEDQmJBS7RFP/xJNDtk"},"fileId":"09KIUIgyVCMZuZ6FlvSuWr"},"_contentSize":{"__type__":"cc.Size","width":292,"height":98},"_trs":{"__type__":"TypedArray","ctor":"Float64Array","array":[-165,-303.174,0,0,0,0,1,1,1,0]}},{"__type__":"cc.Node","_name":"text","_parent":{"__id__":13},"_components":[{"__type__":"cc.Sprite","node":{"__id__":14},"_materials":[{"__uuid__":"ecpdLyjvZBwrvm+cedCcQy"}],"_spriteFrame":{"__uuid__":"5aKkJmqOhGSr+jhqas8o8Z"}}],"_prefab":{"__type__":"cc.PrefabInfo","root":{"__id__":1},"asset":{"__uuid__":"88dQEDQmJBS7RFP/xJNDtk"},"fileId":"beT1Y+lZROf50pUQjE9V6u"},"_contentSize":{"__type__":"cc.Size","width":313,"height":121},"_trs":{"__type__":"TypedArray","ctor":"Float64Array","array":[0,-10,0,0,0,0,1,1,1,1]}},{"__type__":"cc.Node","_name":"share","_parent":{"__id__":13},"_active":false,"_components":[{"__type__":"cc.Sprite","node":{"__id__":15},"_materials":[{"__uuid__":"ecpdLyjvZBwrvm+cedCcQy"}],"_spriteFrame":{"__uuid__":"f8az7Pp3FLwZ4m5/Zn9IpJ"}}],"_prefab":{"__type__":"cc.PrefabInfo","root":{"__id__":1},"asset":{"__uuid__":"88dQEDQmJBS7RFP/xJNDtk"},"fileId":"c6AO+cByNCDYW9ECvkbfPx"},"_contentSize":{"__type__":"cc.Size","width":49,"height":45},"_trs":{"__type__":"TypedArray","ctor":"Float64Array","array":[-84.411,-0.16900000000000004,0,0,0,0,1,1,1,1]}},{"__type__":"cc.Node","_name":"video","_parent":{"__id__":13},"_components":[{"__type__":"cc.Sprite","node":{"__id__":16},"_materials":[{"__uuid__":"ecpdLyjvZBwrvm+cedCcQy"}],"_spriteFrame":{"__uuid__":"88xa0CygVCwohDQQfvmo6K"}}],"_prefab":{"__type__":"cc.PrefabInfo","root":{"__id__":1},"asset":{"__uuid__":"88dQEDQmJBS7RFP/xJNDtk"},"fileId":"7chspAyTJCXZURQ/6g6Xrq"},"_contentSize":{"__type__":"cc.Size","width":67,"height":51},"_trs":{"__type__":"TypedArray","ctor":"Float64Array","array":[-84.411,-0.16900000000000004,0,0,0,0,1,1,1,1]}},{"__type__":"cc.Node","_name":"$pvp_btn","_parent":{"__id__":4},"_children":[{"__id__":18}],"_components":[{"__type__":"cc.Button","node":{"__id__":17},"_normalMaterial":{"__uuid__":"ecpdLyjvZBwrvm+cedCcQy"},"zoomScale":1.1,"clickEvents":[{"__type__":"cc.ClickEvent","target":{"__id__":1},"_componentId":"02dcbRWkHVFLq94MCbPLeeS","handler":"onBtnPvpClick"}],"_N$transition":3,"transition":3}],"_prefab":{"__type__":"cc.PrefabInfo","root":{"__id__":1},"asset":{"__uuid__":"88dQEDQmJBS7RFP/xJNDtk"},"fileId":"faAHhRtMVJl6ShUTGnvsBd"},"_contentSize":{"__type__":"cc.Size","width":292,"height":98},"_trs":{"__type__":"TypedArray","ctor":"Float64Array","array":[165,-303.174,0,0,0,0,1,1,1,0]}},{"__type__":"cc.Node","_name":"text","_parent":{"__id__":17},"_components":[{"__type__":"cc.Sprite","node":{"__id__":18},"_materials":[{"__uuid__":"ecpdLyjvZBwrvm+cedCcQy"}],"_spriteFrame":{"__uuid__":"cboer9f6JPLr1+4mE+Nbcg"}}],"_prefab":{"__type__":"cc.PrefabInfo","root":{"__id__":1},"asset":{"__uuid__":"88dQEDQmJBS7RFP/xJNDtk"},"fileId":"60M18h5d1BroZYAaTzlF0l"},"_contentSize":{"__type__":"cc.Size","width":294,"height":101},"_trs":{"__type__":"TypedArray","ctor":"Float64Array","array":[0,-2,0,0,0,0,1,1,1,1]}},{"__type__":"cc.Node","_name":"$start_btn","_parent":{"__id__":4},"_children":[{"__id__":20}],"_components":[{"__type__":"cc.Button","node":{"__id__":19},"zoomScale":1.1,"clickEvents":[{"__type__":"cc.ClickEvent","target":{"__id__":1},"_componentId":"02dcbRWkHVFLq94MCbPLeeS","handler":"onBtnStartClick"}],"_N$transition":3,"transition":3}],"_prefab":{"__type__":"cc.PrefabInfo","root":{"__id__":1},"asset":{"__uuid__":"88dQEDQmJBS7RFP/xJNDtk"},"fileId":"23bj5OD0RDi6orGCK/Selc"},"_contentSize":{"__type__":"cc.Size","width":198,"height":70},"_trs":{"__type__":"TypedArray","ctor":"Float64Array","array":[0,-409.133,0,0,0,0,1,1,1,0]}},{"__type__":"cc.Node","_name":"text","_parent":{"__id__":19},"_components":[{"__type__":"cc.Sprite","node":{"__id__":20},"_materials":[{"__uuid__":"ecpdLyjvZBwrvm+cedCcQy"}],"_spriteFrame":{"__uuid__":"76OuQITi1Kd7rOtMKCrX0h"}}],"_prefab":{"__type__":"cc.PrefabInfo","root":{"__id__":1},"asset":{"__uuid__":"88dQEDQmJBS7RFP/xJNDtk"},"fileId":"10iuWSgARFNbjGJcDfi+a7"},"_contentSize":{"__type__":"cc.Size","width":138,"height":30},"_trs":{"__type__":"TypedArray","ctor":"Float64Array","array":[0,0,0,0,0,0,1,1,1,1]}},{"__type__":"cc.Node","_name":"$i_see_btn","_parent":{"__id__":4},"_children":[{"__id__":22}],"_active":false,"_components":[{"__type__":"cc.Button","node":{"__id__":21},"zoomScale":1.1,"clickEvents":[{"__type__":"cc.ClickEvent","target":{"__id__":1},"_componentId":"02dcbRWkHVFLq94MCbPLeeS","handler":"onBtnISeeClick"}],"_N$transition":3,"transition":3}],"_prefab":{"__type__":"cc.PrefabInfo","root":{"__id__":1},"asset":{"__uuid__":"88dQEDQmJBS7RFP/xJNDtk"},"fileId":"1ccYFGrDtFzarH1QERYfcX"},"_contentSize":{"__type__":"cc.Size","width":250,"height":85},"_trs":{"__type__":"TypedArray","ctor":"Float64Array","array":[0,-303.174,0,0,0,0,1,1,1,1]}},{"__type__":"cc.Node","_name":"text","_parent":{"__id__":21},"_components":[{"__type__":"cc.Sprite","node":{"__id__":22},"_materials":[{"__uuid__":"ecpdLyjvZBwrvm+cedCcQy"}],"_spriteFrame":{"__uuid__":"797i1dPY1FvZU3HDy39kcq"}}],"_prefab":{"__type__":"cc.PrefabInfo","root":{"__id__":1},"asset":{"__uuid__":"88dQEDQmJBS7RFP/xJNDtk"},"fileId":"08QjwSmkNNj5Nbtdixgdb+"},"_contentSize":{"__type__":"cc.Size","width":268,"height":102},"_trs":{"__type__":"TypedArray","ctor":"Float64Array","array":[0,-8,0,0,0,0,1,1,1,1]}},{"__type__":"cc.Node","_name":"$free_btn","_parent":{"__id__":4},"_children":[{"__id__":24}],"_active":false,"_components":[{"__type__":"cc.Button","node":{"__id__":23},"_normalMaterial":{"__uuid__":"ecpdLyjvZBwrvm+cedCcQy"},"zoomScale":1.1,"clickEvents":[{"__type__":"cc.ClickEvent","target":{"__id__":1},"_componentId":"02dcbRWkHVFLq94MCbPLeeS","handler":"onBtnFreeClick"}],"_N$transition":3,"transition":3}],"_prefab":{"__type__":"cc.PrefabInfo","root":{"__id__":1},"asset":{"__uuid__":"88dQEDQmJBS7RFP/xJNDtk"},"fileId":"a2CZjWwDNBMKpV6GzqT292"},"_contentSize":{"__type__":"cc.Size","width":292,"height":98},"_trs":{"__type__":"TypedArray","ctor":"Float64Array","array":[0,-303.174,0,0,0,0,1,1,1,1]}},{"__type__":"cc.Node","_name":"text","_parent":{"__id__":23},"_components":[{"__type__":"cc.Sprite","node":{"__id__":24},"_materials":[{"__uuid__":"ecpdLyjvZBwrvm+cedCcQy"}],"_spriteFrame":{"__uuid__":"56JGHZYRRGyZIPA5Q1K9VA"}}],"_prefab":{"__type__":"cc.PrefabInfo","root":{"__id__":1},"asset":{"__uuid__":"88dQEDQmJBS7RFP/xJNDtk"},"fileId":"17isCY6wdBEYx1IDnfOzL8"},"_contentSize":{"__type__":"cc.Size","width":315,"height":121},"_trs":{"__type__":"TypedArray","ctor":"Float64Array","array":[0,-10,0,0,0,0,1,1,1,1]}},{"__type__":"cc.Node","_name":"banner","_parent":{"__id__":3},"_components":[{"__type__":"ce3f9aG6A1If7y9kH3tgvq2","node":{"__id__":25}}],"_prefab":{"__type__":"cc.PrefabInfo","root":{"__id__":1},"asset":{"__uuid__":"88dQEDQmJBS7RFP/xJNDtk"},"fileId":"baUm+0hiNJnZraTn4AM4oF"},"_trs":{"__type__":"TypedArray","ctor":"Float64Array","array":[0,-362.946,0,0,0,0,1,1,1,1]}}],{"__type__":"cc.SpriteFrame","content":{"name":"球杆试用","texture":"1e97745c7","rect":[944,384,183,47],"offset":[0,0],"originalSize":[183,47],"rotated":1,"capInsets":[0,0,0,0]}},{"__type__":"cc.SpriteFrame","content":{"name":"组133866402","texture":"1fecc0cbf","rect":[759,128,242,297],"offset":[0,0],"originalSize":[242,297],"capInsets":[0,0,0,0]}},{"__type__":"cc.SpriteFrame","content":{"name":"排位赛赢永久","texture":"1e97745c7","rect":[587,895,294,101],"offset":[0,0],"originalSize":[294,101],"capInsets":[0,0,0,0]}}]