[{"__type__":"cc.SpriteFrame","content":{"name":"pl_ext_high_light","texture":"13ba4cd6d","rect":[486,524,102,116],"offset":[0,0],"originalSize":[102,116],"capInsets":[0,0,0,0]}},[{"__type__":"cc.Prefab","_name":"ballHighlight","data":{"__id__":1}},{"__type__":"cc.Node","_name":"ballHighlight","_children":[{"__id__":2}],"_prefab":{"__type__":"cc.PrefabInfo","root":{"__id__":1},"asset":{"__uuid__":"5524/C4/dCzZcJYo2hEuhs"},"fileId":"3c4rlxi0dLQK7eBm2esN7u"},"_trs":{"__type__":"TypedArray","ctor":"Float64Array","array":[0,0,0,0,0,0,1,1,1,1]}},{"__type__":"cc.Node","_name":"sprite","_parent":{"__id__":1},"_components":[{"__type__":"cc.Sprite","node":{"__id__":2},"_materials":[{"__uuid__":"ecpdLyjvZBwrvm+cedCcQy"}],"_spriteFrame":{"__uuid__":"10I9bvI9ZJEJtRD98tDKcB"}}],"_prefab":{"__type__":"cc.PrefabInfo","root":{"__id__":1},"asset":{"__uuid__":"5524/C4/dCzZcJYo2hEuhs"},"fileId":"6eImSx3exHK7QS/MuLWBps"},"_opacity":107,"_contentSize":{"__type__":"cc.Size","width":102,"height":116},"_trs":{"__type__":"TypedArray","ctor":"Float64Array","array":[0,0,0,0,0,0.7071067811865475,0.7071067811865476,0.15,0.15,1]},"_eulerAngles":{"__type__":"cc.Vec3","z":90}}]]