[{"__type__":"cc.SpriteFrame","content":{"name":"定位小2","texture":"13ba4cd6d","rect":[931,96,8,8],"offset":[0,0],"originalSize":[8,8],"capInsets":[0,0,0,0]}},[{"__type__":"cc.Prefab","_name":"shoot_point_btn","data":{"__id__":1}},{"__type__":"cc.Node","_name":"shoot_point_btn","_children":[{"__id__":2},{"__id__":3}],"_components":[{"__type__":"cc.Button","node":{"__id__":1},"zoomScale":1.1,"_N$transition":3,"transition":3},{"__type__":"73b85V55hdLKYspiJg4V3Bc","node":{"__id__":1}}],"_prefab":{"__type__":"cc.PrefabInfo","root":{"__id__":1},"asset":{"__uuid__":"83+Ht93cxOfrLnS901I33D"},"fileId":"fcTadT+eJHRrR50h6rHXk6"},"_contentSize":{"__type__":"cc.Size","width":87,"height":87},"_trs":{"__type__":"TypedArray","ctor":"Float64Array","array":[0,0,0,0,0,0,1,1,1,1]}},{"__type__":"cc.Node","_name":"ball","_parent":{"__id__":1},"_components":[{"__type__":"cc.Sprite","node":{"__id__":2},"_materials":[{"__uuid__":"ecpdLyjvZBwrvm+cedCcQy"}],"_spriteFrame":{"__uuid__":"f7o/m1GFRIg5YCx5PC0wt8"}}],"_prefab":{"__type__":"cc.PrefabInfo","root":{"__id__":1},"asset":{"__uuid__":"83+Ht93cxOfrLnS901I33D"},"fileId":"aah0udwkJGibtLLKR4WtLR"},"_contentSize":{"__type__":"cc.Size","width":87,"height":87},"_trs":{"__type__":"TypedArray","ctor":"Float64Array","array":[0,0,0,0,0,0,1,1,1,1]}},{"__type__":"cc.Node","_name":"dot","_parent":{"__id__":1},"_components":[{"__type__":"cc.Sprite","node":{"__id__":3},"_materials":[{"__uuid__":"ecpdLyjvZBwrvm+cedCcQy"}],"_spriteFrame":{"__uuid__":"23Ay9NFfVBYqD0/n1HFpWm"}}],"_prefab":{"__type__":"cc.PrefabInfo","root":{"__id__":1},"asset":{"__uuid__":"83+Ht93cxOfrLnS901I33D"},"fileId":"ecmDkgIBhF7Y0uuc3jtDd1"},"_contentSize":{"__type__":"cc.Size","width":8,"height":8},"_trs":{"__type__":"TypedArray","ctor":"Float64Array","array":[0,0,0,0,0,0,1,1,1,1]}}],{"__type__":"cc.SpriteFrame","content":{"name":"定位小1","texture":"13ba4cd6d","rect":[931,3,87,87],"offset":[0,0],"originalSize":[87,87],"capInsets":[0,0,0,0]}}]