[{"__type__":"cc.Prefab","_name":"guideTips","data":{"__id__":1}},{"__type__":"cc.Node","_name":"guideTips","_children":[{"__id__":2}],"_components":[{"__type__":"cc.Sprite","node":{"__id__":1},"_materials":[{"__uuid__":"ecpdLyjvZBwrvm+cedCcQy"}],"_spriteFrame":{"__uuid__":"0aZecIa8NAyJiY+ANvVSpK"},"_type":1,"_sizeMode":0},{"__type__":"77499vMNDhI+J0QhvxNHUBX","node":{"__id__":1},"label":{"__id__":3}}],"_prefab":{"__type__":"cc.PrefabInfo","root":{"__id__":1},"asset":{"__uuid__":"01wRaO9WpKlb2EHXSARmlh"},"fileId":"08CXrynqlKIJUZr08O37Us"},"_contentSize":{"__type__":"cc.Size","width":522,"height":85},"_trs":{"__type__":"TypedArray","ctor":"Float64Array","array":[0,0,0,0,0,0,1,1,1,1]}},{"__type__":"cc.Node","_name":"label","_parent":{"__id__":1},"_components":[{"__id__":3}],"_prefab":{"__type__":"cc.PrefabInfo","root":{"__id__":1},"asset":{"__uuid__":"01wRaO9WpKlb2EHXSARmlh"},"fileId":"84j9gdjXhLPIyneBKxugEf"},"_color":{"__type__":"cc.Color","r":240,"g":240,"b":240},"_contentSize":{"__type__":"cc.Size","width":64,"height":42.84},"_trs":{"__type__":"TypedArray","ctor":"Float64Array","array":[0,3,0,0,0,0,1,1,1,1]}},{"__type__":"cc.Label","node":{"__id__":2},"_materials":[{"__uuid__":"ecpdLyjvZBwrvm+cedCcQy"}],"_useOriginalSize":false,"_string":"提示","_N$string":"提示","_fontSize":32,"_lineHeight":34,"_styleFlags":1,"_N$horizontalAlign":1,"_N$verticalAlign":1}]