[{"__type__":"cc.Prefab","_name":"bcoinsAnim","data":{"__id__":1}},{"__type__":"cc.Node","_name":"coinsAnim","_components":[{"__type__":"cc.Sprite","node":{"__id__":1},"_materials":[{"__uuid__":"ecpdLyjvZBwrvm+cedCcQy"}],"_spriteFrame":{"__uuid__":"63+7TLDp5Hp46+WHsTKuHv"}}],"_prefab":{"__type__":"cc.PrefabInfo","root":{"__id__":1},"asset":{"__uuid__":"2cIaJr9XNATbJ9SDXPzjz+"},"fileId":"83+TbpvDhLrK15M/CKfP3Z"},"_contentSize":{"__type__":"cc.Size","width":51,"height":58},"_trs":{"__type__":"TypedArray","ctor":"Float64Array","array":[0,0,0,0,0,0,1,1,1,1]}}]