{"__type__":"dragonBones.DragonBonesAtlasAsset","_name":"effect_shengji_tex","_atlasJson":"{\"width\":1015,\"SubTexture\":[{\"width\":172,\"y\":419,\"height\":146,\"name\":\"yanwu\",\"x\":822},{\"frameX\":0,\"frameHeight\":159,\"y\":146,\"frameY\":-4,\"frameWidth\":266,\"width\":265,\"height\":140,\"name\":\"baozha9\",\"x\":324},{\"frameX\":-14,\"frameHeight\":159,\"y\":574,\"frameY\":-23,\"frameWidth\":266,\"width\":242,\"height\":133,\"name\":\"baozha6\",\"x\":480},{\"frameX\":0,\"frameHeight\":159,\"y\":142,\"frameY\":-3,\"frameWidth\":266,\"width\":263,\"height\":137,\"name\":\"baozha10\",\"x\":591},{\"frameX\":-37,\"frameHeight\":159,\"y\":699,\"frameY\":-45,\"frameWidth\":266,\"width\":190,\"height\":110,\"name\":\"baozha4\",\"x\":724},{\"frameX\":-24,\"frameHeight\":159,\"y\":574,\"frameY\":-36,\"frameWidth\":266,\"width\":213,\"height\":123,\"name\":\"baozha5\",\"x\":724},{\"frameX\":-4,\"frameHeight\":159,\"y\":1,\"frameY\":-15,\"frameWidth\":266,\"width\":262,\"height\":139,\"name\":\"baozha7\",\"x\":588},{\"frameX\":-78,\"frameHeight\":159,\"y\":198,\"frameY\":-85,\"frameWidth\":266,\"width\":101,\"height\":68,\"name\":\"baozha2\",\"x\":856},{\"frameX\":-105,\"frameHeight\":159,\"y\":534,\"frameY\":-127,\"frameWidth\":266,\"width\":43,\"height\":25,\"name\":\"baozha1\",\"x\":480},{\"frameX\":-3,\"frameHeight\":159,\"y\":1,\"frameY\":-7,\"frameWidth\":266,\"width\":262,\"height\":143,\"name\":\"baozha8\",\"x\":324},{\"frameX\":-47,\"frameHeight\":159,\"y\":811,\"frameY\":-61,\"frameWidth\":266,\"width\":160,\"height\":93,\"name\":\"baozha3\",\"x\":684},{\"frameX\":0,\"frameHeight\":159,\"y\":281,\"frameY\":0,\"frameWidth\":266,\"width\":261,\"height\":136,\"name\":\"baozha11\",\"x\":591},{\"width\":229,\"y\":419,\"height\":153,\"name\":\"luzhang\",\"x\":591},{\"width\":61,\"y\":288,\"height\":83,\"name\":\"路障锥子\",\"x\":394},{\"width\":12,\"y\":369,\"height\":23,\"name\":\"diaogou2\",\"x\":324},{\"width\":159,\"y\":281,\"height\":114,\"name\":\"diaopai\",\"x\":854},{\"width\":75,\"y\":288,\"height\":244,\"name\":\"diaogou\",\"x\":480},{\"width\":125,\"y\":1,\"height\":195,\"name\":\"kuzi\",\"x\":856},{\"width\":77,\"y\":639,\"height\":59,\"name\":\"neiku1\",\"x\":1},{\"width\":84,\"y\":639,\"height\":54,\"name\":\"neiku2\",\"x\":80},{\"width\":171,\"y\":709,\"height\":106,\"name\":\"txv\",\"x\":511},{\"width\":77,\"y\":639,\"height\":44,\"name\":\"wazi1\",\"x\":166},{\"frameX\":-15,\"frameHeight\":42,\"y\":709,\"frameY\":0,\"frameWidth\":606,\"width\":508,\"height\":42,\"name\":\"lianziguan\",\"x\":1},{\"width\":321,\"y\":1,\"height\":392,\"name\":\"lianzi\",\"x\":1},{\"width\":477,\"y\":395,\"height\":242,\"name\":\"xingguang1\",\"x\":1},{\"width\":68,\"y\":288,\"height\":79,\"name\":\"光1\",\"x\":324}],\"height\":906,\"name\":\"effect_shengji\",\"imagePath\":\"effect_shengji_tex.png\"}","_texture":{"__uuid__":"deXYeF8edK4K7TgSzbfPUx"},"texture":{"__uuid__":"deXYeF8edK4K7TgSzbfPUx"}}