{"__type__":"cc.AnimationClip","_name":"Light","_duration":1.25,"sample":20,"wrapMode":2,"curveData":{"comps":{"cc.Sprite":{"spriteFrame":[{"frame":0,"value":{"__uuid__":"86BUm5D5dCvL8KbazQ/H+R"}},{"frame":0.05,"value":{"__uuid__":"e4SvBwNAxIcpM61JreQhdZ"}},{"frame":0.1,"value":{"__uuid__":"37cy4X/ExPqoNTjW/mX8KV"}},{"frame":0.15,"value":{"__uuid__":"f5W0DHJAlDbrC10UYJmGGO"}},{"frame":0.2,"value":{"__uuid__":"cd1gHC2DFHAKq56tpcQ6F+"}},{"frame":0.25,"value":{"__uuid__":"c3WFfxq4BPv6Z5P2bY1o48"}},{"frame":0.3,"value":{"__uuid__":"0cjkMTy6pAu5xVPFWtFG+l"}},{"frame":0.35,"value":{"__uuid__":"cdiF+lItBORZImzXVVhC8W"}},{"frame":0.4,"value":{"__uuid__":"9bTd9dhWBPOoZzeX1XNP3p"}},{"frame":0.45,"value":{"__uuid__":"3e8R6h0PdMvrBGtzdXr4sL"}},{"frame":0.5,"value":{"__uuid__":"0e/p7IEKNM77w4xMew8qZi"}},{"frame":0.55,"value":{"__uuid__":"67Yf3NxgdFZ6FFE8MPXeRv"}},{"frame":0.6,"value":{"__uuid__":"59ymLJLmdDRLrwT3yfl6l0"}},{"frame":0.65,"value":{"__uuid__":"89qcGXbs9J+7GfGRfyxY+5"}},{"frame":0.7,"value":{"__uuid__":"f0tntjVMNKZ65ixp49iwTv"}},{"frame":0.75,"value":{"__uuid__":"d2aHmKlNBAk6Kd1WMDUc4I"}},{"frame":0.8,"value":{"__uuid__":"60sv4MaS1Od5aq2f0riG8o"}},{"frame":0.85,"value":{"__uuid__":"725c2dQIlBk6vqWiJ7sHeL"}},{"frame":0.9,"value":{"__uuid__":"dcuNgG/UtJiJMLySh/z53/"}},{"frame":0.95,"value":{"__uuid__":"dcbe4g0qBBUJanRLfzJ5gA"}},{"frame":1,"value":{"__uuid__":"ba3JF+0HZKP5iZ6wR/3ehd"}},{"frame":1.05,"value":{"__uuid__":"0fdQRZdmlAEJA1m6v1Xwap"}},{"frame":1.1,"value":{"__uuid__":"36FKUxX59Fj4Tp/oL0pEau"}},{"frame":1.15,"value":{"__uuid__":"dabzHbSe1ISJd/HSWXuxLw"}},{"frame":1.2,"value":{"__uuid__":"c94rFahbJN54kbzBdkOSC8"}}]}}}}