{"__type__":"dragonBones.DragonBonesAsset","_name":"effect_shengji_ske","_dragonBonesJson":"{\"frameRate\":60,\"armature\":[{\"type\":\"Armature\",\"ik\":[],\"defaultActions\":[{\"gotoAndPlay\":\"sj1\"}],\"animation\":[{\"ffd\":[],\"playTimes\":0,\"duration\":300,\"ik\":[],\"frame\":[{\"tweenEasing\":null,\"event\":\"start\",\"duration\":94},{\"tweenEasing\":null,\"event\":\"event1\",\"duration\":166},{\"tweenEasing\":null,\"event\":\"end\",\"duration\":0}],\"bone\":[{\"frame\":[{\"transform\":{},\"duration\":150},{\"transform\":{},\"duration\":150}],\"name\":\"root\"},{\"frame\":[{\"transform\":{},\"duration\":300}],\"name\":\"baozha1\"},{\"frame\":[{\"tweenEasing\":0,\"transform\":{},\"duration\":10},{\"tweenEasing\":0,\"transform\":{\"scX\":0.2,\"scY\":0.2},\"duration\":10},{\"tweenEasing\":0,\"transform\":{},\"duration\":20},{\"tweenEasing\":0,\"transform\":{\"scX\":1.35,\"scY\":1.35},\"duration\":20},{\"tweenEasing\":0,\"transform\":{\"scX\":0.2,\"scY\":0.2},\"duration\":10},{\"tweenEasing\":0,\"transform\":{},\"duration\":20},{\"transform\":{\"scX\":1.35,\"scY\":1.35},\"duration\":210}],\"name\":\"yanwu\"},{\"frame\":[{\"transform\":{\"y\":-36.2,\"x\":-751.85},\"duration\":300}],\"name\":\"effect_yanwu\"},{\"frame\":[{\"tweenEasing\":0,\"transform\":{},\"duration\":16},{\"tweenEasing\":0,\"transform\":{\"y\":-377.3049,\"skX\":10.4185,\"skY\":10.4185},\"duration\":14},{\"tweenEasing\":0,\"transform\":{\"y\":-17.6838,\"skX\":12.3406,\"skY\":12.3406},\"duration\":4},{\"tweenEasing\":0,\"transform\":{\"y\":-47.1569,\"skX\":-5.4054,\"skY\":-5.4054},\"duration\":4},{\"tweenEasing\":0,\"transform\":{\"y\":-18.8136,\"skX\":-11.0046,\"skY\":-11.0046},\"duration\":3},{\"tweenEasing\":0,\"transform\":{\"y\":-30.6028},\"duration\":4},{\"tweenEasing\":0,\"transform\":{\"y\":-1.1298},\"duration\":50},{\"tweenEasing\":0,\"transform\":{\"y\":-1.1298},\"duration\":5},{\"tweenEasing\":0,\"transform\":{\"y\":6.9593,\"scY\":0.9},\"duration\":13},{\"transform\":{\"y\":-354.85,\"scY\":0.9},\"duration\":187}],\"name\":\"luzhang\"},{\"frame\":[{\"tweenEasing\":0,\"transform\":{\"y\":-433.8303},\"duration\":14},{\"tweenEasing\":0,\"transform\":{},\"duration\":3},{\"tweenEasing\":0,\"transform\":{\"y\":-23.712,\"skX\":-7.6471,\"skY\":-7.6471},\"duration\":3},{\"tweenEasing\":0,\"transform\":{\"y\":-24.5297,\"skX\":-2.9091,\"skY\":-2.9091},\"duration\":4},{\"tweenEasing\":0,\"transform\":{\"y\":-1.82,\"skX\":3.4082,\"skY\":3.4082},\"duration\":4},{\"tweenEasing\":0,\"transform\":{\"skX\":0.1819,\"skY\":0.1819},\"duration\":62},{\"tweenEasing\":0,\"transform\":{\"skX\":0.1819,\"skY\":0.1819},\"duration\":5},{\"tweenEasing\":0,\"transform\":{\"scX\":0.8,\"y\":3.1424,\"scY\":1.1,\"skX\":0.1819,\"skY\":0.1819},\"duration\":13},{\"transform\":{\"y\":-433.8303},\"duration\":192}],\"name\":\"路障锥子\"},{\"frame\":[{\"tweenEasing\":0,\"transform\":{},\"duration\":6},{\"tweenEasing\":0,\"transform\":{\"y\":-433.8303},\"duration\":14},{\"tweenEasing\":0,\"transform\":{},\"duration\":3},{\"tweenEasing\":0,\"transform\":{\"y\":-23.712,\"skX\":-7.6471,\"skY\":-7.6471},\"duration\":3},{\"tweenEasing\":0,\"transform\":{\"y\":-24.5297,\"skX\":-2.9091,\"skY\":-2.9091},\"duration\":4},{\"tweenEasing\":0,\"transform\":{\"y\":-1.82,\"skX\":3.4082,\"skY\":3.4082},\"duration\":4},{\"tweenEasing\":0,\"transform\":{\"skX\":0.1819,\"skY\":0.1819},\"duration\":62},{\"tweenEasing\":0,\"transform\":{\"skX\":0.1819,\"skY\":0.1819},\"duration\":5},{\"tweenEasing\":0,\"transform\":{\"scX\":0.8,\"y\":3.1424,\"scY\":1.1,\"skX\":0.1819,\"skY\":0.1819},\"duration\":13},{\"transform\":{\"y\":-433.8303},\"duration\":186}],\"name\":\"路障锥子1\"},{\"frame\":[{\"tweenEasing\":0,\"transform\":{},\"duration\":20},{\"tweenEasing\":0,\"transform\":{\"scX\":0.2,\"scY\":0.2},\"duration\":10},{\"tweenEasing\":0,\"transform\":{},\"duration\":20},{\"tweenEasing\":0,\"transform\":{\"scX\":1.35,\"scY\":1.35},\"duration\":20},{\"tweenEasing\":0,\"transform\":{\"scX\":0.2,\"scY\":0.2},\"duration\":10},{\"tweenEasing\":0,\"transform\":{},\"duration\":10},{\"transform\":{\"scX\":1.35,\"scY\":1.35},\"duration\":210}],\"name\":\"yanwu1\"},{\"frame\":[{\"tweenEasing\":0,\"transform\":{},\"duration\":30},{\"tweenEasing\":0,\"transform\":{\"scX\":0.2,\"scY\":0.2},\"duration\":10},{\"tweenEasing\":0,\"transform\":{},\"duration\":20},{\"tweenEasing\":0,\"transform\":{\"scX\":1.35,\"scY\":1.35},\"duration\":20},{\"tweenEasing\":0,\"transform\":{\"scX\":0.2,\"scY\":0.2},\"duration\":10},{\"tweenEasing\":0,\"transform\":{},\"duration\":10},{\"transform\":{\"scX\":1.35,\"scY\":1.35},\"duration\":200}],\"name\":\"yanwu11\"},{\"frame\":[{\"tweenEasing\":0,\"transform\":{},\"duration\":10},{\"tweenEasing\":0,\"transform\":{\"scX\":0.2,\"scY\":0.2},\"duration\":10},{\"tweenEasing\":0,\"transform\":{},\"duration\":20},{\"tweenEasing\":0,\"transform\":{\"scX\":1.35,\"scY\":1.35},\"duration\":20},{\"tweenEasing\":0,\"transform\":{\"scX\":0.2,\"scY\":0.2},\"duration\":10},{\"tweenEasing\":0,\"transform\":{},\"duration\":20},{\"transform\":{\"scX\":1.35,\"scY\":1.35},\"duration\":210}],\"name\":\"yanwu2\"},{\"frame\":[{\"tweenEasing\":0,\"transform\":{},\"duration\":10},{\"tweenEasing\":0,\"transform\":{\"scX\":0.2,\"scY\":0.2},\"duration\":10},{\"tweenEasing\":0,\"transform\":{},\"duration\":20},{\"tweenEasing\":0,\"transform\":{\"scX\":1.35,\"scY\":1.35},\"duration\":20},{\"tweenEasing\":0,\"transform\":{\"scX\":0.2,\"scY\":0.2},\"duration\":10},{\"tweenEasing\":0,\"transform\":{},\"duration\":20},{\"transform\":{\"scX\":1.35,\"scY\":1.35},\"duration\":210}],\"name\":\"yanwu3\"},{\"frame\":[{\"tweenEasing\":0,\"transform\":{},\"duration\":20},{\"tweenEasing\":0,\"transform\":{\"scX\":0.2,\"scY\":0.2},\"duration\":10},{\"tweenEasing\":0,\"transform\":{},\"duration\":20},{\"tweenEasing\":0,\"transform\":{\"scX\":1.35,\"scY\":1.35},\"duration\":20},{\"tweenEasing\":0,\"transform\":{\"scX\":0.2,\"scY\":0.2},\"duration\":10},{\"tweenEasing\":0,\"transform\":{},\"duration\":10},{\"transform\":{\"scX\":1.35,\"scY\":1.35},\"duration\":210}],\"name\":\"yanwu12\"},{\"frame\":[{\"tweenEasing\":0,\"transform\":{\"skX\":-39.8758,\"skY\":-39.8758},\"duration\":12},{\"tweenEasing\":0,\"transform\":{\"y\":193.5111,\"skX\":-0.3547,\"skY\":-0.3547},\"duration\":8},{\"tweenEasing\":0,\"transform\":{\"y\":193.5111,\"skX\":19.8384,\"skY\":19.8384},\"duration\":10},{\"tweenEasing\":0,\"transform\":{\"y\":193.5111,\"skX\":24.9428,\"skY\":24.9428},\"duration\":20},{\"tweenEasing\":0,\"transform\":{\"y\":193.5111,\"skX\":-6.5316,\"skY\":-6.5316},\"duration\":10},{\"tweenEasing\":0,\"transform\":{\"y\":193.5111,\"skX\":-9.6677,\"skY\":-9.6677},\"duration\":20},{\"tweenEasing\":0,\"transform\":{\"y\":193.5111,\"skX\":5.7825,\"skY\":5.7825},\"duration\":10},{\"tweenEasing\":0,\"transform\":{\"y\":193.5111,\"skX\":0.2627,\"skY\":0.2627},\"duration\":20},{\"tweenEasing\":0,\"transform\":{\"y\":193.5111,\"skX\":0.2627,\"skY\":0.2627},\"duration\":5},{\"tweenEasing\":0,\"transform\":{\"y\":208.4582,\"skX\":0.2627,\"skY\":0.2627},\"duration\":15},{\"transform\":{\"y\":-39.9748,\"skX\":0.2627,\"skY\":0.2627},\"duration\":170}],\"name\":\"diaogou\"},{\"frame\":[{\"tweenEasing\":0,\"transform\":{},\"duration\":12},{\"tweenEasing\":0,\"transform\":{},\"duration\":18},{\"tweenEasing\":0,\"transform\":{\"skX\":16.6663,\"skY\":16.6663},\"duration\":15},{\"tweenEasing\":0,\"transform\":{\"skX\":16.6663,\"skY\":16.6663},\"duration\":15},{\"tweenEasing\":0,\"transform\":{\"skX\":-2.8886,\"skY\":-2.8886},\"duration\":20},{\"tweenEasing\":0,\"transform\":{\"skX\":20.4934,\"skY\":20.4934},\"duration\":10},{\"transform\":{\"skX\":12.3454,\"skY\":12.3454},\"duration\":210}],\"name\":\"diaopai\"},{\"frame\":[{\"transform\":{},\"duration\":300}],\"name\":\"effect_lianzi\"},{\"frame\":[{\"transform\":{},\"duration\":300}],\"name\":\"kuzi\"},{\"frame\":[{\"transform\":{},\"duration\":300}],\"name\":\"neiku1\"},{\"frame\":[{\"transform\":{},\"duration\":300}],\"name\":\"neiku2\"},{\"frame\":[{\"transform\":{},\"duration\":300}],\"name\":\"txv\"},{\"frame\":[{\"transform\":{},\"duration\":300}],\"name\":\"wazi1\"},{\"frame\":[{\"transform\":{},\"duration\":300}],\"name\":\"lianziguan\"},{\"frame\":[{\"transform\":{},\"duration\":300}],\"name\":\"lianzi\"},{\"frame\":[{\"transform\":{},\"duration\":300}],\"name\":\"lianzi1\"},{\"frame\":[{\"transform\":{},\"duration\":300}],\"name\":\"lianzi2\"},{\"frame\":[{\"transform\":{},\"duration\":300}],\"name\":\"lianzi3\"},{\"frame\":[{\"transform\":{},\"duration\":300}],\"name\":\"lianzi4\"},{\"frame\":[{\"transform\":{},\"duration\":300}],\"name\":\"lianzi5\"},{\"frame\":[{\"transform\":{},\"duration\":300}],\"name\":\"lianzi6\"},{\"frame\":[{\"transform\":{},\"duration\":300}],\"name\":\"lianzi7\"},{\"frame\":[{\"transform\":{},\"duration\":300}],\"name\":\"lianzi8\"},{\"frame\":[{\"transform\":{},\"duration\":140},{\"tweenEasing\":0,\"transform\":{\"y\":-261.9832,\"x\":660},\"duration\":160},{\"transform\":{\"y\":-261.9832,\"x\":660},\"duration\":0}],\"name\":\"xingxing\"}],\"slot\":[{\"frame\":[{\"displayIndex\":-1,\"tweenEasing\":null,\"duration\":90},{\"tweenEasing\":0,\"duration\":2},{\"displayIndex\":8,\"tweenEasing\":0,\"duration\":2},{\"displayIndex\":7,\"tweenEasing\":0,\"duration\":2},{\"displayIndex\":6,\"tweenEasing\":0,\"duration\":2},{\"displayIndex\":5,\"tweenEasing\":0,\"duration\":2},{\"displayIndex\":4,\"tweenEasing\":0,\"duration\":2},{\"displayIndex\":3,\"tweenEasing\":0,\"duration\":2},{\"displayIndex\":2,\"tweenEasing\":0,\"duration\":2},{\"displayIndex\":1,\"tweenEasing\":0,\"duration\":2},{\"displayIndex\":10,\"tweenEasing\":0,\"duration\":2},{\"displayIndex\":9,\"tweenEasing\":0,\"duration\":2},{\"displayIndex\":-1,\"tweenEasing\":0,\"duration\":188}],\"name\":\"baozha1\"},{\"frame\":[{\"displayIndex\":-1,\"tweenEasing\":0,\"duration\":10},{\"tweenEasing\":0,\"color\":{\"aM\":0},\"duration\":10},{\"tweenEasing\":0,\"duration\":10},{\"tweenEasing\":0,\"duration\":10},{\"tweenEasing\":0,\"color\":{\"aM\":0},\"duration\":20},{\"tweenEasing\":0,\"color\":{\"aM\":0},\"duration\":10},{\"tweenEasing\":0,\"duration\":10},{\"tweenEasing\":0,\"duration\":10},{\"tweenEasing\":null,\"color\":{\"aM\":0},\"duration\":210}],\"name\":\"yanwu\"},{\"frame\":[{\"displayIndex\":-1,\"tweenEasing\":0,\"duration\":16},{\"tweenEasing\":null,\"duration\":98},{\"displayIndex\":-1,\"tweenEasing\":0,\"duration\":186}],\"name\":\"luzhang\"},{\"frame\":[{\"tweenEasing\":0,\"duration\":108},{\"tweenEasing\":null,\"duration\":1},{\"displayIndex\":-1,\"tweenEasing\":0,\"duration\":191}],\"name\":\"路障锥子\"},{\"frame\":[{\"displayIndex\":-1,\"tweenEasing\":null,\"duration\":6},{\"tweenEasing\":0,\"duration\":108},{\"tweenEasing\":null,\"duration\":1},{\"displayIndex\":-1,\"tweenEasing\":0,\"duration\":185}],\"name\":\"路障锥子1\"},{\"frame\":[{\"displayIndex\":-1,\"tweenEasing\":0,\"duration\":20},{\"tweenEasing\":0,\"color\":{\"aM\":0},\"duration\":10},{\"tweenEasing\":0,\"duration\":10},{\"tweenEasing\":0,\"duration\":10},{\"tweenEasing\":0,\"color\":{\"aM\":0},\"duration\":20},{\"tweenEasing\":0,\"color\":{\"aM\":0},\"duration\":10},{\"tweenEasing\":0,\"duration\":10},{\"tweenEasing\":null,\"color\":{\"aM\":0},\"duration\":210}],\"name\":\"yanwu1\"},{\"frame\":[{\"displayIndex\":-1,\"tweenEasing\":0,\"duration\":30},{\"tweenEasing\":0,\"color\":{\"aM\":0},\"duration\":10},{\"tweenEasing\":0,\"duration\":10},{\"tweenEasing\":0,\"duration\":10},{\"tweenEasing\":0,\"color\":{\"aM\":0},\"duration\":20},{\"tweenEasing\":0,\"color\":{\"aM\":0},\"duration\":10},{\"tweenEasing\":0,\"duration\":10},{\"tweenEasing\":null,\"color\":{\"aM\":0},\"duration\":200}],\"name\":\"yanwu11\"},{\"frame\":[{\"displayIndex\":-1,\"tweenEasing\":0,\"duration\":10},{\"tweenEasing\":0,\"color\":{\"aM\":0},\"duration\":10},{\"tweenEasing\":0,\"duration\":10},{\"tweenEasing\":0,\"duration\":10},{\"tweenEasing\":0,\"color\":{\"aM\":0},\"duration\":20},{\"tweenEasing\":0,\"color\":{\"aM\":0},\"duration\":10},{\"tweenEasing\":0,\"duration\":10},{\"tweenEasing\":0,\"duration\":10},{\"tweenEasing\":null,\"color\":{\"aM\":0},\"duration\":210}],\"name\":\"yanwu2\"},{\"frame\":[{\"displayIndex\":-1,\"tweenEasing\":0,\"duration\":10},{\"tweenEasing\":0,\"color\":{\"aM\":0},\"duration\":10},{\"tweenEasing\":0,\"duration\":10},{\"tweenEasing\":0,\"duration\":10},{\"tweenEasing\":0,\"color\":{\"aM\":0},\"duration\":20},{\"tweenEasing\":0,\"color\":{\"aM\":0},\"duration\":10},{\"tweenEasing\":0,\"duration\":10},{\"tweenEasing\":0,\"duration\":10},{\"tweenEasing\":null,\"color\":{\"aM\":0},\"duration\":210}],\"name\":\"yanwu3\"},{\"frame\":[{\"displayIndex\":-1,\"tweenEasing\":0,\"duration\":20},{\"tweenEasing\":0,\"color\":{\"aM\":0},\"duration\":10},{\"tweenEasing\":0,\"duration\":10},{\"tweenEasing\":0,\"duration\":10},{\"tweenEasing\":0,\"color\":{\"aM\":0},\"duration\":20},{\"tweenEasing\":0,\"color\":{\"aM\":0},\"duration\":10},{\"tweenEasing\":0,\"duration\":10},{\"tweenEasing\":null,\"color\":{\"aM\":0},\"duration\":210}],\"name\":\"yanwu12\"},{\"frame\":[{\"tweenEasing\":0,\"duration\":12},{\"tweenEasing\":0,\"duration\":102},{\"tweenEasing\":0,\"duration\":16},{\"tweenEasing\":null,\"color\":{\"aM\":0},\"duration\":170}],\"name\":\"diaogou2\"},{\"frame\":[{\"tweenEasing\":0,\"duration\":12},{\"tweenEasing\":0,\"duration\":102},{\"tweenEasing\":0,\"duration\":16},{\"tweenEasing\":null,\"color\":{\"aM\":0},\"duration\":170}],\"name\":\"diaopai\"},{\"frame\":[{\"tweenEasing\":0,\"duration\":12},{\"tweenEasing\":0,\"duration\":102},{\"tweenEasing\":0,\"duration\":16},{\"tweenEasing\":null,\"color\":{\"aM\":0},\"duration\":170}],\"name\":\"diaogou\"},{\"frame\":[{\"displayIndex\":-1,\"tweenEasing\":null,\"duration\":300}],\"name\":\"lianziguan\"},{\"frame\":[{\"displayIndex\":-1,\"tweenEasing\":null,\"duration\":300}],\"name\":\"lianzi\"},{\"frame\":[{\"displayIndex\":-1,\"tweenEasing\":0,\"duration\":140},{\"duration\":160,\"tweenEasing\":null,\"actions\":[{\"gotoAndPlay\":\"newAnimation\"}]}],\"name\":\"xingxing\"}],\"name\":\"sj1\"},{\"ffd\":[],\"playTimes\":0,\"duration\":300,\"ik\":[],\"frame\":[{\"tweenEasing\":null,\"event\":\"start\",\"duration\":24},{\"tweenEasing\":null,\"event\":\"event1\",\"duration\":66},{\"tweenEasing\":null,\"event\":\"event2\",\"duration\":150},{\"tweenEasing\":null,\"event\":\"eventName\",\"duration\":0}],\"bone\":[{\"frame\":[{\"transform\":{},\"duration\":300},{\"transform\":{},\"duration\":0}],\"name\":\"root\"},{\"frame\":[{\"transform\":{\"y\":-800.793,\"x\":-713.0006},\"duration\":300}],\"name\":\"effect_lianzi\"},{\"frame\":[{\"transform\":{},\"duration\":300}],\"name\":\"effect_yanwu\"},{\"frame\":[{\"transform\":{},\"duration\":300}],\"name\":\"luzhang\"},{\"frame\":[{\"transform\":{},\"duration\":30},{\"tweenEasing\":0,\"transform\":{},\"duration\":25},{\"tweenEasing\":0,\"transform\":{\"y\":80.3521,\"skX\":95.6545,\"skY\":95.6545,\"x\":289.0057},\"duration\":15},{\"transform\":{\"y\":128.5633,\"skX\":232.5343,\"skY\":232.5343,\"x\":462.4091},\"duration\":230}],\"name\":\"wazi1\"},{\"frame\":[{\"transform\":{},\"duration\":35},{\"tweenEasing\":0,\"transform\":{},\"duration\":27},{\"tweenEasing\":0,\"transform\":{\"y\":-531.4229,\"skX\":-68.3583,\"skY\":-68.3583,\"x\":-47.4889},\"duration\":5},{\"tweenEasing\":0,\"transform\":{\"y\":-526.1681,\"skX\":-81.0172,\"skY\":-81.0172,\"x\":-47.1462},\"duration\":6},{\"tweenEasing\":0,\"transform\":{\"y\":-519.8624,\"skX\":-113.7215,\"skY\":-113.7215,\"x\":-46.7351},\"duration\":24},{\"transform\":{\"y\":-272.1187,\"skX\":-244.5384,\"skY\":-244.5384,\"x\":-60.8896},\"duration\":203}],\"name\":\"neiku2\"},{\"frame\":[{\"transform\":{},\"duration\":300}],\"name\":\"路障锥子\"},{\"frame\":[{\"transform\":{},\"duration\":40},{\"tweenEasing\":0,\"transform\":{},\"duration\":24},{\"tweenEasing\":0,\"transform\":{\"y\":-465.2568,\"skX\":-23.0078,\"skY\":-23.0078},\"duration\":10},{\"tweenEasing\":0,\"transform\":{\"y\":-446.9145,\"skX\":-32.5944,\"skY\":-32.5944},\"duration\":16},{\"transform\":{\"y\":-272.705,\"skX\":-47.9329,\"skY\":-47.9329},\"duration\":210}],\"name\":\"txv\"},{\"frame\":[{\"transform\":{},\"duration\":56},{\"tweenEasing\":0,\"transform\":{},\"duration\":34},{\"transform\":{\"y\":-474.9073,\"skX\":162.6258,\"skY\":162.6258,\"x\":356.664},\"duration\":210}],\"name\":\"neiku1\"},{\"frame\":[{\"transform\":{},\"duration\":300}],\"name\":\"yanwu12\"},{\"frame\":[{\"transform\":{},\"duration\":300}],\"name\":\"yanwu11\"},{\"frame\":[{\"transform\":{},\"duration\":300}],\"name\":\"yanwu1\"},{\"frame\":[{\"transform\":{},\"duration\":300}],\"name\":\"yanwu2\"},{\"frame\":[{\"transform\":{},\"duration\":300}],\"name\":\"yanwu\"},{\"frame\":[{\"transform\":{},\"duration\":300}],\"name\":\"yanwu3\"},{\"frame\":[{\"transform\":{},\"duration\":300}],\"name\":\"baozha1\"},{\"frame\":[{\"transform\":{},\"duration\":69},{\"tweenEasing\":0,\"transform\":{},\"duration\":20},{\"transform\":{\"y\":209.2166,\"skX\":79.1271,\"skY\":79.1271,\"x\":444.4074},\"duration\":211}],\"name\":\"kuzi\"},{\"frame\":[{\"transform\":{},\"duration\":300}],\"name\":\"路障锥子1\"},{\"frame\":[{\"transform\":{\"x\":-24.8345},\"duration\":300}],\"name\":\"lianziguan\"},{\"frame\":[{\"transform\":{},\"duration\":300}],\"name\":\"diaogou\"},{\"frame\":[{\"transform\":{},\"duration\":300}],\"name\":\"diaopai\"},{\"frame\":[{\"tweenEasing\":0,\"transform\":{\"scX\":0.1},\"duration\":2},{\"tweenEasing\":0,\"transform\":{\"scX\":0.1},\"duration\":8},{\"tweenEasing\":0,\"transform\":{\"scX\":1.1},\"duration\":6},{\"tweenEasing\":0,\"transform\":{},\"duration\":74},{\"tweenEasing\":0,\"transform\":{},\"duration\":6},{\"tweenEasing\":0,\"transform\":{\"scX\":1.1},\"duration\":8},{\"transform\":{\"scX\":0.1},\"duration\":196}],\"name\":\"lianzi\"},{\"frame\":[{\"tweenEasing\":0,\"transform\":{},\"duration\":10},{\"tweenEasing\":0,\"transform\":{},\"duration\":6},{\"tweenEasing\":0,\"transform\":{\"skX\":-3.4576,\"skY\":-3.4576},\"duration\":14},{\"tweenEasing\":0,\"transform\":{},\"duration\":60},{\"tweenEasing\":0,\"transform\":{},\"duration\":6},{\"tweenEasing\":0,\"transform\":{},\"duration\":14},{\"transform\":{},\"duration\":190}],\"name\":\"lianzi1\"},{\"frame\":[{\"tweenEasing\":0,\"transform\":{},\"duration\":10},{\"tweenEasing\":0,\"transform\":{},\"duration\":6},{\"tweenEasing\":0,\"transform\":{\"skX\":-3.3311,\"skY\":-3.3311},\"duration\":14},{\"tweenEasing\":0,\"transform\":{},\"duration\":60},{\"tweenEasing\":0,\"transform\":{},\"duration\":6},{\"tweenEasing\":0,\"transform\":{},\"duration\":14},{\"transform\":{},\"duration\":190}],\"name\":\"lianzi3\"},{\"frame\":[{\"tweenEasing\":0,\"transform\":{\"skX\":13.7486,\"skY\":13.7486},\"duration\":10},{\"tweenEasing\":0,\"transform\":{\"skX\":9.1657,\"skY\":9.1657},\"duration\":6},{\"tweenEasing\":0,\"transform\":{\"skX\":-10.5229,\"skY\":-10.5229},\"duration\":8},{\"tweenEasing\":0,\"transform\":{\"skX\":2.6532,\"skY\":2.6532},\"duration\":6},{\"tweenEasing\":0,\"transform\":{},\"duration\":60},{\"tweenEasing\":0,\"transform\":{},\"duration\":6},{\"tweenEasing\":0,\"transform\":{},\"duration\":8},{\"tweenEasing\":0,\"transform\":{\"skX\":-9.3688,\"skY\":-9.3688},\"duration\":6},{\"transform\":{},\"duration\":190}],\"name\":\"lianzi2\"},{\"frame\":[{\"tweenEasing\":0,\"transform\":{\"skX\":6.2357,\"skY\":6.2357},\"duration\":10},{\"tweenEasing\":0,\"transform\":{\"skX\":4.1571,\"skY\":4.1571},\"duration\":6},{\"tweenEasing\":0,\"transform\":{\"skX\":-2.6078,\"skY\":-2.6078},\"duration\":8},{\"tweenEasing\":0,\"transform\":{\"skX\":4.4578,\"skY\":4.4578},\"duration\":6},{\"tweenEasing\":0,\"transform\":{},\"duration\":60},{\"tweenEasing\":0,\"transform\":{},\"duration\":6},{\"tweenEasing\":0,\"transform\":{},\"duration\":8},{\"tweenEasing\":0,\"transform\":{\"skX\":-2.7427,\"skY\":-2.7427},\"duration\":6},{\"transform\":{},\"duration\":190}],\"name\":\"lianzi4\"},{\"frame\":[{\"tweenEasing\":0,\"transform\":{\"skX\":6.7789,\"skY\":6.7789},\"duration\":10},{\"tweenEasing\":0,\"transform\":{\"skX\":4.5193,\"skY\":4.5193},\"duration\":6},{\"tweenEasing\":0,\"transform\":{\"skX\":0.1935,\"skY\":0.1935},\"duration\":8},{\"tweenEasing\":0,\"transform\":{\"skX\":2.8124,\"skY\":2.8124},\"duration\":6},{\"tweenEasing\":0,\"transform\":{},\"duration\":60},{\"tweenEasing\":0,\"transform\":{},\"duration\":6},{\"tweenEasing\":0,\"transform\":{\"skX\":5.2551,\"skY\":5.2551},\"duration\":8},{\"tweenEasing\":0,\"transform\":{\"skX\":-1.5769,\"skY\":-1.5769},\"duration\":6},{\"transform\":{},\"duration\":190}],\"name\":\"lianzi5\"},{\"frame\":[{\"tweenEasing\":0,\"transform\":{\"skX\":8.7509,\"skY\":8.7509},\"duration\":10},{\"tweenEasing\":0,\"transform\":{\"skX\":5.8339,\"skY\":5.8339},\"duration\":6},{\"tweenEasing\":0,\"transform\":{\"skX\":-1.2074,\"skY\":-1.2074},\"duration\":8},{\"tweenEasing\":0,\"transform\":{\"skX\":2.6465,\"skY\":2.6465},\"duration\":6},{\"tweenEasing\":0,\"transform\":{},\"duration\":60},{\"tweenEasing\":0,\"transform\":{},\"duration\":6},{\"tweenEasing\":0,\"transform\":{\"skX\":2.2522,\"skY\":2.2522},\"duration\":8},{\"tweenEasing\":0,\"transform\":{\"skX\":-1.9189,\"skY\":-1.9189},\"duration\":6},{\"transform\":{},\"duration\":190}],\"name\":\"lianzi6\"},{\"frame\":[{\"tweenEasing\":0,\"transform\":{\"skX\":6.0047,\"skY\":6.0047},\"duration\":10},{\"tweenEasing\":0,\"transform\":{\"skX\":4.0032,\"skY\":4.0032},\"duration\":6},{\"tweenEasing\":0,\"transform\":{\"skX\":-3.8158,\"skY\":-3.8158},\"duration\":8},{\"tweenEasing\":0,\"transform\":{\"skX\":1.7796,\"skY\":1.7796},\"duration\":6},{\"tweenEasing\":0,\"transform\":{},\"duration\":60},{\"tweenEasing\":0,\"transform\":{},\"duration\":6},{\"tweenEasing\":0,\"transform\":{},\"duration\":8},{\"tweenEasing\":0,\"transform\":{\"skX\":-3.6852,\"skY\":-3.6852},\"duration\":6},{\"transform\":{},\"duration\":190}],\"name\":\"lianzi7\"},{\"frame\":[{\"tweenEasing\":0,\"transform\":{\"skX\":7.1553,\"skY\":7.1553},\"duration\":10},{\"tweenEasing\":0,\"transform\":{\"skX\":4.7702,\"skY\":4.7702},\"duration\":6},{\"tweenEasing\":0,\"transform\":{\"skX\":-9.3398,\"skY\":-9.3398},\"duration\":8},{\"tweenEasing\":0,\"transform\":{\"skX\":0.0586,\"skY\":0.0586},\"duration\":6},{\"tweenEasing\":0,\"transform\":{},\"duration\":60},{\"tweenEasing\":0,\"transform\":{},\"duration\":6},{\"tweenEasing\":0,\"transform\":{},\"duration\":8},{\"tweenEasing\":0,\"transform\":{\"skX\":-12.6179,\"skY\":-12.6179},\"duration\":6},{\"transform\":{},\"duration\":190}],\"name\":\"lianzi8\"},{\"frame\":[{\"tweenEasing\":0,\"transform\":{\"y\":-317,\"x\":660},\"duration\":110},{\"transform\":{\"scX\":1.3333,\"y\":-353.4382,\"scY\":1.3333,\"x\":658.3397},\"duration\":190}],\"name\":\"xingxing\"}],\"slot\":[{\"frame\":[{\"displayIndex\":-1,\"tweenEasing\":null,\"duration\":300}],\"name\":\"yanwu3\"},{\"frame\":[{\"displayIndex\":-1,\"tweenEasing\":null,\"duration\":300}],\"name\":\"yanwu12\"},{\"frame\":[{\"displayIndex\":-1,\"tweenEasing\":null,\"duration\":300}],\"name\":\"yanwu\"},{\"frame\":[{\"displayIndex\":-1,\"tweenEasing\":null,\"duration\":300}],\"name\":\"yanwu1\"},{\"frame\":[{\"displayIndex\":-1,\"tweenEasing\":null,\"duration\":300}],\"name\":\"yanwu2\"},{\"frame\":[{\"displayIndex\":-1,\"tweenEasing\":null,\"duration\":300}],\"name\":\"yanwu11\"},{\"frame\":[{\"displayIndex\":-1,\"tweenEasing\":null,\"duration\":300}],\"name\":\"luzhang\"},{\"frame\":[{\"displayIndex\":-1,\"tweenEasing\":null,\"duration\":300}],\"name\":\"路障锥子\"},{\"frame\":[{\"displayIndex\":-1,\"tweenEasing\":null,\"duration\":300}],\"name\":\"路障锥子1\"},{\"frame\":[{\"displayIndex\":-1,\"tweenEasing\":null,\"duration\":300}],\"name\":\"diaogou2\"},{\"frame\":[{\"displayIndex\":-1,\"tweenEasing\":null,\"duration\":300}],\"name\":\"diaopai\"},{\"frame\":[{\"displayIndex\":-1,\"tweenEasing\":null,\"duration\":300}],\"name\":\"diaogou\"},{\"frame\":[{\"tweenEasing\":null,\"displayIndex\":-1,\"duration\":69},{\"tweenEasing\":null,\"duration\":51},{\"displayIndex\":-1,\"tweenEasing\":null,\"duration\":180}],\"name\":\"kuzi\"},{\"frame\":[{\"tweenEasing\":null,\"displayIndex\":-1,\"duration\":56},{\"tweenEasing\":null,\"duration\":34},{\"displayIndex\":-1,\"tweenEasing\":null,\"duration\":210}],\"name\":\"neiku1\"},{\"frame\":[{\"tweenEasing\":null,\"displayIndex\":-1,\"duration\":35},{\"tweenEasing\":null,\"duration\":62},{\"displayIndex\":-1,\"tweenEasing\":null,\"duration\":203}],\"name\":\"neiku2\"},{\"frame\":[{\"tweenEasing\":null,\"displayIndex\":-1,\"duration\":40},{\"tweenEasing\":null,\"duration\":50},{\"displayIndex\":-1,\"tweenEasing\":null,\"duration\":210}],\"name\":\"txv\"},{\"frame\":[{\"tweenEasing\":null,\"displayIndex\":-1,\"duration\":30},{\"tweenEasing\":null,\"duration\":90},{\"displayIndex\":-1,\"tweenEasing\":null,\"duration\":180}],\"name\":\"wazi1\"},{\"frame\":[{\"tweenEasing\":null,\"duration\":120},{\"displayIndex\":-1,\"tweenEasing\":null,\"duration\":180}],\"name\":\"lianziguan\"},{\"frame\":[{\"displayIndex\":-1,\"tweenEasing\":null,\"duration\":2},{\"tweenEasing\":null,\"duration\":118},{\"displayIndex\":-1,\"tweenEasing\":0,\"duration\":180}],\"name\":\"lianzi\"},{\"frame\":[{\"displayIndex\":-1,\"tweenEasing\":null,\"duration\":110},{\"duration\":190,\"tweenEasing\":null,\"actions\":[{\"gotoAndPlay\":\"newAnimation\"}]}],\"name\":\"xingxing\"}],\"name\":\"sj2\"}],\"bone\":[{\"name\":\"root\",\"transform\":{}},{\"length\":52,\"transform\":{\"scX\":0.75,\"y\":800.793,\"scY\":0.75,\"x\":713.0006},\"parent\":\"root\",\"name\":\"effect_lianzi\"},{\"length\":83,\"transform\":{\"scX\":0.75,\"y\":317,\"scY\":0.75,\"x\":-660},\"parent\":\"root\",\"name\":\"xingxing\"},{\"length\":115,\"transform\":{\"y\":36.2,\"x\":751.85},\"parent\":\"root\",\"name\":\"effect_yanwu\"},{\"length\":49,\"transform\":{\"y\":-45.9422,\"x\":-1.3076},\"parent\":\"effect_yanwu\",\"name\":\"luzhang\"},{\"length\":49,\"transform\":{\"y\":34.8504,\"skX\":-91.567,\"skY\":-91.567,\"x\":-130.0394},\"parent\":\"effect_yanwu\",\"name\":\"路障锥子\"},{\"length\":32,\"transform\":{\"y\":-323.0427,\"skX\":-28.4716,\"skY\":-28.4716,\"x\":-0.727},\"parent\":\"effect_lianzi\",\"name\":\"wazi1\"},{\"length\":37,\"transform\":{\"y\":-316.2453,\"skX\":-21.773,\"skY\":-21.773,\"x\":-12.6644},\"parent\":\"effect_lianzi\",\"name\":\"neiku2\"},{\"length\":53,\"transform\":{\"y\":-315.3468,\"skX\":-24.6033,\"skY\":-24.6033,\"x\":-7.4761},\"parent\":\"effect_lianzi\",\"name\":\"txv\"},{\"length\":30,\"transform\":{\"y\":-317.1148,\"skX\":-2.6153,\"skY\":-2.6153,\"x\":-5.8572},\"parent\":\"effect_lianzi\",\"name\":\"neiku1\"},{\"length\":46,\"transform\":{\"y\":-73.8334,\"x\":134.3122},\"parent\":\"effect_yanwu\",\"name\":\"yanwu1\"},{\"length\":46,\"transform\":{\"scX\":0.5,\"y\":-18.9976,\"scY\":0.5,\"x\":116.0484},\"parent\":\"effect_yanwu\",\"name\":\"yanwu2\"},{\"length\":46,\"transform\":{\"y\":-81.6656,\"x\":-98.6279},\"parent\":\"effect_yanwu\",\"name\":\"yanwu\"},{\"length\":46,\"transform\":{\"scX\":1.2,\"y\":-116.4554,\"scY\":1.2,\"skX\":14.9145,\"skY\":14.9145,\"x\":62.2401},\"parent\":\"effect_yanwu\",\"name\":\"yanwu3\"},{\"length\":46,\"transform\":{\"scX\":1.15,\"y\":-138.4467,\"scY\":1.15,\"x\":-27.6227},\"parent\":\"effect_yanwu\",\"name\":\"yanwu12\"},{\"length\":46,\"transform\":{\"y\":-39.4611,\"x\":-26.7878},\"parent\":\"effect_yanwu\",\"name\":\"yanwu11\"},{\"length\":49,\"transform\":{\"y\":42.6837,\"skX\":-91.567,\"skY\":-91.567,\"x\":135.0404},\"parent\":\"effect_yanwu\",\"name\":\"路障锥子1\"},{\"length\":269,\"transform\":{\"y\":-665.537,\"x\":-238.0827},\"parent\":\"effect_lianzi\",\"name\":\"lianziguan\"},{\"length\":110,\"transform\":{\"y\":-648.3184,\"skX\":89.6639,\"skY\":89.6639,\"x\":-0.8621},\"parent\":\"effect_yanwu\",\"name\":\"diaogou\"},{\"length\":40,\"transform\":{\"scX\":2.85,\"y\":-219.8053,\"scY\":2.85,\"x\":0.6912},\"parent\":\"effect_yanwu\",\"name\":\"baozha1\"},{\"length\":70,\"transform\":{\"y\":-315.9216,\"skX\":-56.3212,\"skY\":-56.3212,\"x\":-10.3671},\"parent\":\"effect_lianzi\",\"name\":\"kuzi\"},{\"length\":65,\"transform\":{\"y\":-1.2649,\"skX\":-13.1665,\"skY\":-13.1665,\"x\":230.8059},\"parent\":\"diaogou\",\"name\":\"diaopai\"},{\"length\":439,\"transform\":{\"y\":327.7234,\"x\":10.3638},\"parent\":\"lianziguan\",\"name\":\"lianzi\"},{\"length\":116,\"transform\":{\"y\":-69.45,\"skX\":91.4707,\"skY\":91.4707,\"x\":193.85},\"parent\":\"lianzi\",\"name\":\"lianzi1\"},{\"length\":86,\"transform\":{\"y\":-185.25,\"skX\":92.637,\"skY\":92.637,\"x\":366.6},\"parent\":\"lianzi\",\"name\":\"lianzi3\"},{\"length\":183,\"transform\":{\"skX\":0.4,\"skY\":0.4,\"x\":116.8885},\"parent\":\"lianzi1\",\"name\":\"lianzi2\"},{\"length\":103,\"transform\":{\"skX\":-0.4312,\"skY\":-0.4312,\"x\":86.9421},\"parent\":\"lianzi3\",\"name\":\"lianzi4\"},{\"length\":91,\"transform\":{\"skX\":-4.0765,\"skY\":-4.0765,\"x\":103.927},\"parent\":\"lianzi4\",\"name\":\"lianzi5\"},{\"length\":91,\"transform\":{\"skX\":-2.5352,\"skY\":-2.5352,\"x\":91.899},\"parent\":\"lianzi5\",\"name\":\"lianzi6\"},{\"length\":88,\"transform\":{\"skX\":1.1828,\"skY\":1.1828,\"x\":91.1193},\"parent\":\"lianzi6\",\"name\":\"lianzi7\"},{\"length\":81,\"transform\":{\"skX\":-0.3157,\"skY\":-0.3157,\"x\":88.0393},\"parent\":\"lianzi7\",\"name\":\"lianzi8\"}],\"aabb\":{\"width\":1937.057233438736,\"y\":-618.8997770172173,\"height\":1518.1280967706452,\"x\":-900.422154906902},\"slot\":[{\"name\":\"yanwu3\",\"parent\":\"yanwu3\",\"color\":{}},{\"z\":1,\"name\":\"yanwu12\",\"parent\":\"yanwu12\",\"color\":{}},{\"z\":2,\"name\":\"yanwu\",\"parent\":\"yanwu\",\"color\":{}},{\"z\":3,\"name\":\"yanwu1\",\"parent\":\"yanwu1\",\"color\":{}},{\"z\":4,\"name\":\"yanwu2\",\"parent\":\"yanwu2\",\"color\":{}},{\"z\":5,\"name\":\"yanwu11\",\"parent\":\"yanwu11\",\"color\":{}},{\"z\":6,\"displayIndex\":-1,\"name\":\"baozha1\",\"parent\":\"baozha1\",\"color\":{}},{\"z\":7,\"name\":\"luzhang\",\"parent\":\"luzhang\",\"color\":{}},{\"z\":8,\"name\":\"路障锥子\",\"parent\":\"路障锥子\",\"color\":{}},{\"z\":9,\"name\":\"路障锥子1\",\"parent\":\"路障锥子1\",\"color\":{}},{\"z\":10,\"name\":\"diaogou2\",\"parent\":\"diaogou\",\"color\":{}},{\"z\":11,\"name\":\"diaopai\",\"parent\":\"diaopai\",\"color\":{}},{\"z\":12,\"name\":\"diaogou\",\"parent\":\"diaogou\",\"color\":{}},{\"z\":13,\"displayIndex\":-1,\"name\":\"kuzi\",\"parent\":\"kuzi\",\"color\":{}},{\"z\":14,\"displayIndex\":-1,\"name\":\"neiku1\",\"parent\":\"neiku1\",\"color\":{}},{\"z\":15,\"displayIndex\":-1,\"name\":\"neiku2\",\"parent\":\"neiku2\",\"color\":{}},{\"z\":16,\"displayIndex\":-1,\"name\":\"txv\",\"parent\":\"txv\",\"color\":{}},{\"z\":17,\"displayIndex\":-1,\"name\":\"wazi1\",\"parent\":\"wazi1\",\"color\":{}},{\"z\":18,\"name\":\"lianziguan\",\"parent\":\"lianziguan\",\"color\":{}},{\"z\":19,\"name\":\"lianzi\",\"parent\":\"lianzi\",\"color\":{}},{\"blendMode\":\"add\",\"z\":20,\"parent\":\"xingxing\",\"name\":\"xingxing\",\"color\":{}}],\"frameRate\":60,\"name\":\"Armature\",\"skin\":[{\"slot\":[{\"display\":[{\"path\":\"yanwu\",\"type\":\"image\",\"name\":\"yanwu\",\"transform\":{}}],\"name\":\"yanwu11\"},{\"display\":[{\"path\":\"路障锥子\",\"type\":\"image\",\"name\":\"路障锥子\",\"transform\":{\"y\":-0.5636,\"skX\":91.567,\"skY\":91.567,\"x\":25.886}}],\"name\":\"路障锥子\"},{\"display\":[{\"path\":\"txv\",\"type\":\"image\",\"name\":\"txv\",\"transform\":{\"y\":4.4784,\"skX\":24.6033,\"skY\":24.6033,\"x\":4.8187}}],\"name\":\"txv\"},{\"display\":[{\"path\":\"yanwu\",\"type\":\"image\",\"name\":\"yanwu\",\"transform\":{}}],\"name\":\"yanwu\"},{\"display\":[{\"path\":\"baozha1\",\"type\":\"image\",\"name\":\"baozha1\",\"transform\":{}},{\"path\":\"baozha9\",\"type\":\"image\",\"name\":\"baozha9\",\"transform\":{}},{\"path\":\"baozha8\",\"type\":\"image\",\"name\":\"baozha8\",\"transform\":{}},{\"path\":\"baozha7\",\"type\":\"image\",\"name\":\"baozha7\",\"transform\":{}},{\"path\":\"baozha6\",\"type\":\"image\",\"name\":\"baozha6\",\"transform\":{}},{\"path\":\"baozha5\",\"type\":\"image\",\"name\":\"baozha5\",\"transform\":{}},{\"path\":\"baozha4\",\"type\":\"image\",\"name\":\"baozha4\",\"transform\":{}},{\"path\":\"baozha3\",\"type\":\"image\",\"name\":\"baozha3\",\"transform\":{}},{\"path\":\"baozha2\",\"type\":\"image\",\"name\":\"baozha2\",\"transform\":{}},{\"path\":\"baozha11\",\"type\":\"image\",\"name\":\"baozha11\",\"transform\":{}},{\"path\":\"baozha10\",\"type\":\"image\",\"name\":\"baozha10\",\"transform\":{}}],\"name\":\"baozha1\"},{\"display\":[{\"path\":\"neiku1\",\"type\":\"image\",\"name\":\"neiku1\",\"transform\":{\"y\":-3.4824,\"skX\":2.6153,\"skY\":2.6153,\"x\":-0.4943}}],\"name\":\"neiku1\"},{\"display\":[{\"path\":\"kuzi\",\"type\":\"image\",\"name\":\"kuzi\",\"transform\":{\"y\":10.2581,\"skX\":56.3212,\"skY\":56.3212,\"x\":-4.047}}],\"name\":\"kuzi\"},{\"display\":[{\"triangles\":[28,27,3,28,3,2,23,22,7,7,22,8,22,10,8,28,2,1,35,28,1,8,10,9,3,27,4,24,23,6,4,26,5,24,6,5,25,24,5,6,23,7,42,35,1,0,42,1,26,25,5,27,26,4,35,36,28,36,27,28,34,33,26,12,11,22,32,25,26,33,32,26,22,11,10,24,31,23,23,30,22,31,24,25,32,31,25,31,30,23,29,12,22,30,29,22,35,34,36,42,41,34,34,41,33,29,13,12,42,34,35,40,32,33,41,40,33,29,14,13,39,31,32,40,39,32,38,30,31,39,38,31,37,29,30,38,37,30,37,14,29,16,15,14,37,16,14,0,41,42,37,18,16,18,17,16,0,40,41,38,20,37,21,39,40,0,21,40,21,20,39,39,20,38,20,18,37,20,19,18,27,26,36,36,34,26],\"uvs\":[0.11924,0.03265,0.87741,0.03265,0.8648,0.31416,0.86106,0.43482,0.86106,0.50472,0.8648,0.5852,0.8648,0.66556,0.87025,0.74898,0.87741,0.83393,0.89019,0.9486,0.77196,0.93074,0.68287,0.9486,0.64829,0.93967,0.59019,0.94707,0.52648,0.9352,0.46293,0.95446,0.41745,0.93214,0.37009,0.94707,0.31558,0.92921,0.25935,0.95,0.20467,0.93074,0.12103,0.95753,0.75594,0.83978,0.75282,0.7519,0.75282,0.66147,0.74971,0.58124,0.7684,0.51242,0.80259,0.43475,0.82128,0.33545,0.59262,0.84992,0.59574,0.75318,0.61443,0.65764,0.62845,0.56466,0.64083,0.4908,0.64239,0.41568,0.64862,0.34055,0.73109,0.37237,0.40913,0.8283,0.40913,0.69967,0.40913,0.60668,0.42003,0.50611,0.44176,0.4042,0.4589,0.32014],\"userEdges\":[10,22,22,23,23,24,24,25,25,26,26,27,27,28,13,29,29,30,30,31,31,32,32,33,33,34,34,35,26,36,16,37,37,38,38,39,39,40,40,41,41,42],\"path\":\"lianzi\",\"edges\":[0,1,1,2,2,3,3,4,4,5,5,6,6,7,7,8,8,9,9,10,10,11,11,12,12,13,13,14,14,15,15,16,16,17,17,18,18,19,19,20,20,21,21,0],\"vertices\":[-122.23,-183.2,121.15,-183.2,117.1,-72.85,115.9,-25.55,115.9,1.85,117.1,33.4,117.1,64.9,118.85,97.6,121.15,130.9,125.25,175.85,87.3,168.85,58.7,175.85,47.6,172.35,28.95,175.25,8.5,170.6,-11.9,178.15,-26.5,169.4,-41.7,175.25,-59.2,168.25,-77.25,176.4,-94.8,168.85,-121.65,179.35,82.16,133.2,81.16,98.75,81.16,63.3,80.16,31.85,86.16,4.87,97.13,-25.58,103.13,-64.5,29.73,137.17,30.73,99.25,36.73,61.8,41.23,25.35,45.21,-3.6,45.71,-33.05,47.71,-62.5,74.18,-50.03,-29.17,128.7,-29.17,78.27,-29.17,41.82,-25.67,2.4,-18.69,-37.55,-13.19,-70.5],\"weights\":[1,22,1,1,22,1,3,24,0.47000000000000003,26,0.39,27,0.14,3,26,0.39,27,0.32,24,0.29,3,27,0.38,26,0.37,28,0.25,4,22,0.33954310646862507,27,0.25647301928305477,28,0.25246973138509693,26,0.15151414286322323,4,22,0.1331656645617645,28,0.3333991547082553,29,0.2890290872130132,27,0.24440609351696696,4,29,0.33606106260056146,28,0.30814837693420777,30,0.2334008038946573,27,0.12238975657057337,3,30,0.40260031136204166,29,0.4005176861119105,28,0.19688200252604776,2,30,0.66523074445598,29,0.33476925554401993,3,30,0.9297101621333862,29,0.05703382221443564,28,0.013256015652178148,3,30,0.8285700614353481,29,0.1334882505343812,28,0.037941688030270766,4,30,0.6371278684868052,29,0.22664365316174706,28,0.07093814662254734,25,0.06529033172890016,4,30,0.46328057819497437,29,0.266112066723365,25,0.15845265819492188,28,0.11215469688673878,3,30,0.3597660617430896,25,0.3578687223594811,29,0.28236521589742924,3,25,0.46708640513097915,30,0.2931025104944916,29,0.23981108437452917,1,25,1,2,25,0.92,22,0.08,2,25,0.86,22,0.14,2,25,0.6,22,0.4,2,25,0.58,22,0.42,1,22,1,4,30,0.5386773179969748,29,0.4464550386509975,28,0.011791863203251573,27,0.0030757801487760784,4,29,0.7339413334469225,28,0.20742320745528758,30,0.04524742704344664,27,0.013388032054343468,4,28,0.7307548039894467,29,0.13067461968469565,27,0.12091914077646226,30,0.017651435549395238,4,22,0.04743281206129075,27,0.5555267935684001,28,0.34924602491331275,26,0.04779436945699651,4,22,0.18,27,0.43,26,0.31,28,0.08,4,22,0.5498670078158788,26,0.21359875784202637,27,0.13583012213074763,24,0.100704112211347,4,22,0.13694733182332622,24,0.39998059998799895,26,0.37124352788347975,27,0.0918285403051951,4,30,0.3233878564328688,29,0.3209758042392561,25,0.20334434965965556,28,0.15229198966821936,4,29,0.30512805708495755,28,0.28764858495547924,25,0.2201117011831832,30,0.1871116567763799,4,28,0.3639137622606993,27,0.2784038664809574,29,0.21926333923577318,25,0.13841903202257008,4,22,0.23793520291627598,27,0.3493576161743976,28,0.2542319478909034,26,0.15847523301842298,4,27,0.38,26,0.36,28,0.12,22,0.14,4,22,0.30067731774694517,26,0.375558245154009,24,0.16977939591227187,27,0.1539850411867738,4,22,0.28,24,0.35000000000000003,26,0.33,27,0.04,3,22,0.11,26,0.67,24,0.22,1,25,1,3,22,0.014856871591495464,25,0.9583068388607305,23,0.026836289547774086,4,22,0.04665824118955788,25,0.8068707716795137,23,0.1346326572117207,27,0.011838329919207677,2,23,0.75,25,0.25,2,22,0.28,23,0.72,4,22,0.34,23,0.54,24,0.06,26,0.06],\"type\":\"mesh\",\"transform\":{\"scX\":2,\"y\":15.1592,\"scY\":2,\"x\":223.738},\"bonePose\":[22,1,0,0,1,465.1,467.8,23,-0.02566548362564181,0.9996705872187407,-0.9996705872187407,-0.02566548362564181,658.95,398.35,25,-0.032644540825670275,0.9994670249459364,-0.9994670249459364,-0.032644540825670275,655.9500000000002,515.2,24,-0.04600764939324181,0.9989410874507608,-0.9989410874507608,-0.04600764939324181,831.7,282.55,26,-0.03848855237969536,0.9992590411578549,-0.9992590411578549,-0.03848855237969536,827.7,369.3999999999999,27,0.03264454082566951,0.9994670249459366,-0.9994670249459366,0.03264454082566951,823.7,473.25,28,0.0768223836920861,0.9970447940608619,-0.9970447940608619,0.0768223836920861,826.6999999999999,565.1,29,0.05622491167292229,0.9984181284949571,-0.9984181284949571,0.05622491167292229,833.7000000000002,655.9500000000002,30,0.06172499656437007,0.998093194445854,-0.998093194445854,0.06172499656437007,838.65,743.8500000000001],\"width\":321,\"slotPose\":[1.9999999999999991,4.163336342344337e-17,-4.163336342344337e-17,1.9999999999999991,688.8380322349981,482.95917972567025],\"height\":392,\"name\":\"lianzi\"}],\"name\":\"lianzi\"},{\"display\":[{\"path\":\"diaopai\",\"type\":\"image\",\"name\":\"diaopai\",\"transform\":{\"y\":2.7433,\"skX\":-76.4974,\"skY\":-76.4974,\"x\":27.3739}}],\"name\":\"diaopai\"},{\"display\":[{\"path\":\"yanwu\",\"type\":\"image\",\"name\":\"yanwu\",\"transform\":{}}],\"name\":\"yanwu1\"},{\"display\":[{\"path\":\"wazi1\",\"type\":\"image\",\"name\":\"wazi1\",\"transform\":{\"y\":-6.6265,\"skX\":28.4716,\"skY\":28.4716,\"x\":5.4438}}],\"name\":\"wazi1\"},{\"display\":[{\"path\":\"路障锥子\",\"type\":\"image\",\"name\":\"路障锥子\",\"transform\":{\"y\":-0.5636,\"skX\":91.567,\"skY\":91.567,\"x\":25.886}}],\"name\":\"路障锥子1\"},{\"display\":[{\"path\":\"yanwu\",\"type\":\"image\",\"name\":\"yanwu\",\"transform\":{}}],\"name\":\"yanwu3\"},{\"display\":[{\"path\":\"luzhang\",\"type\":\"image\",\"name\":\"luzhang\",\"transform\":{\"y\":-3.344,\"x\":0.6741}}],\"name\":\"luzhang\"},{\"display\":[{\"path\":\"neiku2\",\"type\":\"image\",\"name\":\"neiku2\",\"transform\":{\"y\":0.9145,\"skX\":21.773,\"skY\":21.773,\"x\":0.3822}}],\"name\":\"neiku2\"},{\"display\":[{\"path\":\"yanwu\",\"type\":\"image\",\"name\":\"yanwu\",\"transform\":{}}],\"name\":\"yanwu12\"},{\"display\":[{\"path\":\"xingxing\",\"filterType\":\"armature\",\"type\":\"armature\",\"name\":\"xingxing\",\"transform\":{\"y\":1.8053,\"x\":-2.5629}}],\"blendMode\":\"add\",\"name\":\"xingxing\"},{\"display\":[{\"path\":\"diaogou\",\"type\":\"image\",\"name\":\"diaogou\",\"transform\":{\"y\":-0.8555,\"skX\":-89.6639,\"skY\":-89.6639,\"x\":115.2256}}],\"name\":\"diaogou\"},{\"display\":[{\"path\":\"lianziguan\",\"type\":\"image\",\"name\":\"lianziguan\",\"transform\":{\"scX\":1.2,\"x\":265.5954}}],\"name\":\"lianziguan\"},{\"display\":[{\"path\":\"diaogou2\",\"type\":\"image\",\"name\":\"diaogou2\",\"transform\":{\"y\":11.1896,\"skX\":-89.6639,\"skY\":-89.6639,\"x\":223.2603}}],\"name\":\"diaogou2\"},{\"display\":[{\"path\":\"yanwu\",\"type\":\"image\",\"name\":\"yanwu\",\"transform\":{}}],\"name\":\"yanwu2\"}],\"name\":\"\"}]},{\"type\":\"Armature\",\"ik\":[],\"defaultActions\":[{\"gotoAndPlay\":\"newAnimation\"}],\"animation\":[{\"ffd\":[],\"playTimes\":0,\"duration\":240,\"ik\":[],\"frame\":[],\"bone\":[{\"frame\":[{\"tweenEasing\":0,\"transform\":{},\"duration\":120},{\"tweenEasing\":0,\"transform\":{},\"duration\":120},{\"transform\":{},\"duration\":0}],\"name\":\"root\"},{\"frame\":[{\"tweenEasing\":0,\"transform\":{},\"duration\":45},{\"tweenEasing\":0,\"transform\":{\"scX\":0.8,\"scY\":0.8},\"duration\":15},{\"tweenEasing\":0,\"transform\":{},\"duration\":15},{\"transform\":{\"scX\":0.8,\"scY\":0.8},\"duration\":165}],\"name\":\"光1\"},{\"frame\":[{\"tweenEasing\":0,\"transform\":{},\"duration\":10},{\"tweenEasing\":0,\"transform\":{},\"duration\":15},{\"tweenEasing\":0,\"transform\":{\"scX\":1.75,\"scY\":1.75},\"duration\":15},{\"tweenEasing\":0,\"transform\":{},\"duration\":30},{\"tweenEasing\":0,\"transform\":{},\"duration\":15},{\"tweenEasing\":0,\"transform\":{\"scX\":1.75,\"scY\":1.75},\"duration\":15},{\"transform\":{},\"duration\":140}],\"name\":\"光11\"},{\"frame\":[{\"tweenEasing\":0,\"transform\":{},\"duration\":30},{\"tweenEasing\":0,\"transform\":{},\"duration\":15},{\"tweenEasing\":0,\"transform\":{\"scX\":1.3333,\"scY\":1.3333},\"duration\":15},{\"tweenEasing\":0,\"transform\":{},\"duration\":30},{\"tweenEasing\":0,\"transform\":{\"scX\":0.5,\"y\":-56.5759,\"scY\":0.5,\"x\":174.9197},\"duration\":15},{\"tweenEasing\":0,\"transform\":{\"scX\":0.8333,\"y\":-56.5759,\"scY\":0.8333,\"x\":174.9197},\"duration\":15},{\"transform\":{\"scX\":0.5,\"y\":-56.5759,\"scY\":0.5,\"x\":174.9197},\"duration\":120}],\"name\":\"光12\"}],\"slot\":[{\"frame\":[{\"tweenEasing\":0,\"color\":{\"aM\":0},\"duration\":60},{\"tweenEasing\":0,\"color\":{\"aM\":60},\"duration\":60},{\"tweenEasing\":null,\"color\":{\"aM\":0},\"duration\":120}],\"name\":\"xingguang1\"},{\"frame\":[{\"tweenEasing\":0,\"color\":{\"aM\":0},\"duration\":45},{\"tweenEasing\":0,\"color\":{\"aM\":0},\"duration\":15},{\"tweenEasing\":0,\"color\":{\"aM\":63},\"duration\":15},{\"tweenEasing\":null,\"color\":{\"aM\":0},\"duration\":165}],\"name\":\"光1\"},{\"frame\":[{\"tweenEasing\":0,\"color\":{\"aM\":0},\"duration\":10},{\"tweenEasing\":0,\"color\":{\"aM\":0},\"duration\":15},{\"tweenEasing\":0,\"color\":{\"aM\":54},\"duration\":15},{\"tweenEasing\":0,\"color\":{\"aM\":0},\"duration\":30},{\"tweenEasing\":0,\"color\":{\"aM\":0},\"duration\":15},{\"tweenEasing\":0,\"color\":{\"aM\":54},\"duration\":15},{\"tweenEasing\":null,\"color\":{\"aM\":0},\"duration\":140}],\"name\":\"光11\"},{\"frame\":[{\"tweenEasing\":0,\"color\":{\"aM\":0},\"duration\":30},{\"tweenEasing\":0,\"color\":{\"aM\":0},\"duration\":15},{\"tweenEasing\":0,\"color\":{\"aM\":70},\"duration\":15},{\"tweenEasing\":0,\"color\":{\"aM\":0},\"duration\":30},{\"tweenEasing\":0,\"color\":{\"aM\":0},\"duration\":15},{\"tweenEasing\":0,\"color\":{\"aM\":70},\"duration\":15},{\"tweenEasing\":null,\"color\":{\"aM\":0},\"duration\":120}],\"name\":\"光12\"}],\"name\":\"newAnimation\"}],\"bone\":[{\"name\":\"root\",\"transform\":{}},{\"length\":27,\"transform\":{\"y\":-424.8299,\"skX\":1.259,\"skY\":1.259,\"x\":108.3268},\"parent\":\"root\",\"name\":\"光1\"},{\"length\":27,\"transform\":{\"scX\":0.4,\"y\":-364.3389,\"scY\":0.4,\"skX\":1.259,\"skY\":1.259,\"x\":-153.0402},\"parent\":\"root\",\"name\":\"光11\"},{\"length\":27,\"transform\":{\"scX\":0.6,\"y\":-90.0904,\"scY\":0.6,\"skX\":1.259,\"skY\":1.259,\"x\":-115.3482},\"parent\":\"root\",\"name\":\"光12\"}],\"aabb\":{\"width\":477,\"y\":-464.3299341005238,\"height\":413.7395634252382,\"x\":-240.52941352455778},\"slot\":[{\"blendMode\":\"add\",\"parent\":\"root\",\"name\":\"xingguang1\",\"color\":{}},{\"blendMode\":\"add\",\"z\":1,\"parent\":\"光1\",\"name\":\"光1\",\"color\":{}},{\"blendMode\":\"add\",\"z\":2,\"parent\":\"光11\",\"name\":\"光11\",\"color\":{}},{\"blendMode\":\"add\",\"z\":3,\"parent\":\"光12\",\"name\":\"光12\",\"color\":{}}],\"frameRate\":60,\"name\":\"xingxing\",\"skin\":[{\"slot\":[{\"display\":[{\"path\":\"光1\",\"type\":\"image\",\"name\":\"光1\",\"transform\":{\"skX\":-1.259,\"skY\":-1.259}}],\"blendMode\":\"add\",\"name\":\"光12\"},{\"display\":[{\"path\":\"光1\",\"type\":\"image\",\"name\":\"光1\",\"transform\":{\"skX\":-1.259,\"skY\":-1.259}}],\"blendMode\":\"add\",\"name\":\"光11\"},{\"display\":[{\"path\":\"光1\",\"type\":\"image\",\"name\":\"光1\",\"transform\":{\"skX\":-1.259,\"skY\":-1.259}}],\"blendMode\":\"add\",\"name\":\"光1\"},{\"display\":[{\"path\":\"xingguang1\",\"type\":\"image\",\"name\":\"xingguang1\",\"transform\":{\"y\":-199.9764,\"x\":-2.0294}}],\"blendMode\":\"add\",\"name\":\"xingguang1\"}],\"name\":\"\"}]}],\"isGlobal\":0,\"name\":\"effect_shengji\",\"version\":\"4.5\"}"}