[{"__type__":"cc.SpriteFrame","content":{"name":"光2","texture":"14c0017fb","rect":[491,155,135,104],"offset":[0,0],"originalSize":[135,104],"capInsets":[0,0,0,0]}},{"__type__":"cc.SpriteFrame","content":{"name":"光1","texture":"14c0017fb","rect":[566,778,135,104],"offset":[0,0],"originalSize":[135,104],"capInsets":[0,0,0,0]}},[{"__type__":"cc.Prefab","_name":"title_light","data":{"__id__":1}},{"__type__":"cc.Node","_name":"title_light","_children":[{"__id__":2},{"__id__":3},{"__id__":4}],"_components":[{"__type__":"cc.Mask","node":{"__id__":1},"_materials":[{"__uuid__":"ecpdLyjvZBwrvm+cedCcQy"}]},{"__type__":"cc.Widget","node":{"__id__":1},"_alignFlags":45,"_originalWidth":618,"_originalHeight":104}],"_prefab":{"__type__":"cc.PrefabInfo","root":{"__id__":1},"asset":{"__id__":0},"fileId":"54A4G9ZW1Lwq8XaE9zAD+B"},"_contentSize":{"__type__":"cc.Size","width":618,"height":104},"_trs":{"__type__":"TypedArray","ctor":"Float64Array","array":[0,0,0,0,0,0,1,1,1,1]}},{"__type__":"cc.Node","_name":"light","_parent":{"__id__":1},"_components":[{"__type__":"cc.Sprite","node":{"__id__":2},"_materials":[{"__uuid__":"ecpdLyjvZBwrvm+cedCcQy"}],"_spriteFrame":{"__uuid__":"deGLyW93hMbaE1i2nh98wX"}}],"_prefab":{"__type__":"cc.PrefabInfo","root":{"__id__":1},"asset":{"__id__":0},"fileId":"beTgljiv5Fg5KMxGqzVQi1"},"_contentSize":{"__type__":"cc.Size","width":448,"height":104},"_trs":{"__type__":"TypedArray","ctor":"Float64Array","array":[-80,0,0,0,0,0,1,1,1,1]}},{"__type__":"cc.Node","_name":"light","_parent":{"__id__":1},"_components":[{"__type__":"cc.Sprite","node":{"__id__":3},"_materials":[{"__uuid__":"ecpdLyjvZBwrvm+cedCcQy"}],"_spriteFrame":{"__uuid__":"21xGYNDEJMSqsu6HWdEUCr"}}],"_prefab":{"__type__":"cc.PrefabInfo","root":{"__id__":1},"asset":{"__id__":0},"fileId":"599w2g1i1NloaMhYf4NvWR"},"_contentSize":{"__type__":"cc.Size","width":135,"height":104},"_trs":{"__type__":"TypedArray","ctor":"Float64Array","array":[-160,0,0,0,0,0,1,1,1,1]}},{"__type__":"cc.Node","_name":"light","_parent":{"__id__":1},"_components":[{"__type__":"cc.Sprite","node":{"__id__":4},"_materials":[{"__uuid__":"ecpdLyjvZBwrvm+cedCcQy"}],"_spriteFrame":{"__uuid__":"0aym4crf5DqbYqKwlVM7iH"}},{"__type__":"f1d7aNi0Y9KzZW02HGn2qIU","node":{"__id__":4},"startPos":{"__type__":"cc.Vec2","x":-444},"endPos":{"__type__":"cc.Vec2","x":444},"duration":5,"pingpong":false,"easing":false}],"_prefab":{"__type__":"cc.PrefabInfo","root":{"__id__":1},"asset":{"__id__":0},"fileId":"b93HrnlgtKsLghNZj0MyxI"},"_contentSize":{"__type__":"cc.Size","width":135,"height":104},"_trs":{"__type__":"TypedArray","ctor":"Float64Array","array":[-444,0,0,0,0,0,1,1,1,1]}}],{"__type__":"cc.SpriteFrame","content":{"name":"光","texture":"14c0017fb","rect":[3,190,448,104],"offset":[0,0],"originalSize":[448,104],"capInsets":[0,0,0,0]}}]