[{"__type__":"cc.SpriteFrame","content":{"name":"头像","texture":"18584f08b","rect":[460,621,46,46],"offset":[0,0],"originalSize":[46,46],"capInsets":[0,0,0,0]}},{"__type__":"cc.SpriteFrame","content":{"name":"倒计时----Assistor","texture":"18584f08b","rect":[460,526,89,28],"offset":[0,0],"originalSize":[89,28],"rotated":1,"capInsets":[0,0,0,0]}},{"__type__":"cc.SpriteFrame","content":{"name":"游戏中-底框2","texture":"18584f08b","rect":[460,673,42,42],"offset":[0,0],"originalSize":[42,42],"capInsets":[11,11,11,11]}},{"__type__":"cc.SpriteFrame","content":{"name":"进度条底","texture":"18584f08b","rect":[3,951,223,9],"offset":[0,0],"originalSize":[223,9],"capInsets":[0,0,0,0]}},{"__type__":"cc.SpriteFrame","content":{"name":"进度条","texture":"18584f08b","rect":[232,951,222,9],"offset":[0,0],"originalSize":[222,9],"capInsets":[0,0,0,0]}},{"__type__":"cc.SpriteFrame","content":{"name":"vs","texture":"18584f08b","rect":[460,446,74,45],"offset":[0,0],"originalSize":[74,45],"rotated":1,"capInsets":[0,0,0,0]}},{"__type__":"cc.SpriteFrame","content":{"name":"空球","texture":"18584f08b","rect":[460,769,32,32],"offset":[0,0],"originalSize":[32,32],"capInsets":[0,0,0,0]}},{"__type__":"cc.SpriteFrame","content":{"name":"游戏中-底框1","texture":"18584f08b","rect":[261,626,53,53],"offset":[0,0],"originalSize":[53,53],"capInsets":[16,15,16,16]}},{"__type__":"cc.SpriteFrame","content":{"name":"icon - 001","texture":"18584f08b","rect":[87,654,86,86],"offset":[0,0],"originalSize":[86,86],"capInsets":[0,0,0,0]}},{"__type__":"cc.SpriteFrame","content":{"name":"表情框_敌方","texture":"18584f08b","rect":[424,842,79,94],"offset":[0,0],"originalSize":[79,94],"capInsets":[21,61,47,21]}},[{"__type__":"cc.Prefab","_name":"pvp_player_node","data":{"__id__":1}},{"__type__":"cc.Node","_name":"pvp_player_node","_children":[{"__id__":2},{"__id__":3},{"__id__":4},{"__id__":27},{"__id__":24},{"__id__":32},{"__id__":55},{"__id__":52}],"_prefab":{"__type__":"cc.PrefabInfo","root":{"__id__":1},"asset":{"__uuid__":"e8BKh2845LsLt4ppSWmls6"},"fileId":"detiAbmDVH4JnbXCXu+IpU"},"_trs":{"__type__":"TypedArray","ctor":"Float64Array","array":[0,0,0,0,0,0,1,1,1,1]}},{"__type__":"cc.Node","_name":"bg","_parent":{"__id__":1},"_components":[{"__type__":"cc.Sprite","node":{"__id__":2},"_materials":[{"__uuid__":"ecpdLyjvZBwrvm+cedCcQy"}],"_spriteFrame":{"__uuid__":"cd2LG3GM5MgIdrR7E5UBWY"},"_type":1,"_sizeMode":0}],"_prefab":{"__type__":"cc.PrefabInfo","root":{"__id__":1},"asset":{"__uuid__":"e8BKh2845LsLt4ppSWmls6"},"fileId":"c3jiXqaVhNCZKIN1VXz6Bc"},"_contentSize":{"__type__":"cc.Size","width":741,"height":67},"_trs":{"__type__":"TypedArray","ctor":"Float64Array","array":[0,-32,0,0,0,0,1,1,1,1]}},{"__type__":"cc.Node","_name":"vs","_parent":{"__id__":1},"_components":[{"__type__":"cc.Sprite","node":{"__id__":3},"_materials":[{"__uuid__":"ecpdLyjvZBwrvm+cedCcQy"}],"_spriteFrame":{"__uuid__":"63Y5Zw8TBMl7yvr2+ZzXMX"}}],"_prefab":{"__type__":"cc.PrefabInfo","root":{"__id__":1},"asset":{"__uuid__":"e8BKh2845LsLt4ppSWmls6"},"fileId":"ea3A7eD3RCqIiVvXZWNWlN"},"_contentSize":{"__type__":"cc.Size","width":74,"height":45},"_trs":{"__type__":"TypedArray","ctor":"Float64Array","array":[0,-32,0,0,0,0,1,1,1,1]}},{"__type__":"cc.Node","_name":"player_ui_1","_parent":{"__id__":1},"_children":[{"__id__":5},{"__id__":17},{"__id__":20}],"_components":[{"__type__":"c2b18rV88hBHag0Ii1xA781","node":{"__id__":4},"avatarSp":{"__id__":19},"objectsPanel":{"__id__":16},"timeProgress":{"__id__":23},"emojiDialog":{"__id__":24},"countDownNode":{"__id__":27},"countDownLbl":{"__id__":31},"defaultAvatarSf":{"__uuid__":"dahVwGP4xEn5m7NuIBRKK0"}}],"_prefab":{"__type__":"cc.PrefabInfo","root":{"__id__":1},"asset":{"__uuid__":"e8BKh2845LsLt4ppSWmls6"},"fileId":"32C4q5RO9MRZiULF5MGPQj"},"_contentSize":{"__type__":"cc.Size","width":323,"height":67},"_trs":{"__type__":"TypedArray","ctor":"Float64Array","array":[-203,-32,0,0,0,0,1,1,1,1]}},{"__type__":"cc.Node","_name":"balls","_parent":{"__id__":4},"_children":[{"__id__":6},{"__id__":14},{"__id__":15}],"_components":[{"__type__":"cc.Sprite","node":{"__id__":5},"_materials":[{"__uuid__":"ecpdLyjvZBwrvm+cedCcQy"}],"_spriteFrame":{"__uuid__":"43DsuVBhlJk4Njx51d9BNe"},"_type":1,"_sizeMode":0},{"__id__":16}],"_prefab":{"__type__":"cc.PrefabInfo","root":{"__id__":1},"asset":{"__uuid__":"e8BKh2845LsLt4ppSWmls6"},"fileId":"f1asSxGLRNPYz7hGQUqpNo"},"_contentSize":{"__type__":"cc.Size","width":260,"height":38},"_trs":{"__type__":"TypedArray","ctor":"Float64Array","array":[-26,6,0,0,0,0,1,1,1,1]}},{"__type__":"cc.Node","_name":"bg","_parent":{"__id__":5},"_children":[{"__id__":7},{"__id__":8},{"__id__":9},{"__id__":10},{"__id__":11},{"__id__":12},{"__id__":13}],"_prefab":{"__type__":"cc.PrefabInfo","root":{"__id__":1},"asset":{"__uuid__":"e8BKh2845LsLt4ppSWmls6"},"fileId":"bdxs1QDc9BErocwAPp3O0S"},"_contentSize":{"__type__":"cc.Size","width":243,"height":38},"_trs":{"__type__":"TypedArray","ctor":"Float64Array","array":[0,0,0,0,0,0,1,1,1,1]}},{"__type__":"cc.Node","_name":"sp","_parent":{"__id__":6},"_components":[{"__type__":"cc.Sprite","node":{"__id__":7},"_materials":[{"__uuid__":"ecpdLyjvZBwrvm+cedCcQy"}],"_spriteFrame":{"__uuid__":"baXPagY0VMnZ75bPLdPPui"},"_sizeMode":0}],"_prefab":{"__type__":"cc.PrefabInfo","root":{"__id__":1},"asset":{"__uuid__":"e8BKh2845LsLt4ppSWmls6"},"fileId":"1fQjbfq99D9qSb8oaHGKTg"},"_contentSize":{"__type__":"cc.Size","width":27,"height":27},"_trs":{"__type__":"TypedArray","ctor":"Float64Array","array":[-108,0,0,0,0,0,1,1,1,1]}},{"__type__":"cc.Node","_name":"sp","_parent":{"__id__":6},"_components":[{"__type__":"cc.Sprite","node":{"__id__":8},"_materials":[{"__uuid__":"ecpdLyjvZBwrvm+cedCcQy"}],"_spriteFrame":{"__uuid__":"baXPagY0VMnZ75bPLdPPui"},"_sizeMode":0}],"_prefab":{"__type__":"cc.PrefabInfo","root":{"__id__":1},"asset":{"__uuid__":"e8BKh2845LsLt4ppSWmls6"},"fileId":"83d4fz9URMPKF3RsTWl8/O"},"_contentSize":{"__type__":"cc.Size","width":27,"height":27},"_trs":{"__type__":"TypedArray","ctor":"Float64Array","array":[-72,0,0,0,0,0,1,1,1,1]}},{"__type__":"cc.Node","_name":"sp","_parent":{"__id__":6},"_components":[{"__type__":"cc.Sprite","node":{"__id__":9},"_materials":[{"__uuid__":"ecpdLyjvZBwrvm+cedCcQy"}],"_spriteFrame":{"__uuid__":"baXPagY0VMnZ75bPLdPPui"},"_sizeMode":0}],"_prefab":{"__type__":"cc.PrefabInfo","root":{"__id__":1},"asset":{"__uuid__":"e8BKh2845LsLt4ppSWmls6"},"fileId":"616YmzxexGYKovhYMgghZr"},"_contentSize":{"__type__":"cc.Size","width":27,"height":27},"_trs":{"__type__":"TypedArray","ctor":"Float64Array","array":[-36,0,0,0,0,0,1,1,1,1]}},{"__type__":"cc.Node","_name":"sp","_parent":{"__id__":6},"_components":[{"__type__":"cc.Sprite","node":{"__id__":10},"_materials":[{"__uuid__":"ecpdLyjvZBwrvm+cedCcQy"}],"_spriteFrame":{"__uuid__":"baXPagY0VMnZ75bPLdPPui"},"_sizeMode":0}],"_prefab":{"__type__":"cc.PrefabInfo","root":{"__id__":1},"asset":{"__uuid__":"e8BKh2845LsLt4ppSWmls6"},"fileId":"80rjyx3FdHgbzRonquvSiF"},"_contentSize":{"__type__":"cc.Size","width":27,"height":27},"_trs":{"__type__":"TypedArray","ctor":"Float64Array","array":[0,0,0,0,0,0,1,1,1,1]}},{"__type__":"cc.Node","_name":"sp","_parent":{"__id__":6},"_components":[{"__type__":"cc.Sprite","node":{"__id__":11},"_materials":[{"__uuid__":"ecpdLyjvZBwrvm+cedCcQy"}],"_spriteFrame":{"__uuid__":"baXPagY0VMnZ75bPLdPPui"},"_sizeMode":0}],"_prefab":{"__type__":"cc.PrefabInfo","root":{"__id__":1},"asset":{"__uuid__":"e8BKh2845LsLt4ppSWmls6"},"fileId":"5bZct9QKBBMbn2Q+SPwCFE"},"_contentSize":{"__type__":"cc.Size","width":27,"height":27},"_trs":{"__type__":"TypedArray","ctor":"Float64Array","array":[36,0,0,0,0,0,1,1,1,1]}},{"__type__":"cc.Node","_name":"sp","_parent":{"__id__":6},"_components":[{"__type__":"cc.Sprite","node":{"__id__":12},"_materials":[{"__uuid__":"ecpdLyjvZBwrvm+cedCcQy"}],"_spriteFrame":{"__uuid__":"baXPagY0VMnZ75bPLdPPui"},"_sizeMode":0}],"_prefab":{"__type__":"cc.PrefabInfo","root":{"__id__":1},"asset":{"__uuid__":"e8BKh2845LsLt4ppSWmls6"},"fileId":"09TCVRf1tN24VOZNiT8ZiW"},"_contentSize":{"__type__":"cc.Size","width":27,"height":27},"_trs":{"__type__":"TypedArray","ctor":"Float64Array","array":[72,0,0,0,0,0,1,1,1,1]}},{"__type__":"cc.Node","_name":"sp","_parent":{"__id__":6},"_components":[{"__type__":"cc.Sprite","node":{"__id__":13},"_materials":[{"__uuid__":"ecpdLyjvZBwrvm+cedCcQy"}],"_spriteFrame":{"__uuid__":"baXPagY0VMnZ75bPLdPPui"},"_sizeMode":0}],"_prefab":{"__type__":"cc.PrefabInfo","root":{"__id__":1},"asset":{"__uuid__":"e8BKh2845LsLt4ppSWmls6"},"fileId":"c5NlgIB+JARbhClEP5BEyB"},"_contentSize":{"__type__":"cc.Size","width":27,"height":27},"_trs":{"__type__":"TypedArray","ctor":"Float64Array","array":[108,0,0,0,0,0,1,1,1,1]}},{"__type__":"cc.Node","_name":"ball","_parent":{"__id__":5},"_prefab":{"__type__":"cc.PrefabInfo","root":{"__id__":1},"asset":{"__uuid__":"e8BKh2845LsLt4ppSWmls6"},"fileId":"29uCDHJydE+o/3ZROGKUpQ"},"_contentSize":{"__type__":"cc.Size","width":243,"height":38},"_trs":{"__type__":"TypedArray","ctor":"Float64Array","array":[0,0,0,0,0,0,1,1,1,1]}},{"__type__":"cc.Node","_name":"tick","_parent":{"__id__":5},"_prefab":{"__type__":"cc.PrefabInfo","root":{"__id__":1},"asset":{"__uuid__":"e8BKh2845LsLt4ppSWmls6"},"fileId":"00UvtlKYZKmKnW1yqSISjf"},"_contentSize":{"__type__":"cc.Size","width":243,"height":38},"_trs":{"__type__":"TypedArray","ctor":"Float64Array","array":[0,0,0,0,0,0,1,1,1,1]}},{"__type__":"94316MjoGxGcp8bsLXX+Z8N","node":{"__id__":5},"ballsNode":{"__id__":14},"ticksNode":{"__id__":15},"ballRadius":13},{"__type__":"cc.Node","_name":"mask","_parent":{"__id__":4},"_children":[{"__id__":18}],"_components":[{"__type__":"cc.Mask","node":{"__id__":17},"_materials":[{"__uuid__":"ecpdLyjvZBwrvm+cedCcQy"}],"_spriteFrame":{"__uuid__":"01qo3XXpdME5SqxQ1b+/e3"},"_type":2,"_N$alphaThreshold":0.2}],"_prefab":{"__type__":"cc.PrefabInfo","root":{"__id__":1},"asset":{"__uuid__":"e8BKh2845LsLt4ppSWmls6"},"fileId":"fb4FRvmZ1HL4jYoknAt/2p"},"_contentSize":{"__type__":"cc.Size","width":46,"height":46},"_trs":{"__type__":"TypedArray","ctor":"Float64Array","array":[133,0,0,0,0,0,1,1,1,1]}},{"__type__":"cc.Node","_name":"avatar","_parent":{"__id__":17},"_components":[{"__id__":19}],"_prefab":{"__type__":"cc.PrefabInfo","root":{"__id__":1},"asset":{"__uuid__":"e8BKh2845LsLt4ppSWmls6"},"fileId":"9bv+lNQIpHPZ83UT4Q03gh"},"_contentSize":{"__type__":"cc.Size","width":46,"height":46},"_trs":{"__type__":"TypedArray","ctor":"Float64Array","array":[0,0,0,0,0,0,1,1,1,1]}},{"__type__":"cc.Sprite","node":{"__id__":18},"_materials":[{"__uuid__":"ecpdLyjvZBwrvm+cedCcQy"}],"_spriteFrame":{"__uuid__":"dahVwGP4xEn5m7NuIBRKK0"},"_sizeMode":0},{"__type__":"cc.Node","_name":"progressBar","_parent":{"__id__":4},"_children":[{"__id__":21}],"_components":[{"__type__":"cc.Sprite","node":{"__id__":20},"_materials":[{"__uuid__":"ecpdLyjvZBwrvm+cedCcQy"}],"_spriteFrame":{"__uuid__":"49qQ73evBAdoo6V9pPojUC"}},{"__id__":23}],"_prefab":{"__type__":"cc.PrefabInfo","root":{"__id__":1},"asset":{"__uuid__":"e8BKh2845LsLt4ppSWmls6"},"fileId":"21qosXWfpLj4PTeaoNrvw0"},"_contentSize":{"__type__":"cc.Size","width":223,"height":9},"_trs":{"__type__":"TypedArray","ctor":"Float64Array","array":[-36,-20,0,0,0,0,1,1,1,1]}},{"__type__":"cc.Node","_name":"bar","_parent":{"__id__":20},"_components":[{"__id__":22}],"_prefab":{"__type__":"cc.PrefabInfo","root":{"__id__":1},"asset":{"__uuid__":"e8BKh2845LsLt4ppSWmls6"},"fileId":"daXiTPibNCsr5qP0EgOvoP"},"_contentSize":{"__type__":"cc.Size","width":222,"height":9},"_anchorPoint":{"__type__":"cc.Vec2","x":1,"y":0.5},"_trs":{"__type__":"TypedArray","ctor":"Float64Array","array":[111,0,0,0,0,0,1,1,1,1]}},{"__type__":"cc.Sprite","node":{"__id__":21},"_materials":[{"__uuid__":"ecpdLyjvZBwrvm+cedCcQy"}],"_spriteFrame":{"__uuid__":"50nvxUT+dAab6h/litWuKV"},"_type":3},{"__type__":"cc.ProgressBar","node":{"__id__":20},"_N$barSprite":{"__id__":22},"_N$mode":2,"_N$progress":0},{"__type__":"cc.Node","_name":"player1_emoji_dialog","_parent":{"__id__":1},"_children":[{"__id__":25},{"__id__":26}],"_active":false,"_prefab":{"__type__":"cc.PrefabInfo","root":{"__id__":1},"asset":{"__uuid__":"e8BKh2845LsLt4ppSWmls6"},"fileId":"51l1GcdVtKkpli6TF7Emur"},"_contentSize":{"__type__":"cc.Size","width":147,"height":124},"_anchorPoint":{"__type__":"cc.Vec2","x":1,"y":0.63},"_trs":{"__type__":"TypedArray","ctor":"Float64Array","array":[-95,-54,0,0,0,0,1,1,1,1]}},{"__type__":"cc.Node","_name":"bg","_parent":{"__id__":24},"_components":[{"__type__":"cc.Sprite","node":{"__id__":25},"_materials":[{"__uuid__":"ecpdLyjvZBwrvm+cedCcQy"}],"_spriteFrame":{"__uuid__":"f71XQ9EGdCu6Oy7D9HqzW4"},"_type":1,"_sizeMode":0}],"_prefab":{"__type__":"cc.PrefabInfo","root":{"__id__":1},"asset":{"__uuid__":"e8BKh2845LsLt4ppSWmls6"},"fileId":"30tdvBmfxKebRysPtitvN5"},"_contentSize":{"__type__":"cc.Size","width":147,"height":124},"_anchorPoint":{"__type__":"cc.Vec2","y":0.63},"_trs":{"__type__":"TypedArray","ctor":"Float64Array","array":[0,0,0,0,0,0,1,-1,1,1]}},{"__type__":"cc.Node","_name":"sp","_parent":{"__id__":24},"_components":[{"__type__":"cc.Sprite","node":{"__id__":26},"_materials":[{"__uuid__":"ecpdLyjvZBwrvm+cedCcQy"}]}],"_prefab":{"__type__":"cc.PrefabInfo","root":{"__id__":1},"asset":{"__uuid__":"e8BKh2845LsLt4ppSWmls6"},"fileId":"13zxmbdQdGJbZAwdYubv7t"},"_contentSize":{"__type__":"cc.Size","width":91,"height":101},"_trs":{"__type__":"TypedArray","ctor":"Float64Array","array":[-85,-16,0,0,0,0,1,1,1,1]}},{"__type__":"cc.Node","_name":"player1_count_down","_parent":{"__id__":1},"_children":[{"__id__":28},{"__id__":29},{"__id__":30}],"_prefab":{"__type__":"cc.PrefabInfo","root":{"__id__":1},"asset":{"__uuid__":"e8BKh2845LsLt4ppSWmls6"},"fileId":"d88FOIIhBCLL1CedNkLdZR"},"_trs":{"__type__":"TypedArray","ctor":"Float64Array","array":[-160,-97.996,0,0,0,0,1,1,1,1]}},{"__type__":"cc.Node","_name":"bg","_parent":{"__id__":27},"_components":[{"__type__":"cc.Sprite","node":{"__id__":28},"_materials":[{"__uuid__":"ecpdLyjvZBwrvm+cedCcQy"}],"_spriteFrame":{"__uuid__":"eeIG2CCzRDdY3ciLZ1EEHp"}}],"_prefab":{"__type__":"cc.PrefabInfo","root":{"__id__":1},"asset":{"__uuid__":"e8BKh2845LsLt4ppSWmls6"},"fileId":"26ZNe9NE1BqKp2GnfvgZXn"},"_contentSize":{"__type__":"cc.Size","width":171,"height":43},"_trs":{"__type__":"TypedArray","ctor":"Float64Array","array":[0,0,0,0,0,0,1,1,1,1]}},{"__type__":"cc.Node","_name":"t","_parent":{"__id__":27},"_components":[{"__type__":"cc.Sprite","node":{"__id__":29},"_materials":[{"__uuid__":"ecpdLyjvZBwrvm+cedCcQy"}],"_spriteFrame":{"__uuid__":"27B41sI9ZEX5fvo5bAtUz6"}}],"_prefab":{"__type__":"cc.PrefabInfo","root":{"__id__":1},"asset":{"__uuid__":"e8BKh2845LsLt4ppSWmls6"},"fileId":"178Ocwan1I9LGqoMezfOHC"},"_contentSize":{"__type__":"cc.Size","width":89,"height":28},"_trs":{"__type__":"TypedArray","ctor":"Float64Array","array":[-29,0,0,0,0,0,1,1,1,1]}},{"__type__":"cc.Node","_name":"count_down_lbl","_parent":{"__id__":27},"_components":[{"__id__":31}],"_prefab":{"__type__":"cc.PrefabInfo","root":{"__id__":1},"asset":{"__uuid__":"e8BKh2845LsLt4ppSWmls6"},"fileId":"6ev4IpwJ9NSae0o1XhEe4O"},"_contentSize":{"__type__":"cc.Size","width":31,"height":40},"_trs":{"__type__":"TypedArray","ctor":"Float64Array","array":[49.68600000000001,0,0,0,0,0,1,1,1,1]}},{"__type__":"cc.Label","node":{"__id__":30},"_materials":[{"__uuid__":"ecpdLyjvZBwrvm+cedCcQy"}],"_useOriginalSize":false,"_string":"9","_N$string":"9","_fontSize":34,"_N$file":{"__uuid__":"9430uZ6GVGzb+al5s9aAOY"},"_isSystemFontUsed":false,"_N$horizontalAlign":1,"_N$verticalAlign":1},{"__type__":"cc.Node","_name":"player_ui_2","_parent":{"__id__":1},"_children":[{"__id__":33},{"__id__":45},{"__id__":48}],"_components":[{"__type__":"c2b18rV88hBHag0Ii1xA781","node":{"__id__":32},"avatarSp":{"__id__":47},"objectsPanel":{"__id__":44},"timeProgress":{"__id__":51},"emojiDialog":{"__id__":52},"countDownNode":{"__id__":55},"countDownLbl":{"__id__":59},"defaultAvatarSf":{"__uuid__":"dahVwGP4xEn5m7NuIBRKK0"}}],"_prefab":{"__type__":"cc.PrefabInfo","root":{"__id__":1},"asset":{"__uuid__":"e8BKh2845LsLt4ppSWmls6"},"fileId":"a832hAENtDoaXy+Vu4i4Mw"},"_contentSize":{"__type__":"cc.Size","width":323,"height":67},"_trs":{"__type__":"TypedArray","ctor":"Float64Array","array":[203,-32,0,0,0,0,1,1,1,1]}},{"__type__":"cc.Node","_name":"balls","_parent":{"__id__":32},"_children":[{"__id__":34},{"__id__":42},{"__id__":43}],"_components":[{"__type__":"cc.Sprite","node":{"__id__":33},"_materials":[{"__uuid__":"ecpdLyjvZBwrvm+cedCcQy"}],"_spriteFrame":{"__uuid__":"43DsuVBhlJk4Njx51d9BNe"},"_type":1,"_sizeMode":0},{"__id__":44}],"_prefab":{"__type__":"cc.PrefabInfo","root":{"__id__":1},"asset":{"__uuid__":"e8BKh2845LsLt4ppSWmls6"},"fileId":"a1EpkBPqJDga3p9UvkI7bL"},"_contentSize":{"__type__":"cc.Size","width":260,"height":38},"_trs":{"__type__":"TypedArray","ctor":"Float64Array","array":[26,6,0,0,0,0,1,1,1,1]}},{"__type__":"cc.Node","_name":"bg","_parent":{"__id__":33},"_children":[{"__id__":35},{"__id__":36},{"__id__":37},{"__id__":38},{"__id__":39},{"__id__":40},{"__id__":41}],"_prefab":{"__type__":"cc.PrefabInfo","root":{"__id__":1},"asset":{"__uuid__":"e8BKh2845LsLt4ppSWmls6"},"fileId":"38kgMMwcdKXod49xA+29Os"},"_contentSize":{"__type__":"cc.Size","width":243,"height":38},"_trs":{"__type__":"TypedArray","ctor":"Float64Array","array":[0,0,0,0,0,0,1,1,1,1]}},{"__type__":"cc.Node","_name":"sp","_parent":{"__id__":34},"_components":[{"__type__":"cc.Sprite","node":{"__id__":35},"_materials":[{"__uuid__":"ecpdLyjvZBwrvm+cedCcQy"}],"_spriteFrame":{"__uuid__":"baXPagY0VMnZ75bPLdPPui"},"_sizeMode":0}],"_prefab":{"__type__":"cc.PrefabInfo","root":{"__id__":1},"asset":{"__uuid__":"e8BKh2845LsLt4ppSWmls6"},"fileId":"fcVh1nLShMbYjxZ3XP3yWx"},"_contentSize":{"__type__":"cc.Size","width":27,"height":27},"_trs":{"__type__":"TypedArray","ctor":"Float64Array","array":[-108,0,0,0,0,0,1,1,1,1]}},{"__type__":"cc.Node","_name":"sp","_parent":{"__id__":34},"_components":[{"__type__":"cc.Sprite","node":{"__id__":36},"_materials":[{"__uuid__":"ecpdLyjvZBwrvm+cedCcQy"}],"_spriteFrame":{"__uuid__":"baXPagY0VMnZ75bPLdPPui"},"_sizeMode":0}],"_prefab":{"__type__":"cc.PrefabInfo","root":{"__id__":1},"asset":{"__uuid__":"e8BKh2845LsLt4ppSWmls6"},"fileId":"66eD5tWQRLjYVaRLDgBKFh"},"_contentSize":{"__type__":"cc.Size","width":27,"height":27},"_trs":{"__type__":"TypedArray","ctor":"Float64Array","array":[-72,0,0,0,0,0,1,1,1,1]}},{"__type__":"cc.Node","_name":"sp","_parent":{"__id__":34},"_components":[{"__type__":"cc.Sprite","node":{"__id__":37},"_materials":[{"__uuid__":"ecpdLyjvZBwrvm+cedCcQy"}],"_spriteFrame":{"__uuid__":"baXPagY0VMnZ75bPLdPPui"},"_sizeMode":0}],"_prefab":{"__type__":"cc.PrefabInfo","root":{"__id__":1},"asset":{"__uuid__":"e8BKh2845LsLt4ppSWmls6"},"fileId":"7eFeYuQA9Kv56q1hKgDyx8"},"_contentSize":{"__type__":"cc.Size","width":27,"height":27},"_trs":{"__type__":"TypedArray","ctor":"Float64Array","array":[-36,0,0,0,0,0,1,1,1,1]}},{"__type__":"cc.Node","_name":"sp","_parent":{"__id__":34},"_components":[{"__type__":"cc.Sprite","node":{"__id__":38},"_materials":[{"__uuid__":"ecpdLyjvZBwrvm+cedCcQy"}],"_spriteFrame":{"__uuid__":"baXPagY0VMnZ75bPLdPPui"},"_sizeMode":0}],"_prefab":{"__type__":"cc.PrefabInfo","root":{"__id__":1},"asset":{"__uuid__":"e8BKh2845LsLt4ppSWmls6"},"fileId":"998QdpSRhPZZvaUtjHd1cj"},"_contentSize":{"__type__":"cc.Size","width":27,"height":27},"_trs":{"__type__":"TypedArray","ctor":"Float64Array","array":[0,0,0,0,0,0,1,1,1,1]}},{"__type__":"cc.Node","_name":"sp","_parent":{"__id__":34},"_components":[{"__type__":"cc.Sprite","node":{"__id__":39},"_materials":[{"__uuid__":"ecpdLyjvZBwrvm+cedCcQy"}],"_spriteFrame":{"__uuid__":"baXPagY0VMnZ75bPLdPPui"},"_sizeMode":0}],"_prefab":{"__type__":"cc.PrefabInfo","root":{"__id__":1},"asset":{"__uuid__":"e8BKh2845LsLt4ppSWmls6"},"fileId":"d0FDhIPPZJbaNeCYS9to+2"},"_contentSize":{"__type__":"cc.Size","width":27,"height":27},"_trs":{"__type__":"TypedArray","ctor":"Float64Array","array":[36,0,0,0,0,0,1,1,1,1]}},{"__type__":"cc.Node","_name":"sp","_parent":{"__id__":34},"_components":[{"__type__":"cc.Sprite","node":{"__id__":40},"_materials":[{"__uuid__":"ecpdLyjvZBwrvm+cedCcQy"}],"_spriteFrame":{"__uuid__":"baXPagY0VMnZ75bPLdPPui"},"_sizeMode":0}],"_prefab":{"__type__":"cc.PrefabInfo","root":{"__id__":1},"asset":{"__uuid__":"e8BKh2845LsLt4ppSWmls6"},"fileId":"32ZCvv5KNEwKF7lRu+adOb"},"_contentSize":{"__type__":"cc.Size","width":27,"height":27},"_trs":{"__type__":"TypedArray","ctor":"Float64Array","array":[72,0,0,0,0,0,1,1,1,1]}},{"__type__":"cc.Node","_name":"sp","_parent":{"__id__":34},"_components":[{"__type__":"cc.Sprite","node":{"__id__":41},"_materials":[{"__uuid__":"ecpdLyjvZBwrvm+cedCcQy"}],"_spriteFrame":{"__uuid__":"baXPagY0VMnZ75bPLdPPui"},"_sizeMode":0}],"_prefab":{"__type__":"cc.PrefabInfo","root":{"__id__":1},"asset":{"__uuid__":"e8BKh2845LsLt4ppSWmls6"},"fileId":"8f+bdjnldOV4q5EV+I7aEp"},"_contentSize":{"__type__":"cc.Size","width":27,"height":27},"_trs":{"__type__":"TypedArray","ctor":"Float64Array","array":[108,0,0,0,0,0,1,1,1,1]}},{"__type__":"cc.Node","_name":"ball","_parent":{"__id__":33},"_prefab":{"__type__":"cc.PrefabInfo","root":{"__id__":1},"asset":{"__uuid__":"e8BKh2845LsLt4ppSWmls6"},"fileId":"025x5MbwRA9JAAUmXR4wM4"},"_contentSize":{"__type__":"cc.Size","width":243,"height":38},"_trs":{"__type__":"TypedArray","ctor":"Float64Array","array":[0,0,0,0,0,0,1,1,1,1]}},{"__type__":"cc.Node","_name":"tick","_parent":{"__id__":33},"_prefab":{"__type__":"cc.PrefabInfo","root":{"__id__":1},"asset":{"__uuid__":"e8BKh2845LsLt4ppSWmls6"},"fileId":"7fMaZame9M5ZVm3mSpt+GJ"},"_contentSize":{"__type__":"cc.Size","width":243,"height":38},"_trs":{"__type__":"TypedArray","ctor":"Float64Array","array":[0,0,0,0,0,0,1,1,1,1]}},{"__type__":"94316MjoGxGcp8bsLXX+Z8N","node":{"__id__":33},"ballsNode":{"__id__":42},"ticksNode":{"__id__":43},"ballRadius":13},{"__type__":"cc.Node","_name":"mask","_parent":{"__id__":32},"_children":[{"__id__":46}],"_components":[{"__type__":"cc.Mask","node":{"__id__":45},"_materials":[{"__uuid__":"ecpdLyjvZBwrvm+cedCcQy"}],"_spriteFrame":{"__uuid__":"01qo3XXpdME5SqxQ1b+/e3"},"_type":2,"_N$alphaThreshold":0.2}],"_prefab":{"__type__":"cc.PrefabInfo","root":{"__id__":1},"asset":{"__uuid__":"e8BKh2845LsLt4ppSWmls6"},"fileId":"e5rSF98wVLR65SZofBE3EQ"},"_contentSize":{"__type__":"cc.Size","width":46,"height":46},"_trs":{"__type__":"TypedArray","ctor":"Float64Array","array":[-133,0,0,0,0,0,1,1,1,1]}},{"__type__":"cc.Node","_name":"avatar","_parent":{"__id__":45},"_components":[{"__id__":47}],"_prefab":{"__type__":"cc.PrefabInfo","root":{"__id__":1},"asset":{"__uuid__":"e8BKh2845LsLt4ppSWmls6"},"fileId":"58N7e1DBhOjol/5XGOf6q4"},"_contentSize":{"__type__":"cc.Size","width":46,"height":46},"_trs":{"__type__":"TypedArray","ctor":"Float64Array","array":[0,0,0,0,0,0,1,1,1,1]}},{"__type__":"cc.Sprite","node":{"__id__":46},"_materials":[{"__uuid__":"ecpdLyjvZBwrvm+cedCcQy"}],"_spriteFrame":{"__uuid__":"dahVwGP4xEn5m7NuIBRKK0"},"_sizeMode":0},{"__type__":"cc.Node","_name":"progressBar","_parent":{"__id__":32},"_children":[{"__id__":49}],"_components":[{"__type__":"cc.Sprite","node":{"__id__":48},"_materials":[{"__uuid__":"ecpdLyjvZBwrvm+cedCcQy"}],"_spriteFrame":{"__uuid__":"49qQ73evBAdoo6V9pPojUC"}},{"__id__":51}],"_prefab":{"__type__":"cc.PrefabInfo","root":{"__id__":1},"asset":{"__uuid__":"e8BKh2845LsLt4ppSWmls6"},"fileId":"08GANvNZ1OyZvy37iVHc8z"},"_contentSize":{"__type__":"cc.Size","width":223,"height":9},"_trs":{"__type__":"TypedArray","ctor":"Float64Array","array":[36,-20,0,0,0,0,1,1,1,1]}},{"__type__":"cc.Node","_name":"bar","_parent":{"__id__":48},"_components":[{"__id__":50}],"_prefab":{"__type__":"cc.PrefabInfo","root":{"__id__":1},"asset":{"__uuid__":"e8BKh2845LsLt4ppSWmls6"},"fileId":"56omf1OGVPOIpsG5qq02Om"},"_contentSize":{"__type__":"cc.Size","width":222,"height":9},"_anchorPoint":{"__type__":"cc.Vec2","x":1,"y":0.5},"_trs":{"__type__":"TypedArray","ctor":"Float64Array","array":[111,0,0,0,0,0,1,1,1,1]}},{"__type__":"cc.Sprite","node":{"__id__":49},"_materials":[{"__uuid__":"ecpdLyjvZBwrvm+cedCcQy"}],"_spriteFrame":{"__uuid__":"50nvxUT+dAab6h/litWuKV"},"_type":3,"_sizeMode":0,"_fillStart":1},{"__type__":"cc.ProgressBar","node":{"__id__":48},"_N$barSprite":{"__id__":50},"_N$mode":2,"_N$progress":0,"_N$reverse":true},{"__type__":"cc.Node","_name":"player2_emoji_dialog","_parent":{"__id__":1},"_children":[{"__id__":53},{"__id__":54}],"_active":false,"_prefab":{"__type__":"cc.PrefabInfo","root":{"__id__":1},"asset":{"__uuid__":"e8BKh2845LsLt4ppSWmls6"},"fileId":"2cl2EbzYNI9bioLKIY5Pmg"},"_contentSize":{"__type__":"cc.Size","width":147,"height":124},"_anchorPoint":{"__type__":"cc.Vec2","y":0.63},"_trs":{"__type__":"TypedArray","ctor":"Float64Array","array":[95,-54,0,0,0,0,1,1,1,1]}},{"__type__":"cc.Node","_name":"bg","_parent":{"__id__":52},"_components":[{"__type__":"cc.Sprite","node":{"__id__":53},"_materials":[{"__uuid__":"ecpdLyjvZBwrvm+cedCcQy"}],"_spriteFrame":{"__uuid__":"e6BesBrydE6ZQZ409+6/3E"},"_type":1,"_sizeMode":0}],"_prefab":{"__type__":"cc.PrefabInfo","root":{"__id__":1},"asset":{"__uuid__":"e8BKh2845LsLt4ppSWmls6"},"fileId":"3fHhw3EpxG84ZV9Lg9d78k"},"_contentSize":{"__type__":"cc.Size","width":147,"height":124},"_anchorPoint":{"__type__":"cc.Vec2","x":1,"y":0.63},"_trs":{"__type__":"TypedArray","ctor":"Float64Array","array":[0,0,0,0,0,0,1,-1,1,1]}},{"__type__":"cc.Node","_name":"sp","_parent":{"__id__":52},"_components":[{"__type__":"cc.Sprite","node":{"__id__":54},"_materials":[{"__uuid__":"ecpdLyjvZBwrvm+cedCcQy"}]}],"_prefab":{"__type__":"cc.PrefabInfo","root":{"__id__":1},"asset":{"__uuid__":"e8BKh2845LsLt4ppSWmls6"},"fileId":"58jeaQmlRDGpoRJSP0Sq8e"},"_contentSize":{"__type__":"cc.Size","width":91,"height":101},"_trs":{"__type__":"TypedArray","ctor":"Float64Array","array":[86,-16,0,0,0,0,1,1,1,1]}},{"__type__":"cc.Node","_name":"player2_count_down","_parent":{"__id__":1},"_children":[{"__id__":56},{"__id__":57},{"__id__":58}],"_prefab":{"__type__":"cc.PrefabInfo","root":{"__id__":1},"asset":{"__uuid__":"e8BKh2845LsLt4ppSWmls6"},"fileId":"65xc1bVldGcbZx24W6zlKj"},"_trs":{"__type__":"TypedArray","ctor":"Float64Array","array":[250,-97.996,0,0,0,0,1,1,1,1]}},{"__type__":"cc.Node","_name":"bg","_parent":{"__id__":55},"_components":[{"__type__":"cc.Sprite","node":{"__id__":56},"_materials":[{"__uuid__":"ecpdLyjvZBwrvm+cedCcQy"}],"_spriteFrame":{"__uuid__":"eeIG2CCzRDdY3ciLZ1EEHp"}}],"_prefab":{"__type__":"cc.PrefabInfo","root":{"__id__":1},"asset":{"__uuid__":"e8BKh2845LsLt4ppSWmls6"},"fileId":"68cQQ5ffNJn5LTFfXF2x3w"},"_contentSize":{"__type__":"cc.Size","width":171,"height":43},"_trs":{"__type__":"TypedArray","ctor":"Float64Array","array":[0,0,0,0,0,0,1,1,1,1]}},{"__type__":"cc.Node","_name":"t","_parent":{"__id__":55},"_components":[{"__type__":"cc.Sprite","node":{"__id__":57},"_materials":[{"__uuid__":"ecpdLyjvZBwrvm+cedCcQy"}],"_spriteFrame":{"__uuid__":"27B41sI9ZEX5fvo5bAtUz6"}}],"_prefab":{"__type__":"cc.PrefabInfo","root":{"__id__":1},"asset":{"__uuid__":"e8BKh2845LsLt4ppSWmls6"},"fileId":"6akdepz59BQ62dXz4ve+rg"},"_contentSize":{"__type__":"cc.Size","width":89,"height":28},"_trs":{"__type__":"TypedArray","ctor":"Float64Array","array":[-29,0,0,0,0,0,1,1,1,1]}},{"__type__":"cc.Node","_name":"count_down_lbl","_parent":{"__id__":55},"_components":[{"__id__":59}],"_prefab":{"__type__":"cc.PrefabInfo","root":{"__id__":1},"asset":{"__uuid__":"e8BKh2845LsLt4ppSWmls6"},"fileId":"42wokGe7dHv6lmZxFCRrB9"},"_contentSize":{"__type__":"cc.Size","width":31,"height":40},"_trs":{"__type__":"TypedArray","ctor":"Float64Array","array":[49.68600000000001,0,0,0,0,0,1,1,1,1]}},{"__type__":"cc.Label","node":{"__id__":58},"_materials":[{"__uuid__":"ecpdLyjvZBwrvm+cedCcQy"}],"_useOriginalSize":false,"_string":"9","_N$string":"9","_fontSize":34,"_N$file":{"__uuid__":"9430uZ6GVGzb+al5s9aAOY"},"_isSystemFontUsed":false,"_N$horizontalAlign":1,"_N$verticalAlign":1}],{"__type__":"cc.SpriteFrame","content":{"name":"圆角矩形 23 拷贝 5","texture":"18584f08b","rect":[460,269,171,43],"offset":[0,0],"originalSize":[171,43],"rotated":1,"capInsets":[0,0,0,0]}},{"__type__":"cc.SpriteFrame","content":{"name":"表情框_我方","texture":"18584f08b","rect":[87,569,79,94],"offset":[0,0],"originalSize":[79,94],"rotated":1,"capInsets":[44,64,21,21]}}]