[[{"__type__":"cc.Prefab","_name":"Qiugan_16","data":{"__id__":1}},{"__type__":"cc.Node","_name":"Qiugan_16","_children":[{"__id__":2},{"__id__":3}],"_prefab":{"__type__":"cc.PrefabInfo","root":{"__id__":1},"asset":{"__uuid__":"9eJiUkeiFF/ZOJf05EPv5n"},"fileId":"d5YY/zIbRG/KfI/yYbFQWZ"},"_contentSize":{"__type__":"cc.Size","height":1200},"_anchorPoint":{"__type__":"cc.Vec2","x":0.5},"_trs":{"__type__":"TypedArray","ctor":"Float64Array","array":[0,0,0,0,0,0,1,1,1,1]}},{"__type__":"cc.Node","_name":"Ball_yinying","_parent":{"__id__":1},"_components":[{"__type__":"cc.Sprite","node":{"__id__":2},"_materials":[{"__uuid__":"ecpdLyjvZBwrvm+cedCcQy"}],"_spriteFrame":{"__uuid__":"cadjLYHeRBqozIKQt0pCU6"},"_sizeMode":0}],"_prefab":{"__type__":"cc.PrefabInfo","root":{"__id__":1},"asset":{"__uuid__":"9eJiUkeiFF/ZOJf05EPv5n"},"fileId":"bcKtLt+hpFT5fspm7nit1y"},"_opacity":20,"_color":{"__type__":"cc.Color"},"_contentSize":{"__type__":"cc.Size","width":58.8,"height":1200},"_anchorPoint":{"__type__":"cc.Vec2","x":0.5},"_trs":{"__type__":"TypedArray","ctor":"Float64Array","array":[-40.491,-20.693,0,0,0,0,1,1,1,1]}},{"__type__":"cc.Node","_name":"Ball_1","_parent":{"__id__":1},"_components":[{"__type__":"cc.Sprite","node":{"__id__":3},"_materials":[{"__uuid__":"ecpdLyjvZBwrvm+cedCcQy"}],"_spriteFrame":{"__uuid__":"cadjLYHeRBqozIKQt0pCU6"},"_sizeMode":0}],"_prefab":{"__type__":"cc.PrefabInfo","root":{"__id__":1},"asset":{"__uuid__":"9eJiUkeiFF/ZOJf05EPv5n"},"fileId":"a62MPaPklL0aeKLJ1zSwTH"},"_contentSize":{"__type__":"cc.Size","width":58.8,"height":1200},"_anchorPoint":{"__type__":"cc.Vec2","x":0.5},"_trs":{"__type__":"TypedArray","ctor":"Float64Array","array":[-2.3,21.835,0,0,0,0,1,1,1,1]}}],{"__type__":"cc.SpriteFrame","content":{"name":"cue_16","texture":"154da9b31","rect":[3,492,72,1469],"offset":[0,0],"originalSize":[72,1469],"rotated":1,"capInsets":[0,0,0,0]}}]