[{"__type__":"cc.SpriteFrame","content":{"name":"cue_17","texture":"154da9b31","rect":[3,3,122,1486],"offset":[0,0],"originalSize":[122,1486],"rotated":1,"capInsets":[0,0,0,0]}},[{"__type__":"cc.Prefab","_name":"Qiugan_17","data":{"__id__":1}},{"__type__":"cc.Node","_name":"Qiugan_17","_children":[{"__id__":2},{"__id__":3},{"__id__":4}],"_prefab":{"__type__":"cc.PrefabInfo","root":{"__id__":1},"asset":{"__uuid__":"d4PSGHu8lFepspiciXP1lD"},"fileId":"7aF4xXfhhCcoEeDvBJiagd"},"_contentSize":{"__type__":"cc.Size","height":1200},"_anchorPoint":{"__type__":"cc.Vec2","x":0.5},"_trs":{"__type__":"TypedArray","ctor":"Float64Array","array":[0,0,0,0,0,0,1,1,1,1]}},{"__type__":"cc.Node","_name":"Ball_yinying","_parent":{"__id__":1},"_components":[{"__type__":"cc.Sprite","node":{"__id__":2},"_materials":[{"__uuid__":"ecpdLyjvZBwrvm+cedCcQy"}],"_spriteFrame":{"__uuid__":"88AfLCYTpDhoZRZ7lPbRzQ"},"_sizeMode":0}],"_prefab":{"__type__":"cc.PrefabInfo","root":{"__id__":1},"asset":{"__uuid__":"d4PSGHu8lFepspiciXP1lD"},"fileId":"58rM04WRJA2IialMr5fD4Z"},"_opacity":20,"_color":{"__type__":"cc.Color"},"_contentSize":{"__type__":"cc.Size","width":98.5,"height":1200},"_anchorPoint":{"__type__":"cc.Vec2","x":0.5},"_trs":{"__type__":"TypedArray","ctor":"Float64Array","array":[-40.491,-20.693,0,0,0,0,1,1,1,1]}},{"__type__":"cc.Node","_name":"Ball_1","_parent":{"__id__":1},"_components":[{"__type__":"cc.Sprite","node":{"__id__":3},"_materials":[{"__uuid__":"ecpdLyjvZBwrvm+cedCcQy"}],"_spriteFrame":{"__uuid__":"88AfLCYTpDhoZRZ7lPbRzQ"},"_sizeMode":0}],"_prefab":{"__type__":"cc.PrefabInfo","root":{"__id__":1},"asset":{"__uuid__":"d4PSGHu8lFepspiciXP1lD"},"fileId":"a631OOGXZJHZA/OuOwt+KD"},"_contentSize":{"__type__":"cc.Size","width":98.5,"height":1200},"_anchorPoint":{"__type__":"cc.Vec2","x":0.5},"_trs":{"__type__":"TypedArray","ctor":"Float64Array","array":[-2.3,21.835,0,0,0,0,1,1,1,1]}},{"__type__":"cc.Node","_name":"Effect","_parent":{"__id__":1},"_children":[{"__id__":5},{"__id__":6},{"__id__":7},{"__id__":8},{"__id__":9}],"_components":[{"__type__":"cc.Animation","node":{"__id__":4},"_defaultClip":{"__uuid__":"0fprb9qgNGjry4J/IsE90+"},"_clips":[{"__uuid__":"0fprb9qgNGjry4J/IsE90+"}],"playOnLoad":true}],"_prefab":{"__type__":"cc.PrefabInfo","root":{"__id__":1},"asset":{"__uuid__":"d4PSGHu8lFepspiciXP1lD"},"fileId":"23Pg0opPNHM4iC3Qt8wdef"},"_trs":{"__type__":"TypedArray","ctor":"Float64Array","array":[0,0,0,0,0,0,1,1,1,1]}},{"__type__":"cc.Node","_name":"Other_1","_parent":{"__id__":4},"_components":[{"__type__":"cc.Sprite","node":{"__id__":5},"_materials":[{"__uuid__":"ecpdLyjvZBwrvm+cedCcQy"}],"_dstBlendFactor":1,"_spriteFrame":{"__uuid__":"99v+ox3VVCdZFo19NtmWWW"}}],"_prefab":{"__type__":"cc.PrefabInfo","root":{"__id__":1},"asset":{"__uuid__":"d4PSGHu8lFepspiciXP1lD"},"fileId":"fbIa48ONFIzIiUQ0w+Y9Qn"},"_opacity":127.5,"_color":{"__type__":"cc.Color","r":255,"g":236,"b":160},"_contentSize":{"__type__":"cc.Size","width":114,"height":45},"_trs":{"__type__":"TypedArray","ctor":"Float64Array","array":[-2.629,1025.097,0,0,0,0,1,0.802,0.802,0.802]}},{"__type__":"cc.Node","_name":"Other_2","_parent":{"__id__":4},"_components":[{"__type__":"cc.Sprite","node":{"__id__":6},"_materials":[{"__uuid__":"ecpdLyjvZBwrvm+cedCcQy"}],"_dstBlendFactor":1,"_spriteFrame":{"__uuid__":"99v+ox3VVCdZFo19NtmWWW"}}],"_prefab":{"__type__":"cc.PrefabInfo","root":{"__id__":1},"asset":{"__uuid__":"d4PSGHu8lFepspiciXP1lD"},"fileId":"3cxA7IXk9LV6omLjgKJB9m"},"_opacity":127.5,"_color":{"__type__":"cc.Color","r":255,"g":236,"b":160},"_contentSize":{"__type__":"cc.Size","width":114,"height":45},"_trs":{"__type__":"TypedArray","ctor":"Float64Array","array":[-2.629,986.71,0,0,0,0,1,0.802,0.802,0.802]}},{"__type__":"cc.Node","_name":"Other_3","_parent":{"__id__":4},"_components":[{"__type__":"cc.Sprite","node":{"__id__":7},"_materials":[{"__uuid__":"ecpdLyjvZBwrvm+cedCcQy"}],"_dstBlendFactor":1,"_spriteFrame":{"__uuid__":"99v+ox3VVCdZFo19NtmWWW"}}],"_prefab":{"__type__":"cc.PrefabInfo","root":{"__id__":1},"asset":{"__uuid__":"d4PSGHu8lFepspiciXP1lD"},"fileId":"38baeBlU9LyYqEuVIWl/Nl"},"_opacity":127.5,"_color":{"__type__":"cc.Color","r":255,"g":236,"b":160},"_contentSize":{"__type__":"cc.Size","width":114,"height":45},"_trs":{"__type__":"TypedArray","ctor":"Float64Array","array":[-2.629,949.901,0,0,0,0,1,0.802,0.802,0.802]}},{"__type__":"cc.Node","_name":"Other_4","_parent":{"__id__":4},"_components":[{"__type__":"cc.Sprite","node":{"__id__":8},"_materials":[{"__uuid__":"ecpdLyjvZBwrvm+cedCcQy"}],"_dstBlendFactor":1,"_spriteFrame":{"__uuid__":"2d1uRNn4lCKYo7h0Zb7m2F"}}],"_prefab":{"__type__":"cc.PrefabInfo","root":{"__id__":1},"asset":{"__uuid__":"d4PSGHu8lFepspiciXP1lD"},"fileId":"8fIMhogr1GvZtYU5JocL7+"},"_opacity":128,"_color":{"__type__":"cc.Color","r":255,"g":121,"b":169},"_contentSize":{"__type__":"cc.Size","width":121,"height":71},"_trs":{"__type__":"TypedArray","ctor":"Float64Array","array":[-2.554,205.54,0,0,0,0,1,0.802,0.802,0.802]}},{"__type__":"cc.Node","_name":"Glow_2","_parent":{"__id__":4},"_components":[{"__type__":"cc.Sprite","node":{"__id__":9},"_materials":[{"__uuid__":"ecpdLyjvZBwrvm+cedCcQy"}],"_dstBlendFactor":1,"_spriteFrame":{"__uuid__":"7bvnYrahdIPbhlRXFOVlJw"}}],"_prefab":{"__type__":"cc.PrefabInfo","root":{"__id__":1},"asset":{"__uuid__":"d4PSGHu8lFepspiciXP1lD"},"fileId":"39x37/OzxLO4LKiW8mV09y"},"_color":{"__type__":"cc.Color","r":255,"g":114,"b":114},"_contentSize":{"__type__":"cc.Size","width":128,"height":120},"_trs":{"__type__":"TypedArray","ctor":"Float64Array","array":[-3.244,1104.529,0,0,0,0,1,0.657,0.657,0.657]}}]]