[[{"__type__":"cc.Prefab","_name":"Qiugan_2","data":{"__id__":1}},{"__type__":"cc.Node","_name":"Qiugan_2","_children":[{"__id__":2},{"__id__":3},{"__id__":4}],"_prefab":{"__type__":"cc.PrefabInfo","root":{"__id__":1},"asset":{"__uuid__":"71DWA2fhdAArKNl7NKLFF4"},"fileId":"5a8yHFWZdA34qMgqY91Xx7"},"_contentSize":{"__type__":"cc.Size","height":1070},"_anchorPoint":{"__type__":"cc.Vec2","x":0.5},"_trs":{"__type__":"TypedArray","ctor":"Float64Array","array":[0,0,0,0,0,0,1,1,1,1]}},{"__type__":"cc.Node","_name":"Ball_yinying","_parent":{"__id__":1},"_components":[{"__type__":"cc.Sprite","node":{"__id__":2},"_materials":[{"__uuid__":"ecpdLyjvZBwrvm+cedCcQy"}],"_spriteFrame":{"__uuid__":"79aiR59WVI85NCGGfW4eto"},"_sizeMode":0}],"_prefab":{"__type__":"cc.PrefabInfo","root":{"__id__":1},"asset":{"__uuid__":"71DWA2fhdAArKNl7NKLFF4"},"fileId":"93xJhCnyhJV7MzrvPDkHX0"},"_opacity":20,"_color":{"__type__":"cc.Color"},"_contentSize":{"__type__":"cc.Size","width":150,"height":1070},"_anchorPoint":{"__type__":"cc.Vec2","x":0.5},"_trs":{"__type__":"TypedArray","ctor":"Float64Array","array":[-40.491,-20.693,0,0,0,0,1,1,1,1]}},{"__type__":"cc.Node","_name":"Ball_1","_parent":{"__id__":1},"_components":[{"__type__":"cc.Sprite","node":{"__id__":3},"_materials":[{"__uuid__":"ecpdLyjvZBwrvm+cedCcQy"}],"_spriteFrame":{"__uuid__":"79aiR59WVI85NCGGfW4eto"},"_sizeMode":0}],"_prefab":{"__type__":"cc.PrefabInfo","root":{"__id__":1},"asset":{"__uuid__":"71DWA2fhdAArKNl7NKLFF4"},"fileId":"0604mCiIlN4rv4ryVxX1d2"},"_contentSize":{"__type__":"cc.Size","width":150,"height":1070},"_anchorPoint":{"__type__":"cc.Vec2","x":0.5},"_trs":{"__type__":"TypedArray","ctor":"Float64Array","array":[-2.309,21.835,0,0,0,0,1,1,1,1]}},{"__type__":"cc.Node","_name":"Light","_parent":{"__id__":1},"_components":[{"__type__":"cc.Sprite","node":{"__id__":4},"_materials":[{"__uuid__":"ecpdLyjvZBwrvm+cedCcQy"}],"_dstBlendFactor":1,"_spriteFrame":{"__uuid__":"86BUm5D5dCvL8KbazQ/H+R"}},{"__type__":"cc.Animation","node":{"__id__":4},"_defaultClip":{"__uuid__":"0b7XYX+KtOV7ByVpUa4wFM"},"_clips":[{"__uuid__":"0b7XYX+KtOV7ByVpUa4wFM"}],"playOnLoad":true}],"_prefab":{"__type__":"cc.PrefabInfo","root":{"__id__":1},"asset":{"__uuid__":"71DWA2fhdAArKNl7NKLFF4"},"fileId":"a2vaqzEYVB55I2CfN2sBWs"},"_contentSize":{"__type__":"cc.Size","width":253,"height":507},"_anchorPoint":{"__type__":"cc.Vec2","x":0.5},"_trs":{"__type__":"TypedArray","ctor":"Float64Array","array":[1.179,-176.408,0,0,0,0,1,3.056,3.056,3.056]}}],{"__type__":"cc.SpriteFrame","content":{"name":"cue_2","texture":"154da9b31","rect":[68,570,206,1468],"offset":[0,0],"originalSize":[206,1468],"capInsets":[0,0,0,0]}}]