{"__type__":"dragonBones.DragonBonesAtlasAsset","_name":"renwu1_3_tex","_atlasJson":"{\"width\":856,\"SubTexture\":[{\"width\":99,\"y\":337,\"height\":58,\"name\":\"yinying\",\"x\":755},{\"width\":124,\"y\":337,\"height\":119,\"name\":\"bianzi\",\"x\":629},{\"width\":193,\"y\":1,\"height\":334,\"name\":\"youshou_\",\"x\":304},{\"frameX\":-6,\"frameHeight\":79,\"y\":234,\"frameY\":-11,\"frameWidth\":63,\"width\":50,\"height\":57,\"name\":\"youjiao\",\"x\":240},{\"width\":123,\"y\":337,\"height\":151,\"name\":\"yifu\",\"x\":372},{\"width\":138,\"y\":1,\"height\":219,\"name\":\"xiashen\",\"x\":499},{\"width\":130,\"y\":337,\"height\":174,\"name\":\"shen\",\"x\":240},{\"width\":130,\"y\":337,\"height\":129,\"name\":\"zuoshou\",\"x\":497},{\"frameX\":-6,\"frameHeight\":243,\"y\":234,\"frameY\":-3,\"frameWidth\":249,\"width\":237,\"height\":237,\"name\":\"tou_\",\"x\":1},{\"width\":301,\"y\":1,\"height\":231,\"name\":\"toufa\",\"x\":1}],\"height\":513,\"name\":\"renwu1_3\",\"imagePath\":\"renwu1_3_tex.png\"}","_texture":{"__uuid__":"10JQzXaOtLWKSjpMgh+O3e"},"texture":{"__uuid__":"10JQzXaOtLWKSjpMgh+O3e"}}