{"__type__":"dragonBones.DragonBonesAtlasAsset","_name":"huizhang_Project_tex","_atlasJson":"{\"width\":1024,\"height\":2043,\"name\":\"huizhang_Project\",\"imagePath\":\"huizhang_Project_tex.png\",\"SubTexture\":[{\"width\":259,\"y\":405,\"height\":192,\"name\":\"徽章1影\",\"x\":1},{\"width\":247,\"y\":429,\"height\":179,\"name\":\"徽章1\",\"x\":512},{\"frameY\":-89,\"y\":1894,\"frameWidth\":238,\"frameX\":-13,\"frameHeight\":169,\"width\":127,\"height\":80,\"name\":\"01saoguang2\",\"x\":338},{\"frameY\":0,\"y\":1602,\"frameWidth\":238,\"frameX\":-97,\"frameHeight\":169,\"width\":141,\"height\":77,\"name\":\"01saoguang8\",\"x\":824},{\"frameY\":-49,\"y\":1409,\"frameWidth\":238,\"frameX\":0,\"frameHeight\":169,\"width\":192,\"height\":120,\"name\":\"01saoguang4\",\"x\":162},{\"width\":238,\"y\":755,\"height\":169,\"name\":\"01saoguang1\",\"x\":1},{\"frameY\":-20,\"y\":1099,\"frameWidth\":238,\"frameX\":0,\"frameHeight\":169,\"width\":219,\"height\":133,\"name\":\"01saoguang5\",\"x\":688},{\"frameY\":0,\"y\":1664,\"frameWidth\":238,\"frameX\":-64,\"frameHeight\":169,\"width\":174,\"height\":109,\"name\":\"01saoguang7\",\"x\":1},{\"frameY\":-59,\"y\":1914,\"frameWidth\":238,\"frameX\":0,\"frameHeight\":169,\"width\":168,\"height\":110,\"name\":\"01saoguang3\",\"x\":1},{\"frameY\":-1,\"y\":1255,\"frameWidth\":238,\"frameX\":-51,\"frameHeight\":169,\"width\":183,\"height\":131,\"name\":\"01saoguang6\",\"x\":360},{\"width\":100,\"y\":956,\"height\":100,\"name\":\"十字光\",\"x\":374},{\"width\":259,\"y\":235,\"height\":192,\"name\":\"徽章2影\",\"x\":517},{\"width\":247,\"y\":587,\"height\":179,\"name\":\"徽章2\",\"x\":761},{\"width\":238,\"y\":768,\"height\":169,\"name\":\"02saoguang1\",\"x\":571},{\"frameY\":-84,\"y\":1828,\"frameWidth\":238,\"frameX\":-16,\"frameHeight\":169,\"width\":126,\"height\":85,\"name\":\"02saoguang2\",\"x\":517},{\"frameY\":-12,\"y\":432,\"frameWidth\":238,\"frameX\":0,\"frameHeight\":169,\"width\":218,\"height\":136,\"name\":\"02saoguang5\",\"x\":761},{\"frameY\":0,\"y\":1913,\"frameWidth\":238,\"frameX\":-73,\"frameHeight\":169,\"width\":165,\"height\":98,\"name\":\"02saoguang7\",\"x\":171},{\"frameY\":0,\"y\":1976,\"frameWidth\":238,\"frameX\":-118,\"frameHeight\":169,\"width\":120,\"height\":65,\"name\":\"02saoguang8\",\"x\":338},{\"frameY\":-47,\"y\":1531,\"frameWidth\":238,\"frameX\":0,\"frameHeight\":169,\"width\":173,\"height\":122,\"name\":\"02saoguang3\",\"x\":177},{\"frameY\":0,\"y\":1394,\"frameWidth\":238,\"frameX\":-54,\"frameHeight\":169,\"width\":179,\"height\":127,\"name\":\"02saoguang6\",\"x\":557},{\"frameY\":-37,\"y\":271,\"frameWidth\":238,\"frameX\":0,\"frameHeight\":169,\"width\":205,\"height\":130,\"name\":\"02saoguang4\",\"x\":1},{\"width\":248,\"y\":610,\"height\":178,\"name\":\"徽章3\",\"x\":321},{\"width\":260,\"y\":211,\"height\":192,\"name\":\"徽章4影\",\"x\":255},{\"width\":248,\"y\":405,\"height\":180,\"name\":\"徽章4\",\"x\":262},{\"frameY\":-66,\"y\":1638,\"frameWidth\":244,\"frameX\":-14,\"frameHeight\":170,\"width\":156,\"height\":104,\"name\":\"04saoguang2\",\"x\":544},{\"frameY\":-100,\"y\":1135,\"frameWidth\":244,\"frameX\":-33,\"frameHeight\":170,\"width\":107,\"height\":70,\"name\":\"04saoguang1\",\"x\":909},{\"frameY\":-12,\"y\":1099,\"frameWidth\":244,\"frameX\":0,\"frameHeight\":170,\"width\":206,\"height\":154,\"name\":\"04saoguang4\",\"x\":480},{\"frameY\":0,\"y\":790,\"frameWidth\":244,\"frameX\":-3,\"frameHeight\":170,\"width\":237,\"height\":164,\"name\":\"04saoguang6\",\"x\":241},{\"frameY\":-12,\"y\":1809,\"frameWidth\":244,\"frameX\":-191,\"frameHeight\":170,\"width\":53,\"height\":39,\"name\":\"04saoguang8\",\"x\":446},{\"frameY\":-39,\"y\":1131,\"frameWidth\":244,\"frameX\":0,\"frameHeight\":170,\"width\":191,\"height\":131,\"name\":\"04saoguang3\",\"x\":167},{\"frameY\":-6,\"y\":939,\"frameWidth\":244,\"frameX\":0,\"frameHeight\":170,\"width\":222,\"height\":158,\"name\":\"04saoguang5\",\"x\":480},{\"frameY\":0,\"y\":941,\"frameWidth\":244,\"frameX\":-21,\"frameHeight\":170,\"width\":223,\"height\":117,\"name\":\"04saoguang7\",\"x\":704},{\"width\":210,\"y\":1,\"height\":194,\"name\":\"徽章5影\",\"x\":787},{\"width\":211,\"y\":235,\"height\":195,\"name\":\"徽章5\",\"x\":778},{\"width\":169,\"y\":610,\"height\":149,\"name\":\"05qiuguang\",\"x\":571},{\"frameY\":-59,\"y\":1485,\"frameWidth\":208,\"frameX\":0,\"frameHeight\":171,\"width\":158,\"height\":112,\"name\":\"05saoguang5\",\"x\":738},{\"frameY\":-10,\"y\":1512,\"frameWidth\":208,\"frameX\":-15,\"frameHeight\":171,\"width\":186,\"height\":119,\"name\":\"05saoguang8\",\"x\":356},{\"frameY\":0,\"y\":1394,\"frameWidth\":208,\"frameX\":-89,\"frameHeight\":171,\"width\":119,\"height\":78,\"name\":\"05saoguang10\",\"x\":738},{\"frameY\":-37,\"y\":1633,\"frameWidth\":208,\"frameX\":0,\"frameHeight\":171,\"width\":159,\"height\":134,\"name\":\"05saoguang6\",\"x\":356},{\"frameY\":-98,\"y\":1060,\"frameWidth\":208,\"frameX\":-7,\"frameHeight\":171,\"width\":107,\"height\":73,\"name\":\"05saoguang1\",\"x\":909},{\"frameY\":-59,\"y\":1599,\"frameWidth\":208,\"frameX\":0,\"frameHeight\":171,\"width\":120,\"height\":112,\"name\":\"05saoguang2\",\"x\":702},{\"frameY\":-58,\"y\":1523,\"frameWidth\":208,\"frameX\":0,\"frameHeight\":171,\"width\":144,\"height\":113,\"name\":\"05saoguang3\",\"x\":544},{\"frameY\":-22,\"y\":1388,\"frameWidth\":208,\"frameX\":0,\"frameHeight\":171,\"width\":195,\"height\":122,\"name\":\"05saoguang7\",\"x\":360},{\"frameY\":-58,\"y\":1370,\"frameWidth\":208,\"frameX\":0,\"frameHeight\":171,\"width\":158,\"height\":113,\"name\":\"05saoguang4\",\"x\":860},{\"width\":208,\"y\":768,\"height\":171,\"name\":\"05saoguang11\",\"x\":811},{\"frameY\":0,\"y\":1485,\"frameWidth\":208,\"frameX\":-84,\"frameHeight\":171,\"width\":124,\"height\":115,\"name\":\"05saoguang9\",\"x\":898},{\"width\":285,\"y\":1,\"height\":208,\"name\":\"徽章6影子\",\"x\":255},{\"width\":189,\"y\":926,\"height\":192,\"name\":\"徽章6底\",\"x\":1},{\"width\":318,\"y\":599,\"height\":154,\"name\":\"徽章6翼\",\"x\":1},{\"width\":137,\"y\":1775,\"height\":137,\"name\":\"徽章6球\",\"x\":1},{\"frameY\":0,\"y\":1255,\"frameWidth\":139,\"frameX\":0,\"frameHeight\":160,\"width\":137,\"height\":118,\"name\":\"06saoguang6\",\"x\":545},{\"frameY\":-61,\"y\":1713,\"frameWidth\":139,\"frameX\":-1,\"frameHeight\":160,\"width\":127,\"height\":98,\"name\":\"06saoguang3\",\"x\":702},{\"frameY\":-132,\"y\":926,\"frameWidth\":139,\"frameX\":-16,\"frameHeight\":160,\"width\":43,\"height\":27,\"name\":\"06saoguang1\",\"x\":192},{\"frameY\":0,\"y\":1435,\"frameWidth\":139,\"frameX\":0,\"frameHeight\":160,\"width\":139,\"height\":94,\"name\":\"06saoguang7\",\"x\":1},{\"frameY\":-7,\"y\":1655,\"frameWidth\":139,\"frameX\":0,\"frameHeight\":160,\"width\":137,\"height\":144,\"name\":\"06saoguang5\",\"x\":177},{\"frameY\":-97,\"y\":1058,\"frameWidth\":139,\"frameX\":-6,\"frameHeight\":160,\"width\":98,\"height\":63,\"name\":\"06saoguang2\",\"x\":374},{\"frameY\":-36,\"y\":1769,\"frameWidth\":139,\"frameX\":-1,\"frameHeight\":160,\"width\":128,\"height\":123,\"name\":\"06saoguang4\",\"x\":316},{\"frameY\":0,\"y\":1976,\"frameWidth\":139,\"frameX\":-42,\"frameHeight\":160,\"width\":97,\"height\":58,\"name\":\"06saoguang8\",\"x\":460},{\"width\":170,\"y\":1234,\"height\":158,\"name\":\"huizhang7yanhua2\",\"x\":688},{\"width\":164,\"y\":1120,\"height\":164,\"name\":\"huizhang7yanhua\",\"x\":1},{\"width\":252,\"y\":1,\"height\":268,\"name\":\"徽章7影子\",\"x\":1},{\"width\":243,\"y\":1,\"height\":232,\"name\":\"徽章7\",\"x\":542},{\"width\":180,\"y\":956,\"height\":173,\"name\":\"徽章72\",\"x\":192},{\"frameY\":0,\"y\":1234,\"frameWidth\":180,\"frameX\":-40,\"frameHeight\":206,\"width\":140,\"height\":134,\"name\":\"07saoguang7\",\"x\":860},{\"frameY\":-96,\"y\":1801,\"frameWidth\":180,\"frameX\":0,\"frameHeight\":206,\"width\":157,\"height\":110,\"name\":\"07saoguang3\",\"x\":140},{\"frameY\":-23,\"y\":1286,\"frameWidth\":180,\"frameX\":-21,\"frameHeight\":206,\"width\":159,\"height\":147,\"name\":\"07saoguang6\",\"x\":1},{\"frameY\":0,\"y\":1131,\"frameWidth\":180,\"frameX\":-65,\"frameHeight\":206,\"width\":111,\"height\":95,\"name\":\"07saoguang8\",\"x\":360},{\"frameY\":-168,\"y\":1769,\"frameWidth\":180,\"frameX\":-21,\"frameHeight\":206,\"width\":64,\"height\":38,\"name\":\"07saoguang1\",\"x\":446},{\"frameY\":-124,\"y\":1744,\"frameWidth\":180,\"frameX\":0,\"frameHeight\":206,\"width\":132,\"height\":82,\"name\":\"07saoguang2\",\"x\":517},{\"frameY\":-47,\"y\":1264,\"frameWidth\":180,\"frameX\":-9,\"frameHeight\":206,\"width\":171,\"height\":143,\"name\":\"07saoguang5\",\"x\":167},{\"frameY\":-70,\"y\":1531,\"frameWidth\":180,\"frameX\":0,\"frameHeight\":206,\"width\":174,\"height\":131,\"name\":\"07saoguang4\",\"x\":1}]}","_texture":{"__uuid__":"93/isEbJlAc5VD1heRytJ9"},"texture":{"__uuid__":"93/isEbJlAc5VD1heRytJ9"}}