[[{"__type__":"cc.Prefab","_name":"skinNodeForAvatarBorder","data":{"__id__":1}},{"__type__":"cc.Node","_name":"skinNodeForAvatarBorder","_children":[{"__id__":2},{"__id__":3},{"__id__":6},{"__id__":8},{"__id__":10}],"_components":[{"__type__":"55a95+p6aBNDo5q+L/zDcmd","node":{"__id__":1},"itemWidth":223}],"_prefab":{"__type__":"cc.PrefabInfo","root":{"__id__":1},"asset":{"__uuid__":"a5Soqa06NG256gqNOzG8sp"},"fileId":"22wJgS3ExPcryGT4gjeS5y"},"_contentSize":{"__type__":"cc.Size","width":750,"height":290},"_trs":{"__type__":"TypedArray","ctor":"Float64Array","array":[0,-277,0,0,0,0,1,1,1,1]}},{"__type__":"cc.Node","_name":"bg","_parent":{"__id__":1},"_components":[{"__type__":"cc.Sprite","node":{"__id__":2},"_materials":[{"__uuid__":"ecpdLyjvZBwrvm+cedCcQy"}],"_spriteFrame":{"__uuid__":"e9QhjhBWVI/pM/+nNwMnpC"},"_type":1,"_sizeMode":0},{"__type__":"cc.Widget","node":{"__id__":2},"_alignFlags":45,"_top":20,"_bottom":20,"_originalWidth":15,"_originalHeight":15}],"_prefab":{"__type__":"cc.PrefabInfo","root":{"__id__":1},"asset":{"__uuid__":"a5Soqa06NG256gqNOzG8sp"},"fileId":"4csaM/Gx5E84ZTJuUne3wj"},"_contentSize":{"__type__":"cc.Size","width":750,"height":250},"_trs":{"__type__":"TypedArray","ctor":"Float64Array","array":[0,0,0,0,0,0,1,1,1,1]}},{"__type__":"cc.Node","_name":"_scrollview","_parent":{"__id__":1},"_children":[{"__id__":4}],"_components":[{"__type__":"9aba29YKexFXolpweZzJPKj","node":{"__id__":3},"_N$content":{"__id__":5},"content":{"__id__":5}}],"_prefab":{"__type__":"cc.PrefabInfo","root":{"__id__":1},"asset":{"__uuid__":"a5Soqa06NG256gqNOzG8sp"},"fileId":"d9jFC9IM9Lvp3nJc55tlBp"},"_contentSize":{"__type__":"cc.Size","width":670,"height":290},"_trs":{"__type__":"TypedArray","ctor":"Float64Array","array":[0,0,0,0,0,0,1,1,1,1]}},{"__type__":"cc.Node","_name":"view","_parent":{"__id__":3},"_children":[{"__id__":5}],"_components":[{"__type__":"cc.Mask","node":{"__id__":4},"_materials":[{"__uuid__":"ecpdLyjvZBwrvm+cedCcQy"}],"_N$alphaThreshold":0}],"_prefab":{"__type__":"cc.PrefabInfo","root":{"__id__":1},"asset":{"__uuid__":"a5Soqa06NG256gqNOzG8sp"},"fileId":"f4Bih2cVxJzZmRd3eh+N6J"},"_contentSize":{"__type__":"cc.Size","width":670,"height":290},"_trs":{"__type__":"TypedArray","ctor":"Float64Array","array":[0,0,0,0,0,0,1,1,1,1]}},{"__type__":"cc.Node","_name":"content","_parent":{"__id__":4},"_prefab":{"__type__":"cc.PrefabInfo","root":{"__id__":1},"asset":{"__uuid__":"a5Soqa06NG256gqNOzG8sp"},"fileId":"afpTVHsyRKoI+E436b3oj8"},"_contentSize":{"__type__":"cc.Size","width":670,"height":290},"_anchorPoint":{"__type__":"cc.Vec2","y":0.5},"_trs":{"__type__":"TypedArray","ctor":"Float64Array","array":[-335,0,0,0,0,0,1,1,1,1]}},{"__type__":"cc.Node","_name":"_left_btn","_parent":{"__id__":1},"_children":[{"__id__":7}],"_components":[{"__type__":"cc.Button","node":{"__id__":6},"zoomScale":1.1,"_N$transition":3,"transition":3,"_N$target":{"__id__":7}}],"_prefab":{"__type__":"cc.PrefabInfo","root":{"__id__":1},"asset":{"__uuid__":"a5Soqa06NG256gqNOzG8sp"},"fileId":"02qcyRLZpEJKauT23HeO8z"},"_contentSize":{"__type__":"cc.Size","width":40,"height":290},"_trs":{"__type__":"TypedArray","ctor":"Float64Array","array":[-355,0,0,0,0,0,1,1,1,0]}},{"__type__":"cc.Node","_name":"text","_parent":{"__id__":6},"_components":[{"__type__":"cc.Sprite","node":{"__id__":7},"_materials":[{"__uuid__":"ecpdLyjvZBwrvm+cedCcQy"}],"_spriteFrame":{"__uuid__":"1aUSBvvXxGb7eBp5junk0n"}}],"_prefab":{"__type__":"cc.PrefabInfo","root":{"__id__":1},"asset":{"__uuid__":"a5Soqa06NG256gqNOzG8sp"},"fileId":"c3Q5abp2VLsaO8098JtDem"},"_contentSize":{"__type__":"cc.Size","width":31,"height":36},"_trs":{"__type__":"TypedArray","ctor":"Float64Array","array":[0,0,0,0,0,0,1,1,1,0]}},{"__type__":"cc.Node","_name":"_right_btn","_parent":{"__id__":1},"_children":[{"__id__":9}],"_components":[{"__type__":"cc.Button","node":{"__id__":8},"zoomScale":1.1,"_N$transition":3,"transition":3,"_N$target":{"__id__":9}}],"_prefab":{"__type__":"cc.PrefabInfo","root":{"__id__":1},"asset":{"__uuid__":"a5Soqa06NG256gqNOzG8sp"},"fileId":"51UZbwfTtHbppo2IOXw1wH"},"_contentSize":{"__type__":"cc.Size","width":40,"height":290},"_trs":{"__type__":"TypedArray","ctor":"Float64Array","array":[355,0,0,0,0,0,1,1,1,0]}},{"__type__":"cc.Node","_name":"text","_parent":{"__id__":8},"_components":[{"__type__":"cc.Sprite","node":{"__id__":9},"_materials":[{"__uuid__":"ecpdLyjvZBwrvm+cedCcQy"}],"_spriteFrame":{"__uuid__":"9aSLh/q7RHzJ+4ILkB7l7v"}}],"_prefab":{"__type__":"cc.PrefabInfo","root":{"__id__":1},"asset":{"__uuid__":"a5Soqa06NG256gqNOzG8sp"},"fileId":"5aDl3a0/xAgJYfuGF81LLu"},"_contentSize":{"__type__":"cc.Size","width":30,"height":36},"_trs":{"__type__":"TypedArray","ctor":"Float64Array","array":[0,0,0,0,0,0,1,1,1,0]}},{"__type__":"cc.Node","_name":"-即将更新-","_parent":{"__id__":1},"_components":[{"__type__":"cc.Sprite","node":{"__id__":10},"_materials":[{"__uuid__":"ecpdLyjvZBwrvm+cedCcQy"}],"_spriteFrame":{"__uuid__":"eeAAIseOJEaoKBCU4L48jc"}}],"_prefab":{"__type__":"cc.PrefabInfo","root":{"__id__":1},"asset":{"__uuid__":"a5Soqa06NG256gqNOzG8sp"},"fileId":"3eIdAHN8RFRK+I5uBgNWNv"},"_contentSize":{"__type__":"cc.Size","width":167,"height":36},"_trs":{"__type__":"TypedArray","ctor":"Float64Array","array":[0,0,0,0,0,0,1,1,1,1]}}],{"__type__":"cc.SpriteFrame","content":{"name":"-即将更新-","texture":"1b5eece6f","rect":[847,255,167,36],"offset":[0,0],"originalSize":[167,36],"capInsets":[0,0,0,0]}}]