[{"__type__":"cc.SpriteFrame","content":{"name":"将目标球击入红色区域完成挑战！","texture":"18d37ab2d","rect":[3,708,430,29],"offset":[0,0],"originalSize":[430,29],"capInsets":[0,0,0,0]}},{"__type__":"cc.SpriteFrame","content":{"name":"目标图片","texture":"18d37ab2d","rect":[445,540,218,197],"offset":[0,0],"originalSize":[218,197],"capInsets":[0,0,0,0]}},[{"__type__":"cc.Prefab","_name":"challengeHelpLayer","data":{"__id__":1}},{"__type__":"cc.Node","_name":"challengeHelpLayer","_children":[{"__id__":2},{"__id__":3}],"_components":[{"__type__":"cc.Widget","node":{"__id__":1},"alignMode":0,"_alignFlags":45},{"__type__":"cc.BlockInputEvents","node":{"__id__":1}},{"__type__":"ce816aExkRL2KHLk4idbmZQ","node":{"__id__":1}}],"_prefab":{"__type__":"cc.PrefabInfo","root":{"__id__":1},"asset":{"__uuid__":"c1VqXM/BtEeIaFr/Q7BSUH"},"fileId":"b2ZI9uCE5Au74Q/STRz0iL"},"_contentSize":{"__type__":"cc.Size","width":750,"height":1334},"_trs":{"__type__":"TypedArray","ctor":"Float64Array","array":[375,667,0,0,0,0,1,1,1,1]}},{"__type__":"cc.Node","_name":"mask","_parent":{"__id__":1},"_components":[{"__type__":"cc.Sprite","node":{"__id__":2},"_materials":[{"__uuid__":"ecpdLyjvZBwrvm+cedCcQy"}],"_spriteFrame":{"__uuid__":"fdZ+FLNoFGtYmgI6Rsppg4"},"_type":1,"_sizeMode":0,"_isTrimmedMode":false},{"__type__":"cc.Button","node":{"__id__":2},"_N$normalColor":{"__type__":"cc.Color","r":214,"g":214,"b":214},"_N$target":{"__id__":2}},{"__type__":"cc.Widget","node":{"__id__":2},"alignMode":0,"_alignFlags":45,"_originalWidth":16,"_originalHeight":16}],"_prefab":{"__type__":"cc.PrefabInfo","root":{"__id__":1},"asset":{"__uuid__":"c1VqXM/BtEeIaFr/Q7BSUH"},"fileId":"67EbqYNDxBRautS9PwfMF8"},"_opacity":180,"_contentSize":{"__type__":"cc.Size","width":750,"height":1334},"_trs":{"__type__":"TypedArray","ctor":"Float64Array","array":[0,0,0,0,0,0,1,1,1,1]}},{"__type__":"cc.Node","_name":"dialog","_parent":{"__id__":1},"_children":[{"__id__":4},{"__id__":10}],"_components":[{"__type__":"96549DGCmlIcZghb3AfRGQI","node":{"__id__":3}}],"_prefab":{"__type__":"cc.PrefabInfo","root":{"__id__":1},"asset":{"__uuid__":"c1VqXM/BtEeIaFr/Q7BSUH"},"fileId":"87Xr/N+zZGBaYhLqoX+z6f"},"_trs":{"__type__":"TypedArray","ctor":"Float64Array","array":[0,0,0,0,0,0,1,1,1,1]}},{"__type__":"cc.Node","_name":"contents","_parent":{"__id__":3},"_children":[{"__id__":5},{"__id__":6},{"__id__":7},{"__id__":8}],"_components":[{"__type__":"09bd4f7l0NPfpseMfFdw+uE","node":{"__id__":4}},{"__type__":"cc.BlockInputEvents","node":{"__id__":4}}],"_prefab":{"__type__":"cc.PrefabInfo","root":{"__id__":1},"asset":{"__uuid__":"c1VqXM/BtEeIaFr/Q7BSUH"},"fileId":"a2JJE9KxhMKrt7khqrUk1P"},"_contentSize":{"__type__":"cc.Size","width":554,"height":433},"_trs":{"__type__":"TypedArray","ctor":"Float64Array","array":[0,70,0,0,0,0,1,1,1,1]}},{"__type__":"cc.Node","_name":"bg","_parent":{"__id__":4},"_components":[{"__type__":"cc.Sprite","node":{"__id__":5},"_materials":[{"__uuid__":"ecpdLyjvZBwrvm+cedCcQy"}],"_spriteFrame":{"__uuid__":"17HaqBaE5C1bmHPS9SvK/s"},"_type":1,"_sizeMode":0,"_isTrimmedMode":false}],"_prefab":{"__type__":"cc.PrefabInfo","root":{"__id__":1},"asset":{"__uuid__":"c1VqXM/BtEeIaFr/Q7BSUH"},"fileId":"18lR0fI4dJlZPYlCb9r+Lw"},"_contentSize":{"__type__":"cc.Size","width":554,"height":433},"_trs":{"__type__":"TypedArray","ctor":"Float64Array","array":[0,0,0,0,0,0,1,1,1,1]}},{"__type__":"cc.Node","_name":"目标图片","_parent":{"__id__":4},"_components":[{"__type__":"cc.Sprite","node":{"__id__":6},"_materials":[{"__uuid__":"ecpdLyjvZBwrvm+cedCcQy"}],"_spriteFrame":{"__uuid__":"a20E0Q7+xLr4lVAtwHGSkz"}}],"_prefab":{"__type__":"cc.PrefabInfo","root":{"__id__":1},"asset":{"__uuid__":"c1VqXM/BtEeIaFr/Q7BSUH"},"fileId":"d8ulkHzPJG3rQ8nwn0a9sP"},"_contentSize":{"__type__":"cc.Size","width":218,"height":197},"_trs":{"__type__":"TypedArray","ctor":"Float64Array","array":[0,80.788,0,0,0,0,1,1,1,1]}},{"__type__":"cc.Node","_name":"tips","_parent":{"__id__":4},"_components":[{"__type__":"cc.Sprite","node":{"__id__":7},"_materials":[{"__uuid__":"ecpdLyjvZBwrvm+cedCcQy"}],"_spriteFrame":{"__uuid__":"68DZUQCwBEo5A4rHMcXe5w"}}],"_prefab":{"__type__":"cc.PrefabInfo","root":{"__id__":1},"asset":{"__uuid__":"c1VqXM/BtEeIaFr/Q7BSUH"},"fileId":"bd7mNTzuZNCp2ppeuWdZR5"},"_contentSize":{"__type__":"cc.Size","width":430,"height":29},"_trs":{"__type__":"TypedArray","ctor":"Float64Array","array":[0,-57.017,0,0,0,0,1,1,1,1]}},{"__type__":"cc.Node","_name":"close_btn","_parent":{"__id__":4},"_children":[{"__id__":9}],"_components":[{"__type__":"cc.Button","node":{"__id__":8},"zoomScale":1.1,"_N$transition":3,"transition":3}],"_prefab":{"__type__":"cc.PrefabInfo","root":{"__id__":1},"asset":{"__uuid__":"c1VqXM/BtEeIaFr/Q7BSUH"},"fileId":"9bUUDn2aFNhbQhvaeH36Z8"},"_contentSize":{"__type__":"cc.Size","width":252,"height":86},"_trs":{"__type__":"TypedArray","ctor":"Float64Array","array":[0,-139.707,0,0,0,0,1,1,1,0]}},{"__type__":"cc.Node","_name":"text","_parent":{"__id__":8},"_components":[{"__type__":"cc.Sprite","node":{"__id__":9},"_materials":[{"__uuid__":"ecpdLyjvZBwrvm+cedCcQy"}],"_spriteFrame":{"__uuid__":"faiRYm0ahIZLiouT3JTgtQ"}}],"_prefab":{"__type__":"cc.PrefabInfo","root":{"__id__":1},"asset":{"__uuid__":"c1VqXM/BtEeIaFr/Q7BSUH"},"fileId":"3eYodhW8xPVbaFF4UxheVw"},"_contentSize":{"__type__":"cc.Size","width":268,"height":102},"_trs":{"__type__":"TypedArray","ctor":"Float64Array","array":[0,-8,0,0,0,0,1,1,1,1]}},{"__type__":"cc.Node","_name":"banner","_parent":{"__id__":3},"_components":[{"__type__":"ce3f9aG6A1If7y9kH3tgvq2","node":{"__id__":10}}],"_prefab":{"__type__":"cc.PrefabInfo","root":{"__id__":1},"asset":{"__uuid__":"c1VqXM/BtEeIaFr/Q7BSUH"},"fileId":"2b3ctF8FZDzbuyObwPfoe+"},"_trs":{"__type__":"TypedArray","ctor":"Float64Array","array":[0,-160.805,0,0,0,0,1,1,1,1]}}],{"__type__":"cc.SpriteFrame","content":{"name":"我知道了","texture":"18d37ab2d","rect":[3,915,268,102],"offset":[0,0],"originalSize":[268,102],"capInsets":[0,0,0,0]}}]