[{"__type__":"cc.BitmapFont","_name":"count_down_num","spriteFrame":{"__uuid__":"f8Xn2DVU1HoqVb/nHYgSrx"},"fontSize":34,"_fntConfig":{"commonHeight":33,"fontSize":34,"atlasName":"count_down_num_0.png","fontDefDictionary":{"47":{"rect":{"x":0,"y":0,"width":31,"height":34},"xOffset":0,"yOffset":0,"xAdvance":31},"48":{"rect":{"x":32,"y":0,"width":31,"height":34},"xOffset":0,"yOffset":0,"xAdvance":31},"49":{"rect":{"x":64,"y":0,"width":31,"height":34},"xOffset":0,"yOffset":0,"xAdvance":31},"50":{"rect":{"x":96,"y":0,"width":31,"height":34},"xOffset":0,"yOffset":0,"xAdvance":31},"51":{"rect":{"x":0,"y":35,"width":31,"height":34},"xOffset":0,"yOffset":0,"xAdvance":31},"52":{"rect":{"x":32,"y":35,"width":31,"height":34},"xOffset":0,"yOffset":0,"xAdvance":31},"53":{"rect":{"x":64,"y":35,"width":31,"height":34},"xOffset":0,"yOffset":0,"xAdvance":31},"54":{"rect":{"x":96,"y":35,"width":31,"height":34},"xOffset":0,"yOffset":0,"xAdvance":31},"55":{"rect":{"x":0,"y":70,"width":31,"height":34},"xOffset":0,"yOffset":0,"xAdvance":31},"56":{"rect":{"x":32,"y":70,"width":31,"height":34},"xOffset":0,"yOffset":0,"xAdvance":31},"57":{"rect":{"x":64,"y":70,"width":31,"height":34},"xOffset":0,"yOffset":0,"xAdvance":31},"120":{"rect":{"x":96,"y":70,"width":31,"height":34},"xOffset":0,"yOffset":0,"xAdvance":31}},"kerningDict":{}}},{"__type__":"cc.SpriteFrame","content":{"name":"count_down_num_0","texture":"18584f08b","rect":[335,569,122,104],"offset":[0,12],"originalSize":[128,128],"rotated":1,"capInsets":[0,0,0,0]}}]