[{"__type__":"cc.SpriteFrame","content":{"name":"再次挑战","texture":"1e23cd0ad","rect":[442,540,291,112],"offset":[0,0],"originalSize":[291,112],"capInsets":[0,0,0,0]}},{"__type__":"cc.SpriteFrame","content":{"name":"挑战成功","texture":"18d37ab2d","rect":[3,540,436,125],"offset":[0,0],"originalSize":[436,125],"capInsets":[0,0,0,0]}},[{"__type__":"cc.Prefab","_name":"challengeResultLayer","data":{"__id__":1}},{"__type__":"cc.Node","_name":"challengeResultLayer","_children":[{"__id__":2},{"__id__":3}],"_components":[{"__type__":"cc.Widget","node":{"__id__":1},"_alignFlags":45},{"__type__":"cc.BlockInputEvents","node":{"__id__":1}},{"__type__":"fc1bfjfH9lCWqkQfRLqaox3","node":{"__id__":1}}],"_prefab":{"__type__":"cc.PrefabInfo","root":{"__id__":1},"asset":{"__uuid__":"22ti3YWw9OXLzzxUokPwZa"},"fileId":"b2ZI9uCE5Au74Q/STRz0iL"},"_contentSize":{"__type__":"cc.Size","width":750,"height":1334},"_trs":{"__type__":"TypedArray","ctor":"Float64Array","array":[375,667,0,0,0,0,1,1,1,1]}},{"__type__":"cc.Node","_name":"mask","_parent":{"__id__":1},"_components":[{"__type__":"cc.Sprite","node":{"__id__":2},"_materials":[{"__uuid__":"ecpdLyjvZBwrvm+cedCcQy"}],"_spriteFrame":{"__uuid__":"fdZ+FLNoFGtYmgI6Rsppg4"},"_type":1,"_sizeMode":0,"_isTrimmedMode":false},{"__type__":"cc.Button","node":{"__id__":2},"_N$normalColor":{"__type__":"cc.Color","r":214,"g":214,"b":214},"_N$target":{"__id__":2}},{"__type__":"cc.Widget","node":{"__id__":2},"_alignFlags":45,"_left":-1,"_right":-1,"_top":-1,"_bottom":-1,"_originalWidth":16,"_originalHeight":16}],"_prefab":{"__type__":"cc.PrefabInfo","root":{"__id__":1},"asset":{"__uuid__":"22ti3YWw9OXLzzxUokPwZa"},"fileId":"67EbqYNDxBRautS9PwfMF8"},"_opacity":202,"_contentSize":{"__type__":"cc.Size","width":752,"height":1336},"_trs":{"__type__":"TypedArray","ctor":"Float64Array","array":[0,0,0,0,0,0,1,1,1,1]}},{"__type__":"cc.Node","_name":"dialog","_parent":{"__id__":1},"_children":[{"__id__":4},{"__id__":17}],"_components":[{"__type__":"96549DGCmlIcZghb3AfRGQI","node":{"__id__":3}}],"_prefab":{"__type__":"cc.PrefabInfo","root":{"__id__":1},"asset":{"__uuid__":"22ti3YWw9OXLzzxUokPwZa"},"fileId":"4e0olrghFBEIcfnNmjyfTT"},"_trs":{"__type__":"TypedArray","ctor":"Float64Array","array":[0,0,0,0,0,0,1,1,1,1]}},{"__type__":"cc.Node","_name":"contents","_parent":{"__id__":3},"_children":[{"__id__":5},{"__id__":8}],"_components":[{"__type__":"09bd4f7l0NPfpseMfFdw+uE","node":{"__id__":4},"_enabled":false},{"__type__":"cc.BlockInputEvents","node":{"__id__":4}}],"_prefab":{"__type__":"cc.PrefabInfo","root":{"__id__":1},"asset":{"__uuid__":"22ti3YWw9OXLzzxUokPwZa"},"fileId":"4aiSlis7pBhLGvmKKezuRa"},"_contentSize":{"__type__":"cc.Size","width":750,"height":340},"_trs":{"__type__":"TypedArray","ctor":"Float64Array","array":[0,110,0,0,0,0,1,1,1,1]}},{"__type__":"cc.Node","_name":"win_node","_parent":{"__id__":4},"_children":[{"__id__":6},{"__id__":7}],"_prefab":{"__type__":"cc.PrefabInfo","root":{"__id__":1},"asset":{"__uuid__":"22ti3YWw9OXLzzxUokPwZa"},"fileId":"daBnIfurpMC7An7xVxjDn/"},"_trs":{"__type__":"TypedArray","ctor":"Float64Array","array":[0,0,0,0,0,0,1,1,1,1]}},{"__type__":"cc.Node","_name":"bg","_parent":{"__id__":5},"_components":[{"__type__":"cc.Sprite","node":{"__id__":6},"_materials":[{"__uuid__":"ecpdLyjvZBwrvm+cedCcQy"}],"_spriteFrame":{"__uuid__":"8aFShJGs1NR4z/7zVo6YwI"}}],"_prefab":{"__type__":"cc.PrefabInfo","root":{"__id__":1},"asset":{"__uuid__":"22ti3YWw9OXLzzxUokPwZa"},"fileId":"f0OegvarFMNoih5R06klLc"},"_contentSize":{"__type__":"cc.Size","width":750,"height":150},"_trs":{"__type__":"TypedArray","ctor":"Float64Array","array":[0,70.339,0,0,0,0,1,1,1,1]}},{"__type__":"cc.Node","_name":"title","_parent":{"__id__":5},"_components":[{"__type__":"cc.Sprite","node":{"__id__":7},"_materials":[{"__uuid__":"ecpdLyjvZBwrvm+cedCcQy"}],"_spriteFrame":{"__uuid__":"14Muoa2pBN4Lm5VNLPZkRJ"}}],"_prefab":{"__type__":"cc.PrefabInfo","root":{"__id__":1},"asset":{"__uuid__":"22ti3YWw9OXLzzxUokPwZa"},"fileId":"2cfCgM6i5NtY4zDSnwhb2E"},"_contentSize":{"__type__":"cc.Size","width":436,"height":125},"_trs":{"__type__":"TypedArray","ctor":"Float64Array","array":[0,135.487,0,0,0,0,1,1,1,1]}},{"__type__":"cc.Node","_name":"fail_node","_parent":{"__id__":4},"_children":[{"__id__":9},{"__id__":10},{"__id__":11},{"__id__":15}],"_prefab":{"__type__":"cc.PrefabInfo","root":{"__id__":1},"asset":{"__uuid__":"22ti3YWw9OXLzzxUokPwZa"},"fileId":"ecEP55tftILq+zQJz/JKmE"},"_trs":{"__type__":"TypedArray","ctor":"Float64Array","array":[0,0,0,0,0,0,1,1,1,1]}},{"__type__":"cc.Node","_name":"bg","_parent":{"__id__":8},"_components":[{"__type__":"cc.Sprite","node":{"__id__":9},"_materials":[{"__uuid__":"ecpdLyjvZBwrvm+cedCcQy"}],"_spriteFrame":{"__uuid__":"4aXJCYg3dKFKWCd8XVecHG"}}],"_prefab":{"__type__":"cc.PrefabInfo","root":{"__id__":1},"asset":{"__uuid__":"22ti3YWw9OXLzzxUokPwZa"},"fileId":"8dw85Zq6dEua+eSdNLA8uf"},"_contentSize":{"__type__":"cc.Size","width":750,"height":150},"_trs":{"__type__":"TypedArray","ctor":"Float64Array","array":[0,70.339,0,0,0,0,1,1,1,1]}},{"__type__":"cc.Node","_name":"title","_parent":{"__id__":8},"_components":[{"__type__":"cc.Sprite","node":{"__id__":10},"_materials":[{"__uuid__":"ecpdLyjvZBwrvm+cedCcQy"}],"_spriteFrame":{"__uuid__":"9ftuWrhXRCZZDPwvEm1j7l"}}],"_prefab":{"__type__":"cc.PrefabInfo","root":{"__id__":1},"asset":{"__uuid__":"22ti3YWw9OXLzzxUokPwZa"},"fileId":"ebz564rc9NhZCh9bV9kZgb"},"_contentSize":{"__type__":"cc.Size","width":414,"height":111},"_trs":{"__type__":"TypedArray","ctor":"Float64Array","array":[0,135.487,0,0,0,0,1,1,1,1]}},{"__type__":"cc.Node","_name":"retry_btn","_parent":{"__id__":8},"_children":[{"__id__":12},{"__id__":13},{"__id__":14}],"_components":[{"__type__":"cc.Button","node":{"__id__":11},"_normalMaterial":{"__uuid__":"ecpdLyjvZBwrvm+cedCcQy"},"zoomScale":1.1,"_N$transition":3,"transition":3},{"__type__":"3a0bdMWXApFAIRZFct2j8zt","node":{"__id__":11},"callback":{"__type__":"cc.ClickEvent","target":{"__id__":1},"_componentId":"fc1bfjfH9lCWqkQfRLqaox3","handler":"onRewardCallback"},"autoRefresh":true}],"_prefab":{"__type__":"cc.PrefabInfo","root":{"__id__":1},"asset":{"__uuid__":"22ti3YWw9OXLzzxUokPwZa"},"fileId":"afnIzx+z5NdYNdegL3ihoH"},"_contentSize":{"__type__":"cc.Size","width":270,"height":90},"_trs":{"__type__":"TypedArray","ctor":"Float64Array","array":[0,-90.10499999999999,0,0,0,0,1,1,1,0]}},{"__type__":"cc.Node","_name":"text","_parent":{"__id__":11},"_components":[{"__type__":"cc.Sprite","node":{"__id__":12},"_materials":[{"__uuid__":"ecpdLyjvZBwrvm+cedCcQy"}],"_spriteFrame":{"__uuid__":"12Wc8lKbtPIacuRZHbQPRG"}}],"_prefab":{"__type__":"cc.PrefabInfo","root":{"__id__":1},"asset":{"__uuid__":"22ti3YWw9OXLzzxUokPwZa"},"fileId":"4fZL/q8lBO3KAqdak8uE7T"},"_contentSize":{"__type__":"cc.Size","width":291,"height":112},"_trs":{"__type__":"TypedArray","ctor":"Float64Array","array":[0,-9,0,0,0,0,1,1,1,1]}},{"__type__":"cc.Node","_name":"video","_parent":{"__id__":11},"_components":[{"__type__":"cc.Sprite","node":{"__id__":13},"_materials":[{"__uuid__":"ecpdLyjvZBwrvm+cedCcQy"}],"_spriteFrame":{"__uuid__":"88xa0CygVCwohDQQfvmo6K"}}],"_prefab":{"__type__":"cc.PrefabInfo","root":{"__id__":1},"asset":{"__uuid__":"22ti3YWw9OXLzzxUokPwZa"},"fileId":"a2f5o6CEpJ9o18Dc1C5BbV"},"_contentSize":{"__type__":"cc.Size","width":67,"height":51},"_trs":{"__type__":"TypedArray","ctor":"Float64Array","array":[-90.069,0,0,0,0,0,1,1,1,1]}},{"__type__":"cc.Node","_name":"share","_parent":{"__id__":11},"_components":[{"__type__":"cc.Sprite","node":{"__id__":14},"_materials":[{"__uuid__":"ecpdLyjvZBwrvm+cedCcQy"}],"_spriteFrame":{"__uuid__":"f8az7Pp3FLwZ4m5/Zn9IpJ"}}],"_prefab":{"__type__":"cc.PrefabInfo","root":{"__id__":1},"asset":{"__uuid__":"22ti3YWw9OXLzzxUokPwZa"},"fileId":"8bgkR5VJ5LtZhL9f25GuRx"},"_contentSize":{"__type__":"cc.Size","width":52,"height":54},"_trs":{"__type__":"TypedArray","ctor":"Float64Array","array":[-90.069,0,0,0,0,0,1,1,1,1]}},{"__type__":"cc.Node","_name":"home_btn","_parent":{"__id__":8},"_children":[{"__id__":16}],"_components":[{"__type__":"cc.Button","node":{"__id__":15},"_normalMaterial":{"__uuid__":"ecpdLyjvZBwrvm+cedCcQy"},"zoomScale":1.1,"clickEvents":[{"__type__":"cc.ClickEvent","target":{"__id__":1},"_componentId":"fc1bfjfH9lCWqkQfRLqaox3","handler":"onHomeBtnClick"}],"_N$transition":3,"transition":3}],"_prefab":{"__type__":"cc.PrefabInfo","root":{"__id__":1},"asset":{"__uuid__":"22ti3YWw9OXLzzxUokPwZa"},"fileId":"72bgdKUXdD/7qazUdGvrbH"},"_contentSize":{"__type__":"cc.Size","width":225,"height":75},"_trs":{"__type__":"TypedArray","ctor":"Float64Array","array":[0,-208.31099999999998,0,0,0,0,1,1,1,0]}},{"__type__":"cc.Node","_name":"text","_parent":{"__id__":15},"_components":[{"__type__":"cc.Sprite","node":{"__id__":16},"_materials":[{"__uuid__":"ecpdLyjvZBwrvm+cedCcQy"}],"_spriteFrame":{"__uuid__":"e0ivQTAmlBl67iReZRqU83"}}],"_prefab":{"__type__":"cc.PrefabInfo","root":{"__id__":1},"asset":{"__uuid__":"22ti3YWw9OXLzzxUokPwZa"},"fileId":"71dmOmv71OaqpO7r2uN5lM"},"_contentSize":{"__type__":"cc.Size","width":239,"height":91},"_trs":{"__type__":"TypedArray","ctor":"Float64Array","array":[0,-9,0,0,0,0,1,1,1,1]}},{"__type__":"cc.Node","_name":"banner","_parent":{"__id__":3},"_components":[{"__type__":"ce3f9aG6A1If7y9kH3tgvq2","node":{"__id__":17}}],"_prefab":{"__type__":"cc.PrefabInfo","root":{"__id__":1},"asset":{"__uuid__":"22ti3YWw9OXLzzxUokPwZa"},"fileId":"baUm+0hiNJnZraTn4AM4oF"},"_trs":{"__type__":"TypedArray","ctor":"Float64Array","array":[0,-167.816,0,0,0,0,1,1,1,1]}}],{"__type__":"cc.SpriteFrame","content":{"name":"底板_失败","texture":"18d37ab2d","rect":[759,3,750,150],"offset":[0,0],"originalSize":[750,150],"rotated":1,"capInsets":[0,0,0,0]}},{"__type__":"cc.SpriteFrame","content":{"name":"底板_成功","texture":"18d37ab2d","rect":[3,759,750,150],"offset":[0,0],"originalSize":[750,150],"capInsets":[0,0,0,0]}},{"__type__":"cc.SpriteFrame","content":{"name":"挑战失败","texture":"18138cb60","rect":[522,3,414,111],"offset":[0,0],"originalSize":[414,111],"capInsets":[0,0,0,0]}},{"__type__":"cc.SpriteFrame","content":{"name":"返回首页","texture":"1e23cd0ad","rect":[3,776,239,91],"offset":[0,0],"originalSize":[239,91],"rotated":1,"capInsets":[0,0,0,0]}}]