[{"__type__":"cc.Prefab","_name":"skinItemForEmoji","data":{"__id__":1}},{"__type__":"cc.Node","_name":"skinItem","_children":[{"__id__":2},{"__id__":3},{"__id__":5},{"__id__":6},{"__id__":7}],"_components":[{"__type__":"edaf0yKukhFo6LdvNbB4TiZ","node":{"__id__":1}}],"_prefab":{"__type__":"cc.PrefabInfo","root":{"__id__":1},"asset":{"__uuid__":"e7VI4BeoZDj7JTG+H+D7+B"},"fileId":"3evgOT2I5N3oc2H+sBXp9A"},"_contentSize":{"__type__":"cc.Size","width":223,"height":290},"_trs":{"__type__":"TypedArray","ctor":"Float64Array","array":[75.5,0,0,0,0,0,1,1,1,1]}},{"__type__":"cc.Node","_name":"bg","_parent":{"__id__":1},"_components":[{"__type__":"cc.Sprite","node":{"__id__":2},"_materials":[{"__uuid__":"ecpdLyjvZBwrvm+cedCcQy"}],"_spriteFrame":{"__uuid__":"ddoTaU9BJKmae+ph2YY6kQ"}}],"_prefab":{"__type__":"cc.PrefabInfo","root":{"__id__":1},"asset":{"__uuid__":"e7VI4BeoZDj7JTG+H+D7+B"},"fileId":"95/OMhYIZOTa3UnW+13V6E"},"_contentSize":{"__type__":"cc.Size","width":214,"height":253},"_trs":{"__type__":"TypedArray","ctor":"Float64Array","array":[0,7,0,0,0,0,1,1,1,1]}},{"__type__":"cc.Node","_name":"mask","_parent":{"__id__":1},"_children":[{"__id__":4}],"_components":[{"__type__":"cc.Mask","node":{"__id__":3},"_enabled":false,"_materials":[{"__uuid__":"ecpdLyjvZBwrvm+cedCcQy"}]}],"_prefab":{"__type__":"cc.PrefabInfo","root":{"__id__":1},"asset":{"__uuid__":"e7VI4BeoZDj7JTG+H+D7+B"},"fileId":"c2ZIFfEklKP7cFI3MFmqcO"},"_contentSize":{"__type__":"cc.Size","width":208,"height":247},"_trs":{"__type__":"TypedArray","ctor":"Float64Array","array":[0,7,0,0,0,0,1,1,1,1]}},{"__type__":"cc.Node","_name":"#_sp","_parent":{"__id__":3},"_components":[{"__type__":"cc.Sprite","node":{"__id__":4},"_materials":[{"__uuid__":"ecpdLyjvZBwrvm+cedCcQy"}]}],"_prefab":{"__type__":"cc.PrefabInfo","root":{"__id__":1},"asset":{"__uuid__":"e7VI4BeoZDj7JTG+H+D7+B"},"fileId":"f6Gm9DH8dMpLm46EooVnHV"},"_contentSize":{"__type__":"cc.Size","width":123,"height":124},"_trs":{"__type__":"TypedArray","ctor":"Float64Array","array":[0,0,0,0,0,0,1,1,1,1]}},{"__type__":"cc.Node","_name":"#selected_node","_parent":{"__id__":1},"_active":false,"_components":[{"__type__":"cc.Sprite","node":{"__id__":5},"_materials":[{"__uuid__":"ecpdLyjvZBwrvm+cedCcQy"}],"_spriteFrame":{"__uuid__":"73N2/dslhOXJq1r4kPs9ck"}}],"_prefab":{"__type__":"cc.PrefabInfo","root":{"__id__":1},"asset":{"__uuid__":"e7VI4BeoZDj7JTG+H+D7+B"},"fileId":"328Ara+CRILpXNBGKrKBtt"},"_contentSize":{"__type__":"cc.Size","width":213,"height":253},"_trs":{"__type__":"TypedArray","ctor":"Float64Array","array":[0,7,0,0,0,0,1,1,1,1]}},{"__type__":"cc.Node","_name":"#has_node","_parent":{"__id__":1},"_components":[{"__type__":"cc.Sprite","node":{"__id__":6},"_materials":[{"__uuid__":"ecpdLyjvZBwrvm+cedCcQy"}],"_spriteFrame":{"__uuid__":"808WywuG5CtZajv2ywc/Kv"}}],"_prefab":{"__type__":"cc.PrefabInfo","root":{"__id__":1},"asset":{"__uuid__":"e7VI4BeoZDj7JTG+H+D7+B"},"fileId":"56LSG5GUJM87q9rJYp5NGY"},"_contentSize":{"__type__":"cc.Size","width":206,"height":36},"_trs":{"__type__":"TypedArray","ctor":"Float64Array","array":[0,-98,0,0,0,0,1,1,1,1]}},{"__type__":"cc.Node","_name":"#_btn","_parent":{"__id__":1},"_children":[{"__id__":8},{"__id__":9}],"_components":[{"__type__":"cc.Button","node":{"__id__":7}}],"_prefab":{"__type__":"cc.PrefabInfo","root":{"__id__":1},"asset":{"__uuid__":"e7VI4BeoZDj7JTG+H+D7+B"},"fileId":"d7DY3nAXdHDpAUbmWsCDC1"},"_contentSize":{"__type__":"cc.Size","width":136,"height":55},"_trs":{"__type__":"TypedArray","ctor":"Float64Array","array":[0,-108,0,0,0,0,1,1,1,1]}},{"__type__":"cc.Node","_name":"bg","_parent":{"__id__":7},"_components":[{"__type__":"cc.Sprite","node":{"__id__":8},"_materials":[{"__uuid__":"ecpdLyjvZBwrvm+cedCcQy"}],"_spriteFrame":{"__uuid__":"9b89m0eKlJS4GrqlFTmHsX"},"_sizeMode":0}],"_prefab":{"__type__":"cc.PrefabInfo","root":{"__id__":1},"asset":{"__uuid__":"e7VI4BeoZDj7JTG+H+D7+B"},"fileId":"bdFlGfGlFPe4DF7m8S3ETz"},"_contentSize":{"__type__":"cc.Size","width":136,"height":55},"_trs":{"__type__":"TypedArray","ctor":"Float64Array","array":[0,0,0,0,0,0,1,1,1,1]}},{"__type__":"cc.Node","_name":"#layout","_parent":{"__id__":7},"_children":[{"__id__":10},{"__id__":11},{"__id__":12},{"__id__":13},{"__id__":14},{"__id__":15},{"__id__":16},{"__id__":17},{"__id__":18}],"_components":[{"__type__":"cc.Layout","node":{"__id__":9},"_layoutSize":{"__type__":"cc.Size","width":105.30000000000001,"height":72},"_resize":1,"_N$layoutType":1,"_N$spacingX":10}],"_prefab":{"__type__":"cc.PrefabInfo","root":{"__id__":1},"asset":{"__uuid__":"e7VI4BeoZDj7JTG+H+D7+B"},"fileId":"d6707GMrdLD7YEwrG2MnYl"},"_contentSize":{"__type__":"cc.Size","width":105.30000000000001,"height":72},"_trs":{"__type__":"TypedArray","ctor":"Float64Array","array":[0,0,0,0,0,0,1,0.7,0.7,1]}},{"__type__":"cc.Node","_name":"#locked_node","_parent":{"__id__":9},"_active":false,"_components":[{"__type__":"cc.Sprite","node":{"__id__":10},"_materials":[{"__uuid__":"ecpdLyjvZBwrvm+cedCcQy"}],"_spriteFrame":{"__uuid__":"85P3Eaw21EuoB5JkdIV5vO"}}],"_prefab":{"__type__":"cc.PrefabInfo","root":{"__id__":1},"asset":{"__uuid__":"e7VI4BeoZDj7JTG+H+D7+B"},"fileId":"ebMkanhYtK2ZTZbUd0wAzx"},"_contentSize":{"__type__":"cc.Size","width":87,"height":30},"_trs":{"__type__":"TypedArray","ctor":"Float64Array","array":[90.5,0,0,0,0,0,1,1,1,1]}},{"__type__":"cc.Node","_name":"#use_node","_parent":{"__id__":9},"_active":false,"_components":[{"__type__":"cc.Sprite","node":{"__id__":11},"_materials":[{"__uuid__":"ecpdLyjvZBwrvm+cedCcQy"}],"_spriteFrame":{"__uuid__":"3abf7IA5ZIwarmB3ibNUqV"}}],"_prefab":{"__type__":"cc.PrefabInfo","root":{"__id__":1},"asset":{"__uuid__":"e7VI4BeoZDj7JTG+H+D7+B"},"fileId":"9416YRRVNIMrneFPDLpGZQ"},"_contentSize":{"__type__":"cc.Size","width":58,"height":31},"_trs":{"__type__":"TypedArray","ctor":"Float64Array","array":[90.5,0,0,0,0,0,1,1,1,1]}},{"__type__":"cc.Node","_name":"#using_node","_parent":{"__id__":9},"_active":false,"_components":[{"__type__":"cc.Sprite","node":{"__id__":12},"_materials":[{"__uuid__":"ecpdLyjvZBwrvm+cedCcQy"}],"_spriteFrame":{"__uuid__":"0awJd695xHE6KbAUVBmbo5"}}],"_prefab":{"__type__":"cc.PrefabInfo","root":{"__id__":1},"asset":{"__uuid__":"e7VI4BeoZDj7JTG+H+D7+B"},"fileId":"00CVDLb2VHEYX175yD9SmL"},"_contentSize":{"__type__":"cc.Size","width":86,"height":31},"_trs":{"__type__":"TypedArray","ctor":"Float64Array","array":[90.5,0,0,0,0,0,1,1,1,1]}},{"__type__":"cc.Node","_name":"#invite_node","_parent":{"__id__":9},"_active":false,"_components":[{"__type__":"cc.Sprite","node":{"__id__":13},"_materials":[{"__uuid__":"ecpdLyjvZBwrvm+cedCcQy"}],"_spriteFrame":{"__uuid__":"f8az7Pp3FLwZ4m5/Zn9IpJ"},"_sizeMode":0}],"_prefab":{"__type__":"cc.PrefabInfo","root":{"__id__":1},"asset":{"__uuid__":"e7VI4BeoZDj7JTG+H+D7+B"},"fileId":"c1bM/A3aNAdJPIDq39GoQq"},"_contentSize":{"__type__":"cc.Size","width":41.6,"height":43.2},"_trs":{"__type__":"TypedArray","ctor":"Float64Array","array":[-54.150000000000006,0,0,0,0,0,1,1,1,1]}},{"__type__":"cc.Node","_name":"#fragment_node","_parent":{"__id__":9},"_active":false,"_components":[{"__type__":"cc.Sprite","node":{"__id__":14},"_materials":[{"__uuid__":"ecpdLyjvZBwrvm+cedCcQy"}],"_spriteFrame":{"__uuid__":"77P3pVGTVLS4ah+ly17PoS"}}],"_prefab":{"__type__":"cc.PrefabInfo","root":{"__id__":1},"asset":{"__uuid__":"e7VI4BeoZDj7JTG+H+D7+B"},"fileId":"0810YpoKhM8Jt4TcDrZ73/"},"_contentSize":{"__type__":"cc.Size","width":58,"height":31},"_trs":{"__type__":"TypedArray","ctor":"Float64Array","array":[-26.35,0,0,0,0,0,1,1,1,1]}},{"__type__":"cc.Node","_name":"#exchange_node","_parent":{"__id__":9},"_active":false,"_components":[{"__type__":"cc.Sprite","node":{"__id__":15},"_materials":[{"__uuid__":"ecpdLyjvZBwrvm+cedCcQy"}],"_spriteFrame":{"__uuid__":"f1CuddhEdM9LrgFAFKQNin"}}],"_prefab":{"__type__":"cc.PrefabInfo","root":{"__id__":1},"asset":{"__uuid__":"e7VI4BeoZDj7JTG+H+D7+B"},"fileId":"8fvxXFb2NIRZvWr7tkFpRk"},"_contentSize":{"__type__":"cc.Size","width":87,"height":31},"_trs":{"__type__":"TypedArray","ctor":"Float64Array","array":[-25.849999999999994,0,0,0,0,0,1,1,1,1]}},{"__type__":"cc.Node","_name":"#video_node","_parent":{"__id__":9},"_active":false,"_components":[{"__type__":"cc.Sprite","node":{"__id__":16},"_materials":[{"__uuid__":"ecpdLyjvZBwrvm+cedCcQy"}],"_spriteFrame":{"__uuid__":"88xa0CygVCwohDQQfvmo6K"},"_sizeMode":0}],"_prefab":{"__type__":"cc.PrefabInfo","root":{"__id__":1},"asset":{"__uuid__":"e7VI4BeoZDj7JTG+H+D7+B"},"fileId":"78xwQgu7FPOo7EDVe5e22c"},"_contentSize":{"__type__":"cc.Size","width":53.6,"height":40.8},"_trs":{"__type__":"TypedArray","ctor":"Float64Array","array":[4.149999999999995,0,0,0,0,0,1,1,1,1]}},{"__type__":"cc.Node","_name":"#coins_node","_parent":{"__id__":9},"_components":[{"__type__":"cc.Sprite","node":{"__id__":17},"_materials":[{"__uuid__":"ecpdLyjvZBwrvm+cedCcQy"}],"_spriteFrame":{"__uuid__":"79ln/Vcd1Dl5Qa9a2S4ztu"},"_sizeMode":0}],"_prefab":{"__type__":"cc.PrefabInfo","root":{"__id__":1},"asset":{"__uuid__":"e7VI4BeoZDj7JTG+H+D7+B"},"fileId":"cd263mzbBMyp/vX7LYZgq/"},"_contentSize":{"__type__":"cc.Size","width":45.6,"height":45.6},"_trs":{"__type__":"TypedArray","ctor":"Float64Array","array":[-29.85000000000001,0,0,0,0,0,1,1,1,1]}},{"__type__":"cc.Node","_name":"#_lbl","_parent":{"__id__":9},"_components":[{"__type__":"cc.Label","node":{"__id__":18},"_materials":[{"__uuid__":"ecpdLyjvZBwrvm+cedCcQy"}],"_useOriginalSize":false,"_string":"0/5","_N$string":"0/5","_fontSize":30,"_lineHeight":32,"_N$horizontalAlign":1,"_N$verticalAlign":1},{"__type__":"cc.LabelOutline","node":{"__id__":18},"_color":{"__type__":"cc.Color","r":200,"g":134,"b":32},"_width":4}],"_prefab":{"__type__":"cc.PrefabInfo","root":{"__id__":1},"asset":{"__uuid__":"e7VI4BeoZDj7JTG+H+D7+B"},"fileId":"b3B2RDJQ1Mpb4/Ac5Obyr8"},"_contentSize":{"__type__":"cc.Size","width":49.7,"height":48.32},"_trs":{"__type__":"TypedArray","ctor":"Float64Array","array":[27.799999999999994,0,0,0,0,0,1,1,1,1]}}]