[{"__type__":"cc.AnimationClip","_name":"Qiugan_14","_duration":2,"sample":30,"wrapMode":2,"curveData":{"paths":{"Glow_3":{"props":{"opacity":[{"frame":0,"value":100},{"frame":1,"value":255},{"frame":2,"value":100}]}}}}},{"__type__":"cc.SpriteAtlas","_name":"Smoke_4.plist","_spriteFrames":{"1_01":{"__uuid__":"96+rTex2lP6YsaOB79+Hz7"},"1_02":{"__uuid__":"ccEmDhwSpBer86OE0NQrnp"},"1_03":{"__uuid__":"baPJYa3SZCv73ELM9u5YAU"},"1_04":{"__uuid__":"d5SG/Nn2ZJdbM6hLf8mj/7"},"1_05":{"__uuid__":"07qTJ2lxdMYr/8iCfzjAx8"},"1_06":{"__uuid__":"48EtfUIydDarRx7ls0qC8o"},"1_07":{"__uuid__":"81xtdIbBtK05bRheO49weW"},"1_08":{"__uuid__":"2ardmPIGdM9bBgbzXc0Qyh"},"1_09":{"__uuid__":"f0vfpiPYNKGIMnQtR2i2oD"},"1_10":{"__uuid__":"86Z0Oj0MRI4oCXl3tZhgKS"},"1_11":{"__uuid__":"70zqCPJetDtq3B17xB/mRy"},"1_12":{"__uuid__":"abJSOfa75CGpHlvzwdf4f2"},"1_13":{"__uuid__":"5c7o+R5IFGnYRK0B+jPgzJ"},"1_14":{"__uuid__":"b23RV5W6RIDZEeXOKOHFAX"},"1_15":{"__uuid__":"70urmH/YFMspgVVZ6K9IE3"},"1_16":{"__uuid__":"ff2UCRJllHc7vDrfxO2L0d"},"1_17":{"__uuid__":"40YHUFArZH2IIn92YPA4Mv"},"1_18":{"__uuid__":"a9CMJ6oK9Bb4D1pi2iv+DD"},"1_19":{"__uuid__":"82RVF6C9hJm5WlpQ6kyc5y"},"1_20":{"__uuid__":"1fS5itWhdAELMmnU7C1X7w"},"1_21":{"__uuid__":"08zkhXdM1JJLwYjwPXNykq"},"1_22":{"__uuid__":"e4CPVgGM1PHr5UkSKULpMr"},"1_23":{"__uuid__":"11IhNS1TlNypn3RldXYRNZ"},"1_24":{"__uuid__":"16Lv94NJRJo5nQIqXenOl3"},"1_25":{"__uuid__":"81BBxkITRJ94R0cqJFB9G3"},"1_26":{"__uuid__":"bdgBbnSApNPbDUS9q5hgOJ"},"1_27":{"__uuid__":"f0RVa1D81AmLFNCt1AUYpu"},"1_28":{"__uuid__":"7dqeu6XolNa5g2RvUOoHsY"},"1_29":{"__uuid__":"342Jc4H2xFVq++0Fsm7yJY"},"1_30":{"__uuid__":"e1M9+ZZxJBgZvvyheRBLJ4"},"1_31":{"__uuid__":"d5FFkSqaxLZLNIExBhHWmj"},"1_32":{"__uuid__":"9a38pdZvRNXZLxZc9ScCXV"},"1_33":{"__uuid__":"d5tFCHgDdDkpxyk6MTPFDJ"},"1_34":{"__uuid__":"b6jzUVJMJL4qcFSduqn8qe"},"1_35":{"__uuid__":"06kES73EJODotT/g9d6SsN"},"1_36":{"__uuid__":"c6zIZdnNNH6aLNiML493Ip"},"1_37":{"__uuid__":"1eFE1qAK9Era+EmAZMCMWH"},"1_38":{"__uuid__":"81icRAYP5AyJ8ORZyI5jJ6"},"1_39":{"__uuid__":"80k8hq67xPYKwDBZU4mRZY"},"1_40":{"__uuid__":"71mhzfzupJ+JtF8YKsXyDv"}}},{"__type__":"cc.SpriteFrame","content":{"name":"atom","texture":"d0qC05vt5GxLaYyB/w3t//","rect":[0,0,31,31],"offset":[0,0],"originalSize":[31,31],"capInsets":[0,0,0,0]}},[{"__type__":"cc.Prefab","_name":"Qiugan_14","data":{"__id__":1}},{"__type__":"cc.Node","_name":"Qiugan_14","_children":[{"__id__":2},{"__id__":3},{"__id__":4},{"__id__":5}],"_prefab":{"__type__":"cc.PrefabInfo","root":{"__id__":1},"asset":{"__uuid__":"93QBX+EdJOH6OOFmCisHXZ"},"fileId":"f2QFx8JaZD3J2skVp3TpPm"},"_contentSize":{"__type__":"cc.Size","height":1200},"_anchorPoint":{"__type__":"cc.Vec2","x":0.5},"_trs":{"__type__":"TypedArray","ctor":"Float64Array","array":[0,0,0,0,0,0,1,1,1,1]}},{"__type__":"cc.Node","_name":"Ball_yinying","_parent":{"__id__":1},"_components":[{"__type__":"cc.Sprite","node":{"__id__":2},"_materials":[{"__uuid__":"ecpdLyjvZBwrvm+cedCcQy"}],"_spriteFrame":{"__uuid__":"98dj6HAflOn47iWZ+34Out"},"_sizeMode":0}],"_prefab":{"__type__":"cc.PrefabInfo","root":{"__id__":1},"asset":{"__uuid__":"93QBX+EdJOH6OOFmCisHXZ"},"fileId":"3eG2LW931HxrRDwaCvBioM"},"_opacity":20,"_color":{"__type__":"cc.Color"},"_contentSize":{"__type__":"cc.Size","width":189,"height":1200},"_anchorPoint":{"__type__":"cc.Vec2","x":0.5},"_trs":{"__type__":"TypedArray","ctor":"Float64Array","array":[-40.491,-20.693,0,0,0,0,1,1,1,1]}},{"__type__":"cc.Node","_name":"Smoke","_parent":{"__id__":1},"_components":[{"__type__":"cc.Sprite","node":{"__id__":3},"_materials":[{"__uuid__":"ecpdLyjvZBwrvm+cedCcQy"}],"_dstBlendFactor":1,"_spriteFrame":{"__uuid__":"07qTJ2lxdMYr/8iCfzjAx8"},"_sizeMode":0},{"__type__":"cc.Animation","node":{"__id__":3},"_defaultClip":{"__uuid__":"6dSnLcENBPTZw13i2Wrhy8"},"_clips":[{"__uuid__":"6dSnLcENBPTZw13i2Wrhy8"}],"playOnLoad":true}],"_prefab":{"__type__":"cc.PrefabInfo","root":{"__id__":1},"asset":{"__uuid__":"93QBX+EdJOH6OOFmCisHXZ"},"fileId":"681JhtZJtADJetJv8/A48q"},"_color":{"__type__":"cc.Color","r":255,"g":175,"b":73},"_contentSize":{"__type__":"cc.Size","width":100,"height":100},"_trs":{"__type__":"TypedArray","ctor":"Float64Array","array":[8.164,1127.879,0,0,0,0,1,2.052,2.052,2.052]}},{"__type__":"cc.Node","_name":"Ball_1","_parent":{"__id__":1},"_components":[{"__type__":"cc.Sprite","node":{"__id__":4},"_materials":[{"__uuid__":"ecpdLyjvZBwrvm+cedCcQy"}],"_spriteFrame":{"__uuid__":"98dj6HAflOn47iWZ+34Out"},"_sizeMode":0}],"_prefab":{"__type__":"cc.PrefabInfo","root":{"__id__":1},"asset":{"__uuid__":"93QBX+EdJOH6OOFmCisHXZ"},"fileId":"093EQdc+1Na4f9kT85wVZP"},"_contentSize":{"__type__":"cc.Size","width":189,"height":1200},"_anchorPoint":{"__type__":"cc.Vec2","x":0.5},"_trs":{"__type__":"TypedArray","ctor":"Float64Array","array":[-2.3,21.835,0,0,0,0,1,1,1,1]}},{"__type__":"cc.Node","_name":"Effect","_parent":{"__id__":1},"_children":[{"__id__":6},{"__id__":7}],"_components":[{"__type__":"cc.Animation","node":{"__id__":5},"_defaultClip":{"__uuid__":"07OjDk2eFFNZoKJ2ovNt85"},"_clips":[{"__uuid__":"07OjDk2eFFNZoKJ2ovNt85"}],"playOnLoad":true}],"_prefab":{"__type__":"cc.PrefabInfo","root":{"__id__":1},"asset":{"__uuid__":"93QBX+EdJOH6OOFmCisHXZ"},"fileId":"54Phpy+HlI+6vSHRWl0mKO"},"_trs":{"__type__":"TypedArray","ctor":"Float64Array","array":[0,0,0,0,0,0,1,1,1,1]}},{"__type__":"cc.Node","_name":"Star","_parent":{"__id__":5},"_components":[{"__type__":"cc.ParticleSystem","node":{"__id__":6},"_materials":[{"__uuid__":"ecpdLyjvZBwrvm+cedCcQy"}],"_dstBlendFactor":1,"_custom":true,"_file":{"__uuid__":"b2aHrECZ5APKGS/0d2hvT1"},"_spriteFrame":{"__uuid__":"7bvnYrahdIPbhlRXFOVlJw"},"_stopped":false,"totalParticles":50,"emissionRate":999.999985098839,"life":0.5,"lifeVar":0.3,"_startColor":{"__type__":"cc.Color","r":255,"g":131,"b":131},"_startColorVar":{"__type__":"cc.Color"},"_endColor":{"__type__":"cc.Color","a":0},"_endColorVar":{"__type__":"cc.Color","a":0},"angle":360,"angleVar":360,"startSize":3.369999885559082,"startSizeVar":50,"endSize":30.31999969482422,"startSpin":-47.369998931884766,"endSpin":-47.369998931884766,"endSpinVar":-142.11000061035156,"posVar":{"__type__":"cc.Vec2","x":50,"y":500},"_positionType":1,"positionType":1,"gravity":{"__type__":"cc.Vec2","x":0.25,"y":0.8600000143051147},"speed":0,"speedVar":0,"tangentialAccel":0}],"_prefab":{"__type__":"cc.PrefabInfo","root":{"__id__":1},"asset":{"__uuid__":"93QBX+EdJOH6OOFmCisHXZ"},"fileId":"0fC9wW45VCNYF9nJfBo96G"},"_trs":{"__type__":"TypedArray","ctor":"Float64Array","array":[0,623.627,0,0,0,0,1,1,1,1]}},{"__type__":"cc.Node","_name":"Glow_3","_parent":{"__id__":5},"_components":[{"__type__":"cc.Sprite","node":{"__id__":7},"_materials":[{"__uuid__":"ecpdLyjvZBwrvm+cedCcQy"}],"_dstBlendFactor":1,"_spriteFrame":{"__uuid__":"2dPll/WsdEWq30xxKUXMFy"}}],"_prefab":{"__type__":"cc.PrefabInfo","root":{"__id__":1},"asset":{"__uuid__":"93QBX+EdJOH6OOFmCisHXZ"},"fileId":"f3a4zwkrhFS7glQlMRdiaz"},"_color":{"__type__":"cc.Color","r":255,"g":94,"b":94},"_contentSize":{"__type__":"cc.Size","width":119,"height":120},"_trs":{"__type__":"TypedArray","ctor":"Float64Array","array":[0,1106.929,0,0,0,0,1,2.778,2,2.778]}}],{"__type__":"cc.SpriteFrame","content":{"name":"cue_14","texture":"18a693853","rect":[3,3,231,1468],"offset":[0,0],"originalSize":[231,1468],"capInsets":[0,0,0,0]}},{"__type__":"cc.ParticleAsset","_name":"atom","_native":".plist","spriteFrame":{"__uuid__":"47LfXTNedBhJ5sf0G+5l7j"}}]