[{"__type__":"cc.SpriteFrame","content":{"name":"道具1","texture":"13ba4cd6d","rect":[121,900,79,82],"offset":[0,0],"originalSize":[79,82],"capInsets":[0,0,0,0]}},{"__type__":"cc.SpriteFrame","content":{"name":"道具2","texture":"13ba4cd6d","rect":[3,901,79,82],"offset":[0,0],"originalSize":[79,82],"capInsets":[0,0,0,0]}},[{"__type__":"cc.Prefab","_name":"item_node","data":{"__id__":1}},{"__type__":"cc.Node","_name":"item_node","_children":[{"__id__":2},{"__id__":7}],"_components":[{"__type__":"ffd69dEcIdOR5Cvfg4Fdivl","node":{"__id__":1}}],"_prefab":{"__type__":"cc.PrefabInfo","root":{"__id__":1},"asset":{"__uuid__":"64grthic1Pw6sLxbbDDzyo"},"fileId":"c8GYl5NwpDUYXxYY3RTI4W"},"_trs":{"__type__":"TypedArray","ctor":"Float64Array","array":[0,0,0,0,0,0,1,1,1,1]}},{"__type__":"cc.Node","_name":"item_move_btn","_parent":{"__id__":1},"_children":[{"__id__":3},{"__id__":4},{"__id__":5},{"__id__":6}],"_components":[{"__type__":"cc.Button","node":{"__id__":2},"_normalMaterial":{"__uuid__":"ecpdLyjvZBwrvm+cedCcQy"},"zoomScale":1.1,"clickEvents":[{"__type__":"cc.ClickEvent","target":{"__id__":1},"_componentId":"ffd69dEcIdOR5Cvfg4Fdivl","handler":"onMoveBtnClick"}],"_N$transition":3,"transition":3},{"__type__":"3a0bdMWXApFAIRZFct2j8zt","node":{"__id__":2},"callback":{"__type__":"cc.ClickEvent","target":{"__id__":1},"_componentId":"ffd69dEcIdOR5Cvfg4Fdivl","handler":"onMoveRewardCallback"},"autoRefresh":true}],"_prefab":{"__type__":"cc.PrefabInfo","root":{"__id__":1},"asset":{"__uuid__":"64grthic1Pw6sLxbbDDzyo"},"fileId":"b98ySlueVGio21fT/oSr4v"},"_contentSize":{"__type__":"cc.Size","width":79,"height":82},"_trs":{"__type__":"TypedArray","ctor":"Float64Array","array":[-93.456,0,0,0,0,0,1,1,1,1]}},{"__type__":"cc.Node","_name":"normal","_parent":{"__id__":2},"_components":[{"__type__":"cc.Sprite","node":{"__id__":3},"_materials":[{"__uuid__":"ecpdLyjvZBwrvm+cedCcQy"}],"_spriteFrame":{"__uuid__":"21A+shm3lOAqRpvSx2K6oc"}}],"_prefab":{"__type__":"cc.PrefabInfo","root":{"__id__":1},"asset":{"__uuid__":"64grthic1Pw6sLxbbDDzyo"},"fileId":"32onlB7j9DNouUh2ORWMGa"},"_contentSize":{"__type__":"cc.Size","width":79,"height":82},"_trs":{"__type__":"TypedArray","ctor":"Float64Array","array":[0,0,0,0,0,0,1,1,1,1]}},{"__type__":"cc.Node","_name":"used","_parent":{"__id__":2},"_components":[{"__type__":"cc.Sprite","node":{"__id__":4},"_materials":[{"__uuid__":"ecpdLyjvZBwrvm+cedCcQy"}],"_spriteFrame":{"__uuid__":"72vgGY0AxP/rQXWBi/EkXf"}}],"_prefab":{"__type__":"cc.PrefabInfo","root":{"__id__":1},"asset":{"__uuid__":"64grthic1Pw6sLxbbDDzyo"},"fileId":"54LZL9RblKraCLR5YQmIfV"},"_contentSize":{"__type__":"cc.Size","width":79,"height":82},"_trs":{"__type__":"TypedArray","ctor":"Float64Array","array":[0,0,0,0,0,0,1,1,1,1]}},{"__type__":"cc.Node","_name":"label","_parent":{"__id__":2},"_components":[{"__type__":"cc.Label","node":{"__id__":5},"_materials":[{"__uuid__":"ecpdLyjvZBwrvm+cedCcQy"}],"_useOriginalSize":false,"_string":"2","_N$string":"2","_fontSize":20,"_lineHeight":21,"_N$horizontalAlign":1,"_N$verticalAlign":1}],"_prefab":{"__type__":"cc.PrefabInfo","root":{"__id__":1},"asset":{"__uuid__":"64grthic1Pw6sLxbbDDzyo"},"fileId":"663U5cj31AO7xgPk4dLyF6"},"_color":{"__type__":"cc.Color","r":242,"g":214,"b":126},"_contentSize":{"__type__":"cc.Size","width":11.12,"height":26.46},"_trs":{"__type__":"TypedArray","ctor":"Float64Array","array":[25,-20,0,0,0,0,1,1,1,1]}},{"__type__":"cc.Node","_name":"add","_parent":{"__id__":2},"_components":[{"__type__":"cc.Sprite","node":{"__id__":6},"_materials":[{"__uuid__":"ecpdLyjvZBwrvm+cedCcQy"}],"_spriteFrame":{"__uuid__":"e3xtgjNsRIYZcl/BCMMwgW"}}],"_prefab":{"__type__":"cc.PrefabInfo","root":{"__id__":1},"asset":{"__uuid__":"64grthic1Pw6sLxbbDDzyo"},"fileId":"18IUMOPgZNfrgT0K8Wk8O7"},"_contentSize":{"__type__":"cc.Size","width":26,"height":26},"_trs":{"__type__":"TypedArray","ctor":"Float64Array","array":[26,-25,0,0,0,0,1,1,1,1]}},{"__type__":"cc.Node","_name":"item_free_btn","_parent":{"__id__":1},"_children":[{"__id__":8},{"__id__":9},{"__id__":10},{"__id__":11}],"_components":[{"__type__":"cc.Button","node":{"__id__":7},"_normalMaterial":{"__uuid__":"ecpdLyjvZBwrvm+cedCcQy"},"zoomScale":1.1,"clickEvents":[{"__type__":"cc.ClickEvent","target":{"__id__":1},"_componentId":"ffd69dEcIdOR5Cvfg4Fdivl","handler":"onFreeBtnClick"}],"_N$transition":3,"transition":3},{"__type__":"3a0bdMWXApFAIRZFct2j8zt","node":{"__id__":7},"callback":{"__type__":"cc.ClickEvent","target":{"__id__":1},"_componentId":"ffd69dEcIdOR5Cvfg4Fdivl","handler":"onFreeRewardCallback"},"autoRefresh":true}],"_prefab":{"__type__":"cc.PrefabInfo","root":{"__id__":1},"asset":{"__uuid__":"64grthic1Pw6sLxbbDDzyo"},"fileId":"04ShCvE5NM7K93+1kUKl7c"},"_contentSize":{"__type__":"cc.Size","width":79,"height":82},"_trs":{"__type__":"TypedArray","ctor":"Float64Array","array":[-1.203,0,0,0,0,0,1,1,1,1]}},{"__type__":"cc.Node","_name":"normal","_parent":{"__id__":7},"_components":[{"__type__":"cc.Sprite","node":{"__id__":8},"_materials":[{"__uuid__":"ecpdLyjvZBwrvm+cedCcQy"}],"_spriteFrame":{"__uuid__":"47D56k3JhAHbyic2/0Xl9Z"}}],"_prefab":{"__type__":"cc.PrefabInfo","root":{"__id__":1},"asset":{"__uuid__":"64grthic1Pw6sLxbbDDzyo"},"fileId":"5dnkoO7qVMVKPXJApgNLl6"},"_contentSize":{"__type__":"cc.Size","width":79,"height":82},"_trs":{"__type__":"TypedArray","ctor":"Float64Array","array":[0,0,0,0,0,0,1,1,1,1]}},{"__type__":"cc.Node","_name":"used","_parent":{"__id__":7},"_components":[{"__type__":"cc.Sprite","node":{"__id__":9},"_materials":[{"__uuid__":"ecpdLyjvZBwrvm+cedCcQy"}],"_spriteFrame":{"__uuid__":"e74Q8sBClBfoI9GXOWBzoj"}}],"_prefab":{"__type__":"cc.PrefabInfo","root":{"__id__":1},"asset":{"__uuid__":"64grthic1Pw6sLxbbDDzyo"},"fileId":"a45cN5mZRFrYmBUWbM4Gap"},"_contentSize":{"__type__":"cc.Size","width":79,"height":82},"_trs":{"__type__":"TypedArray","ctor":"Float64Array","array":[0,0,0,0,0,0,1,1,1,1]}},{"__type__":"cc.Node","_name":"label","_parent":{"__id__":7},"_components":[{"__type__":"cc.Label","node":{"__id__":10},"_materials":[{"__uuid__":"ecpdLyjvZBwrvm+cedCcQy"}],"_useOriginalSize":false,"_string":"2","_N$string":"2","_fontSize":20,"_lineHeight":21,"_N$horizontalAlign":1,"_N$verticalAlign":1}],"_prefab":{"__type__":"cc.PrefabInfo","root":{"__id__":1},"asset":{"__uuid__":"64grthic1Pw6sLxbbDDzyo"},"fileId":"f0jECO7MBOyrlh4SNoetLw"},"_color":{"__type__":"cc.Color","r":242,"g":214,"b":126},"_contentSize":{"__type__":"cc.Size","width":11.12,"height":26.46},"_trs":{"__type__":"TypedArray","ctor":"Float64Array","array":[25,-20,0,0,0,0,1,1,1,1]}},{"__type__":"cc.Node","_name":"add","_parent":{"__id__":7},"_components":[{"__type__":"cc.Sprite","node":{"__id__":11},"_materials":[{"__uuid__":"ecpdLyjvZBwrvm+cedCcQy"}],"_spriteFrame":{"__uuid__":"e3xtgjNsRIYZcl/BCMMwgW"}}],"_prefab":{"__type__":"cc.PrefabInfo","root":{"__id__":1},"asset":{"__uuid__":"64grthic1Pw6sLxbbDDzyo"},"fileId":"4ca392pLtNXo/aMBXRPo3N"},"_contentSize":{"__type__":"cc.Size","width":26,"height":26},"_trs":{"__type__":"TypedArray","ctor":"Float64Array","array":[26,-25,0,0,0,0,1,1,1,1]}}],{"__type__":"cc.SpriteFrame","content":{"name":"游戏_道具1_使用","texture":"13ba4cd6d","rect":[515,782,79,82],"offset":[0,0],"originalSize":[79,82],"capInsets":[0,0,0,0]}},{"__type__":"cc.SpriteFrame","content":{"name":"视频加号","texture":"13ba4cd6d","rect":[594,524,26,26],"offset":[0,0],"originalSize":[26,26],"capInsets":[0,0,0,0]}},{"__type__":"cc.SpriteFrame","content":{"name":"游戏_道具2_使用","texture":"13ba4cd6d","rect":[600,806,79,82],"offset":[0,0],"originalSize":[79,82],"rotated":1,"capInsets":[0,0,0,0]}}]