[{"__type__":"cc.SpriteFrame","content":{"name":"pl_ext_shadow","texture":"13ba4cd6d","rect":[279,955,32,32],"offset":[0,0],"originalSize":[32,32],"capInsets":[0,0,0,0]}},[{"__type__":"cc.Prefab","_name":"ballShadow","data":{"__id__":1}},{"__type__":"cc.Node","_name":"ballShadow","_children":[{"__id__":2}],"_prefab":{"__type__":"cc.PrefabInfo","root":{"__id__":1},"asset":{"__uuid__":"a4x8VeUSlIkKSGQO7R82yl"},"fileId":"bf8sslR/hB6oncqhEexwjT"},"_trs":{"__type__":"TypedArray","ctor":"Float64Array","array":[0,0,0,0,0,0,1,1,1,1]}},{"__type__":"cc.Node","_name":"sprite","_parent":{"__id__":1},"_components":[{"__type__":"cc.Sprite","node":{"__id__":2},"_materials":[{"__uuid__":"ecpdLyjvZBwrvm+cedCcQy"}],"_spriteFrame":{"__uuid__":"11DzbXfx1CDJ2e3YX4N5oL"}}],"_prefab":{"__type__":"cc.PrefabInfo","root":{"__id__":1},"asset":{"__uuid__":"a4x8VeUSlIkKSGQO7R82yl"},"fileId":"88y3ZuaSJINZwyVRKmMTRn"},"_opacity":150,"_contentSize":{"__type__":"cc.Size","width":32,"height":32},"_trs":{"__type__":"TypedArray","ctor":"Float64Array","array":[0,0,0,0,0,0,1,1.3,1.3,1]}}]]