[{"__type__":"cc.SpriteFrame","content":{"name":"image_0017","texture":"123739ffb","rect":[3,3,253,507],"offset":[0,0],"originalSize":[253,507],"capInsets":[0,0,0,0]}},{"__type__":"cc.SpriteFrame","content":{"name":"image_0027","texture":"123739ffb","rect":[3,516,253,507],"offset":[0,0],"originalSize":[253,507],"rotated":1,"capInsets":[0,0,0,0]}},{"__type__":"cc.SpriteFrame","content":{"name":"image_0049","texture":"123739ffb","rect":[691,3,253,507],"offset":[0,0],"originalSize":[253,507],"capInsets":[0,0,0,0]}},{"__type__":"cc.SpriteFrame","content":{"name":"image_0051","texture":"123739ffb","rect":[262,3,253,507],"offset":[0,0],"originalSize":[253,507],"capInsets":[0,0,0,0]}},{"__type__":"cc.SpriteFrame","content":{"name":"image_0009","texture":"1e1af1cd1","rect":[3,3,253,507],"offset":[0,0],"originalSize":[253,507],"capInsets":[0,0,0,0]}},{"__type__":"cc.SpriteFrame","content":{"name":"image_0024","texture":"1e1af1cd1","rect":[262,3,253,507],"offset":[0,0],"originalSize":[253,507],"capInsets":[0,0,0,0]}},{"__type__":"cc.SpriteFrame","content":{"name":"image_0033","texture":"1e1af1cd1","rect":[521,3,253,507],"offset":[0,0],"originalSize":[253,507],"capInsets":[0,0,0,0]}},{"__type__":"cc.SpriteFrame","content":{"name":"image_0040","texture":"12c1825a1","rect":[3,3,253,507],"offset":[0,0],"originalSize":[253,507],"capInsets":[0,0,0,0]}},{"__type__":"cc.SpriteFrame","content":{"name":"image_0030","texture":"12c1825a1","rect":[262,3,253,507],"offset":[0,0],"originalSize":[253,507],"capInsets":[0,0,0,0]}},{"__type__":"cc.SpriteFrame","content":{"name":"image_0042","texture":"12c1825a1","rect":[521,3,253,507],"offset":[0,0],"originalSize":[253,507],"capInsets":[0,0,0,0]}},{"__type__":"cc.SpriteFrame","content":{"name":"image_0004","texture":"11f4261cf","rect":[3,3,253,507],"offset":[0,0],"originalSize":[253,507],"capInsets":[0,0,0,0]}},{"__type__":"cc.SpriteFrame","content":{"name":"image_0036","texture":"11f4261cf","rect":[262,3,253,507],"offset":[0,0],"originalSize":[253,507],"capInsets":[0,0,0,0]}},{"__type__":"cc.SpriteFrame","content":{"name":"image_0021","texture":"11f4261cf","rect":[502,516,253,507],"offset":[0,0],"originalSize":[253,507],"rotated":1,"capInsets":[0,0,0,0]}},{"__type__":"cc.SpriteFrame","content":{"name":"image_0048","texture":"11f4261cf","rect":[521,3,253,507],"offset":[0,0],"originalSize":[253,507],"capInsets":[0,0,0,0]}},{"__type__":"cc.SpriteFrame","content":{"name":"image_0015","texture":"170ee17f0","rect":[3,3,253,507],"offset":[0,0],"originalSize":[253,507],"capInsets":[0,0,0,0]}},{"__type__":"cc.SpriteFrame","content":{"name":"image_0059","texture":"170ee17f0","rect":[262,3,253,507],"offset":[0,0],"originalSize":[253,507],"capInsets":[0,0,0,0]}},{"__type__":"cc.SpriteFrame","content":{"name":"image_0018","texture":"170ee17f0","rect":[521,3,253,507],"offset":[0,0],"originalSize":[253,507],"capInsets":[0,0,0,0]}},{"__type__":"cc.SpriteFrame","content":{"name":"image_0013","texture":"16b407609","rect":[3,3,253,507],"offset":[0,0],"originalSize":[253,507],"capInsets":[0,0,0,0]}},{"__type__":"cc.SpriteFrame","content":{"name":"image_0039","texture":"16b407609","rect":[3,516,253,507],"offset":[0,0],"originalSize":[253,507],"rotated":1,"capInsets":[0,0,0,0]}},{"__type__":"cc.SpriteFrame","content":{"name":"image_0053","texture":"16b407609","rect":[262,3,253,507],"offset":[0,0],"originalSize":[253,507],"capInsets":[0,0,0,0]}},{"__type__":"cc.SpriteFrame","content":{"name":"image_0046","texture":"16b407609","rect":[521,3,253,507],"offset":[0,0],"originalSize":[253,507],"capInsets":[0,0,0,0]}},{"__type__":"cc.SpriteFrame","content":{"name":"image_0044","texture":"189104332","rect":[3,3,253,507],"offset":[0,0],"originalSize":[253,507],"capInsets":[0,0,0,0]}},{"__type__":"cc.SpriteFrame","content":{"name":"image_0006","texture":"189104332","rect":[3,516,253,507],"offset":[0,0],"originalSize":[253,507],"rotated":1,"capInsets":[0,0,0,0]}},{"__type__":"cc.SpriteFrame","content":{"name":"image_0038","texture":"189104332","rect":[262,3,253,507],"offset":[0,0],"originalSize":[253,507],"capInsets":[0,0,0,0]}},{"__type__":"cc.SpriteFrame","content":{"name":"image_0011","texture":"189104332","rect":[521,3,253,507],"offset":[0,0],"originalSize":[253,507],"capInsets":[0,0,0,0]}}]