[{"__type__":"cc.Prefab","_name":"vipInviteItem","data":{"__id__":1}},{"__type__":"cc.Node","_name":"vipInviteItem","_children":[{"__id__":2},{"__id__":4}],"_components":[{"__type__":"8831d97r3dBkYbR/s4uj+n6","node":{"__id__":1},"avatarSf":{"__uuid__":"e1LbhNqvtBQJFazVfbkldc"},"btnSf":{"__uuid__":"e4EIljAMNPuba1JROM9jsH"}},{"__type__":"cc.Button","node":{"__id__":1},"zoomScale":1.1,"_N$transition":3,"transition":3}],"_prefab":{"__type__":"cc.PrefabInfo","root":{"__id__":1},"asset":{"__uuid__":"b8OLtReHRNB4LDPtlr0Kbc"},"fileId":"70HWbK8JFL8I0quaVdh9LD"},"_contentSize":{"__type__":"cc.Size","width":135,"height":130},"_trs":{"__type__":"TypedArray","ctor":"Float64Array","array":[0,0,0,0,0,0,1,1,1,0]}},{"__type__":"cc.Node","_name":"mask","_parent":{"__id__":1},"_children":[{"__id__":3}],"_components":[{"__type__":"cc.Mask","node":{"__id__":2},"_materials":[{"__uuid__":"ecpdLyjvZBwrvm+cedCcQy"}],"_type":1,"_segments":16,"_N$alphaThreshold":0}],"_prefab":{"__type__":"cc.PrefabInfo","root":{"__id__":1},"asset":{"__uuid__":"b8OLtReHRNB4LDPtlr0Kbc"},"fileId":"6cBnblDtxOKY8lzwfDXm8+"},"_contentSize":{"__type__":"cc.Size","width":96,"height":96},"_trs":{"__type__":"TypedArray","ctor":"Float64Array","array":[0,0,0,0,0,0,1,1,1,1]}},{"__type__":"cc.Node","_name":"_avatar_sp","_parent":{"__id__":2},"_components":[{"__type__":"cc.Sprite","node":{"__id__":3},"_materials":[{"__uuid__":"ecpdLyjvZBwrvm+cedCcQy"}],"_spriteFrame":{"__uuid__":"e1LbhNqvtBQJFazVfbkldc"},"_sizeMode":0,"_isTrimmedMode":false}],"_prefab":{"__type__":"cc.PrefabInfo","root":{"__id__":1},"asset":{"__uuid__":"b8OLtReHRNB4LDPtlr0Kbc"},"fileId":"61LTRig0xM5qUMWAUnuOWY"},"_contentSize":{"__type__":"cc.Size","width":100,"height":100},"_trs":{"__type__":"TypedArray","ctor":"Float64Array","array":[0,0,0,0,0,0,1,1,1,1]}},{"__type__":"cc.Node","_name":"border","_parent":{"__id__":1},"_components":[{"__type__":"cc.Sprite","node":{"__id__":4},"_materials":[{"__uuid__":"ecpdLyjvZBwrvm+cedCcQy"}],"_spriteFrame":{"__uuid__":"d82PckltxAu4RY94wd6jkF"}}],"_prefab":{"__type__":"cc.PrefabInfo","root":{"__id__":1},"asset":{"__uuid__":"b8OLtReHRNB4LDPtlr0Kbc"},"fileId":"a1dkJjDxFOhJ3IM/Rey+MB"},"_contentSize":{"__type__":"cc.Size","width":100,"height":100},"_trs":{"__type__":"TypedArray","ctor":"Float64Array","array":[0,0,0,0,0,0,1,1,1,1]}}]