[{"__type__":"cc.SpriteFrame","content":{"name":"Ring_2","texture":"13ba4cd6d","rect":[3,524,256,256],"offset":[0,0],"originalSize":[256,256],"capInsets":[0,0,0,0]}},{"__type__":"cc.SpriteFrame","content":{"name":"pl_move_tips_forbid","texture":"13ba4cd6d","rect":[121,786,108,108],"offset":[0,0],"originalSize":[110,110],"capInsets":[0,0,0,0]}},{"__type__":"cc.AnimationClip","_name":"Nuodong_2","_duration":0.8333333333333334,"wrapMode":2,"curveData":{"paths":{"Ring_2":{"props":{"opacity":[{"frame":0,"value":100},{"frame":0.3333333333333333,"value":255}]}},"Glow_4":{"props":{"opacity":[{"frame":0,"value":80},{"frame":0.3333333333333333,"value":128}]}},"Ring_2/Ring_3":{"props":{"scale":[{"frame":0.3333333333333333,"value":{"__type__":"cc.Vec2","x":1,"y":1}},{"frame":0.8333333333333334,"value":{"__type__":"cc.Vec2","x":1.5,"y":1.5}}],"opacity":[{"frame":0.3333333333333333,"value":255},{"frame":0.8333333333333334,"value":0}]}}}}},{"__type__":"cc.AnimationClip","_name":"Nuodong_1","_duration":1.5,"wrapMode":2,"curveData":{"props":{"opacity":[{"frame":0,"value":0},{"frame":0.25,"value":255},{"frame":1,"value":255},{"frame":1.5,"value":0}]},"paths":{"Ring_3":{"props":{"opacity":[{"frame":0.25,"value":255},{"frame":0.8333333333333334,"value":0}],"scale":[{"frame":0.25,"value":{"__type__":"cc.Vec2","x":1,"y":1}},{"frame":0.8333333333333334,"value":{"__type__":"cc.Vec2","x":1.5,"y":1.5}}]}}}}},[{"__type__":"cc.Prefab","_name":"Nuodong_zong","data":{"__id__":1}},{"__type__":"cc.Node","_name":"Nuodong_zong","_objFlags":512,"_children":[{"__id__":2},{"__id__":5},{"__id__":10},{"__id__":11},{"__id__":13}],"_prefab":{"__type__":"cc.PrefabInfo","root":{"__id__":1},"asset":{"__uuid__":"8fT8vnkSFDG4+xKvaqhjjc"},"fileId":"19MVkO+3dCRJ+lkg/lapE4"},"_contentSize":{"__type__":"cc.Size","width":150,"height":150},"_trs":{"__type__":"TypedArray","ctor":"Float64Array","array":[0,0,0,0,0,0,1,1,1,1]}},{"__type__":"cc.Node","_name":"normal","_parent":{"__id__":1},"_children":[{"__id__":3}],"_prefab":{"__type__":"cc.PrefabInfo","root":{"__id__":1},"asset":{"__uuid__":"8fT8vnkSFDG4+xKvaqhjjc"},"fileId":"1dHi3TtExOg5OZxTisJ7ph"},"_trs":{"__type__":"TypedArray","ctor":"Float64Array","array":[0,0,0,0,0,0,1,1,1,1]}},{"__type__":"cc.Node","_name":"Ring_2","_parent":{"__id__":2},"_children":[{"__id__":4}],"_components":[{"__type__":"cc.Sprite","node":{"__id__":3},"_materials":[{"__uuid__":"ecpdLyjvZBwrvm+cedCcQy"}],"_dstBlendFactor":1,"_spriteFrame":{"__uuid__":"0d0QSDbb5LxY73EYvTummD"}},{"__type__":"cc.Animation","node":{"__id__":3},"_defaultClip":{"__uuid__":"7f6QaFrX5OU7Jaf6qugG9l"},"_clips":[{"__uuid__":"7f6QaFrX5OU7Jaf6qugG9l"}],"playOnLoad":true}],"_prefab":{"__type__":"cc.PrefabInfo","root":{"__id__":1},"asset":{"__uuid__":"8fT8vnkSFDG4+xKvaqhjjc"},"fileId":"75GKZMpnVMc78J+oPpeEsN"},"_contentSize":{"__type__":"cc.Size","width":256,"height":256},"_trs":{"__type__":"TypedArray","ctor":"Float64Array","array":[0,0,0,0,0,0,1,0.476,0.476,0.476]}},{"__type__":"cc.Node","_name":"Ring_3","_parent":{"__id__":3},"_components":[{"__type__":"cc.Sprite","node":{"__id__":4},"_materials":[{"__uuid__":"ecpdLyjvZBwrvm+cedCcQy"}],"_dstBlendFactor":1,"_spriteFrame":{"__uuid__":"0d0QSDbb5LxY73EYvTummD"}}],"_prefab":{"__type__":"cc.PrefabInfo","root":{"__id__":1},"asset":{"__uuid__":"8fT8vnkSFDG4+xKvaqhjjc"},"fileId":"d9EtIa2ctP9pazNcAs0Z0T"},"_contentSize":{"__type__":"cc.Size","width":256,"height":256},"_trs":{"__type__":"TypedArray","ctor":"Float64Array","array":[0,0,0,0,0,0,1,1,1,1]}},{"__type__":"cc.Node","_name":"moving","_parent":{"__id__":1},"_children":[{"__id__":6}],"_prefab":{"__type__":"cc.PrefabInfo","root":{"__id__":1},"asset":{"__uuid__":"8fT8vnkSFDG4+xKvaqhjjc"},"fileId":"e60SMDkgNHfoZHggXzkm/A"},"_trs":{"__type__":"TypedArray","ctor":"Float64Array","array":[0,0,0,0,0,0,1,1,1,1]}},{"__type__":"cc.Node","_name":"Nuodong_2","_parent":{"__id__":5},"_children":[{"__id__":7},{"__id__":8}],"_components":[{"__type__":"cc.Animation","node":{"__id__":6},"_defaultClip":{"__uuid__":"15OcHCkhBD96Z+DP1lCj+M"},"_clips":[{"__uuid__":"15OcHCkhBD96Z+DP1lCj+M"}],"playOnLoad":true}],"_prefab":{"__type__":"cc.PrefabInfo","root":{"__id__":1},"asset":{"__uuid__":"8fT8vnkSFDG4+xKvaqhjjc"},"fileId":"8eTix2PEJHv7icLyOIe0/1"},"_trs":{"__type__":"TypedArray","ctor":"Float64Array","array":[0,0,0,0,0,0,1,1,1,1]}},{"__type__":"cc.Node","_name":"Glow_4","_parent":{"__id__":6},"_components":[{"__type__":"cc.Sprite","node":{"__id__":7},"_materials":[{"__uuid__":"ecpdLyjvZBwrvm+cedCcQy"}],"_spriteFrame":{"__uuid__":"eeRAI8qSNLZ46ZnBx8p8lr"}}],"_prefab":{"__type__":"cc.PrefabInfo","root":{"__id__":1},"asset":{"__uuid__":"8fT8vnkSFDG4+xKvaqhjjc"},"fileId":"51RAXBkR5LwIy76KqGsq5k"},"_opacity":128,"_color":{"__type__":"cc.Color","r":105,"g":207,"b":255},"_contentSize":{"__type__":"cc.Size","width":114,"height":114},"_trs":{"__type__":"TypedArray","ctor":"Float64Array","array":[0,0,0,0,0,0,1,1.3,1.3,1.3]}},{"__type__":"cc.Node","_name":"Ring_2","_parent":{"__id__":6},"_children":[{"__id__":9}],"_components":[{"__type__":"cc.Sprite","node":{"__id__":8},"_materials":[{"__uuid__":"ecpdLyjvZBwrvm+cedCcQy"}],"_dstBlendFactor":1,"_spriteFrame":{"__uuid__":"0d0QSDbb5LxY73EYvTummD"}}],"_prefab":{"__type__":"cc.PrefabInfo","root":{"__id__":1},"asset":{"__uuid__":"8fT8vnkSFDG4+xKvaqhjjc"},"fileId":"0fzldAOWZL3p2srl+7YEkr"},"_contentSize":{"__type__":"cc.Size","width":256,"height":256},"_trs":{"__type__":"TypedArray","ctor":"Float64Array","array":[0,0,0,0,0,0,1,0.476,0.476,0.476]}},{"__type__":"cc.Node","_name":"Ring_3","_parent":{"__id__":8},"_components":[{"__type__":"cc.Sprite","node":{"__id__":9},"_materials":[{"__uuid__":"ecpdLyjvZBwrvm+cedCcQy"}],"_dstBlendFactor":1,"_spriteFrame":{"__uuid__":"0d0QSDbb5LxY73EYvTummD"}}],"_prefab":{"__type__":"cc.PrefabInfo","root":{"__id__":1},"asset":{"__uuid__":"8fT8vnkSFDG4+xKvaqhjjc"},"fileId":"59tPd63rxAAKMuIZqAEiZy"},"_contentSize":{"__type__":"cc.Size","width":256,"height":256},"_trs":{"__type__":"TypedArray","ctor":"Float64Array","array":[0,0,0,0,0,0,1,1,1,1]}},{"__type__":"cc.Node","_name":"error","_parent":{"__id__":1},"_components":[{"__type__":"cc.Sprite","node":{"__id__":10},"_materials":[{"__uuid__":"ecpdLyjvZBwrvm+cedCcQy"}],"_spriteFrame":{"__uuid__":"14nhEjkjpAy71YKpToJNu+"}}],"_prefab":{"__type__":"cc.PrefabInfo","root":{"__id__":1},"asset":{"__uuid__":"8fT8vnkSFDG4+xKvaqhjjc"},"fileId":"880QmeplJFIbqezbKaTMRf"},"_contentSize":{"__type__":"cc.Size","width":108,"height":108},"_trs":{"__type__":"TypedArray","ctor":"Float64Array","array":[0,0,0,0,0,0,1,0.4,0.4,1]}},{"__type__":"cc.Node","_name":"hand","_parent":{"__id__":1},"_children":[{"__id__":12}],"_prefab":{"__type__":"cc.PrefabInfo","root":{"__id__":1},"asset":{"__uuid__":"8fT8vnkSFDG4+xKvaqhjjc"},"fileId":"90ZHnZFj5OCJf5DeAbt0DX"},"_trs":{"__type__":"TypedArray","ctor":"Float64Array","array":[0,0,0,0,0,0,1,1,1,1]}},{"__type__":"cc.Node","_name":"手掌","_parent":{"__id__":11},"_components":[{"__type__":"cc.Sprite","node":{"__id__":12},"_materials":[{"__uuid__":"ecpdLyjvZBwrvm+cedCcQy"}],"_spriteFrame":{"__uuid__":"55S41BRldL2YZe+efnRvza"}}],"_prefab":{"__type__":"cc.PrefabInfo","root":{"__id__":1},"asset":{"__uuid__":"8fT8vnkSFDG4+xKvaqhjjc"},"fileId":"0607neIXVE95oPYx02j7Bv"},"_contentSize":{"__type__":"cc.Size","width":88,"height":66},"_trs":{"__type__":"TypedArray","ctor":"Float64Array","array":[15,13,0,0,0,0,1,1,1,1]}},{"__type__":"cc.Node","_name":"hand_leave","_parent":{"__id__":1},"_children":[{"__id__":14}],"_prefab":{"__type__":"cc.PrefabInfo","root":{"__id__":1},"asset":{"__uuid__":"8fT8vnkSFDG4+xKvaqhjjc"},"fileId":"09vmMOwUJCqr/UfRvssKvk"},"_trs":{"__type__":"TypedArray","ctor":"Float64Array","array":[0,0,0,0,0,0,1,1,1,1]}},{"__type__":"cc.Node","_name":"手掌","_parent":{"__id__":13},"_components":[{"__type__":"cc.Sprite","node":{"__id__":14},"_materials":[{"__uuid__":"ecpdLyjvZBwrvm+cedCcQy"}],"_spriteFrame":{"__uuid__":"55S41BRldL2YZe+efnRvza"}}],"_prefab":{"__type__":"cc.PrefabInfo","root":{"__id__":1},"asset":{"__uuid__":"8fT8vnkSFDG4+xKvaqhjjc"},"fileId":"fexLlkY7NNkIsrVn+v1fDk"},"_contentSize":{"__type__":"cc.Size","width":88,"height":66},"_trs":{"__type__":"TypedArray","ctor":"Float64Array","array":[15,13,0,0,0,0,1,1,1,1]}}],{"__type__":"cc.SpriteFrame","content":{"name":"Glow_4","texture":"13ba4cd6d","rect":[265,745,114,114],"offset":[0,0],"originalSize":[128,128],"capInsets":[0,0,0,0]}}]