[{"__type__":"cc.SpriteFrame","content":{"name":"进度3","texture":"1fecc0cbf","rect":[993,539,40,28],"offset":[0,0],"originalSize":[40,28],"rotated":1,"capInsets":[16,0,16,0]}},{"__type__":"cc.SpriteFrame","content":{"name":"皇冠","texture":"1e97745c7","rect":[3,706,285,211],"offset":[0,0],"originalSize":[285,211],"rotated":1,"capInsets":[0,0,0,0]}},{"__type__":"cc.SpriteFrame","content":{"name":"双倍奖励","texture":"1fecc0cbf","rect":[671,429,63,72],"offset":[0,0],"originalSize":[63,72],"rotated":1,"capInsets":[0,0,0,0]}},{"__type__":"cc.SpriteFrame","content":{"name":"失败金币","texture":"1fecc0cbf","rect":[797,890,130,130],"offset":[0,0],"originalSize":[130,130],"capInsets":[0,0,0,0]}},{"__type__":"cc.SpriteFrame","content":{"name":"胜利打勾2","texture":"1fecc0cbf","rect":[990,763,32,31],"offset":[0,0],"originalSize":[32,31],"rotated":1,"capInsets":[0,0,0,0]}},{"__type__":"cc.SpriteFrame","content":{"name":"提示点 - 001","texture":"1e97745c7","rect":[944,628,43,48],"offset":[0,0],"originalSize":[43,48],"rotated":1,"capInsets":[0,0,0,0]}},{"__type__":"cc.SpriteFrame","content":{"name":"气泡","texture":"1fecc0cbf","rect":[933,890,106,50],"offset":[0,0],"originalSize":[106,50],"rotated":1,"capInsets":[0,0,0,0]}},{"__type__":"cc.SpriteFrame","content":{"name":"双倍领取","texture":"1e97745c7","rect":[351,706,291,112],"offset":[0,0],"originalSize":[291,112],"rotated":1,"capInsets":[0,0,0,0]}},{"__type__":"cc.SpriteFrame","content":{"name":"光","texture":"1fecc0cbf","rect":[3,349,662,662],"offset":[0,0],"originalSize":[662,662],"capInsets":[0,0,0,0]}},{"__type__":"cc.SpriteFrame","content":{"name":"失败打勾","texture":"1fecc0cbf","rect":[989,890,37,32],"offset":[0,0],"originalSize":[37,32],"rotated":1,"capInsets":[0,0,0,0]}},{"__type__":"cc.SpriteFrame","content":{"name":"胜利","texture":"1e97745c7","rect":[220,706,295,125],"offset":[0,0],"originalSize":[295,125],"rotated":1,"capInsets":[0,0,0,0]}},{"__type__":"cc.SpriteFrame","content":{"name":"分享","texture":"1e97745c7","rect":[944,573,49,51],"offset":[0,0],"originalSize":[49,51],"rotated":1,"capInsets":[0,0,0,0]}},{"__type__":"cc.SpriteFrame","content":{"name":"下一关","texture":"1fecc0cbf","rect":[748,539,239,91],"offset":[0,0],"originalSize":[239,91],"capInsets":[0,0,0,0]}},{"__type__":"cc.SpriteFrame","content":{"name":"进度1","texture":"1fecc0cbf","rect":[993,585,40,28],"offset":[0,0],"originalSize":[40,28],"rotated":1,"capInsets":[16,0,16,0]}},{"__type__":"cc.SpriteFrame","content":{"name":"气泡2","texture":"162e2afc5","rect":[3,293,296,83],"offset":[0,0],"originalSize":[296,83],"rotated":1,"capInsets":[0,0,0,0]}},{"__type__":"cc.SpriteFrame","content":{"name":"失败","texture":"1fecc0cbf","rect":[759,3,261,119],"offset":[0,0],"originalSize":[261,119],"capInsets":[0,0,0,0]}},{"__type__":"cc.SpriteFrame","content":{"name":"胜利底板","texture":"1fecc0cbf","rect":[3,3,750,340],"offset":[0,0],"originalSize":[750,340],"capInsets":[0,0,0,0]}},{"__type__":"cc.SpriteFrame","content":{"name":"失败打勾2","texture":"1fecc0cbf","rect":[990,801,32,31],"offset":[0,0],"originalSize":[32,31],"rotated":1,"capInsets":[0,0,0,0]}},{"__type__":"cc.SpriteFrame","content":{"name":"进度2","texture":"1fecc0cbf","rect":[993,631,40,28],"offset":[0,0],"originalSize":[40,28],"rotated":1,"capInsets":[17,0,17,0]}},{"__type__":"cc.SpriteFrame","content":{"name":"返回","texture":"1fecc0cbf","rect":[671,349,81,74],"offset":[0,0],"originalSize":[81,74],"capInsets":[0,0,0,0]}},{"__type__":"cc.SpriteFrame","content":{"name":"失败底板","texture":"1e97745c7","rect":[598,3,750,340],"offset":[0,0],"originalSize":[750,340],"rotated":1,"capInsets":[0,0,0,0]}},[{"__type__":"cc.Prefab","_name":"afterGameLayer","data":{"__id__":1}},{"__type__":"cc.Node","_name":"afterGameLayer","_children":[{"__id__":2},{"__id__":3}],"_components":[{"__type__":"cc.Widget","node":{"__id__":1},"_alignFlags":45},{"__type__":"cc.BlockInputEvents","node":{"__id__":1}},{"__type__":"92b235Gx8dHyZcoB8uLhzPp","node":{"__id__":1}}],"_prefab":{"__type__":"cc.PrefabInfo","root":{"__id__":1},"asset":{"__uuid__":"9aYP8eVExLZbf/ny7YDL4R"},"fileId":"b2ZI9uCE5Au74Q/STRz0iL"},"_contentSize":{"__type__":"cc.Size","width":750,"height":1334},"_trs":{"__type__":"TypedArray","ctor":"Float64Array","array":[375,667,0,0,0,0,1,1,1,1]}},{"__type__":"cc.Node","_name":"mask","_parent":{"__id__":1},"_components":[{"__type__":"cc.Sprite","node":{"__id__":2},"_materials":[{"__uuid__":"ecpdLyjvZBwrvm+cedCcQy"}],"_spriteFrame":{"__uuid__":"fdZ+FLNoFGtYmgI6Rsppg4"},"_type":1,"_sizeMode":0,"_isTrimmedMode":false},{"__type__":"cc.Button","node":{"__id__":2},"_N$normalColor":{"__type__":"cc.Color","r":214,"g":214,"b":214},"_N$target":{"__id__":2}},{"__type__":"cc.Widget","node":{"__id__":2},"_alignFlags":45,"_left":-1,"_right":-1,"_top":-1,"_bottom":-1,"_originalWidth":16,"_originalHeight":16}],"_prefab":{"__type__":"cc.PrefabInfo","root":{"__id__":1},"asset":{"__uuid__":"9aYP8eVExLZbf/ny7YDL4R"},"fileId":"67EbqYNDxBRautS9PwfMF8"},"_opacity":202,"_contentSize":{"__type__":"cc.Size","width":752,"height":1336},"_trs":{"__type__":"TypedArray","ctor":"Float64Array","array":[0,0,0,0,0,0,1,1,1,1]}},{"__type__":"cc.Node","_name":"dialog","_parent":{"__id__":1},"_children":[{"__id__":4},{"__id__":56},{"__id__":61},{"__id__":64},{"__id__":65}],"_components":[{"__type__":"96549DGCmlIcZghb3AfRGQI","node":{"__id__":3}}],"_prefab":{"__type__":"cc.PrefabInfo","root":{"__id__":1},"asset":{"__uuid__":"9aYP8eVExLZbf/ny7YDL4R"},"fileId":"4e0olrghFBEIcfnNmjyfTT"},"_trs":{"__type__":"TypedArray","ctor":"Float64Array","array":[0,0,0,0,0,0,1,1,1,1]}},{"__type__":"cc.Node","_name":"contents","_parent":{"__id__":3},"_children":[{"__id__":5},{"__id__":41}],"_components":[{"__type__":"09bd4f7l0NPfpseMfFdw+uE","node":{"__id__":4}},{"__type__":"cc.BlockInputEvents","node":{"__id__":4}}],"_prefab":{"__type__":"cc.PrefabInfo","root":{"__id__":1},"asset":{"__uuid__":"9aYP8eVExLZbf/ny7YDL4R"},"fileId":"4aiSlis7pBhLGvmKKezuRa"},"_contentSize":{"__type__":"cc.Size","width":750,"height":340},"_trs":{"__type__":"TypedArray","ctor":"Float64Array","array":[0,64.029,0,0,0,0,1,1,1,1]}},{"__type__":"cc.Node","_name":"$win_node","_parent":{"__id__":4},"_children":[{"__id__":6},{"__id__":7},{"__id__":8},{"__id__":9},{"__id__":10},{"__id__":19},{"__id__":28},{"__id__":40}],"_prefab":{"__type__":"cc.PrefabInfo","root":{"__id__":1},"asset":{"__uuid__":"9aYP8eVExLZbf/ny7YDL4R"},"fileId":"daBnIfurpMC7An7xVxjDn/"},"_trs":{"__type__":"TypedArray","ctor":"Float64Array","array":[0,0,0,0,0,0,1,1,1,1]}},{"__type__":"cc.Node","_name":"光","_parent":{"__id__":5},"_components":[{"__type__":"cc.Sprite","node":{"__id__":6},"_materials":[{"__uuid__":"ecpdLyjvZBwrvm+cedCcQy"}],"_spriteFrame":{"__uuid__":"4b1fBHZ/pK8o4zapbMvWYl"}},{"__type__":"23c1dyi9YBGF78AyeTo54MW","node":{"__id__":6},"propName":"angle","changeList":[{"__type__":"ActionTweenItem","type":0,"value":{"__type__":"cc.Vec4","x":360},"duration":10}],"repeat":-1}],"_prefab":{"__type__":"cc.PrefabInfo","root":{"__id__":1},"asset":{"__uuid__":"9aYP8eVExLZbf/ny7YDL4R"},"fileId":"4cF7iw4gZIAb7Ndiv7YqRf"},"_contentSize":{"__type__":"cc.Size","width":662,"height":662},"_trs":{"__type__":"TypedArray","ctor":"Float64Array","array":[0,115.721,0,0,0,0,1,1,1,1]}},{"__type__":"cc.Node","_name":"胜利底板","_parent":{"__id__":5},"_components":[{"__type__":"cc.Sprite","node":{"__id__":7},"_materials":[{"__uuid__":"ecpdLyjvZBwrvm+cedCcQy"}],"_spriteFrame":{"__uuid__":"792Do4H/NElZBDJxUCRB6B"}}],"_prefab":{"__type__":"cc.PrefabInfo","root":{"__id__":1},"asset":{"__uuid__":"9aYP8eVExLZbf/ny7YDL4R"},"fileId":"f0OegvarFMNoih5R06klLc"},"_contentSize":{"__type__":"cc.Size","width":750,"height":340},"_trs":{"__type__":"TypedArray","ctor":"Float64Array","array":[0,0,0,0,0,0,1,1,1,1]}},{"__type__":"cc.Node","_name":"皇冠","_parent":{"__id__":5},"_components":[{"__type__":"cc.Sprite","node":{"__id__":8},"_materials":[{"__uuid__":"ecpdLyjvZBwrvm+cedCcQy"}],"_spriteFrame":{"__uuid__":"10pT/u3IRHErB92IvCzbdY"}},{"__type__":"23c1dyi9YBGF78AyeTo54MW","node":{"__id__":8},"propName":"y","changeList":[{"__type__":"ActionTweenItem","type":0,"value":{"__type__":"cc.Vec4","x":20},"duration":1},{"__type__":"ActionTweenItem","type":0,"value":{"__type__":"cc.Vec4","x":-20},"duration":1}],"repeat":-1}],"_prefab":{"__type__":"cc.PrefabInfo","root":{"__id__":1},"asset":{"__uuid__":"9aYP8eVExLZbf/ny7YDL4R"},"fileId":"5a7q4EPDtJCJBes6VLX6W5"},"_contentSize":{"__type__":"cc.Size","width":285,"height":211},"_trs":{"__type__":"TypedArray","ctor":"Float64Array","array":[0,317.707,0,0,0,0,1,1,1,1]}},{"__type__":"cc.Node","_name":"win_title","_parent":{"__id__":5},"_components":[{"__type__":"cc.Sprite","node":{"__id__":9},"_materials":[{"__uuid__":"ecpdLyjvZBwrvm+cedCcQy"}],"_spriteFrame":{"__uuid__":"4fvFC85O5DyoYeo5AODfKS"}}],"_prefab":{"__type__":"cc.PrefabInfo","root":{"__id__":1},"asset":{"__uuid__":"9aYP8eVExLZbf/ny7YDL4R"},"fileId":"2cfCgM6i5NtY4zDSnwhb2E"},"_contentSize":{"__type__":"cc.Size","width":295,"height":125},"_trs":{"__type__":"TypedArray","ctor":"Float64Array","array":[0,176.487,0,0,0,0,1,1,1,1]}},{"__type__":"cc.Node","_name":"prize_and_task","_parent":{"__id__":5},"_children":[{"__id__":11},{"__id__":14}],"_components":[{"__type__":"cc.Layout","node":{"__id__":10},"_layoutSize":{"__type__":"cc.Size","height":186.57999999999998},"_resize":1,"_N$layoutType":2,"_N$spacingY":15}],"_prefab":{"__type__":"cc.PrefabInfo","root":{"__id__":1},"asset":{"__uuid__":"9aYP8eVExLZbf/ny7YDL4R"},"fileId":"b2wsm9QGdKxKjHLx62Esd4"},"_contentSize":{"__type__":"cc.Size","height":186.57999999999998},"_trs":{"__type__":"TypedArray","ctor":"Float64Array","array":[0,-54.137,0,0,0,0,1,1,1,1]}},{"__type__":"cc.Node","_name":"$win_prize_node","_parent":{"__id__":10},"_children":[{"__id__":12},{"__id__":13}],"_components":[{"__type__":"cc.Sprite","node":{"__id__":11},"_materials":[{"__uuid__":"ecpdLyjvZBwrvm+cedCcQy"}],"_spriteFrame":{"__uuid__":"9fkB0mFAlGQYkMlsrnndWx"}}],"_prefab":{"__type__":"cc.PrefabInfo","root":{"__id__":1},"asset":{"__uuid__":"9aYP8eVExLZbf/ny7YDL4R"},"fileId":"63ZIWOfU5DfZQZ2bljOA47"},"_contentSize":{"__type__":"cc.Size","width":130,"height":130},"_trs":{"__type__":"TypedArray","ctor":"Float64Array","array":[0,28.289999999999992,0,0,0,0,1,1,1,1]}},{"__type__":"cc.Node","_name":"$win_prize_lbl","_parent":{"__id__":11},"_components":[{"__type__":"cc.Label","node":{"__id__":12},"_materials":[{"__uuid__":"ecpdLyjvZBwrvm+cedCcQy"}],"_useOriginalSize":false,"_string":"999","_N$string":"999","_fontSize":24,"_lineHeight":26,"_styleFlags":1,"_N$horizontalAlign":2,"_N$verticalAlign":1},{"__type__":"cc.LabelOutline","node":{"__id__":12},"_color":{"__type__":"cc.Color","r":159,"g":54,"b":40},"_width":3}],"_prefab":{"__type__":"cc.PrefabInfo","root":{"__id__":1},"asset":{"__uuid__":"9aYP8eVExLZbf/ny7YDL4R"},"fileId":"91qPMhEw1F/6z68pDmmrDY"},"_contentSize":{"__type__":"cc.Size","width":46.04,"height":38.76},"_anchorPoint":{"__type__":"cc.Vec2","x":1,"y":0.5},"_trs":{"__type__":"TypedArray","ctor":"Float64Array","array":[61.585,-44.553,0,0,0,0,1,1,1,1]}},{"__type__":"cc.Node","_name":"tips","_parent":{"__id__":11},"_active":false,"_components":[{"__type__":"cc.Sprite","node":{"__id__":13},"_materials":[{"__uuid__":"ecpdLyjvZBwrvm+cedCcQy"}],"_spriteFrame":{"__uuid__":"66dbmvW31Av58QhvLLoRRI"}}],"_prefab":{"__type__":"cc.PrefabInfo","root":{"__id__":1},"asset":{"__uuid__":"9aYP8eVExLZbf/ny7YDL4R"},"fileId":"69jlwWNi9IOZQ3iSMj6EBu"},"_contentSize":{"__type__":"cc.Size","width":296,"height":83},"_trs":{"__type__":"TypedArray","ctor":"Float64Array","array":[214.163,72.854,0,0,0,0,1,1,1,1]}},{"__type__":"cc.Node","_name":"$win_task_node","_parent":{"__id__":10},"_children":[{"__id__":15}],"_components":[{"__type__":"cc.Layout","node":{"__id__":14},"_layoutSize":{"__type__":"cc.Size","width":230,"height":41.58},"_resize":1,"_N$layoutType":2,"_N$spacingY":10}],"_prefab":{"__type__":"cc.PrefabInfo","root":{"__id__":1},"asset":{"__uuid__":"9aYP8eVExLZbf/ny7YDL4R"},"fileId":"edN5Jy4mJNIIlYQcHEhwFp"},"_contentSize":{"__type__":"cc.Size","width":230,"height":41.58},"_anchorPoint":{"__type__":"cc.Vec2","x":0.5,"y":1},"_trs":{"__type__":"TypedArray","ctor":"Float64Array","array":[0,-51.71000000000001,0,0,0,0,1,1,1,1]}},{"__type__":"cc.Node","_name":"task_item","_parent":{"__id__":14},"_children":[{"__id__":16},{"__id__":18}],"_components":[{"__type__":"cc.Layout","node":{"__id__":15},"_layoutSize":{"__type__":"cc.Size","width":227,"height":41.58},"_resize":1,"_N$layoutType":1,"_N$spacingX":40}],"_prefab":{"__type__":"cc.PrefabInfo","root":{"__id__":1},"asset":{"__uuid__":"9aYP8eVExLZbf/ny7YDL4R"},"fileId":"ebQgaaq8VKdp+g3FL/0/Pz"},"_contentSize":{"__type__":"cc.Size","width":227,"height":41.58},"_anchorPoint":{"__type__":"cc.Vec2","x":0.54,"y":0.5},"_trs":{"__type__":"TypedArray","ctor":"Float64Array","array":[0,-20.79,0,0,0,0,1,1,1,1]}},{"__type__":"cc.Node","_name":"rect","_parent":{"__id__":15},"_children":[{"__id__":17}],"_components":[{"__type__":"cc.Sprite","node":{"__id__":16},"_materials":[{"__uuid__":"ecpdLyjvZBwrvm+cedCcQy"}],"_spriteFrame":{"__uuid__":"28kvhm69BJFZDV+CFu8+Wu"}}],"_prefab":{"__type__":"cc.PrefabInfo","root":{"__id__":1},"asset":{"__uuid__":"9aYP8eVExLZbf/ny7YDL4R"},"fileId":"9cqijIpypDIZI+NyjdY+Xs"},"_contentSize":{"__type__":"cc.Size","width":32,"height":31},"_trs":{"__type__":"TypedArray","ctor":"Float64Array","array":[-106.58000000000001,0,0,0,0,0,1,1,1,1]}},{"__type__":"cc.Node","_name":"tick","_parent":{"__id__":16},"_components":[{"__type__":"cc.Sprite","node":{"__id__":17},"_materials":[{"__uuid__":"ecpdLyjvZBwrvm+cedCcQy"}],"_spriteFrame":{"__uuid__":"a8kkz6UChBao7YmkmBuOKH"}}],"_prefab":{"__type__":"cc.PrefabInfo","root":{"__id__":1},"asset":{"__uuid__":"9aYP8eVExLZbf/ny7YDL4R"},"fileId":"f4GZpgsDhM/KUU3GlN7PD7"},"_contentSize":{"__type__":"cc.Size","width":37,"height":32},"_trs":{"__type__":"TypedArray","ctor":"Float64Array","array":[2,3,0,0,0,0,1,1,1,1]}},{"__type__":"cc.Node","_name":"task_lbl","_parent":{"__id__":15},"_components":[{"__type__":"cc.Label","node":{"__id__":18},"_materials":[{"__uuid__":"ecpdLyjvZBwrvm+cedCcQy"}],"_useOriginalSize":false,"_string":"一杆进两球","_N$string":"一杆进两球","_fontSize":31,"_lineHeight":33,"_styleFlags":1,"_N$verticalAlign":1}],"_prefab":{"__type__":"cc.PrefabInfo","root":{"__id__":1},"asset":{"__uuid__":"9aYP8eVExLZbf/ny7YDL4R"},"fileId":"dcGJpk9wxCJpxrc/gv1YMh"},"_color":{"__type__":"cc.Color","r":112,"g":83,"b":42},"_contentSize":{"__type__":"cc.Size","width":155,"height":41.58},"_anchorPoint":{"__type__":"cc.Vec2","y":0.5},"_trs":{"__type__":"TypedArray","ctor":"Float64Array","array":[-50.58000000000001,0,0,0,0,0,1,1,1,1]}},{"__type__":"cc.Node","_name":"$item_prize_node","_parent":{"__id__":5},"_children":[{"__id__":20}],"_prefab":{"__type__":"cc.PrefabInfo","root":{"__id__":1},"asset":{"__uuid__":"9aYP8eVExLZbf/ny7YDL4R"},"fileId":"7cuz99mKFCpI7GKfde6JbH"},"_trs":{"__type__":"TypedArray","ctor":"Float64Array","array":[0,-246.341,0,0,0,0,1,1,1,1]}},{"__type__":"cc.Node","_name":"progressBar","_parent":{"__id__":19},"_children":[{"__id__":21},{"__id__":23},{"__id__":24},{"__id__":26}],"_components":[{"__type__":"cc.Sprite","node":{"__id__":20},"_materials":[{"__uuid__":"ecpdLyjvZBwrvm+cedCcQy"}],"_spriteFrame":{"__uuid__":"85eBMRxWJLALz0tBz8CUST"},"_type":1,"_sizeMode":0},{"__type__":"cc.ProgressBar","node":{"__id__":20},"_N$totalLength":440,"_N$barSprite":{"__id__":22},"_N$progress":0}],"_prefab":{"__type__":"cc.PrefabInfo","root":{"__id__":1},"asset":{"__uuid__":"9aYP8eVExLZbf/ny7YDL4R"},"fileId":"c18X0tFSJKK7NdXIDWTtAl"},"_contentSize":{"__type__":"cc.Size","width":440,"height":28},"_trs":{"__type__":"TypedArray","ctor":"Float64Array","array":[0,0,0,0,0,0,1,1,1,1]}},{"__type__":"cc.Node","_name":"bar","_parent":{"__id__":20},"_components":[{"__id__":22}],"_prefab":{"__type__":"cc.PrefabInfo","root":{"__id__":1},"asset":{"__uuid__":"9aYP8eVExLZbf/ny7YDL4R"},"fileId":"4ecoMNoFlJj6nMTynmQRhR"},"_contentSize":{"__type__":"cc.Size","height":28},"_anchorPoint":{"__type__":"cc.Vec2","y":0.5},"_trs":{"__type__":"TypedArray","ctor":"Float64Array","array":[-220,0,0,0,0,0,1,1,1,1]}},{"__type__":"cc.Sprite","node":{"__id__":21},"_materials":[{"__uuid__":"ecpdLyjvZBwrvm+cedCcQy"}],"_spriteFrame":{"__uuid__":"0e5/YGoqpOloRfXuzfJYB/"},"_type":1,"_sizeMode":0},{"__type__":"cc.Node","_name":"bar2","_parent":{"__id__":20},"_components":[{"__type__":"cc.Sprite","node":{"__id__":23},"_materials":[{"__uuid__":"ecpdLyjvZBwrvm+cedCcQy"}],"_spriteFrame":{"__uuid__":"5a/1AIZhVDnKtEf0otBbml"},"_type":1,"_sizeMode":0}],"_prefab":{"__type__":"cc.PrefabInfo","root":{"__id__":1},"asset":{"__uuid__":"9aYP8eVExLZbf/ny7YDL4R"},"fileId":"31XO1iOjROUoWj2Ly68APj"},"_contentSize":{"__type__":"cc.Size","height":28},"_anchorPoint":{"__type__":"cc.Vec2","y":0.5},"_trs":{"__type__":"TypedArray","ctor":"Float64Array","array":[-220,0,0,0,0,0,1,1,1,1]}},{"__type__":"cc.Node","_name":"box_btn","_parent":{"__id__":20},"_children":[{"__id__":25}],"_components":[{"__type__":"cc.Button","node":{"__id__":24},"zoomScale":1.1,"clickEvents":[{"__type__":"cc.ClickEvent","target":{"__id__":1},"_componentId":"92b235Gx8dHyZcoB8uLhzPp","handler":"onBoxBtnClick"}],"_N$transition":3,"transition":3}],"_prefab":{"__type__":"cc.PrefabInfo","root":{"__id__":1},"asset":{"__uuid__":"9aYP8eVExLZbf/ny7YDL4R"},"fileId":"1cB+PrcsRK+62dDXuvNIvl"},"_contentSize":{"__type__":"cc.Size","width":80,"height":80},"_trs":{"__type__":"TypedArray","ctor":"Float64Array","array":[237.803,3,0,0,0,0,1,1,1,0]}},{"__type__":"cc.Node","_name":"box","_parent":{"__id__":24},"_components":[{"__type__":"cc.Sprite","node":{"__id__":25},"_materials":[{"__uuid__":"ecpdLyjvZBwrvm+cedCcQy"}],"_spriteFrame":{"__uuid__":"f2NVGf5OJP0Ymx9roLlSyo"}},{"__type__":"7a9fcxVzklMib+SFOhyKV4V","node":{"__id__":25}}],"_prefab":{"__type__":"cc.PrefabInfo","root":{"__id__":1},"asset":{"__uuid__":"9aYP8eVExLZbf/ny7YDL4R"},"fileId":"98a+ZUw25HMYHYdK4QA4az"},"_contentSize":{"__type__":"cc.Size","width":71,"height":59},"_trs":{"__type__":"TypedArray","ctor":"Float64Array","array":[0,0,0,0,0,0,1,1,1,1]}},{"__type__":"cc.Node","_name":"pop","_parent":{"__id__":20},"_children":[{"__id__":27}],"_components":[{"__type__":"cc.Sprite","node":{"__id__":26},"_materials":[{"__uuid__":"ecpdLyjvZBwrvm+cedCcQy"}],"_spriteFrame":{"__uuid__":"33/CCC1DBAmrIenyTo036E"}}],"_prefab":{"__type__":"cc.PrefabInfo","root":{"__id__":1},"asset":{"__uuid__":"9aYP8eVExLZbf/ny7YDL4R"},"fileId":"35cfSmls5GhYbKvteDvmQO"},"_contentSize":{"__type__":"cc.Size","width":106,"height":50},"_trs":{"__type__":"TypedArray","ctor":"Float64Array","array":[0,34.09,0,0,0,0,1,1,1,1]}},{"__type__":"cc.Node","_name":"label","_parent":{"__id__":26},"_components":[{"__type__":"cc.Label","node":{"__id__":27},"_materials":[{"__uuid__":"ecpdLyjvZBwrvm+cedCcQy"}],"_useOriginalSize":false,"_string":"2","_N$string":"2","_fontSize":20,"_lineHeight":21,"_N$horizontalAlign":1,"_N$verticalAlign":1}],"_prefab":{"__type__":"cc.PrefabInfo","root":{"__id__":1},"asset":{"__uuid__":"9aYP8eVExLZbf/ny7YDL4R"},"fileId":"08KrAUR4ZEd6tW8B60HLxm"},"_color":{"__type__":"cc.Color","r":185,"g":114,"b":40},"_contentSize":{"__type__":"cc.Size","width":11.12,"height":26.46},"_trs":{"__type__":"TypedArray","ctor":"Float64Array","array":[9.911,8.343,0,0,0,0,1,1,1,1]}},{"__type__":"cc.Node","_name":"btn_layout","_parent":{"__id__":5},"_children":[{"__id__":29},{"__id__":31},{"__id__":33},{"__id__":37}],"_components":[{"__type__":"cc.Layout","node":{"__id__":28},"_layoutSize":{"__type__":"cc.Size","width":679},"_resize":1,"_N$layoutType":1,"_N$spacingX":30}],"_prefab":{"__type__":"cc.PrefabInfo","root":{"__id__":1},"asset":{"__uuid__":"9aYP8eVExLZbf/ny7YDL4R"},"fileId":"7bRyzBOnhKr6zPLVhYr8yQ"},"_contentSize":{"__type__":"cc.Size","width":679},"_trs":{"__type__":"TypedArray","ctor":"Float64Array","array":[0,-340,0,0,0,0,1,1,1,1]}},{"__type__":"cc.Node","_name":"$retry_btn","_parent":{"__id__":28},"_children":[{"__id__":30}],"_components":[{"__type__":"cc.Button","node":{"__id__":29},"_normalMaterial":{"__uuid__":"ecpdLyjvZBwrvm+cedCcQy"},"zoomScale":1.1,"clickEvents":[{"__type__":"cc.ClickEvent","target":{"__id__":1},"_componentId":"92b235Gx8dHyZcoB8uLhzPp","handler":"onRetryBtnClick"}],"_N$transition":3,"transition":3}],"_prefab":{"__type__":"cc.PrefabInfo","root":{"__id__":1},"asset":{"__uuid__":"9aYP8eVExLZbf/ny7YDL4R"},"fileId":"e9Uw3zX3hG0Lujib+551Oa"},"_contentSize":{"__type__":"cc.Size","width":123,"height":90},"_trs":{"__type__":"TypedArray","ctor":"Float64Array","array":[-278,0,0,0,0,0,1,1,1,0]}},{"__type__":"cc.Node","_name":"text","_parent":{"__id__":29},"_components":[{"__type__":"cc.Sprite","node":{"__id__":30},"_materials":[{"__uuid__":"ecpdLyjvZBwrvm+cedCcQy"}],"_spriteFrame":{"__uuid__":"9ddr91Uw1FkLAqJ6cDnzDf"}}],"_prefab":{"__type__":"cc.PrefabInfo","root":{"__id__":1},"asset":{"__uuid__":"9aYP8eVExLZbf/ny7YDL4R"},"fileId":"dddnqqItlAepXYlze969q6"},"_contentSize":{"__type__":"cc.Size","width":139,"height":112},"_trs":{"__type__":"TypedArray","ctor":"Float64Array","array":[0,-9,0,0,0,0,1,1,1,1]}},{"__type__":"cc.Node","_name":"$next_btn","_parent":{"__id__":28},"_children":[{"__id__":32}],"_components":[{"__type__":"cc.Button","node":{"__id__":31},"_normalMaterial":{"__uuid__":"ecpdLyjvZBwrvm+cedCcQy"},"zoomScale":1.1,"clickEvents":[{"__type__":"cc.ClickEvent","target":{"__id__":1},"_componentId":"92b235Gx8dHyZcoB8uLhzPp","handler":"onNextBtnClick"}],"_N$transition":3,"transition":3}],"_prefab":{"__type__":"cc.PrefabInfo","root":{"__id__":1},"asset":{"__uuid__":"9aYP8eVExLZbf/ny7YDL4R"},"fileId":"b8/Ru4JXhJGIIDR5YL9o1O"},"_contentSize":{"__type__":"cc.Size","width":226,"height":80},"_trs":{"__type__":"TypedArray","ctor":"Float64Array","array":[-73.5,0,0,0,0,0,1,1,1,0]}},{"__type__":"cc.Node","_name":"text","_parent":{"__id__":31},"_components":[{"__type__":"cc.Sprite","node":{"__id__":32},"_materials":[{"__uuid__":"ecpdLyjvZBwrvm+cedCcQy"}],"_spriteFrame":{"__uuid__":"59NT/grjdOK5AFtIkfQIdt"}}],"_prefab":{"__type__":"cc.PrefabInfo","root":{"__id__":1},"asset":{"__uuid__":"9aYP8eVExLZbf/ny7YDL4R"},"fileId":"a9IQtGWSpNQq23hsEQOmIj"},"_contentSize":{"__type__":"cc.Size","width":239,"height":91},"_trs":{"__type__":"TypedArray","ctor":"Float64Array","array":[0,-9,0,0,0,0,1,1,1,1]}},{"__type__":"cc.Node","_name":"$double_btn","_parent":{"__id__":28},"_children":[{"__id__":34},{"__id__":35},{"__id__":36}],"_active":false,"_components":[{"__type__":"cc.Button","node":{"__id__":33},"_normalMaterial":{"__uuid__":"ecpdLyjvZBwrvm+cedCcQy"},"zoomScale":1.1,"_N$transition":3,"transition":3},{"__type__":"3a0bdMWXApFAIRZFct2j8zt","node":{"__id__":33},"callback":{"__type__":"cc.ClickEvent","target":{"__id__":1},"_componentId":"92b235Gx8dHyZcoB8uLhzPp","handler":"onRewardCallback"},"autoRefresh":true,"isCheckVideo":true}],"_prefab":{"__type__":"cc.PrefabInfo","root":{"__id__":1},"asset":{"__uuid__":"9aYP8eVExLZbf/ny7YDL4R"},"fileId":"c8aIIr5Y9Nioa40WHyDzPs"},"_contentSize":{"__type__":"cc.Size","width":270,"height":90},"_trs":{"__type__":"TypedArray","ctor":"Float64Array","array":[54.5,0,0,0,0,0,1,1,1,1]}},{"__type__":"cc.Node","_name":"text","_parent":{"__id__":33},"_components":[{"__type__":"cc.Sprite","node":{"__id__":34},"_materials":[{"__uuid__":"ecpdLyjvZBwrvm+cedCcQy"}],"_spriteFrame":{"__uuid__":"46f8thqWxKiL1PywhnMdab"}}],"_prefab":{"__type__":"cc.PrefabInfo","root":{"__id__":1},"asset":{"__uuid__":"9aYP8eVExLZbf/ny7YDL4R"},"fileId":"c0STf/9ptJkLQP8+1EvDdv"},"_contentSize":{"__type__":"cc.Size","width":291,"height":112},"_trs":{"__type__":"TypedArray","ctor":"Float64Array","array":[0,-9,0,0,0,0,1,1,1,1]}},{"__type__":"cc.Node","_name":"share","_parent":{"__id__":33},"_active":false,"_components":[{"__type__":"cc.Sprite","node":{"__id__":35},"_materials":[{"__uuid__":"ecpdLyjvZBwrvm+cedCcQy"}],"_spriteFrame":{"__uuid__":"536X70hzhHqrF7CSUsSsqS"}}],"_prefab":{"__type__":"cc.PrefabInfo","root":{"__id__":1},"asset":{"__uuid__":"9aYP8eVExLZbf/ny7YDL4R"},"fileId":"a58Hw4rHVBU4rBxKbaXN+L"},"_contentSize":{"__type__":"cc.Size","width":49,"height":51},"_trs":{"__type__":"TypedArray","ctor":"Float64Array","array":[-88.827,-1.169,0,0,0,0,1,1,1,1]}},{"__type__":"cc.Node","_name":"video","_parent":{"__id__":33},"_components":[{"__type__":"cc.Sprite","node":{"__id__":36},"_materials":[{"__uuid__":"ecpdLyjvZBwrvm+cedCcQy"}],"_spriteFrame":{"__uuid__":"ffT9Y8H7NBRICqTnkuYnFg"}}],"_prefab":{"__type__":"cc.PrefabInfo","root":{"__id__":1},"asset":{"__uuid__":"9aYP8eVExLZbf/ny7YDL4R"},"fileId":"4dhD4a5LVPQpbI7eelh2jo"},"_contentSize":{"__type__":"cc.Size","width":57,"height":43},"_trs":{"__type__":"TypedArray","ctor":"Float64Array","array":[-88.827,-1.169,0,0,0,0,1,1,1,1]}},{"__type__":"cc.Node","_name":"$share_record_btn","_parent":{"__id__":28},"_children":[{"__id__":38},{"__id__":39}],"_components":[{"__type__":"cc.Button","node":{"__id__":37},"_normalMaterial":{"__uuid__":"ecpdLyjvZBwrvm+cedCcQy"},"zoomScale":1.1,"clickEvents":[{"__type__":"cc.ClickEvent","target":{"__id__":1},"_componentId":"92b235Gx8dHyZcoB8uLhzPp","handler":"onShareRecordBtnClick"}],"_N$transition":3,"transition":3}],"_prefab":{"__type__":"cc.PrefabInfo","root":{"__id__":1},"asset":{"__uuid__":"9aYP8eVExLZbf/ny7YDL4R"},"fileId":"376PpJ+2dJca9KxlcIFzFQ"},"_contentSize":{"__type__":"cc.Size","width":270,"height":90},"_trs":{"__type__":"TypedArray","ctor":"Float64Array","array":[204.5,0,0,0,0,0,1,1,1,0]}},{"__type__":"cc.Node","_name":"text","_parent":{"__id__":37},"_components":[{"__type__":"cc.Sprite","node":{"__id__":38},"_materials":[{"__uuid__":"ecpdLyjvZBwrvm+cedCcQy"}],"_spriteFrame":{"__uuid__":"aaVsIXYwFE46VhB2ey2A2G"}}],"_prefab":{"__type__":"cc.PrefabInfo","root":{"__id__":1},"asset":{"__uuid__":"9aYP8eVExLZbf/ny7YDL4R"},"fileId":"7cBJaJfyFEJroEXyzhtt8+"},"_contentSize":{"__type__":"cc.Size","width":291,"height":112},"_trs":{"__type__":"TypedArray","ctor":"Float64Array","array":[0,-9,0,0,0,0,1,1,1,1]}},{"__type__":"cc.Node","_name":"pop","_parent":{"__id__":37},"_components":[{"__type__":"cc.Sprite","node":{"__id__":39},"_materials":[{"__uuid__":"ecpdLyjvZBwrvm+cedCcQy"}],"_spriteFrame":{"__uuid__":"14t0z0eXxPgqSNQwA6rM55"}}],"_prefab":{"__type__":"cc.PrefabInfo","root":{"__id__":1},"asset":{"__uuid__":"9aYP8eVExLZbf/ny7YDL4R"},"fileId":"f2FUlT6HZPMpbMwizpVJOs"},"_contentSize":{"__type__":"cc.Size","width":63,"height":72},"_anchorPoint":{"__type__":"cc.Vec2"},"_trs":{"__type__":"TypedArray","ctor":"Float64Array","array":[106,-7.5,0,0,0,0,1,1,1,1]}},{"__type__":"cc.Node","_name":"$win_level_lbl","_parent":{"__id__":5},"_components":[{"__type__":"cc.Label","node":{"__id__":40},"_materials":[{"__uuid__":"ecpdLyjvZBwrvm+cedCcQy"}],"_useOriginalSize":false,"_string":"第10关","_N$string":"第10关","_fontSize":31,"_lineHeight":33,"_styleFlags":1,"_N$horizontalAlign":1,"_N$verticalAlign":1}],"_prefab":{"__type__":"cc.PrefabInfo","root":{"__id__":1},"asset":{"__uuid__":"9aYP8eVExLZbf/ny7YDL4R"},"fileId":"87NUvCxrJFo7I6Jhgf99V3"},"_contentSize":{"__type__":"cc.Size","width":96.48,"height":41.58},"_trs":{"__type__":"TypedArray","ctor":"Float64Array","array":[0,78.77,0,0,0,0,1,1,1,1]}},{"__type__":"cc.Node","_name":"$fail_node","_parent":{"__id__":4},"_children":[{"__id__":42},{"__id__":43},{"__id__":44},{"__id__":53},{"__id__":55}],"_active":false,"_prefab":{"__type__":"cc.PrefabInfo","root":{"__id__":1},"asset":{"__uuid__":"9aYP8eVExLZbf/ny7YDL4R"},"fileId":"ecEP55tftILq+zQJz/JKmE"},"_trs":{"__type__":"TypedArray","ctor":"Float64Array","array":[0,70,0,0,0,0,1,1,1,1]}},{"__type__":"cc.Node","_name":"失败底板","_parent":{"__id__":41},"_components":[{"__type__":"cc.Sprite","node":{"__id__":42},"_materials":[{"__uuid__":"ecpdLyjvZBwrvm+cedCcQy"}],"_spriteFrame":{"__uuid__":"92BMgQo35HUqBb+9SoBS9F"}}],"_prefab":{"__type__":"cc.PrefabInfo","root":{"__id__":1},"asset":{"__uuid__":"9aYP8eVExLZbf/ny7YDL4R"},"fileId":"8dw85Zq6dEua+eSdNLA8uf"},"_contentSize":{"__type__":"cc.Size","width":750,"height":340},"_trs":{"__type__":"TypedArray","ctor":"Float64Array","array":[0,0,0,0,0,0,1,1,1,1]}},{"__type__":"cc.Node","_name":"fail_title","_parent":{"__id__":41},"_components":[{"__type__":"cc.Sprite","node":{"__id__":43},"_materials":[{"__uuid__":"ecpdLyjvZBwrvm+cedCcQy"}],"_spriteFrame":{"__uuid__":"68CYY0zB5JUL1FOxFwPuzc"}}],"_prefab":{"__type__":"cc.PrefabInfo","root":{"__id__":1},"asset":{"__uuid__":"9aYP8eVExLZbf/ny7YDL4R"},"fileId":"ebz564rc9NhZCh9bV9kZgb"},"_contentSize":{"__type__":"cc.Size","width":261,"height":119},"_trs":{"__type__":"TypedArray","ctor":"Float64Array","array":[0,176.487,0,0,0,0,1,1,1,1]}},{"__type__":"cc.Node","_name":"prize_and_task","_parent":{"__id__":41},"_children":[{"__id__":45},{"__id__":48}],"_components":[{"__type__":"cc.Layout","node":{"__id__":44},"_layoutSize":{"__type__":"cc.Size","height":186.57999999999998},"_resize":1,"_N$layoutType":2,"_N$spacingY":15}],"_prefab":{"__type__":"cc.PrefabInfo","root":{"__id__":1},"asset":{"__uuid__":"9aYP8eVExLZbf/ny7YDL4R"},"fileId":"6a/xXS3sFMr6orn8Xdj3+k"},"_contentSize":{"__type__":"cc.Size","height":186.57999999999998},"_trs":{"__type__":"TypedArray","ctor":"Float64Array","array":[0,-54.137,0,0,0,0,1,1,1,1]}},{"__type__":"cc.Node","_name":"$fail_prize_node","_parent":{"__id__":44},"_children":[{"__id__":46},{"__id__":47}],"_components":[{"__type__":"cc.Sprite","node":{"__id__":45},"_materials":[{"__uuid__":"ecpdLyjvZBwrvm+cedCcQy"}],"_spriteFrame":{"__uuid__":"1az/KQIMlAn4dtSJXXYhfo"}}],"_prefab":{"__type__":"cc.PrefabInfo","root":{"__id__":1},"asset":{"__uuid__":"9aYP8eVExLZbf/ny7YDL4R"},"fileId":"7dsZzNezBJQoxajGtttzQ0"},"_contentSize":{"__type__":"cc.Size","width":130,"height":130},"_trs":{"__type__":"TypedArray","ctor":"Float64Array","array":[0,28.289999999999992,0,0,0,0,1,1,1,1]}},{"__type__":"cc.Node","_name":"$fail_prize_lbl","_parent":{"__id__":45},"_components":[{"__type__":"cc.Label","node":{"__id__":46},"_materials":[{"__uuid__":"ecpdLyjvZBwrvm+cedCcQy"}],"_useOriginalSize":false,"_string":"999","_N$string":"999","_fontSize":24,"_lineHeight":26,"_styleFlags":1,"_N$horizontalAlign":2,"_N$verticalAlign":1},{"__type__":"cc.LabelOutline","node":{"__id__":46},"_color":{"__type__":"cc.Color","r":159,"g":54,"b":40},"_width":3}],"_prefab":{"__type__":"cc.PrefabInfo","root":{"__id__":1},"asset":{"__uuid__":"9aYP8eVExLZbf/ny7YDL4R"},"fileId":"aeE56VoQpKArjv7hDEv/pv"},"_contentSize":{"__type__":"cc.Size","width":46.04,"height":38.76},"_anchorPoint":{"__type__":"cc.Vec2","x":1,"y":0.5},"_trs":{"__type__":"TypedArray","ctor":"Float64Array","array":[61.585,-44.553,0,0,0,0,1,1,1,1]}},{"__type__":"cc.Node","_name":"tips","_parent":{"__id__":45},"_active":false,"_components":[{"__type__":"cc.Sprite","node":{"__id__":47},"_materials":[{"__uuid__":"ecpdLyjvZBwrvm+cedCcQy"}],"_spriteFrame":{"__uuid__":"66dbmvW31Av58QhvLLoRRI"}}],"_prefab":{"__type__":"cc.PrefabInfo","root":{"__id__":1},"asset":{"__uuid__":"9aYP8eVExLZbf/ny7YDL4R"},"fileId":"5aXYfm/U9P/oyO2L9wHFRX"},"_contentSize":{"__type__":"cc.Size","width":296,"height":83},"_trs":{"__type__":"TypedArray","ctor":"Float64Array","array":[214.163,72.854,0,0,0,0,1,1,1,1]}},{"__type__":"cc.Node","_name":"$fail_task_node","_parent":{"__id__":44},"_children":[{"__id__":49}],"_components":[{"__type__":"cc.Layout","node":{"__id__":48},"_layoutSize":{"__type__":"cc.Size","width":230,"height":41.58},"_resize":1,"_N$layoutType":2,"_N$spacingY":10}],"_prefab":{"__type__":"cc.PrefabInfo","root":{"__id__":1},"asset":{"__uuid__":"9aYP8eVExLZbf/ny7YDL4R"},"fileId":"29ovYoE6NFGrNaMUElOzkj"},"_contentSize":{"__type__":"cc.Size","width":230,"height":41.58},"_anchorPoint":{"__type__":"cc.Vec2","x":0.5,"y":1},"_trs":{"__type__":"TypedArray","ctor":"Float64Array","array":[0,-51.71000000000001,0,0,0,0,1,1,1,1]}},{"__type__":"cc.Node","_name":"task_item","_parent":{"__id__":48},"_children":[{"__id__":50},{"__id__":52}],"_components":[{"__type__":"cc.Layout","node":{"__id__":49},"_layoutSize":{"__type__":"cc.Size","width":227,"height":41.58},"_resize":1,"_N$layoutType":1,"_N$spacingX":40}],"_prefab":{"__type__":"cc.PrefabInfo","root":{"__id__":1},"asset":{"__uuid__":"9aYP8eVExLZbf/ny7YDL4R"},"fileId":"7c/VZys6tLA5L4fn8eYOS/"},"_contentSize":{"__type__":"cc.Size","width":227,"height":41.58},"_anchorPoint":{"__type__":"cc.Vec2","x":0.54,"y":0.5},"_trs":{"__type__":"TypedArray","ctor":"Float64Array","array":[0,-20.79,0,0,0,0,1,1,1,1]}},{"__type__":"cc.Node","_name":"rect","_parent":{"__id__":49},"_children":[{"__id__":51}],"_components":[{"__type__":"cc.Sprite","node":{"__id__":50},"_materials":[{"__uuid__":"ecpdLyjvZBwrvm+cedCcQy"}],"_spriteFrame":{"__uuid__":"83vN9QcGBEGZRSb7Hi/YZl"}}],"_prefab":{"__type__":"cc.PrefabInfo","root":{"__id__":1},"asset":{"__uuid__":"9aYP8eVExLZbf/ny7YDL4R"},"fileId":"02Q0mCHBJP9pln/w1vg2nt"},"_contentSize":{"__type__":"cc.Size","width":32,"height":31},"_trs":{"__type__":"TypedArray","ctor":"Float64Array","array":[-106.58000000000001,0,0,0,0,0,1,1,1,1]}},{"__type__":"cc.Node","_name":"tick","_parent":{"__id__":50},"_components":[{"__type__":"cc.Sprite","node":{"__id__":51},"_materials":[{"__uuid__":"ecpdLyjvZBwrvm+cedCcQy"}],"_spriteFrame":{"__uuid__":"4deyZ+tY5KF78YHrJXIfBz"}}],"_prefab":{"__type__":"cc.PrefabInfo","root":{"__id__":1},"asset":{"__uuid__":"9aYP8eVExLZbf/ny7YDL4R"},"fileId":"5bB7+7M+5LSIQ8KokFcd1U"},"_contentSize":{"__type__":"cc.Size","width":37,"height":32},"_trs":{"__type__":"TypedArray","ctor":"Float64Array","array":[2,3,0,0,0,0,1,1,1,1]}},{"__type__":"cc.Node","_name":"task_lbl","_parent":{"__id__":49},"_components":[{"__type__":"cc.Label","node":{"__id__":52},"_materials":[{"__uuid__":"ecpdLyjvZBwrvm+cedCcQy"}],"_useOriginalSize":false,"_string":"一杆进两球","_N$string":"一杆进两球","_fontSize":31,"_lineHeight":33,"_styleFlags":1,"_N$verticalAlign":1}],"_prefab":{"__type__":"cc.PrefabInfo","root":{"__id__":1},"asset":{"__uuid__":"9aYP8eVExLZbf/ny7YDL4R"},"fileId":"924VWELJJMcrjSczUAENfV"},"_color":{"__type__":"cc.Color","r":66,"g":97,"b":122},"_contentSize":{"__type__":"cc.Size","width":155,"height":41.58},"_anchorPoint":{"__type__":"cc.Vec2","y":0.5},"_trs":{"__type__":"TypedArray","ctor":"Float64Array","array":[-50.58000000000001,0,0,0,0,0,1,1,1,1]}},{"__type__":"cc.Node","_name":"retry_btn","_parent":{"__id__":41},"_children":[{"__id__":54}],"_components":[{"__type__":"cc.Button","node":{"__id__":53},"_normalMaterial":{"__uuid__":"ecpdLyjvZBwrvm+cedCcQy"},"zoomScale":1.1,"clickEvents":[{"__type__":"cc.ClickEvent","target":{"__id__":1},"_componentId":"92b235Gx8dHyZcoB8uLhzPp","handler":"onRetryBtnClick"}],"_N$transition":3,"transition":3}],"_prefab":{"__type__":"cc.PrefabInfo","root":{"__id__":1},"asset":{"__uuid__":"9aYP8eVExLZbf/ny7YDL4R"},"fileId":"afnIzx+z5NdYNdegL3ihoH"},"_contentSize":{"__type__":"cc.Size","width":270,"height":90},"_trs":{"__type__":"TypedArray","ctor":"Float64Array","array":[0,-230,0,0,0,0,1,1,1,1]}},{"__type__":"cc.Node","_name":"text","_parent":{"__id__":53},"_components":[{"__type__":"cc.Sprite","node":{"__id__":54},"_materials":[{"__uuid__":"ecpdLyjvZBwrvm+cedCcQy"}],"_spriteFrame":{"__uuid__":"b7RzWTJiBO57EszbgNnpD4"}}],"_prefab":{"__type__":"cc.PrefabInfo","root":{"__id__":1},"asset":{"__uuid__":"9aYP8eVExLZbf/ny7YDL4R"},"fileId":"4fZL/q8lBO3KAqdak8uE7T"},"_contentSize":{"__type__":"cc.Size","width":291,"height":112},"_trs":{"__type__":"TypedArray","ctor":"Float64Array","array":[0,-9,0,0,0,0,1,1,1,1]}},{"__type__":"cc.Node","_name":"$fail_level_lbl","_parent":{"__id__":41},"_components":[{"__type__":"cc.Label","node":{"__id__":55},"_materials":[{"__uuid__":"ecpdLyjvZBwrvm+cedCcQy"}],"_useOriginalSize":false,"_string":"第10关","_N$string":"第10关","_fontSize":31,"_lineHeight":33,"_styleFlags":1,"_N$horizontalAlign":1,"_N$verticalAlign":1}],"_prefab":{"__type__":"cc.PrefabInfo","root":{"__id__":1},"asset":{"__uuid__":"9aYP8eVExLZbf/ny7YDL4R"},"fileId":"74GUFw5x5K76mSi2a67c85"},"_contentSize":{"__type__":"cc.Size","width":96.48,"height":41.58},"_trs":{"__type__":"TypedArray","ctor":"Float64Array","array":[0,78.77,0,0,0,0,1,1,1,1]}},{"__type__":"cc.Node","_name":"top","_parent":{"__id__":3},"_children":[{"__id__":57},{"__id__":58}],"_components":[{"__type__":"cc.Widget","node":{"__id__":56},"_alignFlags":8,"_left":-375,"_top":-1.0349999999999682},{"__type__":"e57e4IZMt1DRIedJi+eZop6","node":{"__id__":56}},{"__type__":"96549DGCmlIcZghb3AfRGQI","node":{"__id__":56}}],"_prefab":{"__type__":"cc.PrefabInfo","root":{"__id__":1},"asset":{"__uuid__":"9aYP8eVExLZbf/ny7YDL4R"},"fileId":"52KqlmyXpCAooT4Xcx1ccD"},"_trs":{"__type__":"TypedArray","ctor":"Float64Array","array":[-375,668.035,0,0,0,0,1,1,1,1]}},{"__type__":"cc.Node","_name":"money_bar","_parent":{"__id__":56},"_components":[{"__type__":"ade161OMgVMKpmjDqerbeZb","node":{"__id__":57},"_prefab":{"__uuid__":"1b5n6PJYNCKYVt604lwFVW"}}],"_prefab":{"__type__":"cc.PrefabInfo","root":{"__id__":1},"asset":{"__uuid__":"9aYP8eVExLZbf/ny7YDL4R"},"fileId":"4fUb9OVXNAUoB8R1Bh3cq5"},"_trs":{"__type__":"TypedArray","ctor":"Float64Array","array":[0,-80,0,0,0,0,1,1,1,1]}},{"__type__":"cc.Node","_name":"$home_btn","_parent":{"__id__":56},"_children":[{"__id__":59},{"__id__":60}],"_components":[{"__type__":"cc.Button","node":{"__id__":58},"_normalMaterial":{"__uuid__":"ecpdLyjvZBwrvm+cedCcQy"},"zoomScale":1.1,"clickEvents":[{"__type__":"cc.ClickEvent","target":{"__id__":1},"_componentId":"92b235Gx8dHyZcoB8uLhzPp","handler":"onBtnHomeClick"}],"_N$transition":3,"transition":3}],"_prefab":{"__type__":"cc.PrefabInfo","root":{"__id__":1},"asset":{"__uuid__":"9aYP8eVExLZbf/ny7YDL4R"},"fileId":"07RLMXNltCIYwjZhl3sQTQ"},"_contentSize":{"__type__":"cc.Size","width":100,"height":100},"_trs":{"__type__":"TypedArray","ctor":"Float64Array","array":[88.423,-280.496,0,0,0,0,1,1,1,0]}},{"__type__":"cc.Node","_name":"text","_parent":{"__id__":58},"_components":[{"__type__":"cc.Sprite","node":{"__id__":59},"_materials":[{"__uuid__":"ecpdLyjvZBwrvm+cedCcQy"}],"_spriteFrame":{"__uuid__":"892B7yUQpHPLSJb8hXSAQB"}}],"_prefab":{"__type__":"cc.PrefabInfo","root":{"__id__":1},"asset":{"__uuid__":"9aYP8eVExLZbf/ny7YDL4R"},"fileId":"06Pq/Tt7pK+pOtOENipZYG"},"_contentSize":{"__type__":"cc.Size","width":81,"height":74},"_trs":{"__type__":"TypedArray","ctor":"Float64Array","array":[0,0,0,0,0,0,1,1,1,1]}},{"__type__":"cc.Node","_name":"$home_badage","_parent":{"__id__":58},"_components":[{"__type__":"cc.Sprite","node":{"__id__":60},"_materials":[{"__uuid__":"ecpdLyjvZBwrvm+cedCcQy"}],"_spriteFrame":{"__uuid__":"32gF+A03RFPLZUsyd9nurD"},"_sizeMode":2}],"_prefab":{"__type__":"cc.PrefabInfo","root":{"__id__":1},"asset":{"__uuid__":"9aYP8eVExLZbf/ny7YDL4R"},"fileId":"a1gGuTqcBCDKrIvefMLfez"},"_contentSize":{"__type__":"cc.Size","width":43,"height":48},"_trs":{"__type__":"TypedArray","ctor":"Float64Array","array":[40.276,31.905,0,0,0,0,1,1,1,1]}},{"__type__":"cc.Node","_name":"$side_ads_btn","_parent":{"__id__":3},"_children":[{"__id__":62}],"_components":[{"__type__":"cc.Sprite","node":{"__id__":61},"_materials":[{"__uuid__":"ecpdLyjvZBwrvm+cedCcQy"}],"_spriteFrame":{"__uuid__":"62G1+1cGxAYZeSUq1jAXo/"}},{"__type__":"cc.Button","node":{"__id__":61},"_normalMaterial":{"__uuid__":"ecpdLyjvZBwrvm+cedCcQy"},"zoomScale":1.1,"clickEvents":[{"__type__":"cc.ClickEvent","target":{"__id__":1},"_componentId":"92b235Gx8dHyZcoB8uLhzPp","handler":"onBtnSideAdsClick"}],"_N$transition":3,"transition":3}],"_prefab":{"__type__":"cc.PrefabInfo","root":{"__id__":1},"asset":{"__uuid__":"9aYP8eVExLZbf/ny7YDL4R"},"fileId":"88TFeROuBF94SrwnLyrcoD"},"_contentSize":{"__type__":"cc.Size","width":180,"height":80},"_anchorPoint":{"__type__":"cc.Vec2","y":0.5},"_trs":{"__type__":"TypedArray","ctor":"Float64Array","array":[-390,14,0,0,0,0,1,1,1,0]}},{"__type__":"cc.Node","_name":"anim","_parent":{"__id__":61},"_children":[{"__id__":63}],"_components":[{"__type__":"cc.Sprite","node":{"__id__":62},"_materials":[{"__uuid__":"ecpdLyjvZBwrvm+cedCcQy"}],"_spriteFrame":{"__uuid__":"62G1+1cGxAYZeSUq1jAXo/"}},{"__type__":"d4448oMF25OlpwxNxYG/5DT","node":{"__id__":62}}],"_prefab":{"__type__":"cc.PrefabInfo","root":{"__id__":1},"asset":{"__uuid__":"9aYP8eVExLZbf/ny7YDL4R"},"fileId":"64o9tTPjdHJrESLeGjG7qL"},"_contentSize":{"__type__":"cc.Size","width":180,"height":80},"_trs":{"__type__":"TypedArray","ctor":"Float64Array","array":[90,0,0,0,0,0,1,1,1,1]}},{"__type__":"cc.Node","_name":"$side_ads_badage","_parent":{"__id__":62},"_components":[{"__type__":"cc.Sprite","node":{"__id__":63},"_materials":[{"__uuid__":"ecpdLyjvZBwrvm+cedCcQy"}],"_spriteFrame":{"__uuid__":"b67gf3BfZD7aFYHOqF+oe9"},"_sizeMode":2}],"_prefab":{"__type__":"cc.PrefabInfo","root":{"__id__":1},"asset":{"__uuid__":"9aYP8eVExLZbf/ny7YDL4R"},"fileId":"dd1+vWt39JjZVMh/mZ3FRQ"},"_contentSize":{"__type__":"cc.Size","width":43,"height":48},"_trs":{"__type__":"TypedArray","ctor":"Float64Array","array":[64.66,29.572,0,0,0,0,1,0.8,0.8,0.8]}},{"__type__":"cc.Node","_name":"$win_banner","_parent":{"__id__":3},"_active":false,"_components":[{"__type__":"ce3f9aG6A1If7y9kH3tgvq2","node":{"__id__":64}}],"_prefab":{"__type__":"cc.PrefabInfo","root":{"__id__":1},"asset":{"__uuid__":"9aYP8eVExLZbf/ny7YDL4R"},"fileId":"baUm+0hiNJnZraTn4AM4oF"},"_trs":{"__type__":"TypedArray","ctor":"Float64Array","array":[0,-331.24199999999996,0,0,0,0,1,1,1,1]}},{"__type__":"cc.Node","_name":"$fail_banner","_parent":{"__id__":3},"_active":false,"_components":[{"__type__":"ce3f9aG6A1If7y9kH3tgvq2","node":{"__id__":65}}],"_prefab":{"__type__":"cc.PrefabInfo","root":{"__id__":1},"asset":{"__uuid__":"9aYP8eVExLZbf/ny7YDL4R"},"fileId":"f7TPo5OW5DULPZovzAHNMF"},"_trs":{"__type__":"TypedArray","ctor":"Float64Array","array":[0,-154.24199999999996,0,0,0,0,1,1,1,1]}}],{"__type__":"cc.SpriteFrame","content":{"name":"再来一次","texture":"162e2afc5","rect":[3,148,139,112],"offset":[0,0],"originalSize":[139,112],"rotated":1,"capInsets":[0,0,0,0]}},{"__type__":"cc.SpriteFrame","content":{"name":"胜利金币","texture":"1e97745c7","rect":[884,759,130,130],"offset":[0,0],"originalSize":[130,130],"capInsets":[0,0,0,0]}},{"__type__":"cc.SpriteFrame","content":{"name":"胜利打勾1","texture":"1fecc0cbf","rect":[989,933,37,32],"offset":[0,0],"originalSize":[37,32],"rotated":1,"capInsets":[0,0,0,0]}},{"__type__":"cc.SpriteFrame","content":{"name":"分享录屏","texture":"1e97745c7","rect":[469,706,291,112],"offset":[0,0],"originalSize":[291,112],"rotated":1,"capInsets":[0,0,0,0]}},{"__type__":"cc.SpriteFrame","content":{"name":"再来一次","texture":"1e97745c7","rect":[587,759,291,112],"offset":[0,0],"originalSize":[291,112],"capInsets":[0,0,0,0]}},{"__type__":"cc.SpriteFrame","content":{"name":"宝箱","texture":"1fecc0cbf","rect":[671,498,71,59],"offset":[0,0],"originalSize":[71,59],"capInsets":[0,0,0,0]}},{"__type__":"cc.SpriteFrame","content":{"name":"视频","texture":"1fecc0cbf","rect":[671,563,57,43],"offset":[0,0],"originalSize":[57,43],"rotated":1,"capInsets":[0,0,0,0]}}]