{"__type__":"dragonBones.DragonBonesAsset","_name":"huizhang_Project_ske","_dragonBonesJson":"{\"frameRate\":30,\"isGlobal\":0,\"name\":\"huizhang_Project\",\"version\":\"4.5\",\"armature\":[{\"aabb\":{\"width\":291.15,\"y\":-134,\"height\":268,\"x\":-145.575},\"skin\":[{\"name\":\"\",\"slot\":[{\"display\":[{\"transform\":{},\"path\":\"huizhang4\",\"type\":\"armature\",\"name\":\"huizhang4\",\"filterType\":\"armature\"}],\"name\":\"huizhang4\"},{\"display\":[{\"transform\":{},\"path\":\"huizhang7\",\"type\":\"armature\",\"name\":\"huizhang7\",\"filterType\":\"armature\"}],\"name\":\"huizhang7\"},{\"display\":[{\"transform\":{},\"path\":\"huizhang6\",\"type\":\"armature\",\"name\":\"huizhang6\",\"filterType\":\"armature\"}],\"name\":\"huizhang6\"},{\"display\":[{\"transform\":{},\"path\":\"huizhang5\",\"type\":\"armature\",\"name\":\"huizhang5\",\"filterType\":\"armature\"}],\"name\":\"huizhang5\"},{\"display\":[{\"transform\":{},\"path\":\"huizhang1\",\"type\":\"armature\",\"name\":\"huizhang1\",\"filterType\":\"armature\"}],\"name\":\"huizhang1\"},{\"display\":[{\"transform\":{},\"path\":\"huizhang3\",\"type\":\"armature\",\"name\":\"huizhang3\",\"filterType\":\"armature\"}],\"name\":\"huizhang3\"},{\"display\":[{\"transform\":{},\"path\":\"huizhang2\",\"type\":\"armature\",\"name\":\"huizhang2\",\"filterType\":\"armature\"}],\"name\":\"huizhang2\"}]}],\"animation\":[{\"frame\":[],\"duration\":45,\"bone\":[{\"frame\":[{\"tweenEasing\":0,\"duration\":45,\"transform\":{}},{\"duration\":0,\"transform\":{}}],\"name\":\"root\"}],\"ik\":[],\"slot\":[{\"frame\":[{\"tweenEasing\":null,\"duration\":45}],\"name\":\"huizhang1\"},{\"frame\":[{\"tweenEasing\":null,\"displayIndex\":-1,\"duration\":45}],\"name\":\"huizhang2\"},{\"frame\":[{\"tweenEasing\":null,\"displayIndex\":-1,\"duration\":45}],\"name\":\"huizhang3\"},{\"frame\":[{\"tweenEasing\":null,\"displayIndex\":-1,\"duration\":45}],\"name\":\"huizhang4\"},{\"frame\":[{\"tweenEasing\":null,\"displayIndex\":-1,\"duration\":45}],\"name\":\"huizhang5\"},{\"frame\":[{\"tweenEasing\":null,\"displayIndex\":-1,\"duration\":45}],\"name\":\"huizhang6\"},{\"frame\":[{\"tweenEasing\":null,\"displayIndex\":-1,\"duration\":45}],\"name\":\"huizhang7\"}],\"ffd\":[],\"name\":\"hz1\",\"playTimes\":0},{\"frame\":[],\"duration\":45,\"bone\":[{\"frame\":[{\"tweenEasing\":0,\"duration\":45,\"transform\":{}},{\"duration\":0,\"transform\":{}}],\"name\":\"root\"}],\"ik\":[],\"slot\":[{\"frame\":[{\"tweenEasing\":null,\"displayIndex\":-1,\"duration\":45}],\"name\":\"huizhang1\"},{\"frame\":[{\"tweenEasing\":null,\"duration\":45}],\"name\":\"huizhang2\"},{\"frame\":[{\"tweenEasing\":null,\"displayIndex\":-1,\"duration\":45}],\"name\":\"huizhang3\"},{\"frame\":[{\"tweenEasing\":null,\"displayIndex\":-1,\"duration\":45}],\"name\":\"huizhang4\"},{\"frame\":[{\"tweenEasing\":null,\"displayIndex\":-1,\"duration\":45}],\"name\":\"huizhang5\"},{\"frame\":[{\"tweenEasing\":null,\"displayIndex\":-1,\"duration\":45}],\"name\":\"huizhang6\"},{\"frame\":[{\"tweenEasing\":null,\"displayIndex\":-1,\"duration\":45}],\"name\":\"huizhang7\"}],\"ffd\":[],\"name\":\"hz2\",\"playTimes\":0},{\"frame\":[],\"duration\":45,\"bone\":[{\"frame\":[{\"tweenEasing\":0,\"duration\":45,\"transform\":{}},{\"duration\":0,\"transform\":{}}],\"name\":\"root\"}],\"ik\":[],\"slot\":[{\"frame\":[{\"tweenEasing\":null,\"displayIndex\":-1,\"duration\":45}],\"name\":\"huizhang1\"},{\"frame\":[{\"tweenEasing\":null,\"displayIndex\":-1,\"duration\":45}],\"name\":\"huizhang2\"},{\"frame\":[{\"tweenEasing\":null,\"duration\":45}],\"name\":\"huizhang3\"},{\"frame\":[{\"tweenEasing\":null,\"displayIndex\":-1,\"duration\":45}],\"name\":\"huizhang4\"},{\"frame\":[{\"tweenEasing\":null,\"displayIndex\":-1,\"duration\":45}],\"name\":\"huizhang5\"},{\"frame\":[{\"tweenEasing\":null,\"displayIndex\":-1,\"duration\":45}],\"name\":\"huizhang6\"},{\"frame\":[{\"tweenEasing\":null,\"displayIndex\":-1,\"duration\":45}],\"name\":\"huizhang7\"}],\"ffd\":[],\"name\":\"hz3\",\"playTimes\":0},{\"frame\":[],\"duration\":45,\"bone\":[{\"frame\":[{\"tweenEasing\":0,\"duration\":45,\"transform\":{}},{\"duration\":0,\"transform\":{}}],\"name\":\"root\"}],\"ik\":[],\"slot\":[{\"frame\":[{\"tweenEasing\":null,\"displayIndex\":-1,\"duration\":45}],\"name\":\"huizhang1\"},{\"frame\":[{\"tweenEasing\":null,\"displayIndex\":-1,\"duration\":45}],\"name\":\"huizhang2\"},{\"frame\":[{\"tweenEasing\":null,\"displayIndex\":-1,\"duration\":45}],\"name\":\"huizhang3\"},{\"frame\":[{\"tweenEasing\":null,\"duration\":45}],\"name\":\"huizhang4\"},{\"frame\":[{\"tweenEasing\":null,\"displayIndex\":-1,\"duration\":45}],\"name\":\"huizhang5\"},{\"frame\":[{\"tweenEasing\":null,\"displayIndex\":-1,\"duration\":45}],\"name\":\"huizhang6\"},{\"frame\":[{\"tweenEasing\":null,\"displayIndex\":-1,\"duration\":45}],\"name\":\"huizhang7\"}],\"ffd\":[],\"name\":\"hz4\",\"playTimes\":0},{\"frame\":[],\"duration\":45,\"bone\":[{\"frame\":[{\"tweenEasing\":0,\"duration\":45,\"transform\":{}},{\"duration\":0,\"transform\":{}}],\"name\":\"root\"}],\"ik\":[],\"slot\":[{\"frame\":[{\"tweenEasing\":null,\"displayIndex\":-1,\"duration\":45}],\"name\":\"huizhang1\"},{\"frame\":[{\"tweenEasing\":null,\"displayIndex\":-1,\"duration\":45}],\"name\":\"huizhang2\"},{\"frame\":[{\"tweenEasing\":null,\"displayIndex\":-1,\"duration\":45}],\"name\":\"huizhang3\"},{\"frame\":[{\"tweenEasing\":null,\"displayIndex\":-1,\"duration\":45}],\"name\":\"huizhang4\"},{\"frame\":[{\"tweenEasing\":null,\"duration\":45}],\"name\":\"huizhang5\"},{\"frame\":[{\"tweenEasing\":null,\"displayIndex\":-1,\"duration\":45}],\"name\":\"huizhang6\"},{\"frame\":[{\"tweenEasing\":null,\"displayIndex\":-1,\"duration\":45}],\"name\":\"huizhang7\"}],\"ffd\":[],\"name\":\"hz5\",\"playTimes\":0},{\"frame\":[],\"duration\":45,\"bone\":[{\"frame\":[{\"tweenEasing\":0,\"duration\":45,\"transform\":{}},{\"duration\":0,\"transform\":{}}],\"name\":\"root\"}],\"ik\":[],\"slot\":[{\"frame\":[{\"tweenEasing\":null,\"displayIndex\":-1,\"duration\":45}],\"name\":\"huizhang1\"},{\"frame\":[{\"tweenEasing\":null,\"displayIndex\":-1,\"duration\":45}],\"name\":\"huizhang2\"},{\"frame\":[{\"tweenEasing\":null,\"displayIndex\":-1,\"duration\":45}],\"name\":\"huizhang3\"},{\"frame\":[{\"tweenEasing\":null,\"displayIndex\":-1,\"duration\":45}],\"name\":\"huizhang4\"},{\"frame\":[{\"tweenEasing\":null,\"displayIndex\":-1,\"duration\":45}],\"name\":\"huizhang5\"},{\"frame\":[{\"tweenEasing\":null,\"duration\":45}],\"name\":\"huizhang6\"},{\"frame\":[{\"tweenEasing\":null,\"displayIndex\":-1,\"duration\":45}],\"name\":\"huizhang7\"}],\"ffd\":[],\"name\":\"hz6\",\"playTimes\":0},{\"frame\":[],\"duration\":45,\"bone\":[{\"frame\":[{\"tweenEasing\":0,\"duration\":45,\"transform\":{}},{\"duration\":0,\"transform\":{}}],\"name\":\"root\"}],\"ik\":[],\"slot\":[{\"frame\":[{\"tweenEasing\":null,\"displayIndex\":-1,\"duration\":45}],\"name\":\"huizhang1\"},{\"frame\":[{\"tweenEasing\":null,\"displayIndex\":-1,\"duration\":45}],\"name\":\"huizhang2\"},{\"frame\":[{\"tweenEasing\":null,\"displayIndex\":-1,\"duration\":45}],\"name\":\"huizhang3\"},{\"frame\":[{\"tweenEasing\":null,\"displayIndex\":-1,\"duration\":45}],\"name\":\"huizhang4\"},{\"frame\":[{\"tweenEasing\":null,\"displayIndex\":-1,\"duration\":45}],\"name\":\"huizhang5\"},{\"frame\":[{\"tweenEasing\":null,\"displayIndex\":-1,\"duration\":45}],\"name\":\"huizhang6\"},{\"frame\":[{\"tweenEasing\":null,\"duration\":45}],\"name\":\"huizhang7\"}],\"ffd\":[],\"name\":\"hz7\",\"playTimes\":0}],\"type\":\"Armature\",\"frameRate\":30,\"ik\":[],\"defaultActions\":[{\"gotoAndPlay\":\"hz1\"}],\"slot\":[{\"name\":\"huizhang1\",\"parent\":\"root\",\"color\":{}},{\"z\":1,\"name\":\"huizhang2\",\"parent\":\"root\",\"color\":{}},{\"z\":2,\"name\":\"huizhang3\",\"parent\":\"root\",\"color\":{}},{\"z\":3,\"name\":\"huizhang4\",\"parent\":\"root\",\"color\":{}},{\"z\":4,\"name\":\"huizhang5\",\"parent\":\"root\",\"color\":{}},{\"z\":5,\"name\":\"huizhang6\",\"parent\":\"root\",\"color\":{}},{\"z\":6,\"name\":\"huizhang7\",\"parent\":\"root\",\"color\":{}}],\"name\":\"Armature\",\"bone\":[{\"name\":\"root\",\"transform\":{}}]},{\"aabb\":{\"width\":259,\"y\":-250.99222396717124,\"height\":221.64252396717126,\"x\":-129.5},\"skin\":[{\"name\":\"\",\"slot\":[{\"display\":[{\"path\":\"十字光\",\"type\":\"image\",\"name\":\"十字光\",\"transform\":{\"y\":0.7657,\"skX\":1.0551,\"skY\":1.0551,\"x\":-0.5814}}],\"blendMode\":\"add\",\"name\":\"十字光\"},{\"display\":[{\"path\":\"01saoguang1\",\"type\":\"image\",\"name\":\"01saoguang1\",\"transform\":{\"y\":-0.0051}},{\"path\":\"01saoguang8\",\"type\":\"image\",\"name\":\"01saoguang8\",\"transform\":{}},{\"path\":\"01saoguang7\",\"type\":\"image\",\"name\":\"01saoguang7\",\"transform\":{}},{\"path\":\"01saoguang6\",\"type\":\"image\",\"name\":\"01saoguang6\",\"transform\":{}},{\"path\":\"01saoguang5\",\"type\":\"image\",\"name\":\"01saoguang5\",\"transform\":{}},{\"path\":\"01saoguang4\",\"type\":\"image\",\"name\":\"01saoguang4\",\"transform\":{}},{\"path\":\"01saoguang3\",\"type\":\"image\",\"name\":\"01saoguang3\",\"transform\":{}},{\"path\":\"01saoguang2\",\"type\":\"image\",\"name\":\"01saoguang2\",\"transform\":{}}],\"name\":\"01saoguang1\"},{\"display\":[{\"path\":\"徽章1\",\"type\":\"image\",\"name\":\"徽章1\",\"transform\":{}}],\"name\":\"徽章1\"},{\"display\":[{\"path\":\"徽章1影\",\"type\":\"image\",\"name\":\"徽章1影\",\"transform\":{}}],\"name\":\"徽章1影\"},{\"display\":[{\"path\":\"十字光\",\"type\":\"image\",\"name\":\"十字光\",\"transform\":{\"y\":0.7657,\"skX\":1.0551,\"skY\":1.0551,\"x\":-0.5814}}],\"blendMode\":\"add\",\"name\":\"十字光1\"}]}],\"animation\":[{\"frame\":[],\"duration\":45,\"bone\":[{\"frame\":[{\"duration\":45,\"transform\":{}}],\"name\":\"root\"},{\"frame\":[{\"tweenEasing\":0,\"duration\":22,\"transform\":{}},{\"tweenEasing\":0,\"duration\":23,\"transform\":{\"scY\":1.05,\"scX\":1.05}},{\"duration\":0,\"transform\":{}}],\"name\":\"徽章1\"},{\"frame\":[{\"tweenEasing\":0,\"duration\":45,\"transform\":{}},{\"duration\":0,\"transform\":{}}],\"name\":\"徽章11\"},{\"frame\":[{\"duration\":45,\"transform\":{}}],\"name\":\"01saoguang1\"},{\"frame\":[{\"tweenEasing\":0,\"duration\":22,\"transform\":{}},{\"tweenEasing\":0,\"duration\":23,\"transform\":{\"y\":5.8501}},{\"duration\":0,\"transform\":{}}],\"name\":\"徽章1影\"},{\"frame\":[{\"tweenEasing\":0,\"duration\":18,\"transform\":{}},{\"tweenEasing\":0,\"duration\":12,\"transform\":{}},{\"duration\":15,\"transform\":{\"skX\":167.7315,\"skY\":167.7315}}],\"name\":\"十字光\"},{\"frame\":[{\"tweenEasing\":0,\"duration\":10,\"transform\":{}},{\"tweenEasing\":0,\"duration\":12,\"transform\":{}},{\"duration\":23,\"transform\":{\"skX\":167.7315,\"skY\":167.7315}}],\"name\":\"十字光1\"}],\"ik\":[],\"slot\":[{\"frame\":[{\"tweenEasing\":0,\"duration\":22},{\"tweenEasing\":0,\"duration\":23,\"color\":{\"aM\":48}},{\"tweenEasing\":null,\"duration\":0}],\"name\":\"徽章1影\"},{\"frame\":[{\"tweenEasing\":null,\"duration\":45}],\"name\":\"徽章1\"},{\"frame\":[{\"tweenEasing\":0,\"displayIndex\":-1,\"duration\":4},{\"tweenEasing\":null,\"displayIndex\":-1,\"duration\":3},{\"tweenEasing\":0,\"duration\":2},{\"tweenEasing\":0,\"displayIndex\":7,\"duration\":2},{\"tweenEasing\":0,\"displayIndex\":6,\"duration\":2},{\"tweenEasing\":0,\"displayIndex\":5,\"duration\":3},{\"tweenEasing\":0,\"displayIndex\":4,\"duration\":2},{\"tweenEasing\":0,\"displayIndex\":3,\"duration\":2},{\"tweenEasing\":0,\"displayIndex\":2,\"duration\":2},{\"tweenEasing\":0,\"displayIndex\":1,\"duration\":2},{\"tweenEasing\":0,\"displayIndex\":-1,\"duration\":21}],\"name\":\"01saoguang1\"},{\"frame\":[{\"tweenEasing\":0,\"displayIndex\":-1,\"duration\":18},{\"tweenEasing\":0,\"duration\":4,\"color\":{\"aM\":0}},{\"tweenEasing\":0,\"duration\":8,\"color\":{\"aM\":56}},{\"tweenEasing\":null,\"duration\":15,\"color\":{\"aM\":0}}],\"name\":\"十字光\"},{\"frame\":[{\"tweenEasing\":0,\"displayIndex\":-1,\"duration\":10},{\"tweenEasing\":0,\"duration\":5,\"color\":{\"aM\":0}},{\"tweenEasing\":0,\"duration\":7,\"color\":{\"aM\":56}},{\"tweenEasing\":null,\"duration\":23,\"color\":{\"aM\":0}}],\"name\":\"十字光1\"}],\"ffd\":[],\"name\":\"newAnimation\",\"playTimes\":0}],\"type\":\"Armature\",\"frameRate\":30,\"ik\":[],\"defaultActions\":[{\"gotoAndPlay\":\"newAnimation\"}],\"slot\":[{\"name\":\"徽章1影\",\"parent\":\"徽章1影\",\"color\":{}},{\"z\":1,\"name\":\"徽章1\",\"parent\":\"徽章11\",\"color\":{}},{\"displayIndex\":4,\"z\":2,\"name\":\"01saoguang1\",\"parent\":\"01saoguang1\",\"color\":{}},{\"blendMode\":\"add\",\"z\":3,\"parent\":\"十字光\",\"name\":\"十字光\",\"color\":{\"aM\":40}},{\"blendMode\":\"add\",\"z\":4,\"parent\":\"十字光1\",\"name\":\"十字光1\",\"color\":{\"aM\":40}}],\"name\":\"huizhang1\",\"bone\":[{\"name\":\"root\",\"transform\":{}},{\"length\":55,\"transform\":{\"y\":-96.6723},\"parent\":\"root\",\"name\":\"徽章1\"},{\"length\":43,\"transform\":{\"y\":-125.3497},\"parent\":\"root\",\"name\":\"徽章1影\"},{\"length\":49,\"transform\":{\"y\":-39.0062},\"parent\":\"徽章1\",\"name\":\"01saoguang1\"},{\"length\":55,\"transform\":{\"y\":-35.7836},\"parent\":\"徽章1\",\"name\":\"徽章11\"},{\"length\":27,\"transform\":{\"y\":-105.0962,\"skX\":-1.0551,\"skY\":-1.0551,\"x\":39.7357},\"parent\":\"徽章1\",\"name\":\"十字光\"},{\"length\":27,\"transform\":{\"scY\":0.4,\"y\":3.773,\"skX\":-1.0551,\"skY\":-1.0551,\"scX\":0.4,\"x\":70.8775},\"parent\":\"徽章1\",\"name\":\"十字光1\"}]},{\"aabb\":{\"width\":259,\"y\":-250.99222396717124,\"height\":221.64252396717126,\"x\":-129.5},\"skin\":[{\"name\":\"\",\"slot\":[{\"display\":[{\"path\":\"十字光\",\"type\":\"image\",\"name\":\"十字光\",\"transform\":{\"y\":0.7657,\"skX\":1.0551,\"skY\":1.0551,\"x\":-0.5814}}],\"blendMode\":\"add\",\"name\":\"十字光1\"},{\"display\":[{\"path\":\"十字光\",\"type\":\"image\",\"name\":\"十字光\",\"transform\":{\"y\":0.7657,\"skX\":1.0551,\"skY\":1.0551,\"x\":-0.5814}}],\"blendMode\":\"add\",\"name\":\"十字光\"},{\"display\":[{\"path\":\"02saoguang1\",\"type\":\"image\",\"name\":\"02saoguang1\",\"transform\":{}},{\"path\":\"02saoguang8\",\"type\":\"image\",\"name\":\"02saoguang8\",\"transform\":{}},{\"path\":\"02saoguang7\",\"type\":\"image\",\"name\":\"02saoguang7\",\"transform\":{}},{\"path\":\"02saoguang6\",\"type\":\"image\",\"name\":\"02saoguang6\",\"transform\":{}},{\"path\":\"02saoguang5\",\"type\":\"image\",\"name\":\"02saoguang5\",\"transform\":{}},{\"path\":\"02saoguang4\",\"type\":\"image\",\"name\":\"02saoguang4\",\"transform\":{}},{\"path\":\"02saoguang3\",\"type\":\"image\",\"name\":\"02saoguang3\",\"transform\":{}},{\"path\":\"02saoguang2\",\"type\":\"image\",\"name\":\"02saoguang2\",\"transform\":{}}],\"blendMode\":\"add\",\"name\":\"02saoguang1\"},{\"display\":[{\"path\":\"徽章2影\",\"type\":\"image\",\"name\":\"徽章1影\",\"transform\":{}}],\"name\":\"徽章1影\"},{\"display\":[{\"path\":\"徽章2\",\"type\":\"image\",\"name\":\"徽章1\",\"transform\":{}}],\"name\":\"徽章1\"}]}],\"animation\":[{\"frame\":[],\"duration\":45,\"bone\":[{\"frame\":[{\"duration\":45,\"transform\":{}}],\"name\":\"root\"},{\"frame\":[{\"tweenEasing\":0,\"duration\":22,\"transform\":{}},{\"tweenEasing\":0,\"duration\":23,\"transform\":{\"scY\":1.05,\"scX\":1.05}},{\"duration\":0,\"transform\":{}}],\"name\":\"徽章1\"},{\"frame\":[{\"tweenEasing\":0,\"duration\":45,\"transform\":{}},{\"duration\":0,\"transform\":{}}],\"name\":\"徽章11\"},{\"frame\":[{\"duration\":45,\"transform\":{}}],\"name\":\"01saoguang1\"},{\"frame\":[{\"tweenEasing\":0,\"duration\":22,\"transform\":{}},{\"tweenEasing\":0,\"duration\":23,\"transform\":{\"y\":5.8501}},{\"duration\":0,\"transform\":{}}],\"name\":\"徽章1影\"},{\"frame\":[{\"tweenEasing\":0,\"duration\":18,\"transform\":{}},{\"tweenEasing\":0,\"duration\":12,\"transform\":{}},{\"duration\":15,\"transform\":{\"skX\":167.7315,\"skY\":167.7315}}],\"name\":\"十字光\"},{\"frame\":[{\"tweenEasing\":0,\"duration\":10,\"transform\":{}},{\"tweenEasing\":0,\"duration\":12,\"transform\":{}},{\"duration\":23,\"transform\":{\"skX\":167.7315,\"skY\":167.7315}}],\"name\":\"十字光1\"}],\"ik\":[],\"slot\":[{\"frame\":[{\"tweenEasing\":0,\"duration\":22},{\"tweenEasing\":0,\"duration\":23,\"color\":{\"aM\":48}},{\"tweenEasing\":null,\"duration\":0}],\"name\":\"徽章1影\"},{\"frame\":[{\"tweenEasing\":null,\"duration\":45}],\"name\":\"徽章1\"},{\"frame\":[{\"tweenEasing\":0,\"displayIndex\":-1,\"duration\":18},{\"tweenEasing\":0,\"duration\":4,\"color\":{\"aM\":0}},{\"tweenEasing\":0,\"duration\":8,\"color\":{\"aM\":56}},{\"tweenEasing\":null,\"duration\":15,\"color\":{\"aM\":0}}],\"name\":\"十字光\"},{\"frame\":[{\"tweenEasing\":0,\"displayIndex\":-1,\"duration\":10},{\"tweenEasing\":0,\"duration\":5,\"color\":{\"aM\":0}},{\"tweenEasing\":0,\"duration\":7,\"color\":{\"aM\":56}},{\"tweenEasing\":null,\"duration\":23,\"color\":{\"aM\":0}}],\"name\":\"十字光1\"},{\"frame\":[{\"tweenEasing\":0,\"displayIndex\":-1,\"duration\":8},{\"tweenEasing\":null,\"duration\":2,\"color\":{\"aM\":60}},{\"tweenEasing\":0,\"displayIndex\":7,\"duration\":2,\"color\":{\"aM\":60}},{\"tweenEasing\":0,\"displayIndex\":6,\"duration\":2,\"color\":{\"aM\":60}},{\"tweenEasing\":0,\"displayIndex\":5,\"duration\":2,\"color\":{\"aM\":60}},{\"tweenEasing\":0,\"displayIndex\":4,\"duration\":2,\"color\":{\"aM\":60}},{\"tweenEasing\":0,\"displayIndex\":3,\"duration\":2,\"color\":{\"aM\":60}},{\"tweenEasing\":0,\"displayIndex\":2,\"duration\":2,\"color\":{\"aM\":60}},{\"tweenEasing\":0,\"displayIndex\":1,\"duration\":2,\"color\":{\"aM\":60}},{\"tweenEasing\":0,\"displayIndex\":-1,\"duration\":21,\"color\":{\"aM\":60}}],\"name\":\"02saoguang1\"}],\"ffd\":[],\"name\":\"newAnimation\",\"playTimes\":0}],\"type\":\"Armature\",\"frameRate\":30,\"ik\":[],\"defaultActions\":[{\"gotoAndPlay\":\"newAnimation\"}],\"slot\":[{\"name\":\"徽章1影\",\"parent\":\"徽章1影\",\"color\":{}},{\"z\":1,\"name\":\"徽章1\",\"parent\":\"徽章11\",\"color\":{}},{\"blendMode\":\"add\",\"z\":2,\"parent\":\"十字光\",\"name\":\"十字光\",\"color\":{\"aM\":40}},{\"blendMode\":\"add\",\"z\":3,\"parent\":\"十字光1\",\"name\":\"十字光1\",\"color\":{\"aM\":40}},{\"blendMode\":\"add\",\"z\":4,\"parent\":\"01saoguang1\",\"name\":\"02saoguang1\",\"color\":{}}],\"name\":\"huizhang2\",\"bone\":[{\"name\":\"root\",\"transform\":{}},{\"length\":55,\"transform\":{\"y\":-96.6723},\"parent\":\"root\",\"name\":\"徽章1\"},{\"length\":43,\"transform\":{\"y\":-125.3497},\"parent\":\"root\",\"name\":\"徽章1影\"},{\"length\":49,\"transform\":{\"y\":-37.4062,\"x\":-0.2},\"parent\":\"徽章1\",\"name\":\"01saoguang1\"},{\"length\":55,\"transform\":{\"y\":-35.7836},\"parent\":\"徽章1\",\"name\":\"徽章11\"},{\"length\":27,\"transform\":{\"y\":-105.0962,\"skX\":-1.0551,\"skY\":-1.0551,\"x\":39.7357},\"parent\":\"徽章1\",\"name\":\"十字光\"},{\"length\":27,\"transform\":{\"scY\":0.4,\"y\":3.773,\"skX\":-1.0551,\"skY\":-1.0551,\"scX\":0.4,\"x\":70.8775},\"parent\":\"徽章1\",\"name\":\"十字光1\"}]},{\"aabb\":{\"width\":259,\"y\":-250.99222396717124,\"height\":221.64252396717126,\"x\":-129.5},\"skin\":[{\"name\":\"\",\"slot\":[{\"display\":[{\"path\":\"徽章2影\",\"type\":\"image\",\"name\":\"徽章1影\",\"transform\":{}}],\"name\":\"徽章1影\"},{\"display\":[{\"path\":\"徽章3\",\"type\":\"image\",\"name\":\"徽章1\",\"transform\":{}}],\"name\":\"徽章1\"},{\"display\":[{\"path\":\"十字光\",\"type\":\"image\",\"name\":\"十字光\",\"transform\":{\"y\":0.7657,\"skX\":1.0551,\"skY\":1.0551,\"x\":-0.5814}}],\"blendMode\":\"add\",\"name\":\"十字光\"},{\"display\":[{\"path\":\"十字光\",\"type\":\"image\",\"name\":\"十字光\",\"transform\":{\"y\":0.7657,\"skX\":1.0551,\"skY\":1.0551,\"x\":-0.5814}}],\"blendMode\":\"add\",\"name\":\"十字光1\"},{\"display\":[{\"path\":\"02saoguang1\",\"type\":\"image\",\"name\":\"02saoguang1\",\"transform\":{}},{\"path\":\"02saoguang8\",\"type\":\"image\",\"name\":\"02saoguang8\",\"transform\":{}},{\"path\":\"02saoguang7\",\"type\":\"image\",\"name\":\"02saoguang7\",\"transform\":{}},{\"path\":\"02saoguang6\",\"type\":\"image\",\"name\":\"02saoguang6\",\"transform\":{}},{\"path\":\"02saoguang5\",\"type\":\"image\",\"name\":\"02saoguang5\",\"transform\":{}},{\"path\":\"02saoguang4\",\"type\":\"image\",\"name\":\"02saoguang4\",\"transform\":{}},{\"path\":\"02saoguang3\",\"type\":\"image\",\"name\":\"02saoguang3\",\"transform\":{}},{\"path\":\"02saoguang2\",\"type\":\"image\",\"name\":\"02saoguang2\",\"transform\":{}}],\"blendMode\":\"add\",\"name\":\"02saoguang1\"}]}],\"animation\":[{\"frame\":[],\"duration\":45,\"bone\":[{\"frame\":[{\"duration\":45,\"transform\":{}}],\"name\":\"root\"},{\"frame\":[{\"tweenEasing\":0,\"duration\":22,\"transform\":{}},{\"tweenEasing\":0,\"duration\":23,\"transform\":{\"scY\":1.05,\"scX\":1.05}},{\"duration\":0,\"transform\":{}}],\"name\":\"徽章1\"},{\"frame\":[{\"tweenEasing\":0,\"duration\":45,\"transform\":{}},{\"duration\":0,\"transform\":{}}],\"name\":\"徽章11\"},{\"frame\":[{\"duration\":45,\"transform\":{}}],\"name\":\"01saoguang1\"},{\"frame\":[{\"tweenEasing\":0,\"duration\":22,\"transform\":{}},{\"tweenEasing\":0,\"duration\":23,\"transform\":{\"y\":5.8501}},{\"duration\":0,\"transform\":{}}],\"name\":\"徽章1影\"},{\"frame\":[{\"tweenEasing\":0,\"duration\":18,\"transform\":{}},{\"tweenEasing\":0,\"duration\":12,\"transform\":{}},{\"duration\":15,\"transform\":{\"skX\":167.7315,\"skY\":167.7315}}],\"name\":\"十字光\"},{\"frame\":[{\"tweenEasing\":0,\"duration\":10,\"transform\":{}},{\"tweenEasing\":0,\"duration\":12,\"transform\":{}},{\"duration\":23,\"transform\":{\"skX\":167.7315,\"skY\":167.7315}}],\"name\":\"十字光1\"}],\"ik\":[],\"slot\":[{\"frame\":[{\"tweenEasing\":0,\"duration\":22},{\"tweenEasing\":0,\"duration\":23,\"color\":{\"aM\":48}},{\"tweenEasing\":null,\"duration\":0}],\"name\":\"徽章1影\"},{\"frame\":[{\"tweenEasing\":null,\"duration\":45}],\"name\":\"徽章1\"},{\"frame\":[{\"tweenEasing\":0,\"displayIndex\":-1,\"duration\":18},{\"tweenEasing\":0,\"duration\":4,\"color\":{\"aM\":0}},{\"tweenEasing\":0,\"duration\":8,\"color\":{\"aM\":56}},{\"tweenEasing\":null,\"duration\":15,\"color\":{\"aM\":0}}],\"name\":\"十字光\"},{\"frame\":[{\"tweenEasing\":0,\"displayIndex\":-1,\"duration\":10},{\"tweenEasing\":0,\"duration\":5,\"color\":{\"aM\":0}},{\"tweenEasing\":0,\"duration\":7,\"color\":{\"aM\":56}},{\"tweenEasing\":null,\"duration\":23,\"color\":{\"aM\":0}}],\"name\":\"十字光1\"},{\"frame\":[{\"tweenEasing\":0,\"displayIndex\":-1,\"duration\":8},{\"tweenEasing\":null,\"duration\":2,\"color\":{\"aM\":60}},{\"tweenEasing\":0,\"displayIndex\":7,\"duration\":2,\"color\":{\"aM\":60}},{\"tweenEasing\":0,\"displayIndex\":6,\"duration\":2,\"color\":{\"aM\":60}},{\"tweenEasing\":0,\"displayIndex\":5,\"duration\":2,\"color\":{\"aM\":60}},{\"tweenEasing\":0,\"displayIndex\":4,\"duration\":2,\"color\":{\"aM\":60}},{\"tweenEasing\":0,\"displayIndex\":3,\"duration\":2,\"color\":{\"aM\":60}},{\"tweenEasing\":0,\"displayIndex\":2,\"duration\":2,\"color\":{\"aM\":60}},{\"tweenEasing\":0,\"displayIndex\":1,\"duration\":2,\"color\":{\"aM\":60}},{\"tweenEasing\":0,\"displayIndex\":-1,\"duration\":21,\"color\":{\"aM\":60}}],\"name\":\"02saoguang1\"}],\"ffd\":[],\"name\":\"newAnimation\",\"playTimes\":0}],\"type\":\"Armature\",\"frameRate\":30,\"ik\":[],\"defaultActions\":[{\"gotoAndPlay\":\"newAnimation\"}],\"slot\":[{\"name\":\"徽章1影\",\"parent\":\"徽章1影\",\"color\":{}},{\"z\":1,\"name\":\"徽章1\",\"parent\":\"徽章11\",\"color\":{}},{\"blendMode\":\"add\",\"z\":2,\"parent\":\"十字光\",\"name\":\"十字光\",\"color\":{\"aM\":40}},{\"blendMode\":\"add\",\"z\":3,\"parent\":\"十字光1\",\"name\":\"十字光1\",\"color\":{\"aM\":40}},{\"blendMode\":\"add\",\"z\":4,\"parent\":\"01saoguang1\",\"name\":\"02saoguang1\",\"color\":{\"gM\":93,\"rM\":99,\"bM\":32}}],\"name\":\"huizhang3\",\"bone\":[{\"name\":\"root\",\"transform\":{}},{\"length\":55,\"transform\":{\"y\":-96.6723},\"parent\":\"root\",\"name\":\"徽章1\"},{\"length\":43,\"transform\":{\"y\":-125.3497},\"parent\":\"root\",\"name\":\"徽章1影\"},{\"length\":49,\"transform\":{\"y\":-37.4062,\"x\":-0.2},\"parent\":\"徽章1\",\"name\":\"01saoguang1\"},{\"length\":55,\"transform\":{\"y\":-35.7836},\"parent\":\"徽章1\",\"name\":\"徽章11\"},{\"length\":27,\"transform\":{\"y\":-105.0962,\"skX\":-1.0551,\"skY\":-1.0551,\"x\":39.7357},\"parent\":\"徽章1\",\"name\":\"十字光\"},{\"length\":27,\"transform\":{\"scY\":0.4,\"y\":3.773,\"skX\":-1.0551,\"skY\":-1.0551,\"scX\":0.4,\"x\":70.8775},\"parent\":\"徽章1\",\"name\":\"十字光1\"}]},{\"aabb\":{\"width\":260,\"y\":-250.99222396717124,\"height\":221.64252396717126,\"x\":-130},\"skin\":[{\"name\":\"\",\"slot\":[{\"display\":[{\"path\":\"04saoguang1\",\"type\":\"image\",\"name\":\"04saoguang1\",\"transform\":{}},{\"path\":\"04saoguang8\",\"type\":\"image\",\"name\":\"04saoguang8\",\"transform\":{}},{\"path\":\"04saoguang7\",\"type\":\"image\",\"name\":\"04saoguang7\",\"transform\":{}},{\"path\":\"04saoguang6\",\"type\":\"image\",\"name\":\"04saoguang6\",\"transform\":{}},{\"path\":\"04saoguang5\",\"type\":\"image\",\"name\":\"04saoguang5\",\"transform\":{}},{\"path\":\"04saoguang4\",\"type\":\"image\",\"name\":\"04saoguang4\",\"transform\":{}},{\"path\":\"04saoguang3\",\"type\":\"image\",\"name\":\"04saoguang3\",\"transform\":{}},{\"path\":\"04saoguang2\",\"type\":\"image\",\"name\":\"04saoguang2\",\"transform\":{}}],\"blendMode\":\"add\",\"name\":\"04saoguang1\"},{\"display\":[{\"path\":\"十字光\",\"type\":\"image\",\"name\":\"十字光\",\"transform\":{\"y\":0.7657,\"skX\":1.0551,\"skY\":1.0551,\"x\":-0.5814}}],\"blendMode\":\"add\",\"name\":\"十字光1\"},{\"display\":[{\"path\":\"十字光\",\"type\":\"image\",\"name\":\"十字光\",\"transform\":{\"y\":0.7657,\"skX\":1.0551,\"skY\":1.0551,\"x\":-0.5814}}],\"blendMode\":\"add\",\"name\":\"十字光\"},{\"display\":[{\"path\":\"徽章4\",\"type\":\"image\",\"name\":\"徽章1\",\"transform\":{}}],\"name\":\"徽章1\"},{\"display\":[{\"path\":\"徽章4影\",\"type\":\"image\",\"name\":\"徽章1影\",\"transform\":{}}],\"name\":\"徽章1影\"}]}],\"animation\":[{\"frame\":[],\"duration\":45,\"bone\":[{\"frame\":[{\"duration\":45,\"transform\":{}}],\"name\":\"root\"},{\"frame\":[{\"tweenEasing\":0,\"duration\":22,\"transform\":{}},{\"tweenEasing\":0,\"duration\":23,\"transform\":{\"scY\":1.05,\"scX\":1.05}},{\"duration\":0,\"transform\":{}}],\"name\":\"徽章1\"},{\"frame\":[{\"tweenEasing\":0,\"duration\":45,\"transform\":{}},{\"duration\":0,\"transform\":{}}],\"name\":\"徽章11\"},{\"frame\":[{\"duration\":45,\"transform\":{}}],\"name\":\"01saoguang1\"},{\"frame\":[{\"tweenEasing\":0,\"duration\":22,\"transform\":{}},{\"tweenEasing\":0,\"duration\":23,\"transform\":{\"y\":5.8501}},{\"duration\":0,\"transform\":{}}],\"name\":\"徽章1影\"},{\"frame\":[{\"tweenEasing\":0,\"duration\":18,\"transform\":{}},{\"tweenEasing\":0,\"duration\":12,\"transform\":{}},{\"duration\":15,\"transform\":{\"skX\":167.7315,\"skY\":167.7315}}],\"name\":\"十字光\"},{\"frame\":[{\"tweenEasing\":0,\"duration\":10,\"transform\":{}},{\"tweenEasing\":0,\"duration\":12,\"transform\":{}},{\"duration\":23,\"transform\":{\"skX\":167.7315,\"skY\":167.7315}}],\"name\":\"十字光1\"}],\"ik\":[],\"slot\":[{\"frame\":[{\"tweenEasing\":0,\"duration\":22},{\"tweenEasing\":0,\"duration\":23,\"color\":{\"aM\":48}},{\"tweenEasing\":null,\"duration\":0}],\"name\":\"徽章1影\"},{\"frame\":[{\"tweenEasing\":null,\"duration\":45}],\"name\":\"徽章1\"},{\"frame\":[{\"tweenEasing\":0,\"displayIndex\":-1,\"duration\":18},{\"tweenEasing\":0,\"duration\":4,\"color\":{\"aM\":0}},{\"tweenEasing\":0,\"duration\":8,\"color\":{\"aM\":56}},{\"tweenEasing\":null,\"duration\":15,\"color\":{\"aM\":0}}],\"name\":\"十字光\"},{\"frame\":[{\"tweenEasing\":0,\"displayIndex\":-1,\"duration\":10},{\"tweenEasing\":0,\"duration\":5,\"color\":{\"aM\":0}},{\"tweenEasing\":0,\"duration\":7,\"color\":{\"aM\":56}},{\"tweenEasing\":null,\"duration\":23,\"color\":{\"aM\":0}}],\"name\":\"十字光1\"},{\"frame\":[{\"tweenEasing\":null,\"displayIndex\":-1,\"duration\":7},{\"tweenEasing\":null,\"duration\":2,\"color\":{\"aM\":60}},{\"tweenEasing\":0,\"displayIndex\":7,\"duration\":2,\"color\":{\"aM\":60}},{\"tweenEasing\":0,\"displayIndex\":6,\"duration\":2,\"color\":{\"aM\":60}},{\"tweenEasing\":0,\"displayIndex\":5,\"duration\":2,\"color\":{\"aM\":60}},{\"tweenEasing\":0,\"displayIndex\":4,\"duration\":2,\"color\":{\"aM\":60}},{\"tweenEasing\":0,\"displayIndex\":3,\"duration\":2,\"color\":{\"aM\":60}},{\"tweenEasing\":0,\"displayIndex\":2,\"duration\":2,\"color\":{\"aM\":60}},{\"tweenEasing\":0,\"displayIndex\":1,\"duration\":2,\"color\":{\"aM\":60}},{\"tweenEasing\":0,\"displayIndex\":-1,\"duration\":22,\"color\":{\"aM\":60}}],\"name\":\"04saoguang1\"}],\"ffd\":[],\"name\":\"newAnimation\",\"playTimes\":0}],\"type\":\"Armature\",\"frameRate\":30,\"ik\":[],\"defaultActions\":[{\"gotoAndPlay\":\"newAnimation\"}],\"slot\":[{\"name\":\"徽章1影\",\"parent\":\"徽章1影\",\"color\":{}},{\"z\":1,\"name\":\"徽章1\",\"parent\":\"徽章11\",\"color\":{}},{\"blendMode\":\"add\",\"z\":2,\"parent\":\"十字光\",\"name\":\"十字光\",\"color\":{\"aM\":40}},{\"blendMode\":\"add\",\"z\":3,\"parent\":\"十字光1\",\"name\":\"十字光1\",\"color\":{\"aM\":40}},{\"blendMode\":\"add\",\"z\":4,\"parent\":\"01saoguang1\",\"displayIndex\":4,\"name\":\"04saoguang1\",\"color\":{}}],\"name\":\"huizhang4\",\"bone\":[{\"name\":\"root\",\"transform\":{}},{\"length\":55,\"transform\":{\"y\":-96.6723},\"parent\":\"root\",\"name\":\"徽章1\"},{\"length\":43,\"transform\":{\"y\":-125.3497},\"parent\":\"root\",\"name\":\"徽章1影\"},{\"length\":49,\"transform\":{\"y\":-39.0062},\"parent\":\"徽章1\",\"name\":\"01saoguang1\"},{\"length\":55,\"transform\":{\"y\":-35.7836},\"parent\":\"徽章1\",\"name\":\"徽章11\"},{\"length\":27,\"transform\":{\"y\":-105.0962,\"skX\":-1.0551,\"skY\":-1.0551,\"x\":39.7357},\"parent\":\"徽章1\",\"name\":\"十字光\"},{\"length\":27,\"transform\":{\"scY\":0.4,\"y\":3.773,\"skX\":-1.0551,\"skY\":-1.0551,\"scX\":0.4,\"x\":70.8775},\"parent\":\"徽章1\",\"name\":\"十字光1\"}]},{\"aabb\":{\"width\":256.9652133773921,\"y\":-265.2533970585121,\"height\":236.90369705851214,\"x\":-136.3145941287504},\"skin\":[{\"name\":\"\",\"slot\":[{\"display\":[{\"path\":\"十字光\",\"type\":\"image\",\"name\":\"十字光\",\"transform\":{\"y\":0.7657,\"skX\":1.0551,\"skY\":1.0551,\"x\":-0.5814}}],\"blendMode\":\"add\",\"name\":\"十字光11\"},{\"display\":[{\"path\":\"十字光\",\"type\":\"image\",\"name\":\"十字光\",\"transform\":{\"y\":0.7657,\"skX\":1.0551,\"skY\":1.0551,\"x\":-0.5814}}],\"blendMode\":\"add\",\"name\":\"十字光1\"},{\"display\":[{\"path\":\"徽章5\",\"type\":\"image\",\"name\":\"徽章1\",\"transform\":{}}],\"name\":\"徽章1\"},{\"display\":[{\"path\":\"05saoguang1\",\"type\":\"image\",\"name\":\"05saoguang1\",\"transform\":{}},{\"path\":\"05saoguang9\",\"type\":\"image\",\"name\":\"05saoguang9\",\"transform\":{}},{\"path\":\"05saoguang8\",\"type\":\"image\",\"name\":\"05saoguang8\",\"transform\":{}},{\"path\":\"05saoguang7\",\"type\":\"image\",\"name\":\"05saoguang7\",\"transform\":{}},{\"path\":\"05saoguang6\",\"type\":\"image\",\"name\":\"05saoguang6\",\"transform\":{}},{\"path\":\"05saoguang5\",\"type\":\"image\",\"name\":\"05saoguang5\",\"transform\":{}},{\"path\":\"05saoguang4\",\"type\":\"image\",\"name\":\"05saoguang4\",\"transform\":{}},{\"path\":\"05saoguang3\",\"type\":\"image\",\"name\":\"05saoguang3\",\"transform\":{}},{\"path\":\"05saoguang2\",\"type\":\"image\",\"name\":\"05saoguang2\",\"transform\":{}},{\"path\":\"05saoguang11\",\"type\":\"image\",\"name\":\"05saoguang11\",\"transform\":{}},{\"path\":\"05saoguang10\",\"type\":\"image\",\"name\":\"05saoguang10\",\"transform\":{}}],\"blendMode\":\"add\",\"name\":\"05saoguang1\"},{\"display\":[{\"path\":\"徽章5影\",\"type\":\"image\",\"name\":\"徽章1影\",\"transform\":{}}],\"name\":\"徽章1影\"},{\"display\":[{\"path\":\"05qiuguang\",\"type\":\"image\",\"name\":\"05qiuguang\",\"transform\":{\"y\":-39.032,\"x\":1.41}}],\"blendMode\":\"add\",\"name\":\"05qiuguang\"},{\"display\":[{\"path\":\"十字光\",\"type\":\"image\",\"name\":\"十字光\",\"transform\":{\"y\":0.7657,\"skX\":1.0551,\"skY\":1.0551,\"x\":-0.5814}}],\"blendMode\":\"add\",\"name\":\"十字光2\"},{\"display\":[{\"path\":\"十字光\",\"type\":\"image\",\"name\":\"十字光\",\"transform\":{\"y\":0.7657,\"skX\":1.0551,\"skY\":1.0551,\"x\":-0.5814}}],\"blendMode\":\"add\",\"name\":\"十字光\"}]}],\"animation\":[{\"frame\":[],\"duration\":45,\"bone\":[{\"frame\":[{\"duration\":45,\"transform\":{}}],\"name\":\"root\"},{\"frame\":[{\"tweenEasing\":0,\"duration\":22,\"transform\":{}},{\"tweenEasing\":0,\"duration\":23,\"transform\":{\"scY\":1.05,\"scX\":1.05}},{\"duration\":0,\"transform\":{}}],\"name\":\"徽章1\"},{\"frame\":[{\"tweenEasing\":0,\"duration\":45,\"transform\":{}},{\"duration\":0,\"transform\":{}}],\"name\":\"徽章11\"},{\"frame\":[{\"duration\":45,\"transform\":{}}],\"name\":\"01saoguang1\"},{\"frame\":[{\"tweenEasing\":0,\"duration\":22,\"transform\":{}},{\"tweenEasing\":0,\"duration\":23,\"transform\":{\"y\":5.8501}},{\"duration\":0,\"transform\":{}}],\"name\":\"徽章1影\"},{\"frame\":[{\"tweenEasing\":0,\"duration\":18,\"transform\":{}},{\"tweenEasing\":0,\"duration\":12,\"transform\":{}},{\"duration\":15,\"transform\":{\"skX\":167.7315,\"skY\":167.7315}}],\"name\":\"十字光\"},{\"frame\":[{\"tweenEasing\":0,\"duration\":10,\"transform\":{}},{\"tweenEasing\":0,\"duration\":12,\"transform\":{}},{\"duration\":23,\"transform\":{\"skX\":167.7315,\"skY\":167.7315}}],\"name\":\"十字光1\"},{\"frame\":[{\"duration\":45,\"transform\":{\"skX\":-45.6232,\"skY\":-45.6232}}],\"name\":\"十字光11\"},{\"frame\":[{\"tweenEasing\":0,\"duration\":22,\"transform\":{\"scY\":0.8333,\"skX\":42.8585,\"skY\":42.8585,\"scX\":0.8333}},{\"tweenEasing\":0,\"duration\":23,\"transform\":{\"skX\":42.8585,\"skY\":42.8585}},{\"duration\":0,\"transform\":{\"scY\":0.8333,\"skX\":42.8585,\"skY\":42.8585,\"scX\":0.8333}}],\"name\":\"十字光2\"}],\"ik\":[],\"slot\":[{\"frame\":[{\"tweenEasing\":0,\"duration\":22},{\"tweenEasing\":0,\"duration\":23,\"color\":{\"aM\":48}},{\"tweenEasing\":null,\"duration\":0}],\"name\":\"徽章1影\"},{\"frame\":[{\"tweenEasing\":null,\"duration\":45}],\"name\":\"徽章1\"},{\"frame\":[{\"tweenEasing\":0,\"displayIndex\":-1,\"duration\":18},{\"tweenEasing\":0,\"duration\":4,\"color\":{\"aM\":0}},{\"tweenEasing\":0,\"duration\":8,\"color\":{\"aM\":56}},{\"tweenEasing\":null,\"duration\":15,\"color\":{\"aM\":0}}],\"name\":\"十字光\"},{\"frame\":[{\"tweenEasing\":0,\"displayIndex\":-1,\"duration\":10},{\"tweenEasing\":0,\"duration\":5,\"color\":{\"aM\":0}},{\"tweenEasing\":0,\"duration\":7,\"color\":{\"aM\":56}},{\"tweenEasing\":null,\"duration\":23,\"color\":{\"aM\":0}}],\"name\":\"十字光1\"},{\"frame\":[{\"tweenEasing\":0,\"duration\":22,\"color\":{\"aM\":0}},{\"tweenEasing\":0,\"duration\":23,\"color\":{\"aM\":37}},{\"tweenEasing\":null,\"duration\":0,\"color\":{\"aM\":0}}],\"name\":\"05qiuguang\"},{\"frame\":[{\"tweenEasing\":null,\"displayIndex\":-1,\"duration\":6},{\"tweenEasing\":0,\"duration\":2},{\"tweenEasing\":0,\"displayIndex\":8,\"duration\":2},{\"tweenEasing\":0,\"displayIndex\":7,\"duration\":2},{\"tweenEasing\":0,\"displayIndex\":6,\"duration\":2},{\"tweenEasing\":0,\"displayIndex\":5,\"duration\":2},{\"tweenEasing\":0,\"displayIndex\":4,\"duration\":2},{\"tweenEasing\":0,\"displayIndex\":3,\"duration\":2},{\"tweenEasing\":0,\"displayIndex\":2,\"duration\":2},{\"tweenEasing\":0,\"displayIndex\":1,\"duration\":2},{\"tweenEasing\":0,\"displayIndex\":10,\"duration\":2},{\"tweenEasing\":0,\"displayIndex\":9,\"duration\":2},{\"tweenEasing\":0,\"displayIndex\":-1,\"duration\":17}],\"name\":\"05saoguang1\"},{\"frame\":[{\"tweenEasing\":0,\"duration\":22,\"color\":{\"aM\":81}},{\"tweenEasing\":0,\"duration\":23,\"color\":{\"aM\":33}},{\"tweenEasing\":null,\"duration\":0}],\"name\":\"十字光11\"},{\"frame\":[{\"tweenEasing\":0,\"duration\":22,\"color\":{\"aM\":10}},{\"tweenEasing\":0,\"duration\":23,\"color\":{\"aM\":27}},{\"tweenEasing\":null,\"duration\":0,\"color\":{\"aM\":10}}],\"name\":\"十字光2\"}],\"ffd\":[],\"name\":\"newAnimation\",\"playTimes\":0}],\"type\":\"Armature\",\"frameRate\":30,\"ik\":[],\"defaultActions\":[{\"gotoAndPlay\":\"newAnimation\"}],\"slot\":[{\"name\":\"徽章1影\",\"parent\":\"徽章1影\",\"color\":{}},{\"z\":1,\"name\":\"徽章1\",\"parent\":\"徽章11\",\"color\":{}},{\"blendMode\":\"add\",\"z\":2,\"parent\":\"十字光\",\"name\":\"十字光\",\"color\":{\"aM\":40}},{\"blendMode\":\"add\",\"z\":3,\"parent\":\"十字光1\",\"name\":\"十字光1\",\"color\":{\"aM\":40}},{\"blendMode\":\"add\",\"z\":4,\"parent\":\"徽章11\",\"name\":\"05qiuguang\",\"color\":{\"aM\":25}},{\"blendMode\":\"add\",\"z\":5,\"parent\":\"01saoguang1\",\"displayIndex\":7,\"name\":\"05saoguang1\",\"color\":{\"aM\":50}},{\"blendMode\":\"add\",\"z\":6,\"parent\":\"十字光11\",\"name\":\"十字光11\",\"color\":{\"aM\":40}},{\"blendMode\":\"add\",\"z\":7,\"parent\":\"十字光2\",\"name\":\"十字光2\",\"color\":{\"aM\":40}}],\"name\":\"huizhang5\",\"bone\":[{\"name\":\"root\",\"transform\":{}},{\"length\":55,\"transform\":{\"y\":-96.6723},\"parent\":\"root\",\"name\":\"徽章1\"},{\"length\":43,\"transform\":{\"y\":-125.3497},\"parent\":\"root\",\"name\":\"徽章1影\"},{\"length\":27,\"transform\":{\"scY\":0.4,\"y\":-119.636,\"skX\":-1.0551,\"skY\":-1.0551,\"scX\":0.4,\"x\":-53.7718},\"parent\":\"root\",\"name\":\"十字光11\"},{\"length\":27,\"transform\":{\"scY\":0.6,\"y\":-199.3512,\"skX\":-1.0551,\"skY\":-1.0551,\"scX\":0.6,\"x\":-85.9743},\"parent\":\"root\",\"name\":\"十字光2\"},{\"length\":27,\"transform\":{\"scY\":0.4,\"y\":-92.8993,\"skX\":-1.0551,\"skY\":-1.0551,\"scX\":0.4,\"x\":70.8775},\"parent\":\"root\",\"name\":\"十字光1\"},{\"length\":49,\"transform\":{\"y\":-28.6291,\"x\":0.29},\"parent\":\"徽章1\",\"name\":\"01saoguang1\"},{\"length\":27,\"transform\":{\"y\":-119.3574,\"skX\":-1.0551,\"skY\":-1.0551,\"x\":39.7357},\"parent\":\"徽章1\",\"name\":\"十字光\"},{\"length\":55,\"transform\":{\"y\":-35.7836},\"parent\":\"徽章1\",\"name\":\"徽章11\"}]},{\"aabb\":{\"width\":318,\"y\":-252.9984077726362,\"height\":231.64870777263621,\"x\":-159},\"skin\":[{\"name\":\"\",\"slot\":[{\"display\":[{\"userEdges\":[],\"width\":318,\"type\":\"mesh\",\"uvs\":[0.49921,0.77532,0.66981,0.17532,0.95865,0.05,0.8827,0.64643,0.65126,0.98474,0.49748,0.8487,0.33192,0.98474,0.10896,0.63604,0.04308,0.03929,0.3489,0.17532],\"transform\":{\"y\":-28.4198},\"edges\":[0,1,1,2,2,3,3,4,4,5,5,6,6,7,7,8,8,9,9,0],\"path\":\"徽章6翼\",\"height\":154,\"vertices\":[-0.25,42.4,54,-50,145.85,-69.3,121.7,22.55,48.1,74.65,-0.8,53.7,-53.45,74.65,-124.35,20.95,-145.3,-70.95,-48.05,-50],\"name\":\"徽章6翼\",\"triangles\":[1,3,2,1,4,3,0,5,4,0,4,1,7,6,9,9,6,0,0,6,5,8,7,9]}],\"name\":\"徽章6翼\"},{\"display\":[{\"path\":\"06saoguang1\",\"type\":\"image\",\"name\":\"06saoguang1\",\"transform\":{}},{\"path\":\"06saoguang8\",\"type\":\"image\",\"name\":\"06saoguang8\",\"transform\":{}},{\"path\":\"06saoguang7\",\"type\":\"image\",\"name\":\"06saoguang7\",\"transform\":{}},{\"path\":\"06saoguang6\",\"type\":\"image\",\"name\":\"06saoguang6\",\"transform\":{}},{\"path\":\"06saoguang5\",\"type\":\"image\",\"name\":\"06saoguang5\",\"transform\":{}},{\"path\":\"06saoguang4\",\"type\":\"image\",\"name\":\"06saoguang4\",\"transform\":{}},{\"path\":\"06saoguang3\",\"type\":\"image\",\"name\":\"06saoguang3\",\"transform\":{}},{\"path\":\"06saoguang2\",\"type\":\"image\",\"name\":\"06saoguang2\",\"transform\":{}}],\"blendMode\":\"add\",\"name\":\"06saoguang1\"},{\"display\":[{\"path\":\"十字光\",\"type\":\"image\",\"name\":\"十字光\",\"transform\":{\"y\":0.7657,\"skX\":1.0551,\"skY\":1.0551,\"x\":-0.5814}}],\"blendMode\":\"add\",\"name\":\"十字光2\"},{\"display\":[{\"path\":\"十字光\",\"type\":\"image\",\"name\":\"十字光\",\"transform\":{\"y\":0.7657,\"skX\":1.0551,\"skY\":1.0551,\"x\":-0.5814}}],\"blendMode\":\"add\",\"name\":\"十字光\"},{\"display\":[{\"path\":\"十字光\",\"type\":\"image\",\"name\":\"十字光\",\"transform\":{\"y\":0.7657,\"skX\":1.0551,\"skY\":1.0551,\"x\":-0.5814}}],\"blendMode\":\"add\",\"name\":\"十字光11\"},{\"display\":[{\"path\":\"徽章6球\",\"type\":\"image\",\"name\":\"徽章6球\",\"transform\":{\"y\":-16.6144,\"x\":0.4}}],\"name\":\"徽章6球\"},{\"display\":[{\"path\":\"十字光\",\"type\":\"image\",\"name\":\"十字光\",\"transform\":{\"y\":0.7657,\"skX\":1.0551,\"skY\":1.0551,\"x\":-0.5814}}],\"blendMode\":\"add\",\"name\":\"十字光1\"},{\"display\":[{\"userEdges\":[],\"width\":285,\"type\":\"mesh\",\"uvs\":[0,0.00024,0.22491,0.09808,0.25632,0.00264,0.73684,0.00264,0.76386,0.11034,1,0.00024,1,0.52861,0.80211,0.64279,0.74807,1,0.26088,1,0.19351,0.64279,0.00035,0.5226],\"transform\":{},\"edges\":[0,1,1,2,2,3,3,4,4,5,5,6,6,7,7,8,8,9,9,10,10,11,11,0],\"path\":\"徽章6影子\",\"height\":208,\"vertices\":[-142.5,-103.95,-78.4,-83.6,-69.45,-103.45,67.5,-103.45,75.2,-81.05,142.5,-103.95,142.5,5.95,86.1,29.7,70.7,104,-68.15,104,-87.35,29.7,-142.4,4.7],\"name\":\"徽章1影\",\"triangles\":[5,4,6,4,7,6,1,10,4,9,8,7,10,9,7,4,10,7,3,2,4,2,1,4,11,10,1,0,11,1]}],\"name\":\"徽章1影\"},{\"display\":[{\"path\":\"徽章6底\",\"type\":\"image\",\"name\":\"徽章1\",\"transform\":{\"y\":4.193}}],\"name\":\"徽章1\"}]}],\"animation\":[{\"frame\":[],\"duration\":45,\"bone\":[{\"frame\":[{\"duration\":45,\"transform\":{}}],\"name\":\"root\"},{\"frame\":[{\"tweenEasing\":0,\"duration\":22,\"transform\":{}},{\"tweenEasing\":0,\"duration\":23,\"transform\":{\"scY\":1.05,\"scX\":1.05}},{\"duration\":0,\"transform\":{}}],\"name\":\"徽章1\"},{\"frame\":[{\"tweenEasing\":0,\"duration\":45,\"transform\":{}},{\"duration\":0,\"transform\":{}}],\"name\":\"徽章11\"},{\"frame\":[{\"duration\":45,\"transform\":{}}],\"name\":\"01saoguang1\"},{\"frame\":[{\"tweenEasing\":0,\"duration\":22,\"transform\":{}},{\"tweenEasing\":0,\"duration\":23,\"transform\":{\"y\":5.8501}},{\"duration\":0,\"transform\":{}}],\"name\":\"徽章1影\"},{\"frame\":[{\"tweenEasing\":0,\"duration\":18,\"transform\":{}},{\"tweenEasing\":0,\"duration\":12,\"transform\":{}},{\"duration\":15,\"transform\":{\"skX\":167.7315,\"skY\":167.7315}}],\"name\":\"十字光\"},{\"frame\":[{\"tweenEasing\":0,\"duration\":10,\"transform\":{}},{\"tweenEasing\":0,\"duration\":12,\"transform\":{}},{\"duration\":23,\"transform\":{\"skX\":167.7315,\"skY\":167.7315}}],\"name\":\"十字光1\"},{\"frame\":[{\"duration\":45,\"transform\":{\"skX\":-45.6232,\"skY\":-45.6232}}],\"name\":\"十字光11\"},{\"frame\":[{\"tweenEasing\":0,\"duration\":22,\"transform\":{\"scY\":0.8333,\"skX\":42.8585,\"skY\":42.8585,\"scX\":0.8333}},{\"tweenEasing\":0,\"duration\":23,\"transform\":{\"skX\":42.8585,\"skY\":42.8585}},{\"duration\":0,\"transform\":{\"scY\":0.8333,\"skX\":42.8585,\"skY\":42.8585,\"scX\":0.8333}}],\"name\":\"十字光2\"}],\"ik\":[],\"slot\":[{\"frame\":[{\"tweenEasing\":0,\"duration\":22},{\"tweenEasing\":0,\"duration\":23,\"color\":{\"aM\":48}},{\"tweenEasing\":null,\"duration\":0}],\"name\":\"徽章1影\"},{\"frame\":[{\"tweenEasing\":null,\"duration\":45}],\"name\":\"徽章1\"},{\"frame\":[{\"tweenEasing\":0,\"displayIndex\":-1,\"duration\":18},{\"tweenEasing\":0,\"duration\":4,\"color\":{\"aM\":0}},{\"tweenEasing\":0,\"duration\":8,\"color\":{\"aM\":56}},{\"tweenEasing\":null,\"duration\":15,\"color\":{\"aM\":0}}],\"name\":\"十字光\"},{\"frame\":[{\"tweenEasing\":0,\"displayIndex\":-1,\"duration\":10},{\"tweenEasing\":0,\"duration\":5,\"color\":{\"aM\":0}},{\"tweenEasing\":0,\"duration\":7,\"color\":{\"aM\":56}},{\"tweenEasing\":null,\"duration\":23,\"color\":{\"aM\":0}}],\"name\":\"十字光1\"},{\"frame\":[{\"tweenEasing\":0,\"duration\":22,\"color\":{\"aM\":81}},{\"tweenEasing\":0,\"duration\":23,\"color\":{\"aM\":33}},{\"tweenEasing\":null,\"duration\":0}],\"name\":\"十字光11\"},{\"frame\":[{\"tweenEasing\":0,\"duration\":22,\"color\":{\"aM\":10}},{\"tweenEasing\":0,\"duration\":23,\"color\":{\"aM\":27}},{\"tweenEasing\":null,\"duration\":0,\"color\":{\"aM\":10}}],\"name\":\"十字光2\"},{\"frame\":[{\"tweenEasing\":null,\"displayIndex\":-1,\"duration\":6},{\"tweenEasing\":null,\"duration\":2},{\"tweenEasing\":0,\"displayIndex\":7,\"duration\":2},{\"tweenEasing\":0,\"displayIndex\":6,\"duration\":2},{\"tweenEasing\":0,\"displayIndex\":5,\"duration\":2},{\"tweenEasing\":0,\"displayIndex\":4,\"duration\":2},{\"tweenEasing\":0,\"displayIndex\":3,\"duration\":2},{\"tweenEasing\":0,\"displayIndex\":2,\"duration\":2},{\"tweenEasing\":0,\"displayIndex\":1,\"duration\":2},{\"tweenEasing\":0,\"displayIndex\":-1,\"duration\":23}],\"name\":\"06saoguang1\"}],\"ffd\":[{\"skin\":\"\",\"frame\":[{\"tweenEasing\":0,\"duration\":22,\"offset\":0,\"vertices\":[]},{\"tweenEasing\":0,\"duration\":23,\"offset\":2,\"vertices\":[13.14,13.76,24.38,54.71,3.86,27.43,0,0,0,0,0,0,-2.38,32.9,-26.1,50.52,-18.29,13.52]},{\"tweenEasing\":null,\"duration\":0,\"offset\":0,\"vertices\":[]}],\"scale\":1,\"slot\":\"徽章6翼\",\"offset\":0,\"name\":\"徽章6翼\"},{\"skin\":\"\",\"frame\":[{\"tweenEasing\":0,\"duration\":22,\"offset\":0,\"vertices\":[]},{\"tweenEasing\":0,\"duration\":23,\"offset\":0,\"vertices\":[-14.45,29.75,0,0,0,0,0,0,0,0,12.65,33.35,12.65,33.35,0,0,0,0,0,0,0,0,-14.45,29.75]},{\"tweenEasing\":null,\"duration\":0,\"offset\":0,\"vertices\":[]}],\"scale\":1,\"slot\":\"徽章1影\",\"offset\":0,\"name\":\"徽章1影\"}],\"name\":\"newAnimation\",\"playTimes\":0}],\"type\":\"Armature\",\"frameRate\":30,\"ik\":[],\"defaultActions\":[{\"gotoAndPlay\":\"newAnimation\"}],\"slot\":[{\"name\":\"徽章1影\",\"parent\":\"徽章1影\",\"color\":{}},{\"z\":1,\"name\":\"徽章1\",\"parent\":\"徽章11\",\"color\":{}},{\"z\":2,\"name\":\"徽章6翼\",\"parent\":\"徽章11\",\"color\":{}},{\"z\":3,\"name\":\"徽章6球\",\"parent\":\"徽章11\",\"color\":{}},{\"blendMode\":\"add\",\"z\":4,\"parent\":\"十字光\",\"name\":\"十字光\",\"color\":{\"aM\":40}},{\"blendMode\":\"add\",\"z\":5,\"parent\":\"十字光1\",\"name\":\"十字光1\",\"color\":{\"aM\":40}},{\"blendMode\":\"add\",\"z\":6,\"parent\":\"十字光11\",\"name\":\"十字光11\",\"color\":{\"aM\":40}},{\"blendMode\":\"add\",\"z\":7,\"parent\":\"十字光2\",\"name\":\"十字光2\",\"color\":{\"aM\":40}},{\"blendMode\":\"add\",\"z\":8,\"parent\":\"01saoguang1\",\"displayIndex\":2,\"name\":\"06saoguang1\",\"color\":{}}],\"name\":\"huizhang6\",\"bone\":[{\"name\":\"root\",\"transform\":{}},{\"length\":55,\"transform\":{\"y\":-96.6723},\"parent\":\"root\",\"name\":\"徽章1\"},{\"length\":43,\"transform\":{\"y\":-125.3497},\"parent\":\"root\",\"name\":\"徽章1影\"},{\"length\":27,\"transform\":{\"scY\":0.4,\"y\":-119.636,\"skX\":-1.0551,\"skY\":-1.0551,\"scX\":0.4,\"x\":-53.7718},\"parent\":\"root\",\"name\":\"十字光11\"},{\"length\":27,\"transform\":{\"scY\":0.6,\"y\":-199.3512,\"skX\":-1.0551,\"skY\":-1.0551,\"scX\":0.6,\"x\":-85.9743},\"parent\":\"root\",\"name\":\"十字光2\"},{\"length\":27,\"transform\":{\"scY\":0.4,\"y\":-72.4433,\"skX\":-1.0551,\"skY\":-1.0551,\"scX\":0.4,\"x\":40.6748},\"parent\":\"root\",\"name\":\"十字光1\"},{\"length\":55,\"transform\":{\"y\":-35.7836},\"parent\":\"徽章1\",\"name\":\"徽章11\"},{\"length\":49,\"transform\":{\"y\":-43.4906,\"x\":0.29},\"parent\":\"徽章1\",\"name\":\"01saoguang1\"},{\"length\":27,\"transform\":{\"y\":-107.1024,\"skX\":-1.0551,\"skY\":-1.0551,\"x\":37.9547},\"parent\":\"徽章1\",\"name\":\"十字光\"}]},{\"aabb\":{\"width\":432.96635787060393,\"y\":-301.7572114410078,\"height\":319.07194347296974,\"x\":-197.6587093237676},\"skin\":[{\"name\":\"\",\"slot\":[{\"display\":[{\"path\":\"huizhang7yanhua2\",\"type\":\"image\",\"name\":\"huizhang7yanhua2\",\"transform\":{\"y\":-1.4462,\"skX\":-0.9535,\"skY\":-0.9535,\"x\":0.8734}},{\"path\":\"huizhang7yanhua\",\"type\":\"image\",\"name\":\"huizhang7yanhua\",\"transform\":{\"scY\":1.2,\"y\":-3.2349,\"skX\":-0.9535,\"skY\":-0.9535,\"scX\":1.2,\"x\":1.1776}}],\"blendMode\":\"add\",\"name\":\"huizhang7yanhua2\"},{\"display\":[{\"userEdges\":[],\"width\":243,\"type\":\"mesh\",\"uvs\":[0.23169,0.00043,0.32099,0.15948,0,0.15733,0,0.82026,0.50082,1.00022,0.99959,0.82241,0.99959,0.18254,0.6823,0.15948,0.79383,0.00043],\"transform\":{},\"edges\":[0,1,1,2,2,3,3,4,4,5,5,6,6,7,7,8,8,0],\"path\":\"徽章7\",\"height\":232,\"vertices\":[-65.2,-115.9,-43.5,-79,-121.5,-79.5,-121.5,74.3,0.2,116.05,121.4,74.8,121.4,-73.65,44.3,-79,71.4,-115.9],\"name\":\"徽章1\",\"triangles\":[7,4,5,7,5,6,1,4,7,0,7,8,1,3,4,0,1,7,2,3,1]}],\"name\":\"徽章1\"},{\"display\":[{\"path\":\"十字光\",\"type\":\"image\",\"name\":\"十字光\",\"transform\":{\"y\":0.7657,\"skX\":1.0551,\"skY\":1.0551,\"x\":-0.5814}}],\"blendMode\":\"add\",\"name\":\"十字光11\"},{\"display\":[{\"path\":\"十字光\",\"type\":\"image\",\"name\":\"十字光\",\"transform\":{\"y\":0.7657,\"skX\":1.0551,\"skY\":1.0551,\"x\":-0.5814}}],\"blendMode\":\"add\",\"name\":\"十字光\"},{\"display\":[{\"path\":\"十字光\",\"type\":\"image\",\"name\":\"十字光\",\"transform\":{\"y\":0.7657,\"skX\":1.0551,\"skY\":1.0551,\"x\":-0.5814}}],\"blendMode\":\"add\",\"name\":\"十字光2\"},{\"display\":[{\"path\":\"07saoguang1\",\"type\":\"image\",\"name\":\"07saoguang1\",\"transform\":{}},{\"path\":\"07saoguang8\",\"type\":\"image\",\"name\":\"07saoguang8\",\"transform\":{}},{\"path\":\"07saoguang7\",\"type\":\"image\",\"name\":\"07saoguang7\",\"transform\":{}},{\"path\":\"07saoguang6\",\"type\":\"image\",\"name\":\"07saoguang6\",\"transform\":{}},{\"path\":\"07saoguang5\",\"type\":\"image\",\"name\":\"07saoguang5\",\"transform\":{}},{\"path\":\"07saoguang4\",\"type\":\"image\",\"name\":\"07saoguang4\",\"transform\":{}},{\"path\":\"07saoguang3\",\"type\":\"image\",\"name\":\"07saoguang3\",\"transform\":{}},{\"path\":\"07saoguang2\",\"type\":\"image\",\"name\":\"07saoguang2\",\"transform\":{}}],\"blendMode\":\"add\",\"name\":\"07saoguang1\"},{\"display\":[{\"path\":\"huizhang7yanhua2\",\"type\":\"image\",\"name\":\"huizhang7yanhua2\",\"transform\":{\"y\":-1.4462,\"skX\":-0.9535,\"skY\":-0.9535,\"x\":0.8734}},{\"path\":\"huizhang7yanhua\",\"type\":\"image\",\"name\":\"huizhang7yanhua\",\"transform\":{\"scY\":1.2,\"y\":-3.2349,\"skX\":-0.9535,\"skY\":-0.9535,\"scX\":1.2,\"x\":1.1776}}],\"blendMode\":\"add\",\"name\":\"huizhang7yanhua22\"},{\"display\":[{\"path\":\"徽章72\",\"type\":\"image\",\"name\":\"徽章72\",\"transform\":{\"y\":5.7896,\"x\":-2.4494}}],\"name\":\"徽章72\"},{\"display\":[{\"path\":\"十字光\",\"type\":\"image\",\"name\":\"十字光\",\"transform\":{\"y\":0.7657,\"skX\":1.0551,\"skY\":1.0551,\"x\":-0.5814}}],\"blendMode\":\"add\",\"name\":\"十字光1\"},{\"display\":[{\"userEdges\":[],\"width\":252,\"type\":\"mesh\",\"uvs\":[0.50119,1,1,0.7959,1,0.1944,0.6869,0.20037,0.80933,0,0.16131,0,0.29444,0.19646,0.0004,0.1944,0.0004,0.79776],\"transform\":{},\"edges\":[0,1,1,2,2,3,3,4,4,5,5,6,6,7,7,8,8,0],\"path\":\"徽章7影子\",\"height\":268,\"vertices\":[0.3,134,126,79.3,126,-81.9,47.1,-80.3,77.95,-134,-85.35,-134,-51.8,-81.35,-125.9,-81.9,-125.9,79.8],\"name\":\"徽章1影\",\"triangles\":[3,0,1,3,1,2,6,8,0,6,0,3,6,3,4,5,6,4,7,8,6]}],\"name\":\"徽章1影\"},{\"display\":[{\"path\":\"huizhang7yanhua2\",\"type\":\"image\",\"name\":\"huizhang7yanhua2\",\"transform\":{\"y\":-1.4462,\"skX\":-0.9535,\"skY\":-0.9535,\"x\":0.8734}},{\"path\":\"huizhang7yanhua\",\"type\":\"image\",\"name\":\"huizhang7yanhua\",\"transform\":{\"scY\":1.2,\"y\":-3.2349,\"skX\":-0.9535,\"skY\":-0.9535,\"scX\":1.2,\"x\":1.1776}}],\"blendMode\":\"add\",\"name\":\"huizhang7yanhua21\"}]}],\"animation\":[{\"frame\":[],\"duration\":45,\"bone\":[{\"frame\":[{\"duration\":45,\"transform\":{}}],\"name\":\"root\"},{\"frame\":[{\"tweenEasing\":0,\"duration\":22,\"transform\":{}},{\"tweenEasing\":0,\"duration\":23,\"transform\":{\"scY\":1.05,\"scX\":1.05}},{\"duration\":0,\"transform\":{}}],\"name\":\"徽章1\"},{\"frame\":[{\"tweenEasing\":0,\"duration\":45,\"transform\":{}},{\"duration\":0,\"transform\":{}}],\"name\":\"徽章11\"},{\"frame\":[{\"duration\":45,\"transform\":{}}],\"name\":\"01saoguang1\"},{\"frame\":[{\"tweenEasing\":0,\"duration\":22,\"transform\":{}},{\"tweenEasing\":0,\"duration\":23,\"transform\":{\"y\":5.8501}},{\"duration\":0,\"transform\":{}}],\"name\":\"徽章1影\"},{\"frame\":[{\"tweenEasing\":0,\"duration\":18,\"transform\":{}},{\"tweenEasing\":0,\"duration\":12,\"transform\":{}},{\"duration\":15,\"transform\":{\"skX\":167.7315,\"skY\":167.7315}}],\"name\":\"十字光\"},{\"frame\":[{\"tweenEasing\":0,\"duration\":10,\"transform\":{}},{\"tweenEasing\":0,\"duration\":12,\"transform\":{}},{\"duration\":23,\"transform\":{\"skX\":167.7315,\"skY\":167.7315}}],\"name\":\"十字光1\"},{\"frame\":[{\"duration\":45,\"transform\":{\"skX\":-45.6232,\"skY\":-45.6232}}],\"name\":\"十字光11\"},{\"frame\":[{\"tweenEasing\":0,\"duration\":22,\"transform\":{\"scY\":0.8333,\"skX\":42.8585,\"skY\":42.8585,\"scX\":0.8333}},{\"tweenEasing\":0,\"duration\":23,\"transform\":{\"skX\":42.8585,\"skY\":42.8585}},{\"duration\":0,\"transform\":{\"scY\":0.8333,\"skX\":42.8585,\"skY\":42.8585,\"scX\":0.8333}}],\"name\":\"十字光2\"},{\"frame\":[{\"tweenEasing\":0,\"duration\":2,\"transform\":{\"scY\":0.15,\"scX\":0.15}},{\"tweenEasing\":0,\"duration\":6,\"transform\":{\"scY\":0.2,\"scX\":0.2}},{\"tweenEasing\":0,\"duration\":6,\"transform\":{}},{\"duration\":31,\"transform\":{\"scY\":1.1,\"scX\":1.1}}],\"name\":\"yanhua1\"},{\"frame\":[{\"tweenEasing\":0,\"duration\":8,\"transform\":{\"scY\":0.15,\"scX\":0.15}},{\"tweenEasing\":0,\"duration\":6,\"transform\":{\"scY\":0.2,\"scX\":0.2}},{\"tweenEasing\":0,\"duration\":6,\"transform\":{}},{\"duration\":25,\"transform\":{\"scY\":1.1,\"scX\":1.1}}],\"name\":\"yanhua11\"},{\"frame\":[{\"tweenEasing\":0,\"duration\":16,\"transform\":{\"scY\":0.15,\"scX\":0.15}},{\"tweenEasing\":0,\"duration\":6,\"transform\":{\"scY\":0.2,\"scX\":0.2}},{\"tweenEasing\":0,\"duration\":6,\"transform\":{}},{\"duration\":17,\"transform\":{\"scY\":1.1,\"scX\":1.1}}],\"name\":\"yanhua12\"}],\"ik\":[],\"slot\":[{\"frame\":[{\"tweenEasing\":0,\"duration\":22},{\"tweenEasing\":0,\"duration\":23,\"color\":{\"aM\":48}},{\"tweenEasing\":null,\"duration\":0}],\"name\":\"徽章1影\"},{\"frame\":[{\"tweenEasing\":null,\"duration\":45}],\"name\":\"徽章1\"},{\"frame\":[{\"tweenEasing\":0,\"displayIndex\":-1,\"duration\":18},{\"tweenEasing\":0,\"duration\":4,\"color\":{\"aM\":0}},{\"tweenEasing\":0,\"duration\":8,\"color\":{\"aM\":56}},{\"tweenEasing\":null,\"duration\":15,\"color\":{\"aM\":0}}],\"name\":\"十字光\"},{\"frame\":[{\"tweenEasing\":0,\"displayIndex\":-1,\"duration\":10},{\"tweenEasing\":0,\"duration\":5,\"color\":{\"aM\":0}},{\"tweenEasing\":0,\"duration\":7,\"color\":{\"aM\":56}},{\"tweenEasing\":null,\"duration\":23,\"color\":{\"aM\":0}}],\"name\":\"十字光1\"},{\"frame\":[{\"tweenEasing\":0,\"duration\":22,\"color\":{\"aM\":81}},{\"tweenEasing\":0,\"duration\":23,\"color\":{\"aM\":33}},{\"tweenEasing\":null,\"duration\":0}],\"name\":\"十字光11\"},{\"frame\":[{\"tweenEasing\":0,\"duration\":22,\"color\":{\"aM\":10}},{\"tweenEasing\":0,\"duration\":23,\"color\":{\"aM\":27}},{\"tweenEasing\":null,\"duration\":0,\"color\":{\"aM\":10}}],\"name\":\"十字光2\"},{\"frame\":[{\"tweenEasing\":null,\"duration\":45}],\"name\":\"徽章72\"},{\"frame\":[{\"tweenEasing\":0,\"displayIndex\":-1,\"duration\":2},{\"tweenEasing\":0,\"duration\":6},{\"tweenEasing\":0,\"displayIndex\":1,\"duration\":6},{\"tweenEasing\":null,\"displayIndex\":1,\"duration\":31,\"color\":{\"aM\":0}}],\"name\":\"huizhang7yanhua2\"},{\"frame\":[{\"tweenEasing\":null,\"displayIndex\":-1,\"duration\":6},{\"tweenEasing\":null,\"duration\":2,\"color\":{\"aM\":60}},{\"tweenEasing\":0,\"displayIndex\":7,\"duration\":2,\"color\":{\"aM\":60}},{\"tweenEasing\":0,\"displayIndex\":6,\"duration\":2,\"color\":{\"aM\":60}},{\"tweenEasing\":0,\"displayIndex\":5,\"duration\":2,\"color\":{\"aM\":60}},{\"tweenEasing\":0,\"displayIndex\":4,\"duration\":2,\"color\":{\"aM\":60}},{\"tweenEasing\":0,\"displayIndex\":3,\"duration\":2,\"color\":{\"aM\":60}},{\"tweenEasing\":0,\"displayIndex\":2,\"duration\":2,\"color\":{\"aM\":60}},{\"tweenEasing\":0,\"displayIndex\":1,\"duration\":2,\"color\":{\"aM\":60}},{\"tweenEasing\":0,\"displayIndex\":-1,\"duration\":23,\"color\":{\"aM\":60}}],\"name\":\"07saoguang1\"},{\"frame\":[{\"tweenEasing\":0,\"displayIndex\":-1,\"duration\":8},{\"tweenEasing\":0,\"duration\":6},{\"tweenEasing\":0,\"displayIndex\":1,\"duration\":6},{\"tweenEasing\":null,\"displayIndex\":1,\"duration\":25,\"color\":{\"aM\":0}}],\"name\":\"huizhang7yanhua21\"},{\"frame\":[{\"tweenEasing\":0,\"displayIndex\":-1,\"duration\":16},{\"tweenEasing\":0,\"duration\":6},{\"tweenEasing\":0,\"displayIndex\":1,\"duration\":6},{\"tweenEasing\":null,\"displayIndex\":1,\"duration\":17,\"color\":{\"aM\":0}}],\"name\":\"huizhang7yanhua22\"}],\"ffd\":[],\"name\":\"newAnimation\",\"playTimes\":0}],\"type\":\"Armature\",\"frameRate\":30,\"ik\":[],\"defaultActions\":[{\"gotoAndPlay\":\"newAnimation\"}],\"slot\":[{\"blendMode\":\"add\",\"parent\":\"yanhua12\",\"name\":\"huizhang7yanhua22\",\"color\":{}},{\"z\":1,\"name\":\"徽章1影\",\"parent\":\"徽章1影\",\"color\":{}},{\"z\":2,\"name\":\"徽章1\",\"parent\":\"徽章11\",\"color\":{}},{\"z\":3,\"name\":\"徽章72\",\"parent\":\"徽章11\",\"color\":{}},{\"blendMode\":\"add\",\"z\":4,\"parent\":\"yanhua1\",\"name\":\"huizhang7yanhua2\",\"color\":{}},{\"blendMode\":\"add\",\"z\":5,\"parent\":\"01saoguang1\",\"displayIndex\":3,\"name\":\"07saoguang1\",\"color\":{}},{\"blendMode\":\"add\",\"z\":6,\"parent\":\"yanhua11\",\"name\":\"huizhang7yanhua21\",\"color\":{}},{\"blendMode\":\"add\",\"z\":7,\"parent\":\"十字光\",\"name\":\"十字光\",\"color\":{\"aM\":40}},{\"blendMode\":\"add\",\"z\":8,\"parent\":\"十字光1\",\"name\":\"十字光1\",\"color\":{\"aM\":40}},{\"blendMode\":\"add\",\"z\":9,\"parent\":\"十字光11\",\"name\":\"十字光11\",\"color\":{\"aM\":40}},{\"blendMode\":\"add\",\"z\":10,\"parent\":\"十字光2\",\"name\":\"十字光2\",\"color\":{\"aM\":40}}],\"name\":\"huizhang7\",\"bone\":[{\"name\":\"root\",\"transform\":{}},{\"length\":55,\"transform\":{\"y\":-96.6723},\"parent\":\"root\",\"name\":\"徽章1\"},{\"length\":43,\"transform\":{\"y\":-125.3497},\"parent\":\"root\",\"name\":\"徽章1影\"},{\"length\":27,\"transform\":{\"scY\":0.4,\"y\":-119.636,\"skX\":-1.0551,\"skY\":-1.0551,\"scX\":0.4,\"x\":-53.7718},\"parent\":\"root\",\"name\":\"十字光11\"},{\"length\":27,\"transform\":{\"scY\":0.6,\"y\":-199.3512,\"skX\":-1.0551,\"skY\":-1.0551,\"scX\":0.6,\"x\":-85.9743},\"parent\":\"root\",\"name\":\"十字光2\"},{\"length\":27,\"transform\":{\"scY\":0.4,\"y\":-92.8993,\"skX\":-1.0551,\"skY\":-1.0551,\"scX\":0.4,\"x\":70.8775},\"parent\":\"root\",\"name\":\"十字光1\"},{\"length\":36,\"transform\":{\"y\":-220.5683,\"skX\":0.9535,\"skY\":0.9535,\"x\":-113.556},\"parent\":\"root\",\"name\":\"yanhua1\"},{\"length\":36,\"transform\":{\"y\":-60.2538,\"skX\":0.9535,\"skY\":0.9535,\"x\":149.4103},\"parent\":\"root\",\"name\":\"yanhua11\"},{\"length\":36,\"transform\":{\"y\":-221.3257,\"skX\":0.9535,\"skY\":0.9535,\"x\":51.8583},\"parent\":\"root\",\"name\":\"yanhua12\"},{\"length\":49,\"transform\":{\"y\":-46.1341,\"x\":-3.1161},\"parent\":\"徽章1\",\"name\":\"01saoguang1\"},{\"length\":27,\"transform\":{\"y\":-119.3574,\"skX\":-1.0551,\"skY\":-1.0551,\"x\":39.7357},\"parent\":\"徽章1\",\"name\":\"十字光\"},{\"length\":55,\"transform\":{\"y\":-35.7836},\"parent\":\"徽章1\",\"name\":\"徽章11\"}]}]}"}