{"__type__":"dragonBones.DragonBonesAtlasAsset","_name":"effect_jiqiu_tex","_atlasJson":"{\"width\":511,\"SubTexture\":[{\"width\":104,\"y\":396,\"height\":103,\"name\":\"dianying\",\"x\":1},{\"frameY\":-14,\"y\":368,\"frameWidth\":102,\"frameHeight\":82,\"width\":65,\"height\":56,\"name\":\"电击/dianji1\",\"frameX\":-19,\"x\":399},{\"frameY\":-5,\"y\":148,\"frameWidth\":102,\"frameHeight\":82,\"width\":59,\"height\":69,\"name\":\"电击/dianji8\",\"frameX\":-21,\"x\":399},{\"frameY\":-7,\"y\":301,\"frameWidth\":102,\"frameHeight\":82,\"width\":62,\"height\":65,\"name\":\"电击/dianji10\",\"frameX\":-19,\"x\":383},{\"frameY\":-7,\"y\":233,\"frameWidth\":102,\"frameHeight\":82,\"width\":63,\"height\":66,\"name\":\"电击/dianji6\",\"frameX\":-18,\"x\":379},{\"frameY\":-4,\"y\":1,\"frameWidth\":102,\"frameHeight\":82,\"width\":91,\"height\":74,\"name\":\"电击/dianji3\",\"frameX\":-5,\"x\":288},{\"frameY\":-1,\"y\":310,\"frameWidth\":102,\"frameHeight\":82,\"width\":93,\"height\":81,\"name\":\"电击/dianji2\",\"frameX\":-3,\"x\":288},{\"width\":102,\"y\":226,\"height\":82,\"name\":\"电击/dianji4\",\"x\":207},{\"frameY\":-6,\"y\":77,\"frameWidth\":102,\"frameHeight\":82,\"width\":67,\"height\":69,\"name\":\"电击/dianji7\",\"frameX\":-17,\"x\":363},{\"frameY\":-9,\"y\":1,\"frameWidth\":102,\"frameHeight\":82,\"width\":68,\"height\":65,\"name\":\"电击/dianji9\",\"frameX\":-16,\"x\":381},{\"frameY\":-10,\"y\":233,\"frameWidth\":102,\"frameHeight\":82,\"width\":66,\"height\":64,\"name\":\"电击/dianji5\",\"frameX\":-17,\"x\":311},{\"width\":104,\"y\":386,\"height\":103,\"name\":\"huoying\",\"x\":109},{\"frameY\":0,\"y\":84,\"frameWidth\":116,\"frameHeight\":188,\"width\":38,\"height\":38,\"name\":\"火焰/huo9\",\"frameX\":-46,\"x\":112},{\"frameY\":-11,\"y\":267,\"frameWidth\":116,\"frameHeight\":188,\"width\":96,\"height\":117,\"name\":\"火焰/huo4\",\"frameX\":-12,\"x\":109},{\"frameY\":-70,\"y\":80,\"frameWidth\":116,\"frameHeight\":188,\"width\":36,\"height\":47,\"name\":\"火焰/huo1\",\"frameX\":-41,\"x\":233},{\"frameY\":-16,\"y\":134,\"frameWidth\":116,\"frameHeight\":188,\"width\":81,\"height\":106,\"name\":\"火焰/huo3\",\"frameX\":-17,\"x\":110},{\"frameY\":0,\"y\":1,\"frameWidth\":116,\"frameHeight\":188,\"width\":109,\"height\":131,\"name\":\"火焰/huo6\",\"frameX\":-7,\"x\":1},{\"frameY\":0,\"y\":288,\"frameWidth\":116,\"frameHeight\":188,\"width\":50,\"height\":76,\"name\":\"火焰/huo8\",\"frameX\":-36,\"x\":447},{\"frameY\":-3,\"y\":267,\"frameWidth\":116,\"frameHeight\":188,\"width\":106,\"height\":127,\"name\":\"火焰/huo5\",\"frameX\":-9,\"x\":1},{\"frameY\":0,\"y\":475,\"frameWidth\":116,\"frameHeight\":188,\"width\":27,\"height\":27,\"name\":\"火焰/huo10\",\"frameX\":-46,\"x\":215},{\"frameY\":-43,\"y\":68,\"frameWidth\":116,\"frameHeight\":188,\"width\":52,\"height\":78,\"name\":\"火焰/huo2\",\"frameX\":-33,\"x\":444},{\"frameY\":0,\"y\":134,\"frameWidth\":116,\"frameHeight\":188,\"width\":107,\"height\":131,\"name\":\"火焰/huo7\",\"frameX\":-6,\"x\":1},{\"frameY\":0,\"y\":134,\"frameWidth\":145,\"frameHeight\":108,\"width\":93,\"height\":90,\"name\":\"击中水/shui11\",\"frameX\":-47,\"x\":193},{\"frameY\":-36,\"y\":84,\"frameWidth\":145,\"frameHeight\":108,\"width\":36,\"height\":37,\"name\":\"击中水/shui1\",\"frameX\":-55,\"x\":152},{\"frameY\":-12,\"y\":156,\"frameWidth\":145,\"frameHeight\":108,\"width\":71,\"height\":75,\"name\":\"击中水/shui5\",\"frameX\":-48,\"x\":311},{\"frameY\":-22,\"y\":148,\"frameWidth\":145,\"frameHeight\":108,\"width\":49,\"height\":63,\"name\":\"击中水/shui3\",\"frameX\":-53,\"x\":460},{\"frameY\":-6,\"y\":1,\"frameWidth\":145,\"frameHeight\":108,\"width\":80,\"height\":77,\"name\":\"击中水/shui8\",\"frameX\":-48,\"x\":191},{\"frameY\":-8,\"y\":310,\"frameWidth\":145,\"frameHeight\":108,\"width\":77,\"height\":74,\"name\":\"击中水/shui7\",\"frameX\":-47,\"x\":207},{\"frameY\":-10,\"y\":77,\"frameWidth\":145,\"frameHeight\":108,\"width\":73,\"height\":77,\"name\":\"击中水/shui6\",\"frameX\":-48,\"x\":288},{\"frameY\":-19,\"y\":219,\"frameWidth\":145,\"frameHeight\":108,\"width\":59,\"height\":67,\"name\":\"击中水/shui4\",\"frameX\":-51,\"x\":444},{\"frameY\":-4,\"y\":1,\"frameWidth\":145,\"frameHeight\":108,\"width\":77,\"height\":81,\"name\":\"击中水/shui9\",\"frameX\":-54,\"x\":112},{\"frameY\":-3,\"y\":393,\"frameWidth\":145,\"frameHeight\":108,\"width\":86,\"height\":83,\"name\":\"击中水/shui10\",\"frameX\":-47,\"x\":311},{\"frameY\":-31,\"y\":80,\"frameWidth\":145,\"frameHeight\":108,\"width\":40,\"height\":47,\"name\":\"击中水/shui2\",\"frameX\":-54,\"x\":191},{\"frameY\":-29,\"y\":1,\"frameWidth\":145,\"frameHeight\":108,\"width\":58,\"height\":54,\"name\":\"击中水/shui13\",\"frameX\":-58,\"x\":451},{\"frameY\":-6,\"y\":393,\"frameWidth\":145,\"frameHeight\":108,\"width\":86,\"height\":80,\"name\":\"击中水/shui12\",\"frameX\":-58,\"x\":215}],\"height\":504,\"name\":\"effect_jiqiu\",\"imagePath\":\"effect_jiqiu_tex.png\"}","_texture":{"__uuid__":"e4MgIx/KxP/KA2Hv3A+xOM"},"texture":{"__uuid__":"e4MgIx/KxP/KA2Hv3A+xOM"}}