{"paths":{"0":["common_pack/段位龙骨/huizhang_Project_tex",5],"2":["common_pack/oppo原生广告/ad_go",2,1],"3":["anim_pack/Texture/Other_9",2,1],"4":["anim_pack/Texture/Ring_1",2,1],"5":["common_pack/ui/通用弹窗/光2",2,1],"6":["anim_pack/Animation/Light",0],"7":["common_pack/ui/AutoAtlas",1],"8":["anim_pack/Animation/Qiugan_17",0],"9":["common_pack/ui/逃跑界面/确定放弃比赛吗，对方直接赢得奖励",2,1],"10":["anim_pack/Animation/Effect",0],"12":["common_pack/ui/金币不足/lqjb",2,1],"14":["anim_pack/Texture/Smoke_3",1],"18":["common_pack/ui/体力不足/获取体力_文字",2,1],"21":["common_pack/ui/体力不足/体力大",2,1],"25":["anim_pack/Texture/Other_6",2,1],"26":["anim_pack/Texture/Qiugan_8",1],"28":["common_pack/ui/逃跑界面/逃跑_标题",2,1],"31":["dynamic/layer/doubleItemLayer",6],"32":["prefab_static/moneyBar",6],"33":["anim_pack/Texture/Qiugan_11",1],"35":["dynamic/layer/cheatLayer",6],"36":["common_pack/ui/通用弹窗/光1",2,1],"37":["dynamic/item/scrollAds",6],"38":["dynamic/layer/noEnergyLayer",6],"39":["common_pack/oppo原生广告/ad_close",2,1],"40":["common_pack/ui/避免引用/奖励1",2,1],"41":["common_pack/ui/逃跑界面/逃跑_确定",2,1],"42":["anim_pack/Texture/Other_2",2,1],"43":["common_pack/ui/体力不足/获取体力_图标_分享",2,1],"44":["dynamic/layer/msgboxLayer",6],"45":["anim_pack/Texture/Effect",1],"46":["anim_pack/Texture/Other_7",2,1],"47":["common_pack/ui/双倍领取/直接领取",2,1],"48":["common_pack/ui/money/money_atlas",1],"49":["anim_pack/Animation/Qiugan_8",0],"50":["common_pack/ui/双倍领取/奖励_直接领取",2,1],"51":["common_pack/段位龙骨/huizhang_Project_tex",4],"52":["anim_pack/Animation/Qiugan_18",0],"53":["common_pack/oppo原生广告/AutoAtlas",1],"54":["dynamic/item/nativeBottomAd",6],"55":["anim_pack/Texture/Other_8",2,1],"56":["dynamic/layer/freeCoinsLayer",6],"57":["common_pack/ui/体力不足/获取体力_购买",2,1],"58":["anim_pack/AutoAtlas",1],"59":["anim_pack/Animation/Qiugan_10",0],"60":["common_pack/ui/money/增加按钮",2,1],"61":["anim_pack/Animation/Qiugan_9",0],"62":["common_pack/ui/体力不足/体力不足",2,1],"63":["anim_pack/Texture/Smoke_2",1],"64":["common_pack/ui/导出/更多游戏",2,1],"65":["common_pack/段位龙骨/huizhang_Project_ske",3],"66":["common_pack/ui/money/建筑币",2,1],"67":["anim_pack/Animation/Smoke_1",0],"68":["anim_pack/Animation/Qiugan_12",0],"69":["dynamic/layer/showItemLayer",6],"70":["anim_pack/Animation/Smoke_3",0],"71":["dynamic/item/nativeBanner",6],"72":["common_pack/ui/获得道具/确定",2,1],"74":["prefab_static/moneyBar2",6],"75":["anim_pack/Animation/Smoke_2",0],"76":["common_pack/oppo原生广告/ad_tag_bg",2,1],"77":["common_pack/ui/通用弹窗/不了，谢谢",2,1],"78":["common_pack/ui/体力不足/获取体力_领取体力",2,1],"79":["anim_pack/Animation/Jiyichaoqun",0],"80":["common_pack/ui/money/金币",2,1],"81":["dynamic/layer/escapeLayer",6],"82":["common_pack/ui/通用弹窗/弹窗底",2,1],"83":["anim_pack/Texture/Other_3",2,1],"84":["prefab_static/adsItem",6],"85":["common_pack/ui/通用弹窗/视频图标",2,1],"86":["dynamic/layer/maskLayer",6],"87":["common_pack/ui/双倍领取/奖励_标题",2,1],"88":["anim_pack/Texture/Other_1",2,1],"89":["dynamic/layer/loadingLayer",6],"90":["common_pack/ui/逃跑界面/逃跑_取消",2,1],"91":["common_pack/ui/提示点/提示点1",2,1],"92":["prefab_static/title_light",6],"93":["prefab_static/moneyBar3",6],"94":["dynamic/layer/receiveItemLayer",6],"95":["common_pack/ui/金币不足/领取奖励",2,1],"97":["prefab_static/sideAdsItem",6],"98":["common_pack/ui/导出/导出框",2,1],"99":["common_pack/oppo原生广告/ad_title_bg",2,1],"100":["common_pack/ui/提示点/提示点",2,1],"101":["common_pack/段位龙骨/huizhang_Project_tex",2,1],"102":["anim_pack/Animation/Qiugan_1",0],"103":["common_pack/oppo原生广告/按钮",2,1],"104":["prefab_static/scrollAdsItem",6],"105":["common_pack/ui/获得道具/奖励",2,1],"106":["anim_pack/Texture/Other_4",2,1],"107":["common_pack/oppo原生广告/ad_bg",2,1],"108":["common_pack/ui/money/货币框",2,1],"109":["anim_pack/Texture/Qiugan_10",1],"110":["common_pack/ui/双倍领取/双倍领取",2,1],"111":["anim_pack/Texture/Smoke",1],"112":["anim_pack/Texture/Other_5",2,1],"113":["common_pack/ui/导出/滚动底条",2,1],"114":["anim_pack/Texture/Glow_1",2,1],"115":["common_pack/ui/money/体力",2,1],"116":["common_pack/ui/体力不足/获取体力_图标_视频",2,1],"117":["common_pack/ui/金币不足/金币不足",2,1],"118":["common_pack/ui/通用弹窗/光",2,1],"119":["common_pack/ui/通用弹窗/关闭",2,1],"120":["common_pack/ui/双倍领取/奖励_打勾框",2,1],"122":["common_pack/ui/金币不足/金币",2,1],"123":["common_pack/ui/双倍领取/奖励_打勾",2,1],"124":["common_pack/ui/逃跑界面/提示",2,1],"125":["common_pack/ui/导出/圆角",2,1],"126":["common_pack/ui/通用弹窗/分享图标",2,1],"127":["common_pack/ui/体力不足/获取体力_次",2,1],"128":["anim_pack/Texture/Light",1],"129":["anim_pack/Animation/Smoke",0]},"types":["cc.AnimationClip","cc.SpriteAtlas","cc.SpriteFrame","dragonBones.DragonBonesAsset","dragonBones.DragonBonesAtlasAsset","cc.Texture2D","cc.Prefab"],"uuids":["93/isEbJlAc5VD1heRytJ9","189104332","07vtkIpghNVqp0H42NkBX2","09JtMQ4eZHJ7TnsUur4tDn","09gcG0tURA9IViCLYp6rqB","0aym4crf5DqbYqKwlVM7iH","0b7XYX+KtOV7ByVpUa4wFM","0czLiuZ5VBcI7w9/gxZbAp","0fprb9qgNGjry4J/IsE90+","10Yn12PudCraoNkTz72jhy","10x032dn5A6Im80n2DRwgo","11f4261cf","12NO3WlCxPd6jk4Yf9VCsf","123739ffb","12fOY/WpBAlLnlL7QmU1n1","129f1f205","12c1825a1","13034fe3a","13shEK0rtOV428SrIArULD","14c0017fb","154ca7230","15s0kI2IZN756j+FHL/N+G","16b407609","170ee17f0","17bfb7f52","18INIZT+RDOKR2zCgyoANh","186LkKRTFNWb8O38geQn3f","1a00b32c6","1ap038z95JiqTDDyod1QCc","1aceec5ab","1b1ec2349","1bptBofoBID4WUs4W49GoE","1b5n6PJYNCKYVt604lwFVW","1c394tj3ZJxbxKW6XPNd6a","1e1af1cd1","1ezOtl4m1OVY301+ngj267","21xGYNDEJMSqsu6HWdEUCr","21zVA+tp5P/Jh4WOZxDffw","21+vljittIuIzqKf9AS5mM","24T0Eq3txOgoDZk4zQzGxW","27yS/FuRtMhYw5tw0VvUf9","2duaJQxc9D4bLrrnQRg68N","2d1uRNn4lCKYo7h0Zb7m2F","2f5oBRlslL6LRpSB0YMPt1","36tlndyXZOkZHTzQVAFRc8","368dHXK8dFAaM9DbujYSfn","373ecrUN5NPoCtNKZtuS9f","3842sN9LNLEZvMw5MOVWO+","3bNowJ23pGc5usn2OrRpRp","45Y0qCVSZOL51iqEqewzbO","46qU+g3v1OSoPEDf/cshFN","495YNoxH9EdrytYympmZIc","4aCYAOZvdO/pZgZI/0icCx","4ay2Pli3xN14VE5+LpD35Q","4bPpMipptBbbeC7mWRqkSY","4baCwpuutEQK7CwrmARqho","4cO+eSUHlBAJlHnuskde/C","4c6uybvYVElKt+6P+sT4t1","538MO47UdDWZR0GB3HM5r+","56mUgIlPhIm6bamsj9r/qL","5b3pDvhXFNnI9d2qt3fDrC","5b59660WVLk4LYadRaYigV","5fOC54iD9PGLDLkyVAMdti","61s7h6p9xNTptraDiWxAF5","62G1+1cGxAYZeSUq1jAXo/","63bOgS139MQasIKo26Igzq","63+7TLDp5Hp46+WHsTKuHv","64rOCapfRIGbLEoy5qF+F3","6aYSLUARlOmp6KRfzz1Jvv","6bnZV3+IJJXL4jhMCviJhd","6dSnLcENBPTZw13i2Wrhy8","6dqFrEF5ZJNJ/pJcG2K8QF","6fqk2AmSpJTIp7iQRf8F6+","71VhFCTINJM6/Ky3oX9nBT","71ieGPFExOvpvzmNhHnvsL","72zSA1unZIRqLtdClmznN3","75M4DYIR9BKqOpy+SqEXnu","76OuQITi1Kd7rOtMKCrX0h","761qwdfAJKKZQvZJLSi9HA","79lKkFthNPa7cq3InV34gg","79ln/Vcd1Dl5Qa9a2S4ztu","7cvU/trWdNEbUioMfz+1g0","7eUA/ecqtKJbHxsn0n8WHp","82JGJBz2FKAIMcXw+mTQvJ","88NTtAgMVAU7LxjBYa+W1X","88xa0CygVCwohDQQfvmo6K","91thZFJW5D4JcvaKvhJLyY","9759vLRHxE/ra1OsyRQ6Eq","99v+ox3VVCdZFo19NtmWWW","9cc5z+zgtI54bzWV7P407g","9eAyScQH9Pq5aa0GaEPYN5","a4fXshnzVEB6julN2gjHNb","a9R2AW7eJGzoql/lnwjPLu","aaDGxgDHFItqTCDWlU4Xnx","ab9aiggt5GEojx713AgEO5","adul4JSMVPhZ7+WGS5wxV8","b4P/PCArtIdIH38t6mlw8Y","b4wDB6ik9J2qq6J30PVnUb","b5IEr+GLxGY5JDyVAptIY1","b6HVF4b75KB7mhQ5kgRO05","b67gf3BfZD7aFYHOqF+oe9","b7xV4XpA5FSrJgr2pT1mJY","b79S5c0WFGI5ztCBoYSeJ+","b8Hi4ExkJASaKi7vIPv4xy","b8syP3TzJDlYXKzmoikSGJ","baP/udRO5OcakVES+7qU2k","bc7dpOK15PGogj7jN8ueoe","bfNtkQemNI5Io2JNhw+QnR","c5OLocz01BnJAON9DNUIsq","c7DscxFdpHmacCEqBn8UqF","c788zn6qlNe7kuH2j5tXLG","c9b8TtWLJExaVFGW/AW8wU","caW9H2xGdD2rIplu0uFu4W","cajGdCTAdEzoW92FSh++Cy","callQDaUxA8qrcqqiRW3nq","d2hlaDnOJKB53ARqIQuU2c","d8aEgicfVOvI/AvNQa8fW8","dbW7+36zRBrYjKrQzryH1E","deGLyW93hMbaE1i2nh98wX","e2qKO1X95Gk6tYQAVxQ0sN","e5AkHAYsVCU4mxKFR9UiZF","e8Ueib+qJEhL6mXAHdnwbi","edSDVwg7hOeLamjMRusbnJ","edX9Nw33ZPWqvI2dlNBsg/","efWNGLNwhAX70iZXjM4vQH","f3f4f7NepP7LYmQ5rCiFQW","f8az7Pp3FLwZ4m5/Zn9IpJ","f9gOSwoBFC/4tNzWUZTpnf","f92lIORzdPnZXN3sKUCata","fcsNAWVDxKkoZEJl8G+0/i","01wbZ/WIpHiI7Rec4+6KAn","02CDtoPDdIJ7wevMGARMhh","02RjPdWblLNqaYVHmjphCf","04pi34inZDGqR4JOSYo1QB","06YcurawRFu6gm78W9It52","06i3NzcFtDZpIBpCj2sLsc","06kES73EJODotT/g9d6SsN","07qTJ2lxdMYr/8iCfzjAx8","08zkhXdM1JJLwYjwPXNykq","084efyL3lOHrGJAc+/qmOF","0aNoHCgPRJEJyVYrJsypnh","0aoLYFqFVMy6Y9RVBS4NpI","0b0IsHHYJFQ4ieiAFrymm5","0cjkMTy6pAu5xVPFWtFG+l","0ctM4Bg4BKNqCUmxBoaRsR","0dDfhvzt5IwYEIwoDHpaL7","0eNih89gNOo5P+0Lc7jgBK","0e/p7IEKNM77w4xMew8qZi","0fdQRZdmlAEJA1m6v1Xwap","0fkqFFuBNKULHtwFFYRgaJ","11IhNS1TlNypn3RldXYRNZ","14RpUDrVNL+7dalfjXioNA","14hntr4qVPnL4mjRy1oNQA","16Lv94NJRJo5nQIqXenOl3","171T2Ydd9Bg6CCulTUF8Ob","1845iD2thHX7EC4Jvo7U0t","1ajwLPfiVLGJvH194ElQcV","1cL+qnulBE6p4r5A2wTdoY","1da8bMlhBK4Z9PuI8EpJNR","1eFE1qAK9Era+EmAZMCMWH","1eZ9cPNjNDsabrGNhJznGb","1ezDJr2iNHUbGT81iwRzi5","1e02C3bMVCKr3hdGnIECoL","1fJ2I+SVRIIZEJt9u2DukQ","1fS5itWhdAELMmnU7C1X7w","1fx1iPHvdKurRNU4OlywlK","22o5Pmh1pGy6f45+VoC0VL","23DzyFL2ZLpaM2QFnQ03Ot","24MKbGwpdNtYx8RLnNCOqF","243MCaHppKZKk7o8oeBG9P","27U2sRFsRHlK5bZsZJu2RG","28DdOSoH9MJ5LDNVruFVIC","29FYIk+N1GYaeWH/q1NxQO","2ardmPIGdM9bBgbzXc0Qyh","2atq5Yu9pEHZHYJ2DZcuEO","2cmjShZjpP0Yxu3IeuH2yl","2dPll/WsdEWq30xxKUXMFy","30EQY57f9PTZLM2xFcRqB4","31pEO/7x1GQZxbThZFBePq","32INsJ/IpOG5EZH5e5F1ON","332lPWbBhPh4WRr3/ITKZG","34U5yMZIREl44WrVirCxTH","342Jc4H2xFVq++0Fsm7yJY","35vVsJFsNDQ4sJH3rgXRvk","36FKUxX59Fj4Tp/oL0pEau","37cy4X/ExPqoNTjW/mX8KV","38u9PwFk9AEI1VJaMIc6me","3anO64+ExETKXNz1Ppmyd5","3a5XZs9u9K0rVMh/hgOSxq","3eo5uRZJpD66HaJrceY1Xg","3e8R6h0PdMvrBGtzdXr4sL","40YHUFArZH2IIn92YPA4Mv","40ufdgx5xIp4LPiGbAkBpY","401Axk96JGuo/BW0YpGAgl","448pnDSapAmb/zpDxKvOvK","45hJlZfmxE0LCnWBKerRby","48EtfUIydDarRx7ls0qC8o","4aQsi6X7FKpphhsUOHnx3T","4apLNdcTFM96La5znaaMKF","4auue+K+FHm7SG+m2WPBhQ","4avPax3OVDipnaHx10Fink","4b8PXnizxC8YuprvlYfnIV","4cEswBjxNMvKspK0CmnFQw","4fyfG50rZO1YWS4bKl+zDo","50DDyBDgRFg4ANKWL5FU+Q","50FW2r1+FOIaMOmnIXhe4a","5146dMfRFIvZBKyoUJjnmR","53MbbsUdpHUagpVg8NgLBJ","53OtEtuYdEdrBMC3MNz4LW","56vLUVESxOa6stL6rxM6rI","560WrU1p5KfavA4/xc1Cwq","59ymLJLmdDRLrwT3yfl6l0","5aCjAmTyxJNIYA1H7kOFDY","5bCBL5QXVJrq3u7wO7/YqJ","5c7o+R5IFGnYRK0B+jPgzJ","60sv4MaS1Od5aq2f0riG8o","61Fhu5qsVEZ4RGerW4qPsJ","62/GRUwitGHpPAqMoXga84","63DQaPpUFJ7ZMAq3pgVeFJ","65VllpnJBD5YmWncn4VtKc","659HzFLItOFYFje7df1PSb","66PmO1dmFPxbFPvcZKwRJG","67Yf3NxgdFZ6FFE8MPXeRv","6960UKXAVDOLzGkAA3wJDJ","6alIIWoq5M0K5ZC45xtn2o","6boWxsJ8tJ2oE9/rVBY2z+","6b1V2duBJNSIxOWnQbcHzu","6eo3jDDftMxInntkgsja7h","70urmH/YFMspgVVZ6K9IE3","70zqCPJetDtq3B17xB/mRy","71mhzfzupJ+JtF8YKsXyDv","72myU4EnpFUoLje5Va5/4V","725c2dQIlBk6vqWiJ7sHeL","73VvFzqflC+L8pQRUf1Evo","74nNchLyJAPbWus2ueuuIS","75K/viOnxCtpss9d42hHF/","76bgZQ3HBEFp4KDXASoyXb","76fIw5z1FMLK65/q9OFbz0","7aUt972OdEJq1v7E5dMzwx","7bHsSsDAtKBY1PWPVOjJdk","7bvnYrahdIPbhlRXFOVlJw","7cTZpfZx9I+Zc61Zt59oFH","7dqeu6XolNa5g2RvUOoHsY","7eaY+/h8tDlJ0g/QcooOGA","7egY3nmI1I/oJSByCj2Xoh","80k8hq67xPYKwDBZU4mRZY","81BBxkITRJ94R0cqJFB9G3","81Okgtuk5BqblH0xNECgk/","81QfIuQ/dIK62Fp8ljYWku","81UoUJRKJE6Jpt4CcF99l2","81icRAYP5AyJ8ORZyI5jJ6","81l2qfHSREyb5N9dyZJWk8","81xtdIbBtK05bRheO49weW","815D2cQn9MN49FgXDqH8Pm","82RVF6C9hJm5WlpQ6kyc5y","82dIkPRFdD/IaM8LbG0+sm","84OlmXTllIcK8C69hs16+V","842n5tuhBE+YMdkRDJIinE","8491JdlaJPcaiyuErEu1XG","85fDohp29B84G3OyTQLXBo","86BUm5D5dCvL8KbazQ/H+R","86Z0Oj0MRI4oCXl3tZhgKS","863i+JdbBIDZDaw02Vgq7F","89qcGXbs9J+7GfGRfyxY+5","8aIXwvMdBI/JkoI212dCXj","8a1C1FOm5FTYtLGu5ANmr7","8bVK1KXQhEKbI98JaBpjwk","8bZOcDI05IhJ9DRxOijCcm","8bcxOf0HFAmIR2ZZ8bbKk9","8chzvAB/VFM6zNBA9NGzCX","8dFVtsGQRK95GQg9u3P6/W","8eGqThsl9Bg6bgNdSDqxq+","8fn0VZjUpLt4aGvNGGq38c","91ZfUoOdhNUr+iIzMtaZs5","93kFsFIjRKaaK2aK5W7NQi","94Hc/s6hBBoIH7hiE126Mj","95A9uHBnlK0bq/aOVCR71N","95bbbq11FKUba9haDECOWL","95j+CWpldAlJcsWHAH6Y/h","96Ek3zyIBO/LGuYBOqaEVl","96+rTex2lP6YsaOB79+Hz7","97/PmfrzVPO4QylfK9DJhK","9ahhtarERHj4JmFbyfeyFt","9a38pdZvRNXZLxZc9ScCXV","9bKChvpTJIi4FITZmz+c3/","9bTd9dhWBPOoZzeX1XNP3p","9dFszfkSpNvq0yTrPvcxTn","9ePaX3iFhIVKY8B++lCzh2","9e0K2DsktCj4zUWJC8+9NL","a4DpJG47xHuJw6cJ6kzWoQ","a6tMluI4ZAGo5v1+yZqcKv","a8+mIOrapBXL4tR8H+1+Ai","a9CMJ6oK9Bb4D1pi2iv+DD","a9WwUL3rZErYGAyVvOHWKE","a9gbwkfENBRrJoYl0DjNVb","abJSOfa75CGpHlvzwdf4f2","acGqNB4eRFEZqOKdtV519p","adrHrFF8dGN4Cp8CP4hZOR","aePwxgWDFPA7ZCqCqsFBJV","aepAfcoBRBi6t3fUMtWLWz","ae6svdbqRPMIIkuW/lCw1B","afBbH+3c5C+42RmDXA9OKC","afbWzbbORJHoct8k53JWUg","b23RV5W6RIDZEeXOKOHFAX","b6jzUVJMJL4qcFSduqn8qe","b8OtHAb15OhIPx64GX5n7K","b8hMqsibBAILNfvdYb7zlp","b9gjX1OJJGAY9AyXGWNVqt","b9l6EYBHtKt5/DAiE7HHin","baPJYa3SZCv73ELM9u5YAU","ba3JF+0HZKP5iZ6wR/3ehd","bbIXwm69ZA8bISZPRDVLdn","bdCESoy4hO86kr+hJYfUir","bdgBbnSApNPbDUS9q5hgOJ","beOa374wxJNaNAFb/BHFiW","c0adev4GZBn67Zlsz3Q22w","c04w8thepKr5ugo6X7sllI","c2F2FmwcNHpLQeeN5JoLYr","c3WFfxq4BPv6Z5P2bY1o48","c4FyiCYtBHHb4fJbKvirLc","c5UL74/ulB66lP7ec2Z7I2","c6miNWQRFC4ImgTKvoO1A6","c6zIZdnNNH6aLNiML493Ip","c8Q3a0V4dOzqkNQY6Sr83u","c8w4tSjC1PboJ5BPr85zA5","c9HmtEB4BMtKrnW8Q1Tyoo","c9M5LC7+dB7LjebRKSTLvJ","c9T8cKsiVMP5V1zgu+Ro9m","c94rFahbJN54kbzBdkOSC8","cbVvYuQphKUp/TJheaIi5m","cb34HZ+B1DQ5n97IH+GgxK","ccEmDhwSpBer86OE0NQrnp","cdiF+lItBORZImzXVVhC8W","cd1gHC2DFHAKq56tpcQ6F+","d1jVPGVSNOF4iH7QjeY18n","d2LYE+985C8LJLliZtVi8o","d2aHmKlNBAk6Kd1WMDUc4I","d3bOJXwOZMU6kZ/Jt3I1UL","d5FFkSqaxLZLNIExBhHWmj","d5SG/Nn2ZJdbM6hLf8mj/7","d5tFCHgDdDkpxyk6MTPFDJ","d5w2V8PEBGQJQVQF1/gxL1","d5xNwkKDJJJ4O43iq4ebKV","d6Pj8TvSJHs56y+kXnnV32","d6oS7BWEhELbcc2ySHTS1h","d64je3O1JA75VeoZVnkRiT","d7336FMbVIb7N872n/RY/s","daCF524KdN2ZBj/mxI6pSF","daOmtopP5GXKs1xFw3Tmpf","dabzHbSe1ISJd/HSWXuxLw","daqET6+IpOJq+mXd+fCMKj","da/P/UduBML43dvdMuwEht","db8Kvg+c5GWqhw7jl9As2I","dcbe4g0qBBUJanRLfzJ5gA","dccrIg8StLzqcjUvQhP67U","dcuNgG/UtJiJMLySh/z53/","ddCiWIu3ZP2YfV9shoznwP","deY6IcI29G2r6MEz+no1ck","dewCxdIRdAH4yvan6Ms1Kv","e0ezgWsDBLpYJFUI9omtCw","e0gIP5cX1PQ7oI4oQmu9A6","e1M9+ZZxJBgZvvyheRBLJ4","e1y66z8/hF2KIekxyZtHTg","e2Tey489RJYZ/vjkefuZCG","e2lpKmj+9CEqIa+CuSZhIJ","e3rbQkmChI66Iko1Wu4k9e","e3yF9xVP9GjpnFcYcWXzAK","e3yXr9Gt5O6KbJUIvfIMXX","e4CPVgGM1PHr5UkSKULpMr","e4SvBwNAxIcpM61JreQhdZ","e5VxcRGXBL9ZN8HjFzGqTJ","e63FWc6TVJOqn08TXDV0V4","e7EtNktxJGfrpxkKW4Mwz8","e7tP3Nz3tHNq1NlEtkgeGd","e97GVMl6JHh5Ml5qEDdSGa","eaqubV0D9PJaiJ1zjLKKgo","ea5y55jMlCNYzUbOV+bofv","ecQ7F/qb5CeLAfm98KVkWv","ecpdLyjvZBwrvm+cedCcQy","f0ApkP6dlDbZ1wbmcwDZEG","f0BIwQ8D5Ml7nTNQbh1YlS","f0RVa1D81AmLFNCt1AUYpu","f0tntjVMNKZ65ixp49iwTv","f0vfpiPYNKGIMnQtR2i2oD","f2sELKbzBG6qvUZnifiuTJ","f25i5vR0NCNajRZ4PhhoVB","f5W0DHJAlDbrC10UYJmGGO","f7ExxeTzRN8b6KaWfodFiO","f7iXi6GcZInJIrNJkIKHov","f9eG9hATtI35V1FOnYbY1d","f9ggey6ixKy6jg5Qhw2HHI","f94RD9OtpGQrZtB8XRHfJj","fa0zT2E3JFpYlJoNJMgDtl","fdZ+FLNoFGtYmgI6Rsppg4","fdr1oZv/hF1o6ExGxPdJmb","ffP7gQpepOL5jH6gz7ttjn","ffunmIr0hJV6U3vLFNurkY","ff2UCRJllHc7vDrfxO2L0d"],"scenes":{},"redirect":[306,0,378,1,393,0],"deps":["main","internal"],"packs":{"01a9df1b6":[9,81],"01b7d65d4":[35,172,374,380],"0238529de":[131,180,197,199,206,221,258,264,281,319,323,326,337,358,370,390],"03525ce01":[37,113],"035fbfdb1":[133,134,142,149,189,247,248,255,273,288,301,312,320,352,362,387],"03a311b3e":[158,162,163,168,183,186,193,201,202,203,207,208,213,218,244,266,274,276,293,294,300,324,350,357,365,379,385,395],"045ad549f":[39,103],"0466a061b":[5,36,92,118],"05129f114":[132,151,165,167,169,187,194,219,226,234,257,267,284,308,314,315,316,317,344,364,371,392],"0515f2b7c":[71,99],"0524b9d7b":[144,146,154,192,225,265,307,311,327,335,360,367,391],"053e4d816":[161,170,188,200,204,217,235,253,268,286,346,354,359,363,372,373],"06b0be04a":[130,135,139,140,141,152,156,157,160,171,174,175,195,198,205,209,210,212,216,220,223,224,227,231,233,236,237,79,238,241,249,251,256,259,262,269,270,271,278,279,282,289,296,297,298,305,321,325,329,330,341,342,343,345,347,356,366,375,376,377,384,388,389,394,396],"070420c79":[48,243,275,348],"071101b9c":[143,147,148,184,185,190,211,215,222,232,260,263,285,310,318,328,332,333,336,349,353,355,369,382,386],"0749b472c":[54,76,107],"07f2eca0d":[12,56,95,117],"084c9d957":[136,137,138,150,153,159,164,173,182,191,196,214,70,228,229,230,242,245,246,250,252,254,261,280,283,292,295,303,304,309,313,322,331,338,339,340,361,368,381,383,397],"086d0edd7":[145,155,166,177,178,179,181,239,277,287,290,291,299,302,334],"089a0bceb":[85,126],"095db25e1":[11,13,15,16,17,19,20,22,23,24,1,27,29,30,34,73,0,96,121],"09c8709f5":[272,93],"0b4ecaf68":[84,98],"0b7b95793":[72,94],"0d57b44e9":[60,66,80,108],"0e737d603":[31,47,50,87,110,120,123],"0fcf48163":[41,90,124],"0fe787c22":[18,38,43,57,62,78,116,127]},"name":"common","importBase":"import","nativeBase":"native","debug":false,"isZip":false,"encrypted":false,"versions":{"import":["01a9df1b6","067c6","01b7d65d4","af543","0238529de","0933d","03525ce01","4d157","035fbfdb1","db04d","03a311b3e","0cdf6","045ad549f","9cd5a","0466a061b","8e38e","05129f114","52ed3","0515f2b7c","ee055","0524b9d7b","e215a","053e4d816","ecd80","06b0be04a","f7411","070420c79","b933d","071101b9c","08f38","0749b472c","25f83",2,"f9636","07f2eca0d","e3209","084c9d957","9453b","086d0edd7","ef762","089a0bceb","abc39",3,"376fa","095db25e1","eb001",4,"66df7","09c8709f5","82976","0b4ecaf68","4f3d3","0b7b95793","3799d",6,"f79c3",7,"97dec","0d57b44e9","63584","0e737d603","965ce",8,"fe671","0fcf48163","7b411","0fe787c22","a2f57",10,"ec23a",14,"c5461",21,"5f309",25,"9ece5",26,"bf873",28,"f7bc7",32,"3cf0e",33,"6318a",40,"75380",176,"da335",42,"6ee94",44,"5841b",45,"2fc7f",46,"bd944",49,"7c080",51,"99bae",52,"b0970",53,"f22fb",55,"eed03",58,"ec02d",59,"116fa",61,"34f18",63,"08a31",64,"1cc08",65,"691f9",67,"dc474",68,"3f43e",69,"4ce4d",74,"4ec61",75,"f3f57",77,"7e2ee",240,"2311d",82,"07aa2",83,"1a912",86,"ba6a8",88,"1eebb",89,"1f4f1",91,"e927e",97,"61975",100,"d5c13",101,"d1e05",102,"a3795",104,"e37cb",105,"50177",106,"5469d",109,"45e72",111,"725d8",112,"4cc3d",114,"39523",115,"32a89",351,"2f2cb",119,"f0244",122,"baaee",125,"27e58",128,"e1d5f",129,"56728"],"native":[1,"35ce6",11,"30811",13,"4096c",15,"649ce",16,"d8bd9",17,"f959b",19,"8aeb8",20,"fd5d0",22,"6edf6",23,"1495a",24,"99566",27,"983c2",29,"d3ab8",30,"c53d5",34,"57f36",73,"c06a9",0,"99249",96,"83fcc",121,"90cf4"]}}