[{"__type__":"cc.SpriteFrame","content":{"name":"黑色 固态层 2_00017","texture":"123739ffb","rect":[950,519,253,69],"offset":[0,0],"originalSize":[253,69],"rotated":1,"capInsets":[0,0,0,0]}},{"__type__":"cc.SpriteFrame","content":{"name":"黑色 固态层 2_00011","texture":"123739ffb","rect":[520,950,249,71],"offset":[0,0],"originalSize":[249,71],"capInsets":[0,0,0,0]}},{"__type__":"cc.SpriteFrame","content":{"name":"黑色 固态层 2_00005","texture":"1e1af1cd1","rect":[878,589,254,72],"offset":[0,0],"originalSize":[254,72],"rotated":1,"capInsets":[0,0,0,0]}},{"__type__":"cc.SpriteFrame","content":{"name":"黑色 固态层 2_00015","texture":"1e1af1cd1","rect":[780,261,249,68],"offset":[0,0],"originalSize":[249,68],"rotated":1,"capInsets":[0,0,0,0]}},{"__type__":"cc.SpriteFrame","content":{"name":"黑色 固态层 2_00025","texture":"12c1825a1","rect":[780,3,248,67],"offset":[0,0],"originalSize":[248,67],"rotated":1,"capInsets":[0,0,0,0]}},{"__type__":"cc.SpriteFrame","content":{"name":"黑色 固态层 2_00013","texture":"11f4261cf","rect":[502,775,248,66],"offset":[0,0],"originalSize":[248,66],"capInsets":[0,0,0,0]}},{"__type__":"cc.SpriteFrame","content":{"name":"黑色 固态层 2_00021","texture":"123739ffb","rect":[261,950,253,70],"offset":[0,0],"originalSize":[253,70],"capInsets":[0,0,0,0]}},{"__type__":"cc.SpriteFrame","content":{"name":"黑色 固态层 2_00001","texture":"12c1825a1","rect":[780,257,248,67],"offset":[0,0],"originalSize":[248,67],"rotated":1,"capInsets":[0,0,0,0]}},{"__type__":"cc.SpriteFrame","content":{"name":"黑色 固态层 2_00003","texture":"123739ffb","rect":[768,860,253,74],"offset":[0,0],"originalSize":[253,74],"capInsets":[0,0,0,0]}},{"__type__":"cc.SpriteFrame","content":{"name":"黑色 固态层 2_00023","texture":"123739ffb","rect":[3,950,252,71],"offset":[0,0],"originalSize":[252,71],"capInsets":[0,0,0,0]}},{"__type__":"cc.SpriteFrame","content":{"name":"黑色 固态层 2_00009","texture":"123739ffb","rect":[950,3,252,70],"offset":[0,0],"originalSize":[252,70],"rotated":1,"capInsets":[0,0,0,0]}},{"__type__":"cc.SpriteFrame","content":{"name":"黑色 固态层 2_00019","texture":"1e1af1cd1","rect":[780,3,252,72],"offset":[0,0],"originalSize":[252,72],"rotated":1,"capInsets":[0,0,0,0]}},{"__type__":"cc.SpriteFrame","content":{"name":"黑色 固态层 2_00007","texture":"123739ffb","rect":[950,261,252,70],"offset":[0,0],"originalSize":[252,70],"rotated":1,"capInsets":[0,0,0,0]}}]