[{"__type__":"cc.SpriteFrame","content":{"name":"yanwu_00013","texture":"123739ffb","rect":[516,516,253,253],"offset":[0,0],"originalSize":[253,253],"capInsets":[0,0,0,0]}},{"__type__":"cc.SpriteFrame","content":{"name":"yanwu_00010","texture":"170ee17f0","rect":[599,516,253,253],"offset":[0,0],"originalSize":[253,253],"capInsets":[0,0,0,0]}},{"__type__":"cc.SpriteFrame","content":{"name":"yanwu_00004","texture":"16b407609","rect":[516,516,253,253],"offset":[0,0],"originalSize":[253,253],"capInsets":[0,0,0,0]}},{"__type__":"cc.SpriteFrame","content":{"name":"yanwu_00000","texture":"189104332","rect":[516,516,253,253],"offset":[0,0],"originalSize":[253,253],"capInsets":[0,0,0,0]}},{"__type__":"cc.SpriteFrame","content":{"name":"yanwu_00001","texture":"1a00b32c6","rect":[3,3,253,253],"offset":[0,0],"originalSize":[253,253],"capInsets":[0,0,0,0]}},{"__type__":"cc.SpriteFrame","content":{"name":"yanwu_00005","texture":"1a00b32c6","rect":[3,262,253,253],"offset":[0,0],"originalSize":[253,253],"capInsets":[0,0,0,0]}},{"__type__":"cc.SpriteFrame","content":{"name":"yanwu_00011","texture":"1a00b32c6","rect":[3,521,253,253],"offset":[0,0],"originalSize":[253,253],"capInsets":[0,0,0,0]}},{"__type__":"cc.SpriteFrame","content":{"name":"yanwu_00014","texture":"1a00b32c6","rect":[262,3,253,253],"offset":[0,0],"originalSize":[253,253],"capInsets":[0,0,0,0]}},{"__type__":"cc.SpriteFrame","content":{"name":"yanwu_00008","texture":"1a00b32c6","rect":[521,3,253,253],"offset":[0,0],"originalSize":[253,253],"capInsets":[0,0,0,0]}},{"__type__":"cc.SpriteFrame","content":{"name":"yanwu_00002","texture":"1a00b32c6","rect":[262,262,253,253],"offset":[0,0],"originalSize":[253,253],"capInsets":[0,0,0,0]}},{"__type__":"cc.SpriteFrame","content":{"name":"yanwu_00007","texture":"1a00b32c6","rect":[262,521,253,253],"offset":[0,0],"originalSize":[253,253],"capInsets":[0,0,0,0]}},{"__type__":"cc.SpriteFrame","content":{"name":"yanwu_00009","texture":"1a00b32c6","rect":[521,262,253,253],"offset":[0,0],"originalSize":[253,253],"capInsets":[0,0,0,0]}},{"__type__":"cc.SpriteFrame","content":{"name":"yanwu_00003","texture":"1a00b32c6","rect":[521,521,253,253],"offset":[0,0],"originalSize":[253,253],"capInsets":[0,0,0,0]}},{"__type__":"cc.SpriteFrame","content":{"name":"yanwu_00012","texture":"1b1ec2349","rect":[3,3,253,253],"offset":[0,0],"originalSize":[253,253],"capInsets":[0,0,0,0]}},{"__type__":"cc.SpriteFrame","content":{"name":"yanwu_00006","texture":"1b1ec2349","rect":[3,262,253,253],"offset":[0,0],"originalSize":[253,253],"capInsets":[0,0,0,0]}},{"__type__":"cc.SpriteFrame","content":{"name":"yanwu_00015","texture":"1b1ec2349","rect":[3,521,253,253],"offset":[0,0],"originalSize":[253,253],"capInsets":[0,0,0,0]}}]