[{"__type__":"cc.SpriteFrame","content":{"name":"关卡矩形","texture":"13ba4cd6d","rect":[385,745,105,52],"offset":[0,0],"originalSize":[105,52],"rotated":1,"capInsets":[0,0,0,0]}},{"__type__":"cc.SpriteFrame","content":{"name":"第关","texture":"13ba4cd6d","rect":[605,412,88,23],"offset":[0,0],"originalSize":[88,23],"capInsets":[0,0,0,0]}},[{"__type__":"cc.Prefab","_name":"level_node","data":{"__id__":1}},{"__type__":"cc.Node","_name":"level_node","_children":[{"__id__":2},{"__id__":3}],"_components":[{"__type__":"cc.Sprite","node":{"__id__":1},"_materials":[{"__uuid__":"ecpdLyjvZBwrvm+cedCcQy"}],"_spriteFrame":{"__uuid__":"0aAQM8AP5HxLlc6bSFw5WD"}},{"__type__":"50880OO68pE1owO0nI9BdiN","node":{"__id__":1},"label":{"__id__":4}}],"_prefab":{"__type__":"cc.PrefabInfo","root":{"__id__":1},"asset":{"__uuid__":"773BMFuChAs6txeXUCwPEL"},"fileId":"73yYNJzYhGfrh9vJcme4dp"},"_contentSize":{"__type__":"cc.Size","width":105,"height":52},"_trs":{"__type__":"TypedArray","ctor":"Float64Array","array":[0,0,0,0,0,0,1,1,1,1]}},{"__type__":"cc.Node","_name":"text","_parent":{"__id__":1},"_components":[{"__type__":"cc.Sprite","node":{"__id__":2},"_materials":[{"__uuid__":"ecpdLyjvZBwrvm+cedCcQy"}],"_spriteFrame":{"__uuid__":"46Yiwgkv9Czp8PxjKQtBs5"}}],"_prefab":{"__type__":"cc.PrefabInfo","root":{"__id__":1},"asset":{"__uuid__":"773BMFuChAs6txeXUCwPEL"},"fileId":"c9r8vyFHBM/5Qr0iJoaK9Y"},"_contentSize":{"__type__":"cc.Size","width":88,"height":23},"_trs":{"__type__":"TypedArray","ctor":"Float64Array","array":[0,0,0,0,0,0,1,1,1,1]}},{"__type__":"cc.Node","_name":"label","_parent":{"__id__":1},"_components":[{"__id__":4}],"_prefab":{"__type__":"cc.PrefabInfo","root":{"__id__":1},"asset":{"__uuid__":"773BMFuChAs6txeXUCwPEL"},"fileId":"80SDsoOrxPtZL6N1SARdMw"},"_color":{"__type__":"cc.Color","r":207,"g":207,"b":207},"_contentSize":{"__type__":"cc.Size","height":32.76},"_trs":{"__type__":"TypedArray","ctor":"Float64Array","array":[0,0,0,0,0,0,1,1,1,1]}},{"__type__":"cc.Label","node":{"__id__":3},"_materials":[{"__uuid__":"ecpdLyjvZBwrvm+cedCcQy"}],"_useOriginalSize":false,"_fontSize":24,"_lineHeight":26,"_N$horizontalAlign":1,"_N$verticalAlign":1}]]