[{"__type__":"cc.Prefab","_name":"jinqiu_feng","data":{"__id__":1}},{"__type__":"cc.Node","_name":"jiqiu_dianji","_children":[{"__id__":2}],"_prefab":{"__type__":"cc.PrefabInfo","root":{"__id__":1},"asset":{"__uuid__":"b1H99I7stAWoNhLKgkggs9"},"fileId":"41A6RjaoxPb64PPyrSTG5T"},"_trs":{"__type__":"TypedArray","ctor":"Float64Array","array":[0,0,0,0,0,0,1,1,1,1]}},{"__type__":"cc.Node","_name":"effect_jinqiu_ske","_parent":{"__id__":1},"_components":[{"__type__":"dragonBones.ArmatureDisplay","node":{"__id__":2},"_materials":[{"__uuid__":"ecpdLyjvZBwrvm+cedCcQy"}],"_armatureName":"Armature","_animationName":"feng","_preCacheMode":0,"playTimes":1,"_armatureKey":"3c489cbf-cf3b-4ab9-b792-ced5521564a5#0077eebb-d083-46be-8df5-4b3b82fa466f","_N$dragonAsset":{"__uuid__":"3cSJy/zztKubeSztVSFWSl"},"_N$dragonAtlasAsset":{"__uuid__":"00d+670INGvo31SzuC+kZv"}}],"_prefab":{"__type__":"cc.PrefabInfo","root":{"__id__":1},"asset":{"__uuid__":"b1H99I7stAWoNhLKgkggs9"},"fileId":"b7j6boCIZFmrA0k04gMQzM"},"_contentSize":{"__type__":"cc.Size","width":357.75,"height":181.5},"_trs":{"__type__":"TypedArray","ctor":"Float64Array","array":[0,0,0,0,0,0,1,1,1,1]}}]