{"__type__":"cc.AnimationClip","_name":"Effect","_duration":1.4,"sample":20,"wrapMode":2,"curveData":{"comps":{"cc.Sprite":{"spriteFrame":[{"frame":0,"value":{"__uuid__":"a9gbwkfENBRrJoYl0DjNVb"}},{"frame":0.05,"value":{"__uuid__":"63DQaPpUFJ7ZMAq3pgVeFJ"}},{"frame":0.1,"value":{"__uuid__":"a9WwUL3rZErYGAyVvOHWKE"}},{"frame":0.15,"value":{"__uuid__":"4fyfG50rZO1YWS4bKl+zDo"}},{"frame":0.2,"value":{"__uuid__":"1e02C3bMVCKr3hdGnIECoL"}},{"frame":0.25,"value":{"__uuid__":"95A9uHBnlK0bq/aOVCR71N"}},{"frame":0.3,"value":{"__uuid__":"ae6svdbqRPMIIkuW/lCw1B"}},{"frame":0.35,"value":{"__uuid__":"24MKbGwpdNtYx8RLnNCOqF"}},{"frame":0.4,"value":{"__uuid__":"53MbbsUdpHUagpVg8NgLBJ"}},{"frame":0.45,"value":{"__uuid__":"8bVK1KXQhEKbI98JaBpjwk"}},{"frame":0.5,"value":{"__uuid__":"35vVsJFsNDQ4sJH3rgXRvk"}},{"frame":0.55,"value":{"__uuid__":"53OtEtuYdEdrBMC3MNz4LW"}},{"frame":0.6,"value":{"__uuid__":"1da8bMlhBK4Z9PuI8EpJNR"}},{"frame":0.65,"value":{"__uuid__":"c8w4tSjC1PboJ5BPr85zA5"}},{"frame":0.7,"value":{"__uuid__":"5bCBL5QXVJrq3u7wO7/YqJ"}},{"frame":0.75,"value":{"__uuid__":"7egY3nmI1I/oJSByCj2Xoh"}},{"frame":0.8,"value":{"__uuid__":"4cEswBjxNMvKspK0CmnFQw"}},{"frame":0.85,"value":{"__uuid__":"93kFsFIjRKaaK2aK5W7NQi"}},{"frame":0.9,"value":{"__uuid__":"4b8PXnizxC8YuprvlYfnIV"}},{"frame":0.95,"value":{"__uuid__":"f25i5vR0NCNajRZ4PhhoVB"}},{"frame":1,"value":{"__uuid__":"deY6IcI29G2r6MEz+no1ck"}},{"frame":1.05,"value":{"__uuid__":"401Axk96JGuo/BW0YpGAgl"}},{"frame":1.1,"value":{"__uuid__":"e3rbQkmChI66Iko1Wu4k9e"}},{"frame":1.15,"value":{"__uuid__":"ffP7gQpepOL5jH6gz7ttjn"}},{"frame":1.2,"value":{"__uuid__":"daqET6+IpOJq+mXd+fCMKj"}},{"frame":1.25,"value":{"__uuid__":"f0ApkP6dlDbZ1wbmcwDZEG"}},{"frame":1.3,"value":{"__uuid__":"38u9PwFk9AEI1VJaMIc6me"}},{"frame":1.35,"value":{"__uuid__":"1fJ2I+SVRIIZEJt9u2DukQ"}}]}}}}