[{"__type__":"cc.Prefab","_name":"skinNodeForEmoji","data":{"__id__":1}},{"__type__":"cc.Node","_name":"skinNodeForEmoji","_children":[{"__id__":2},{"__id__":5},{"__id__":7}],"_components":[{"__type__":"55a95+p6aBNDo5q+L/zDcmd","node":{"__id__":1},"itemPrefab":{"__uuid__":"e7VI4BeoZDj7JTG+H+D7+B"},"itemWidth":223}],"_prefab":{"__type__":"cc.PrefabInfo","root":{"__id__":1},"asset":{"__uuid__":"acUsB36rtChbEi24k4rk3p"},"fileId":"22wJgS3ExPcryGT4gjeS5y"},"_contentSize":{"__type__":"cc.Size","width":750,"height":290},"_trs":{"__type__":"TypedArray","ctor":"Float64Array","array":[0,-277,0,0,0,0,1,1,1,1]}},{"__type__":"cc.Node","_name":"_scrollview","_parent":{"__id__":1},"_children":[{"__id__":3}],"_components":[{"__type__":"9aba29YKexFXolpweZzJPKj","node":{"__id__":2},"_N$content":{"__id__":4},"content":{"__id__":4}}],"_prefab":{"__type__":"cc.PrefabInfo","root":{"__id__":1},"asset":{"__uuid__":"acUsB36rtChbEi24k4rk3p"},"fileId":"d9jFC9IM9Lvp3nJc55tlBp"},"_contentSize":{"__type__":"cc.Size","width":670,"height":290},"_trs":{"__type__":"TypedArray","ctor":"Float64Array","array":[0,0,0,0,0,0,1,1,1,1]}},{"__type__":"cc.Node","_name":"view","_parent":{"__id__":2},"_children":[{"__id__":4}],"_components":[{"__type__":"cc.Mask","node":{"__id__":3},"_materials":[{"__uuid__":"ecpdLyjvZBwrvm+cedCcQy"}],"_N$alphaThreshold":0}],"_prefab":{"__type__":"cc.PrefabInfo","root":{"__id__":1},"asset":{"__uuid__":"acUsB36rtChbEi24k4rk3p"},"fileId":"f4Bih2cVxJzZmRd3eh+N6J"},"_contentSize":{"__type__":"cc.Size","width":670,"height":290},"_trs":{"__type__":"TypedArray","ctor":"Float64Array","array":[0,0,0,0,0,0,1,1,1,1]}},{"__type__":"cc.Node","_name":"content","_parent":{"__id__":3},"_prefab":{"__type__":"cc.PrefabInfo","root":{"__id__":1},"asset":{"__uuid__":"acUsB36rtChbEi24k4rk3p"},"fileId":"afpTVHsyRKoI+E436b3oj8"},"_contentSize":{"__type__":"cc.Size","width":670,"height":290},"_anchorPoint":{"__type__":"cc.Vec2","y":0.5},"_trs":{"__type__":"TypedArray","ctor":"Float64Array","array":[-335,0,0,0,0,0,1,1,1,1]}},{"__type__":"cc.Node","_name":"_left_btn","_parent":{"__id__":1},"_children":[{"__id__":6}],"_components":[{"__type__":"cc.Button","node":{"__id__":5},"zoomScale":1.1,"_N$transition":3,"transition":3,"_N$target":{"__id__":6}}],"_prefab":{"__type__":"cc.PrefabInfo","root":{"__id__":1},"asset":{"__uuid__":"acUsB36rtChbEi24k4rk3p"},"fileId":"02qcyRLZpEJKauT23HeO8z"},"_contentSize":{"__type__":"cc.Size","width":40,"height":290},"_trs":{"__type__":"TypedArray","ctor":"Float64Array","array":[-355,0,0,0,0,0,1,1,1,0]}},{"__type__":"cc.Node","_name":"text","_parent":{"__id__":5},"_components":[{"__type__":"cc.Sprite","node":{"__id__":6},"_materials":[{"__uuid__":"ecpdLyjvZBwrvm+cedCcQy"}],"_spriteFrame":{"__uuid__":"1aUSBvvXxGb7eBp5junk0n"}}],"_prefab":{"__type__":"cc.PrefabInfo","root":{"__id__":1},"asset":{"__uuid__":"acUsB36rtChbEi24k4rk3p"},"fileId":"c3Q5abp2VLsaO8098JtDem"},"_contentSize":{"__type__":"cc.Size","width":31,"height":36},"_trs":{"__type__":"TypedArray","ctor":"Float64Array","array":[0,0,0,0,0,0,1,1,1,0]}},{"__type__":"cc.Node","_name":"_right_btn","_parent":{"__id__":1},"_children":[{"__id__":8}],"_components":[{"__type__":"cc.Button","node":{"__id__":7},"zoomScale":1.1,"_N$transition":3,"transition":3,"_N$target":{"__id__":8}}],"_prefab":{"__type__":"cc.PrefabInfo","root":{"__id__":1},"asset":{"__uuid__":"acUsB36rtChbEi24k4rk3p"},"fileId":"51UZbwfTtHbppo2IOXw1wH"},"_contentSize":{"__type__":"cc.Size","width":40,"height":290},"_trs":{"__type__":"TypedArray","ctor":"Float64Array","array":[355,0,0,0,0,0,1,1,1,0]}},{"__type__":"cc.Node","_name":"text","_parent":{"__id__":7},"_components":[{"__type__":"cc.Sprite","node":{"__id__":8},"_materials":[{"__uuid__":"ecpdLyjvZBwrvm+cedCcQy"}],"_spriteFrame":{"__uuid__":"9aSLh/q7RHzJ+4ILkB7l7v"}}],"_prefab":{"__type__":"cc.PrefabInfo","root":{"__id__":1},"asset":{"__uuid__":"acUsB36rtChbEi24k4rk3p"},"fileId":"5aDl3a0/xAgJYfuGF81LLu"},"_contentSize":{"__type__":"cc.Size","width":30,"height":36},"_trs":{"__type__":"TypedArray","ctor":"Float64Array","array":[0,0,0,0,0,0,1,1,1,0]}}]