[[{"__type__":"cc.Prefab","_name":"dailyTaskItem","data":{"__id__":1}},{"__type__":"cc.Node","_name":"dailyTaskItem","_children":[{"__id__":2},{"__id__":3},{"__id__":4},{"__id__":11},{"__id__":12}],"_components":[{"__type__":"e9597t/CQFN3pqjl602tvLE","node":{"__id__":1}}],"_prefab":{"__type__":"cc.PrefabInfo","root":{"__id__":1},"asset":{"__uuid__":"03GGcXsJtEEbJziGPQCjNz"},"fileId":"b3SkMzY4BCKp4GmdmG+Tox"},"_contentSize":{"__type__":"cc.Size","width":633,"height":149},"_trs":{"__type__":"TypedArray","ctor":"Float64Array","array":[0,-74.5,0,0,0,0,1,1,1,1]}},{"__type__":"cc.Node","_name":"bg","_parent":{"__id__":1},"_components":[{"__type__":"cc.Sprite","node":{"__id__":2},"_materials":[{"__uuid__":"ecpdLyjvZBwrvm+cedCcQy"}],"_spriteFrame":{"__uuid__":"c3kR7jCiZOD7yzDiJHfeWF"},"_type":1,"_sizeMode":0}],"_prefab":{"__type__":"cc.PrefabInfo","root":{"__id__":1},"asset":{"__uuid__":"03GGcXsJtEEbJziGPQCjNz"},"fileId":"f1cX0spdxKV7rl/j7oKidJ"},"_contentSize":{"__type__":"cc.Size","width":633,"height":135},"_trs":{"__type__":"TypedArray","ctor":"Float64Array","array":[0,0,0,0,0,0,1,1,1,1]}},{"__type__":"cc.Node","_name":"#title_lbl","_parent":{"__id__":1},"_components":[{"__type__":"cc.Label","node":{"__id__":3},"_materials":[{"__uuid__":"ecpdLyjvZBwrvm+cedCcQy"}],"_useOriginalSize":false,"_string":"【每日】登录游戏","_N$string":"【每日】登录游戏","_fontSize":26,"_lineHeight":28,"_styleFlags":1,"_N$verticalAlign":1}],"_prefab":{"__type__":"cc.PrefabInfo","root":{"__id__":1},"asset":{"__uuid__":"03GGcXsJtEEbJziGPQCjNz"},"fileId":"cctlYf3F1JQqnhVTSRKtod"},"_color":{"__type__":"cc.Color","r":63,"g":135,"b":181},"_contentSize":{"__type__":"cc.Size","width":208,"height":35.28},"_anchorPoint":{"__type__":"cc.Vec2","y":0.5},"_trs":{"__type__":"TypedArray","ctor":"Float64Array","array":[-300,40,0,0,0,0,1,1,1,1]}},{"__type__":"cc.Node","_name":"#prize_node","_parent":{"__id__":1},"_children":[{"__id__":5},{"__id__":7},{"__id__":9}],"_components":[{"__type__":"65bccQ0O1NBZLXfma2oif+T","node":{"__id__":4}}],"_prefab":{"__type__":"cc.PrefabInfo","root":{"__id__":1},"asset":{"__uuid__":"03GGcXsJtEEbJziGPQCjNz"},"fileId":"bfiNG4JO1P/qoLLSh8WGBn"},"_trs":{"__type__":"TypedArray","ctor":"Float64Array","array":[-291,-10,0,0,0,0,1,1,1,1]}},{"__type__":"cc.Node","_name":"prize","_parent":{"__id__":4},"_children":[{"__id__":6}],"_components":[{"__type__":"cc.Sprite","node":{"__id__":5},"_materials":[{"__uuid__":"ecpdLyjvZBwrvm+cedCcQy"}]},{"__type__":"efef2kaR59F1Ybs0KySzxdi","node":{"__id__":5},"style":1}],"_prefab":{"__type__":"cc.PrefabInfo","root":{"__id__":1},"asset":{"__uuid__":"03GGcXsJtEEbJziGPQCjNz"},"fileId":"baYw80ERxO1L8GuTvCvLNt"},"_contentSize":{"__type__":"cc.Size","width":41,"height":45},"_trs":{"__type__":"TypedArray","ctor":"Float64Array","array":[21,0,0,0,0,0,1,1,1,1]}},{"__type__":"cc.Node","_name":"label","_parent":{"__id__":5},"_components":[{"__type__":"cc.Label","node":{"__id__":6},"_materials":[{"__uuid__":"ecpdLyjvZBwrvm+cedCcQy"}],"_useOriginalSize":false,"_string":"+100","_N$string":"+100","_fontSize":24,"_lineHeight":26,"_styleFlags":1,"_N$verticalAlign":1}],"_prefab":{"__type__":"cc.PrefabInfo","root":{"__id__":1},"asset":{"__uuid__":"03GGcXsJtEEbJziGPQCjNz"},"fileId":"d4BaBJYfBATK4XF4LAdguY"},"_color":{"__type__":"cc.Color","r":63,"g":135,"b":181},"_contentSize":{"__type__":"cc.Size","width":54.06,"height":32.76},"_anchorPoint":{"__type__":"cc.Vec2","y":0.5},"_trs":{"__type__":"TypedArray","ctor":"Float64Array","array":[30,0,0,0,0,0,1,1,1,1]}},{"__type__":"cc.Node","_name":"prize","_parent":{"__id__":4},"_children":[{"__id__":8}],"_components":[{"__type__":"cc.Sprite","node":{"__id__":7},"_materials":[{"__uuid__":"ecpdLyjvZBwrvm+cedCcQy"}]},{"__type__":"efef2kaR59F1Ybs0KySzxdi","node":{"__id__":7},"style":1}],"_prefab":{"__type__":"cc.PrefabInfo","root":{"__id__":1},"asset":{"__uuid__":"03GGcXsJtEEbJziGPQCjNz"},"fileId":"a5yBz4A+FNk5XPw0OygO12"},"_contentSize":{"__type__":"cc.Size","width":41,"height":45},"_trs":{"__type__":"TypedArray","ctor":"Float64Array","array":[166,0,0,0,0,0,1,1,1,1]}},{"__type__":"cc.Node","_name":"label","_parent":{"__id__":7},"_components":[{"__type__":"cc.Label","node":{"__id__":8},"_materials":[{"__uuid__":"ecpdLyjvZBwrvm+cedCcQy"}],"_useOriginalSize":false,"_string":"+100","_N$string":"+100","_fontSize":24,"_lineHeight":26,"_styleFlags":1,"_N$verticalAlign":1}],"_prefab":{"__type__":"cc.PrefabInfo","root":{"__id__":1},"asset":{"__uuid__":"03GGcXsJtEEbJziGPQCjNz"},"fileId":"07PJQ330JNMJTc+gxTmMYP"},"_color":{"__type__":"cc.Color","r":63,"g":135,"b":181},"_contentSize":{"__type__":"cc.Size","width":54.06,"height":32.76},"_anchorPoint":{"__type__":"cc.Vec2","y":0.5},"_trs":{"__type__":"TypedArray","ctor":"Float64Array","array":[30,0,0,0,0,0,1,1,1,1]}},{"__type__":"cc.Node","_name":"prize","_parent":{"__id__":4},"_children":[{"__id__":10}],"_components":[{"__type__":"cc.Sprite","node":{"__id__":9},"_materials":[{"__uuid__":"ecpdLyjvZBwrvm+cedCcQy"}]},{"__type__":"efef2kaR59F1Ybs0KySzxdi","node":{"__id__":9},"style":1}],"_prefab":{"__type__":"cc.PrefabInfo","root":{"__id__":1},"asset":{"__uuid__":"03GGcXsJtEEbJziGPQCjNz"},"fileId":"b8OQArodJEB7S1TuuPBmAb"},"_contentSize":{"__type__":"cc.Size","width":41,"height":45},"_trs":{"__type__":"TypedArray","ctor":"Float64Array","array":[311,0,0,0,0,0,1,1,1,1]}},{"__type__":"cc.Node","_name":"label","_parent":{"__id__":9},"_components":[{"__type__":"cc.Label","node":{"__id__":10},"_materials":[{"__uuid__":"ecpdLyjvZBwrvm+cedCcQy"}],"_useOriginalSize":false,"_string":"+100","_N$string":"+100","_fontSize":24,"_lineHeight":26,"_styleFlags":1,"_N$verticalAlign":1}],"_prefab":{"__type__":"cc.PrefabInfo","root":{"__id__":1},"asset":{"__uuid__":"03GGcXsJtEEbJziGPQCjNz"},"fileId":"731ogy1M5KLYvzYMbYPNfL"},"_color":{"__type__":"cc.Color","r":63,"g":135,"b":181},"_contentSize":{"__type__":"cc.Size","width":54.06,"height":32.76},"_anchorPoint":{"__type__":"cc.Vec2","y":0.5},"_trs":{"__type__":"TypedArray","ctor":"Float64Array","array":[30,0,0,0,0,0,1,1,1,1]}},{"__type__":"cc.Node","_name":"#progress_lbl","_parent":{"__id__":1},"_components":[{"__type__":"cc.Label","node":{"__id__":11},"_materials":[{"__uuid__":"ecpdLyjvZBwrvm+cedCcQy"}],"_useOriginalSize":false,"_string":"进度1/2","_N$string":"进度1/2","_fontSize":26,"_lineHeight":28,"_styleFlags":1,"_N$horizontalAlign":2,"_N$verticalAlign":1}],"_prefab":{"__type__":"cc.PrefabInfo","root":{"__id__":1},"asset":{"__uuid__":"03GGcXsJtEEbJziGPQCjNz"},"fileId":"0bZcTxvXZOOb6rI+LMpmkL"},"_color":{"__type__":"cc.Color","r":63,"g":135,"b":181},"_contentSize":{"__type__":"cc.Size","width":88.14,"height":35.28},"_anchorPoint":{"__type__":"cc.Vec2","x":1,"y":0.5},"_trs":{"__type__":"TypedArray","ctor":"Float64Array","array":[290,40,0,0,0,0,1,1,1,1]}},{"__type__":"cc.Node","_name":"btn","_parent":{"__id__":1},"_children":[{"__id__":13},{"__id__":14},{"__id__":15}],"_components":[{"__type__":"cc.Button","node":{"__id__":12},"zoomScale":1.1,"clickEvents":[{"__type__":"cc.ClickEvent","target":{"__id__":1},"_componentId":"e9597t/CQFN3pqjl602tvLE","handler":"onClick"}],"_N$transition":3,"transition":3}],"_prefab":{"__type__":"cc.PrefabInfo","root":{"__id__":1},"asset":{"__uuid__":"03GGcXsJtEEbJziGPQCjNz"},"fileId":"feWK9VQNBP8Z9nvvGq1zi+"},"_contentSize":{"__type__":"cc.Size","width":148,"height":70},"_trs":{"__type__":"TypedArray","ctor":"Float64Array","array":[229,-20,0,0,0,0,1,1,1,0]}},{"__type__":"cc.Node","_name":"#btn0","_parent":{"__id__":12},"_components":[{"__type__":"cc.Sprite","node":{"__id__":13},"_materials":[{"__uuid__":"ecpdLyjvZBwrvm+cedCcQy"}],"_spriteFrame":{"__uuid__":"06kufaUTVAhpX4rLoOwZ6v"}}],"_prefab":{"__type__":"cc.PrefabInfo","root":{"__id__":1},"asset":{"__uuid__":"03GGcXsJtEEbJziGPQCjNz"},"fileId":"7b8EA8amdMt7j4Nflgsg8a"},"_contentSize":{"__type__":"cc.Size","width":148,"height":70},"_trs":{"__type__":"TypedArray","ctor":"Float64Array","array":[0,0,0,0,0,0,1,1,1,1]}},{"__type__":"cc.Node","_name":"#btn1","_parent":{"__id__":12},"_components":[{"__type__":"cc.Sprite","node":{"__id__":14},"_materials":[{"__uuid__":"ecpdLyjvZBwrvm+cedCcQy"}],"_spriteFrame":{"__uuid__":"e1/LpP0UxLga/q50OdSf+U"}}],"_prefab":{"__type__":"cc.PrefabInfo","root":{"__id__":1},"asset":{"__uuid__":"03GGcXsJtEEbJziGPQCjNz"},"fileId":"f0R2FCNYFG+J/uEFgJE1z/"},"_contentSize":{"__type__":"cc.Size","width":148,"height":70},"_trs":{"__type__":"TypedArray","ctor":"Float64Array","array":[0,0,0,0,0,0,1,1,1,1]}},{"__type__":"cc.Node","_name":"#btn2","_parent":{"__id__":12},"_components":[{"__type__":"cc.Sprite","node":{"__id__":15},"_materials":[{"__uuid__":"3ae7efMv1CLq2ilvUY/tQi"}],"_spriteFrame":{"__uuid__":"e1/LpP0UxLga/q50OdSf+U"}}],"_prefab":{"__type__":"cc.PrefabInfo","root":{"__id__":1},"asset":{"__uuid__":"03GGcXsJtEEbJziGPQCjNz"},"fileId":"5fCKGO4VBKo5Wno82zogAN"},"_contentSize":{"__type__":"cc.Size","width":148,"height":70},"_trs":{"__type__":"TypedArray","ctor":"Float64Array","array":[0,0,0,0,0,0,1,1,1,1]}}],{"__type__":"cc.SpriteFrame","content":{"name":"任务_去完成","texture":"1b5eece6f","rect":[847,297,148,70],"offset":[0,0],"originalSize":[148,70],"capInsets":[0,0,0,0]}},{"__type__":"cc.SpriteFrame","content":{"name":"任务_领取","texture":"16b10d60f","rect":[472,950,148,70],"offset":[0,0],"originalSize":[148,70],"capInsets":[0,0,0,0]}}]