[{"__type__":"cc.SpriteFrame","content":{"name":"新手活动_标题","texture":"1ee961467","rect":[565,570,185,47],"offset":[0,0],"originalSize":[185,47],"rotated":1,"capInsets":[0,0,0,0]}},{"__type__":"cc.SpriteFrame","content":{"name":"新手活动_按钮","texture":"1ba580ca6","rect":[642,3,315,121],"offset":[0,0],"originalSize":[315,121],"capInsets":[0,0,0,0]}},[{"__type__":"cc.Prefab","_name":"newbieGiftLayer","data":{"__id__":1}},{"__type__":"cc.Node","_name":"newbieGiftLayer","_children":[{"__id__":2},{"__id__":3}],"_components":[{"__type__":"cc.Widget","node":{"__id__":1},"_alignFlags":45},{"__type__":"cc.BlockInputEvents","node":{"__id__":1}},{"__type__":"19f2b2vhuFF9YHRyRLAS2JH","node":{"__id__":1}}],"_prefab":{"__type__":"cc.PrefabInfo","root":{"__id__":1},"asset":{"__uuid__":"78ecDqNzhBV7DdXOXH3FGh"},"fileId":"b2ZI9uCE5Au74Q/STRz0iL"},"_contentSize":{"__type__":"cc.Size","width":750,"height":1334},"_trs":{"__type__":"TypedArray","ctor":"Float64Array","array":[375,667,0,0,0,0,1,1,1,1]}},{"__type__":"cc.Node","_name":"mask","_parent":{"__id__":1},"_components":[{"__type__":"cc.Sprite","node":{"__id__":2},"_materials":[{"__uuid__":"ecpdLyjvZBwrvm+cedCcQy"}],"_spriteFrame":{"__uuid__":"fdZ+FLNoFGtYmgI6Rsppg4"},"_type":1,"_sizeMode":0,"_isTrimmedMode":false},{"__type__":"cc.Button","node":{"__id__":2},"_N$normalColor":{"__type__":"cc.Color","r":214,"g":214,"b":214},"_N$target":{"__id__":2}},{"__type__":"cc.Widget","node":{"__id__":2},"_alignFlags":45,"_left":-1,"_right":-1,"_top":-1,"_bottom":-1,"_originalWidth":16,"_originalHeight":16}],"_prefab":{"__type__":"cc.PrefabInfo","root":{"__id__":1},"asset":{"__uuid__":"78ecDqNzhBV7DdXOXH3FGh"},"fileId":"67EbqYNDxBRautS9PwfMF8"},"_opacity":180,"_contentSize":{"__type__":"cc.Size","width":752,"height":1336},"_trs":{"__type__":"TypedArray","ctor":"Float64Array","array":[0,0,0,0,0,0,1,1,1,1]}},{"__type__":"cc.Node","_name":"dialog","_parent":{"__id__":1},"_children":[{"__id__":4},{"__id__":25}],"_components":[{"__type__":"96549DGCmlIcZghb3AfRGQI","node":{"__id__":3}}],"_prefab":{"__type__":"cc.PrefabInfo","root":{"__id__":1},"asset":{"__uuid__":"78ecDqNzhBV7DdXOXH3FGh"},"fileId":"19pEruYqhJjrAkAknf+vUE"},"_trs":{"__type__":"TypedArray","ctor":"Float64Array","array":[0,0,0,0,0,0,1,1,1,1]}},{"__type__":"cc.Node","_name":"contents","_parent":{"__id__":3},"_children":[{"__id__":5},{"__id__":6},{"__id__":11},{"__id__":12},{"__id__":13},{"__id__":15},{"__id__":16},{"__id__":19}],"_components":[{"__type__":"09bd4f7l0NPfpseMfFdw+uE","node":{"__id__":4}},{"__type__":"cc.BlockInputEvents","node":{"__id__":4}}],"_prefab":{"__type__":"cc.PrefabInfo","root":{"__id__":1},"asset":{"__uuid__":"78ecDqNzhBV7DdXOXH3FGh"},"fileId":"51qPXPM9RH6blewgAKdmh5"},"_contentSize":{"__type__":"cc.Size","width":625,"height":691},"_trs":{"__type__":"TypedArray","ctor":"Float64Array","array":[0,0,0,0,0,0,1,1,1,1]}},{"__type__":"cc.Node","_name":"bg","_parent":{"__id__":4},"_components":[{"__type__":"cc.Sprite","node":{"__id__":5},"_materials":[{"__uuid__":"ecpdLyjvZBwrvm+cedCcQy"}],"_spriteFrame":{"__uuid__":"7eUA/ecqtKJbHxsn0n8WHp"},"_type":1,"_sizeMode":0,"_isTrimmedMode":false},{"__type__":"cc.Widget","node":{"__id__":5},"_alignFlags":45,"_originalWidth":625,"_originalHeight":771}],"_prefab":{"__type__":"cc.PrefabInfo","root":{"__id__":1},"asset":{"__uuid__":"78ecDqNzhBV7DdXOXH3FGh"},"fileId":"24NmMqu0hBcJJ/rVpJsLQs"},"_contentSize":{"__type__":"cc.Size","width":625,"height":691},"_trs":{"__type__":"TypedArray","ctor":"Float64Array","array":[0,0,0,0,0,0,1,1,1,1]}},{"__type__":"cc.Node","_name":"title_node","_parent":{"__id__":4},"_children":[{"__id__":7},{"__id__":8},{"__id__":9}],"_components":[{"__type__":"cc.Widget","node":{"__id__":6},"_alignFlags":1,"_top":53.5}],"_prefab":{"__type__":"cc.PrefabInfo","root":{"__id__":1},"asset":{"__uuid__":"78ecDqNzhBV7DdXOXH3FGh"},"fileId":"3fSH8zpxNCAb6JeTo5T54M"},"_trs":{"__type__":"TypedArray","ctor":"Float64Array","array":[0,292,0,0,0,0,1,1,1,1]}},{"__type__":"cc.Node","_name":"title_light","_parent":{"__id__":6},"_components":[{"__type__":"ade161OMgVMKpmjDqerbeZb","node":{"__id__":7},"_prefab":{"__uuid__":"a9R2AW7eJGzoql/lnwjPLu"}},{"__type__":"cc.Widget","node":{"__id__":7},"_target":{"__id__":4},"_alignFlags":40,"_left":5.4,"_right":3.6000000000000005,"_top":1.5,"_originalWidth":616}],"_prefab":{"__type__":"cc.PrefabInfo","root":{"__id__":1},"asset":{"__uuid__":"78ecDqNzhBV7DdXOXH3FGh"},"fileId":"80+VloQYJIMLXK2Zc5e0a8"},"_contentSize":{"__type__":"cc.Size","width":616,"height":104},"_trs":{"__type__":"TypedArray","ctor":"Float64Array","array":[0.8999999999999773,0,0,0,0,0,1,1,1,1]}},{"__type__":"cc.Node","_name":"title","_parent":{"__id__":6},"_components":[{"__type__":"cc.Sprite","node":{"__id__":8},"_materials":[{"__uuid__":"ecpdLyjvZBwrvm+cedCcQy"}],"_spriteFrame":{"__uuid__":"309VHmS4ROqK7aSAOCcOgB"}}],"_prefab":{"__type__":"cc.PrefabInfo","root":{"__id__":1},"asset":{"__uuid__":"78ecDqNzhBV7DdXOXH3FGh"},"fileId":"60TCslVLJPfqwhJxAJUXR6"},"_contentSize":{"__type__":"cc.Size","width":185,"height":47},"_trs":{"__type__":"TypedArray","ctor":"Float64Array","array":[0,-2,0,0,0,0,1,1,1,1]}},{"__type__":"cc.Node","_name":"close_btn","_parent":{"__id__":6},"_children":[{"__id__":10}],"_components":[{"__type__":"cc.Button","node":{"__id__":9},"zoomScale":1.1,"_N$transition":3,"transition":3}],"_prefab":{"__type__":"cc.PrefabInfo","root":{"__id__":1},"asset":{"__uuid__":"78ecDqNzhBV7DdXOXH3FGh"},"fileId":"c5EWi0/b1B2r//K/Iq89+9"},"_contentSize":{"__type__":"cc.Size","width":98,"height":98},"_trs":{"__type__":"TypedArray","ctor":"Float64Array","array":[259.748,-2,0,0,0,0,1,1,1,0]}},{"__type__":"cc.Node","_name":"text","_parent":{"__id__":9},"_components":[{"__type__":"cc.Sprite","node":{"__id__":10},"_materials":[{"__uuid__":"ecpdLyjvZBwrvm+cedCcQy"}],"_spriteFrame":{"__uuid__":"e2qKO1X95Gk6tYQAVxQ0sN"}}],"_prefab":{"__type__":"cc.PrefabInfo","root":{"__id__":1},"asset":{"__uuid__":"78ecDqNzhBV7DdXOXH3FGh"},"fileId":"519GqV8BNIdK4wx/0qd7aM"},"_contentSize":{"__type__":"cc.Size","width":38,"height":38},"_trs":{"__type__":"TypedArray","ctor":"Float64Array","array":[0,0,0,0,0,0,1,1,1,1]}},{"__type__":"cc.Node","_name":"bg1","_parent":{"__id__":4},"_components":[{"__type__":"cc.Sprite","node":{"__id__":11},"_materials":[{"__uuid__":"ecpdLyjvZBwrvm+cedCcQy"}],"_spriteFrame":{"__uuid__":"81pgx284hKz4Tlrqr1L8Zo"},"_type":1,"_sizeMode":0}],"_prefab":{"__type__":"cc.PrefabInfo","root":{"__id__":1},"asset":{"__uuid__":"78ecDqNzhBV7DdXOXH3FGh"},"fileId":"d9SNL59n5DgoWuAZsYuqqi"},"_contentSize":{"__type__":"cc.Size","width":589,"height":412},"_trs":{"__type__":"TypedArray","ctor":"Float64Array","array":[0,22.146,0,0,0,0,1,1,1,1]}},{"__type__":"cc.Node","_name":"bg2","_parent":{"__id__":4},"_components":[{"__type__":"cc.Sprite","node":{"__id__":12},"_materials":[{"__uuid__":"ecpdLyjvZBwrvm+cedCcQy"}],"_spriteFrame":{"__uuid__":"b8oDdEliJAFrko13kuBWGz"},"_type":1,"_sizeMode":0}],"_prefab":{"__type__":"cc.PrefabInfo","root":{"__id__":1},"asset":{"__uuid__":"78ecDqNzhBV7DdXOXH3FGh"},"fileId":"e3bQO7DL5KyoRjomouc/G1"},"_contentSize":{"__type__":"cc.Size","width":552,"height":274},"_trs":{"__type__":"TypedArray","ctor":"Float64Array","array":[0,69.436,0,0,0,0,1,1,1,1]}},{"__type__":"cc.Node","_name":"mask","_parent":{"__id__":4},"_children":[{"__id__":14}],"_components":[{"__type__":"cc.Mask","node":{"__id__":13},"_materials":[{"__uuid__":"ecpdLyjvZBwrvm+cedCcQy"}]}],"_prefab":{"__type__":"cc.PrefabInfo","root":{"__id__":1},"asset":{"__uuid__":"78ecDqNzhBV7DdXOXH3FGh"},"fileId":"21XWWVQIpPp5YOe+FycxYp"},"_contentSize":{"__type__":"cc.Size","width":549,"height":271},"_trs":{"__type__":"TypedArray","ctor":"Float64Array","array":[0,69.436,0,0,0,0,1,1,1,1]}},{"__type__":"cc.Node","_name":"node","_parent":{"__id__":13},"_children":[{"__type__":"cc.Node","_name":"$cue_node","_parent":{"__id__":14},"_prefab":{"__type__":"cc.PrefabInfo","root":{"__id__":1},"asset":{"__uuid__":"78ecDqNzhBV7DdXOXH3FGh"},"fileId":"bfd6XfTuBJEofYSsib3QyO"},"_trs":{"__type__":"TypedArray","ctor":"Float64Array","array":[0,0,0,0,0,-0.5664062369248328,0.8241261886220157,1,1,1]},"_eulerAngles":{"__type__":"cc.Vec3","z":-69}}],"_components":[{"__type__":"f1d7aNi0Y9KzZW02HGn2qIU","node":{"__id__":14},"startPos":{"__type__":"cc.Vec2","x":-200,"y":-62},"endPos":{"__type__":"cc.Vec2","x":-200,"y":-82},"duration":2}],"_prefab":{"__type__":"cc.PrefabInfo","root":{"__id__":1},"asset":{"__uuid__":"78ecDqNzhBV7DdXOXH3FGh"},"fileId":"e4xtpE6OhMup9GDMzHrp70"},"_trs":{"__type__":"TypedArray","ctor":"Float64Array","array":[-200,-62,0,0,0,0,1,0.4,0.4,0.4]}},{"__type__":"cc.Node","_name":"tips","_parent":{"__id__":4},"_components":[{"__type__":"cc.Sprite","node":{"__id__":15},"_materials":[{"__uuid__":"ecpdLyjvZBwrvm+cedCcQy"}],"_spriteFrame":{"__uuid__":"b6lg/Ed4xP0ak65dF2/ceq"}}],"_prefab":{"__type__":"cc.PrefabInfo","root":{"__id__":1},"asset":{"__uuid__":"78ecDqNzhBV7DdXOXH3FGh"},"fileId":"b9SoHz2i1Es5joBW6fcBpS"},"_contentSize":{"__type__":"cc.Size","width":417,"height":69},"_trs":{"__type__":"TypedArray","ctor":"Float64Array","array":[0,-124.762,0,0,0,0,1,1,1,1]}},{"__type__":"cc.Node","_name":"time_node","_parent":{"__id__":4},"_children":[{"__id__":17},{"__id__":18}],"_components":[{"__type__":"cc.Sprite","node":{"__id__":16},"_materials":[{"__uuid__":"ecpdLyjvZBwrvm+cedCcQy"}],"_spriteFrame":{"__uuid__":"dcbg2LDG5KW5o1uBQXqWCt"}}],"_prefab":{"__type__":"cc.PrefabInfo","root":{"__id__":1},"asset":{"__uuid__":"78ecDqNzhBV7DdXOXH3FGh"},"fileId":"a9H08eltdIQatA3I3BdkPs"},"_contentSize":{"__type__":"cc.Size","width":548,"height":59},"_trs":{"__type__":"TypedArray","ctor":"Float64Array","array":[0,-36.093,0,0,0,0,1,1,1,1]}},{"__type__":"cc.Node","_name":"icon","_parent":{"__id__":16},"_components":[{"__type__":"cc.Sprite","node":{"__id__":17},"_materials":[{"__uuid__":"ecpdLyjvZBwrvm+cedCcQy"}],"_spriteFrame":{"__uuid__":"ed7gs8qIpP0aPNrUhsVott"}}],"_prefab":{"__type__":"cc.PrefabInfo","root":{"__id__":1},"asset":{"__uuid__":"78ecDqNzhBV7DdXOXH3FGh"},"fileId":"1dc/HdpbdPEb4r7eFCXNrJ"},"_contentSize":{"__type__":"cc.Size","width":41,"height":43},"_trs":{"__type__":"TypedArray","ctor":"Float64Array","array":[-140.144,0,0,0,0,0,1,1,1,1]}},{"__type__":"cc.Node","_name":"$time_lbl","_parent":{"__id__":16},"_components":[{"__type__":"cc.Label","node":{"__id__":18},"_materials":[{"__uuid__":"ecpdLyjvZBwrvm+cedCcQy"}],"_useOriginalSize":false,"_string":"离结束还有00:00:00","_N$string":"离结束还有00:00:00","_fontSize":24,"_N$verticalAlign":1},{"__type__":"54d03y+mg1K+6NNraXJjTEJ","node":{"__id__":18}}],"_prefab":{"__type__":"cc.PrefabInfo","root":{"__id__":1},"asset":{"__uuid__":"78ecDqNzhBV7DdXOXH3FGh"},"fileId":"bbMDa7RSZDYKZ49tp2BXij"},"_color":{"__type__":"cc.Color","r":255,"g":253,"b":251},"_contentSize":{"__type__":"cc.Size","width":213.42,"height":50.4},"_anchorPoint":{"__type__":"cc.Vec2","y":0.5},"_trs":{"__type__":"TypedArray","ctor":"Float64Array","array":[-85.453,0,0,0,0,0,1,1,1,1]}},{"__type__":"cc.Node","_name":"$video_btn","_parent":{"__id__":4},"_children":[{"__id__":20},{"__id__":21},{"__id__":22},{"__id__":23},{"__id__":24}],"_components":[{"__type__":"cc.Button","node":{"__id__":19},"_normalMaterial":{"__uuid__":"ecpdLyjvZBwrvm+cedCcQy"},"zoomScale":1.1,"_N$transition":3,"transition":3},{"__type__":"3a0bdMWXApFAIRZFct2j8zt","node":{"__id__":19},"callback":{"__type__":"cc.ClickEvent","target":{"__id__":1},"_componentId":"19f2b2vhuFF9YHRyRLAS2JH","handler":"onRewardCallback"},"autoRefresh":true}],"_prefab":{"__type__":"cc.PrefabInfo","root":{"__id__":1},"asset":{"__uuid__":"78ecDqNzhBV7DdXOXH3FGh"},"fileId":"e5hCodCydPpIxqEB+sTYUm"},"_contentSize":{"__type__":"cc.Size","width":295,"height":102},"_trs":{"__type__":"TypedArray","ctor":"Float64Array","array":[0,-252.038,0,0,0,0,1,1,1,0]}},{"__type__":"cc.Node","_name":"free_text","_parent":{"__id__":19},"_components":[{"__type__":"cc.Sprite","node":{"__id__":20},"_materials":[{"__uuid__":"ecpdLyjvZBwrvm+cedCcQy"}],"_spriteFrame":{"__uuid__":"357I7OFHVCc62oW5DuzfbM"}}],"_prefab":{"__type__":"cc.PrefabInfo","root":{"__id__":1},"asset":{"__uuid__":"78ecDqNzhBV7DdXOXH3FGh"},"fileId":"87QdsKlEhMGpNfWlg9Ekgj"},"_contentSize":{"__type__":"cc.Size","width":315,"height":121},"_trs":{"__type__":"TypedArray","ctor":"Float64Array","array":[0,-9,0,0,0,0,1,1,1,1]}},{"__type__":"cc.Node","_name":"free_video","_parent":{"__id__":19},"_components":[{"__type__":"cc.Sprite","node":{"__id__":21},"_materials":[{"__uuid__":"ecpdLyjvZBwrvm+cedCcQy"}],"_spriteFrame":{"__uuid__":"862Aqi5XpNDqs4V0G/phKu"}}],"_prefab":{"__type__":"cc.PrefabInfo","root":{"__id__":1},"asset":{"__uuid__":"78ecDqNzhBV7DdXOXH3FGh"},"fileId":"3djGxe665JE4FOA5pVglLf"},"_contentSize":{"__type__":"cc.Size","width":75,"height":58},"_trs":{"__type__":"TypedArray","ctor":"Float64Array","array":[-85.227,0,0,0,0,0,1,1,1,1]}},{"__type__":"cc.Node","_name":"text","_parent":{"__id__":19},"_active":false,"_components":[{"__type__":"cc.Sprite","node":{"__id__":22},"_materials":[{"__uuid__":"ecpdLyjvZBwrvm+cedCcQy"}],"_spriteFrame":{"__uuid__":"67WO8KihlE8IGaZjHAunFJ"}}],"_prefab":{"__type__":"cc.PrefabInfo","root":{"__id__":1},"asset":{"__uuid__":"78ecDqNzhBV7DdXOXH3FGh"},"fileId":"3e79QJFy5LOZNWCtUiHDhF"},"_contentSize":{"__type__":"cc.Size","width":315,"height":121},"_trs":{"__type__":"TypedArray","ctor":"Float64Array","array":[0,-9,0,0,0,0,1,1,1,1]}},{"__type__":"cc.Node","_name":"video_icon","_parent":{"__id__":19},"_active":false,"_components":[{"__type__":"cc.Sprite","node":{"__id__":23},"_materials":[{"__uuid__":"ecpdLyjvZBwrvm+cedCcQy"}],"_spriteFrame":{"__uuid__":"862Aqi5XpNDqs4V0G/phKu"}}],"_prefab":{"__type__":"cc.PrefabInfo","root":{"__id__":1},"asset":{"__uuid__":"78ecDqNzhBV7DdXOXH3FGh"},"fileId":"e1g5nfnDhH75OOlDMAqUC5"},"_contentSize":{"__type__":"cc.Size","width":75,"height":58},"_trs":{"__type__":"TypedArray","ctor":"Float64Array","array":[-65.227,0,0,0,0,0,1,1,1,1]}},{"__type__":"cc.Node","_name":"$video_times_lbl","_parent":{"__id__":19},"_active":false,"_components":[{"__type__":"cc.Label","node":{"__id__":24},"_materials":[{"__uuid__":"ecpdLyjvZBwrvm+cedCcQy"}],"_useOriginalSize":false,"_string":"0/5","_N$string":"0/5","_fontSize":38,"_N$horizontalAlign":1,"_N$verticalAlign":1},{"__type__":"cc.LabelOutline","node":{"__id__":24},"_color":{"__type__":"cc.Color","r":197,"g":128,"b":18},"_width":4}],"_prefab":{"__type__":"cc.PrefabInfo","root":{"__id__":1},"asset":{"__uuid__":"78ecDqNzhBV7DdXOXH3FGh"},"fileId":"bfmzFQ3G5HR4t8UuTuBi93"},"_color":{"__type__":"cc.Color","r":255,"g":253,"b":251},"_contentSize":{"__type__":"cc.Size","width":60.83,"height":58.4},"_trs":{"__type__":"TypedArray","ctor":"Float64Array","array":[33.666,0,0,0,0,0,1,1,1,1]}},{"__type__":"cc.Node","_name":"banner","_parent":{"__id__":3},"_components":[{"__type__":"ce3f9aG6A1If7y9kH3tgvq2","node":{"__id__":25}}],"_prefab":{"__type__":"cc.PrefabInfo","root":{"__id__":1},"asset":{"__uuid__":"78ecDqNzhBV7DdXOXH3FGh"},"fileId":"60O8O5aJtI85lKWuytPXmi"},"_trs":{"__type__":"TypedArray","ctor":"Float64Array","array":[0,-355.477,0,0,0,0,1,1,1,1]}}],{"__type__":"cc.SpriteFrame","content":{"name":"新手活动_视频","texture":"1ba580ca6","rect":[963,3,75,58],"offset":[0,0],"originalSize":[75,58],"rotated":1,"capInsets":[0,0,0,0]}},{"__type__":"cc.SpriteFrame","content":{"name":"新手限时超值豪礼！观看视频即免费解锁酷炫球杆！","texture":"13ca4574f","rect":[175,205,417,69],"offset":[0,0],"originalSize":[417,69],"rotated":1,"capInsets":[0,0,0,0]}},{"__type__":"cc.SpriteFrame","content":{"name":"新手活动_底板2","texture":"13ca4574f","rect":[383,563,548,59],"offset":[0,0],"originalSize":[548,59],"capInsets":[0,0,0,0]}},{"__type__":"cc.SpriteFrame","content":{"name":"新手活动_图标_时钟","texture":"1d1fa178d","rect":[980,885,41,43],"offset":[0,0],"originalSize":[41,43],"capInsets":[0,0,0,0]}}]