[{"__type__":"cc.SpriteFrame","content":{"name":"大量体力","texture":"15339b09a","rect":[577,183,91,29],"offset":[0,0],"originalSize":[91,29],"rotated":1,"capInsets":[0,0,0,0]}},{"__type__":"cc.SpriteFrame","content":{"name":"奖励1","texture":"13ca4574f","rect":[571,302,87,69],"offset":[0,0],"originalSize":[87,69],"rotated":1,"capInsets":[0,0,0,0]}},{"__type__":"cc.SpriteFrame","content":{"name":"奖励2","texture":"13ca4574f","rect":[571,395,79,68],"offset":[0,0],"originalSize":[79,68],"rotated":1,"capInsets":[0,0,0,0]}},{"__type__":"cc.SpriteFrame","content":{"name":"免费+1","texture":"1ee961467","rect":[981,908,84,37],"offset":[0,0],"originalSize":[84,37],"rotated":1,"capInsets":[0,0,0,0]}},{"__type__":"cc.SpriteFrame","content":{"name":"少量体力","texture":"15339b09a","rect":[574,280,90,29],"offset":[0,0],"originalSize":[90,29],"rotated":1,"capInsets":[0,0,0,0]}},{"__type__":"cc.SpriteFrame","content":{"name":"幸运转盘","texture":"1d1fa178d","rect":[809,602,417,124],"offset":[0,0],"originalSize":[417,124],"rotated":1,"capInsets":[0,0,0,0]}},[{"__type__":"cc.Prefab","_name":"wheelLayer","data":{"__id__":1}},{"__type__":"cc.Node","_name":"wheelLayer","_children":[{"__id__":2},{"__id__":3}],"_components":[{"__type__":"cc.Widget","node":{"__id__":1},"_alignFlags":45},{"__type__":"cc.BlockInputEvents","node":{"__id__":1}},{"__type__":"c2b6dq5VCdBlq26p1rYAcAy","node":{"__id__":1}}],"_prefab":{"__type__":"cc.PrefabInfo","root":{"__id__":1},"asset":{"__uuid__":"376E9A4mVH45Bq95LVaYRo"},"fileId":"b2ZI9uCE5Au74Q/STRz0iL"},"_contentSize":{"__type__":"cc.Size","width":750,"height":1334},"_trs":{"__type__":"TypedArray","ctor":"Float64Array","array":[375,667,0,0,0,0,1,1,1,1]}},{"__type__":"cc.Node","_name":"mask","_parent":{"__id__":1},"_components":[{"__type__":"cc.Sprite","node":{"__id__":2},"_materials":[{"__uuid__":"ecpdLyjvZBwrvm+cedCcQy"}],"_spriteFrame":{"__uuid__":"fdZ+FLNoFGtYmgI6Rsppg4"},"_type":1,"_sizeMode":0,"_isTrimmedMode":false},{"__type__":"cc.Button","node":{"__id__":2},"_N$normalColor":{"__type__":"cc.Color","r":214,"g":214,"b":214},"_N$target":{"__id__":2}},{"__type__":"cc.Widget","node":{"__id__":2},"_alignFlags":45,"_left":-1,"_right":-1,"_top":-1,"_bottom":-1,"_originalWidth":16,"_originalHeight":16}],"_prefab":{"__type__":"cc.PrefabInfo","root":{"__id__":1},"asset":{"__uuid__":"376E9A4mVH45Bq95LVaYRo"},"fileId":"67EbqYNDxBRautS9PwfMF8"},"_opacity":180,"_contentSize":{"__type__":"cc.Size","width":752,"height":1336},"_trs":{"__type__":"TypedArray","ctor":"Float64Array","array":[0,0,0,0,0,0,1,1,1,1]}},{"__type__":"cc.Node","_name":"dialog","_parent":{"__id__":1},"_children":[{"__id__":4},{"__id__":47}],"_components":[{"__type__":"96549DGCmlIcZghb3AfRGQI","node":{"__id__":3}}],"_prefab":{"__type__":"cc.PrefabInfo","root":{"__id__":1},"asset":{"__uuid__":"376E9A4mVH45Bq95LVaYRo"},"fileId":"4e0olrghFBEIcfnNmjyfTT"},"_trs":{"__type__":"TypedArray","ctor":"Float64Array","array":[0,0,0,0,0,0,1,1,1,1]}},{"__type__":"cc.Node","_name":"contents","_parent":{"__id__":3},"_children":[{"__id__":5},{"__id__":19},{"__id__":25},{"__id__":26},{"__id__":27},{"__id__":28},{"__id__":30},{"__id__":33},{"__id__":38}],"_components":[{"__type__":"09bd4f7l0NPfpseMfFdw+uE","node":{"__id__":4}},{"__type__":"cc.BlockInputEvents","node":{"__id__":4}}],"_prefab":{"__type__":"cc.PrefabInfo","root":{"__id__":1},"asset":{"__uuid__":"376E9A4mVH45Bq95LVaYRo"},"fileId":"4aiSlis7pBhLGvmKKezuRa"},"_trs":{"__type__":"TypedArray","ctor":"Float64Array","array":[0,109.343,0,0,0,0,1,1,1,1]}},{"__type__":"cc.Node","_name":"wheel","_parent":{"__id__":4},"_children":[{"__id__":6},{"__id__":11}],"_prefab":{"__type__":"cc.PrefabInfo","root":{"__id__":1},"asset":{"__uuid__":"376E9A4mVH45Bq95LVaYRo"},"fileId":"cbEFqDiCFGS4XGnA7CSA5v"},"_trs":{"__type__":"TypedArray","ctor":"Float64Array","array":[0,0,0,0,0,0,1,1,1,1]}},{"__type__":"cc.Node","_name":"bg","_parent":{"__id__":5},"_children":[{"__id__":7},{"__id__":8},{"__id__":9},{"__id__":10}],"_prefab":{"__type__":"cc.PrefabInfo","root":{"__id__":1},"asset":{"__uuid__":"376E9A4mVH45Bq95LVaYRo"},"fileId":"9elpiEyfNCwaxReY5mHg4h"},"_trs":{"__type__":"TypedArray","ctor":"Float64Array","array":[0,0,0,0,0,0.3826834323650898,0.9238795325112867,1,1,1]},"_eulerAngles":{"__type__":"cc.Vec3","z":45}},{"__type__":"cc.Node","_name":"bg1","_parent":{"__id__":6},"_components":[{"__type__":"cc.Sprite","node":{"__id__":7},"_materials":[{"__uuid__":"ecpdLyjvZBwrvm+cedCcQy"}],"_spriteFrame":{"__uuid__":"cejV2VKnlLCZGyLApoiIj1"}}],"_prefab":{"__type__":"cc.PrefabInfo","root":{"__id__":1},"asset":{"__uuid__":"376E9A4mVH45Bq95LVaYRo"},"fileId":"c0ER9p9IxHNpc7IzaQWjaI"},"_contentSize":{"__type__":"cc.Size","width":296,"height":296},"_anchorPoint":{"__type__":"cc.Vec2","x":1},"_trs":{"__type__":"TypedArray","ctor":"Float64Array","array":[0,0,0,0,0,0,1,1,1,1]}},{"__type__":"cc.Node","_name":"bg2","_parent":{"__id__":6},"_components":[{"__type__":"cc.Sprite","node":{"__id__":8},"_materials":[{"__uuid__":"ecpdLyjvZBwrvm+cedCcQy"}],"_spriteFrame":{"__uuid__":"cejV2VKnlLCZGyLApoiIj1"}}],"_prefab":{"__type__":"cc.PrefabInfo","root":{"__id__":1},"asset":{"__uuid__":"376E9A4mVH45Bq95LVaYRo"},"fileId":"87LFKEzChM4qWAqvleWeRK"},"_contentSize":{"__type__":"cc.Size","width":296,"height":296},"_anchorPoint":{"__type__":"cc.Vec2","x":1},"_trs":{"__type__":"TypedArray","ctor":"Float64Array","array":[0,0,0,0,0,0.7071067811865475,0.7071067811865476,1,1,1]},"_eulerAngles":{"__type__":"cc.Vec3","z":90}},{"__type__":"cc.Node","_name":"bg3","_parent":{"__id__":6},"_components":[{"__type__":"cc.Sprite","node":{"__id__":9},"_materials":[{"__uuid__":"ecpdLyjvZBwrvm+cedCcQy"}],"_spriteFrame":{"__uuid__":"cejV2VKnlLCZGyLApoiIj1"}}],"_prefab":{"__type__":"cc.PrefabInfo","root":{"__id__":1},"asset":{"__uuid__":"376E9A4mVH45Bq95LVaYRo"},"fileId":"c50OioEadME5By1T6u5vNl"},"_contentSize":{"__type__":"cc.Size","width":296,"height":296},"_anchorPoint":{"__type__":"cc.Vec2","x":1},"_trs":{"__type__":"TypedArray","ctor":"Float64Array","array":[0,0,0,0,0,1,6.123233995736766e-17,1,1,1]},"_eulerAngles":{"__type__":"cc.Vec3","z":180}},{"__type__":"cc.Node","_name":"bg4","_parent":{"__id__":6},"_components":[{"__type__":"cc.Sprite","node":{"__id__":10},"_materials":[{"__uuid__":"ecpdLyjvZBwrvm+cedCcQy"}],"_spriteFrame":{"__uuid__":"cejV2VKnlLCZGyLApoiIj1"}}],"_prefab":{"__type__":"cc.PrefabInfo","root":{"__id__":1},"asset":{"__uuid__":"376E9A4mVH45Bq95LVaYRo"},"fileId":"6fLZnY+exHnYR7Eue6gCrk"},"_contentSize":{"__type__":"cc.Size","width":296,"height":296},"_anchorPoint":{"__type__":"cc.Vec2","x":1},"_trs":{"__type__":"TypedArray","ctor":"Float64Array","array":[0,0,0,0,0,0.7071067811865476,-0.7071067811865475,1,1,1]},"_eulerAngles":{"__type__":"cc.Vec3","z":270}},{"__type__":"cc.Node","_name":"prize_list","_parent":{"__id__":5},"_children":[{"__id__":12}],"_prefab":{"__type__":"cc.PrefabInfo","root":{"__id__":1},"asset":{"__uuid__":"376E9A4mVH45Bq95LVaYRo"},"fileId":"d2kZg+GmRCGo92tLVxeSY8"},"_trs":{"__type__":"TypedArray","ctor":"Float64Array","array":[0,0,0,0,0,0,1,1,1,1]}},{"__type__":"cc.Node","_name":"item","_parent":{"__id__":11},"_children":[{"__id__":13},{"__id__":15},{"__id__":17}],"_components":[{"__type__":"9053bmbGepHlILwdNprAJvZ","node":{"__id__":12},"label":{"__id__":16},"prizeSp":{"__id__":18},"titleSp":{"__id__":14},"prizeSfList":[{"__uuid__":"05uPYnkMBNTZ+W6qXhlEk9"},{"__uuid__":"089FWdLSBDa44txbTLKZTO"},{"__uuid__":"90lMVfVORM5ZIWnHxVfu1A"},{"__uuid__":"5e4o28n79BOZNyN1fKwqxA"},{"__uuid__":"982SKPQR9Ej6LJZc3ML7fM"},{"__uuid__":"edgOWs/gZFs6fVkW9IL0XB"}],"titleSfList":[{"__uuid__":"edwnQyriBGTIjxxTfe6+RV"},{"__uuid__":"d1f4ZhMhxIEJY4Sk+I2W72"},{"__uuid__":"12wgRxJUVHDrPrIosr9Tbo"},{"__uuid__":"05mB9DTatAYZ9lSaXwJFU6"},{"__uuid__":"aaM8vC5OFPmI1nlMsHnMlq"},{"__uuid__":"7eSzHJ8FhGlqS0Wh+/zan/"},{"__uuid__":"b1gifhSclCZK+uz6CaQIaJ"},{"__uuid__":"95BmWgFhJEf7TN4IkiwP8H"}]}],"_prefab":{"__type__":"cc.PrefabInfo","root":{"__id__":1},"asset":{"__uuid__":"376E9A4mVH45Bq95LVaYRo"},"fileId":"dfL3UOWh9N0K+xeiOsVeP5"},"_contentSize":{"__type__":"cc.Size","height":260},"_anchorPoint":{"__type__":"cc.Vec2","x":0.5},"_trs":{"__type__":"TypedArray","ctor":"Float64Array","array":[0,0,0,0,0,0.19509032201612825,0.9807852804032304,1,1,1]},"_eulerAngles":{"__type__":"cc.Vec3","z":22.5}},{"__type__":"cc.Node","_name":"title","_parent":{"__id__":12},"_components":[{"__id__":14}],"_prefab":{"__type__":"cc.PrefabInfo","root":{"__id__":1},"asset":{"__uuid__":"376E9A4mVH45Bq95LVaYRo"},"fileId":"c7Uf1k0FxGhL+Gl2bIjICn"},"_contentSize":{"__type__":"cc.Size","width":63,"height":27},"_trs":{"__type__":"TypedArray","ctor":"Float64Array","array":[0,255,0,0,0,0,1,1,1,1]}},{"__type__":"cc.Sprite","node":{"__id__":13},"_materials":[{"__uuid__":"ecpdLyjvZBwrvm+cedCcQy"}],"_spriteFrame":{"__uuid__":"aaM8vC5OFPmI1nlMsHnMlq"}},{"__type__":"cc.Node","_name":"label","_parent":{"__id__":12},"_components":[{"__id__":16},{"__type__":"cc.LabelOutline","node":{"__id__":15},"_color":{"__type__":"cc.Color","r":129,"g":77,"b":36},"_width":2}],"_prefab":{"__type__":"cc.PrefabInfo","root":{"__id__":1},"asset":{"__uuid__":"376E9A4mVH45Bq95LVaYRo"},"fileId":"45GIJsiIlC9aFmM9a8hS6N"},"_color":{"__type__":"cc.Color","r":252,"g":233,"b":177},"_contentSize":{"__type__":"cc.Size","width":15.12,"height":30.46},"_anchorPoint":{"__type__":"cc.Vec2","y":0.5},"_trs":{"__type__":"TypedArray","ctor":"Float64Array","array":[30,255,0,0,0,-0.07845909572784494,0.996917333733128,1,1,1]},"_eulerAngles":{"__type__":"cc.Vec3","z":-9}},{"__type__":"cc.Label","node":{"__id__":15},"_materials":[{"__uuid__":"ecpdLyjvZBwrvm+cedCcQy"}],"_useOriginalSize":false,"_string":"5","_N$string":"5","_fontSize":20,"_lineHeight":21,"_N$verticalAlign":1},{"__type__":"cc.Node","_name":"prize","_parent":{"__id__":12},"_components":[{"__id__":18}],"_prefab":{"__type__":"cc.PrefabInfo","root":{"__id__":1},"asset":{"__uuid__":"376E9A4mVH45Bq95LVaYRo"},"fileId":"7d/qsZwPlHor28MCz3R3ye"},"_contentSize":{"__type__":"cc.Size","width":79,"height":74},"_trs":{"__type__":"TypedArray","ctor":"Float64Array","array":[0,166.105,0,0,0,0,1,1,1,1]}},{"__type__":"cc.Sprite","node":{"__id__":17},"_materials":[{"__uuid__":"ecpdLyjvZBwrvm+cedCcQy"}],"_spriteFrame":{"__uuid__":"90lMVfVORM5ZIWnHxVfu1A"}},{"__type__":"cc.Node","_name":"wheel_bg","_parent":{"__id__":4},"_children":[{"__id__":20},{"__id__":21},{"__id__":22},{"__id__":23},{"__id__":24}],"_prefab":{"__type__":"cc.PrefabInfo","root":{"__id__":1},"asset":{"__uuid__":"376E9A4mVH45Bq95LVaYRo"},"fileId":"0fPxvYJTVLTqMSSxzfYz25"},"_trs":{"__type__":"TypedArray","ctor":"Float64Array","array":[0,0,0,0,0,0,1,1,1,1]}},{"__type__":"cc.Node","_name":"bg0","_parent":{"__id__":19},"_components":[{"__type__":"cc.Sprite","node":{"__id__":20},"_materials":[{"__uuid__":"ecpdLyjvZBwrvm+cedCcQy"}],"_spriteFrame":{"__uuid__":"eflo2s+YVCnZ+h9F2SHbmK"}}],"_prefab":{"__type__":"cc.PrefabInfo","root":{"__id__":1},"asset":{"__uuid__":"376E9A4mVH45Bq95LVaYRo"},"fileId":"4f3wJ+5V5GH5D0UeGX88OD"},"_contentSize":{"__type__":"cc.Size","width":158,"height":90},"_trs":{"__type__":"TypedArray","ctor":"Float64Array","array":[0,-340.03,0,0,0,0,1,1,1,1]}},{"__type__":"cc.Node","_name":"bg0.5","_parent":{"__id__":19},"_components":[{"__type__":"cc.Sprite","node":{"__id__":21},"_materials":[{"__uuid__":"ecpdLyjvZBwrvm+cedCcQy"}],"_spriteFrame":{"__uuid__":"7fGMoRGFxCva0bQcWzoUb0"}}],"_prefab":{"__type__":"cc.PrefabInfo","root":{"__id__":1},"asset":{"__uuid__":"376E9A4mVH45Bq95LVaYRo"},"fileId":"0cjeabpSJFdKjtpIBOqfpI"},"_contentSize":{"__type__":"cc.Size","width":65,"height":27},"_trs":{"__type__":"TypedArray","ctor":"Float64Array","array":[-10.812,-351.181,0,0,0,0,1,1,1,1]}},{"__type__":"cc.Node","_name":"bg1","_parent":{"__id__":19},"_components":[{"__type__":"cc.Sprite","node":{"__id__":22},"_materials":[{"__uuid__":"ecpdLyjvZBwrvm+cedCcQy"}],"_spriteFrame":{"__uuid__":"53YSeFL+hIv79oWDQ81XfD"}}],"_prefab":{"__type__":"cc.PrefabInfo","root":{"__id__":1},"asset":{"__uuid__":"376E9A4mVH45Bq95LVaYRo"},"fileId":"2bRq9lOhxOIYSmk3njo0vD"},"_contentSize":{"__type__":"cc.Size","width":325,"height":650},"_anchorPoint":{"__type__":"cc.Vec2","x":1,"y":0.5},"_trs":{"__type__":"TypedArray","ctor":"Float64Array","array":[0,0,0,0,0,0,1,1,1,1]}},{"__type__":"cc.Node","_name":"bg2","_parent":{"__id__":19},"_components":[{"__type__":"cc.Sprite","node":{"__id__":23},"_materials":[{"__uuid__":"ecpdLyjvZBwrvm+cedCcQy"}],"_spriteFrame":{"__uuid__":"53YSeFL+hIv79oWDQ81XfD"}}],"_prefab":{"__type__":"cc.PrefabInfo","root":{"__id__":1},"asset":{"__uuid__":"376E9A4mVH45Bq95LVaYRo"},"fileId":"c47EBUbZhCppCxAxobKapd"},"_contentSize":{"__type__":"cc.Size","width":325,"height":650},"_anchorPoint":{"__type__":"cc.Vec2","x":1,"y":0.5},"_trs":{"__type__":"TypedArray","ctor":"Float64Array","array":[0,0,0,0,0,0,1,-1,1,1]}},{"__type__":"cc.Node","_name":"title","_parent":{"__id__":19},"_components":[{"__type__":"cc.Sprite","node":{"__id__":24},"_materials":[{"__uuid__":"ecpdLyjvZBwrvm+cedCcQy"}],"_spriteFrame":{"__uuid__":"35IDttqC1PIrHtJNzMe8Tq"}}],"_prefab":{"__type__":"cc.PrefabInfo","root":{"__id__":1},"asset":{"__uuid__":"376E9A4mVH45Bq95LVaYRo"},"fileId":"cahRs0fu5PMr0GOHt5BfwK"},"_contentSize":{"__type__":"cc.Size","width":417,"height":124},"_trs":{"__type__":"TypedArray","ctor":"Float64Array","array":[0,327.246,0,0,0,0,1,1,1,1]}},{"__type__":"cc.Node","_name":"light","_parent":{"__id__":4},"_components":[{"__type__":"cc.Sprite","node":{"__id__":25},"_materials":[{"__uuid__":"ecpdLyjvZBwrvm+cedCcQy"}],"_spriteFrame":{"__uuid__":"fdU833N5VO46vJN7m9APU2"}}],"_prefab":{"__type__":"cc.PrefabInfo","root":{"__id__":1},"asset":{"__uuid__":"376E9A4mVH45Bq95LVaYRo"},"fileId":"75RWye5rBKZIcxUJcgqdvt"},"_contentSize":{"__type__":"cc.Size","width":315,"height":315},"_trs":{"__type__":"TypedArray","ctor":"Float64Array","array":[0,0,0,0,0,0,1,2,2,2]}},{"__type__":"cc.Node","_name":"pointer","_parent":{"__id__":4},"_components":[{"__type__":"cc.Sprite","node":{"__id__":26},"_materials":[{"__uuid__":"ecpdLyjvZBwrvm+cedCcQy"}],"_spriteFrame":{"__uuid__":"3cy80EYGNI96ksuHu0Adpi"}}],"_prefab":{"__type__":"cc.PrefabInfo","root":{"__id__":1},"asset":{"__uuid__":"376E9A4mVH45Bq95LVaYRo"},"fileId":"e6RKBuqXFHIb+baqAx4RnI"},"_contentSize":{"__type__":"cc.Size","width":148,"height":229},"_anchorPoint":{"__type__":"cc.Vec2","x":0.5,"y":0.35},"_trs":{"__type__":"TypedArray","ctor":"Float64Array","array":[0,0,0,0,0,0,1,1,1,1]}},{"__type__":"cc.Node","_name":"label","_parent":{"__id__":4},"_components":[{"__type__":"cc.Label","node":{"__id__":27},"_materials":[{"__uuid__":"ecpdLyjvZBwrvm+cedCcQy"}],"_useOriginalSize":false,"_string":"5","_N$string":"5","_fontSize":27,"_lineHeight":28,"_N$verticalAlign":1}],"_prefab":{"__type__":"cc.PrefabInfo","root":{"__id__":1},"asset":{"__uuid__":"376E9A4mVH45Bq95LVaYRo"},"fileId":"5eYNGw/aZKpZiqgHlnqb7j"},"_color":{"__type__":"cc.Color","r":109,"g":244,"b":50},"_contentSize":{"__type__":"cc.Size","width":15.02,"height":35.28},"_anchorPoint":{"__type__":"cc.Vec2","y":0.5},"_trs":{"__type__":"TypedArray","ctor":"Float64Array","array":[23.502,-351,0,0,0,0,1,1,1,1]}},{"__type__":"cc.Node","_name":"close_btn","_parent":{"__id__":4},"_children":[{"__id__":29}],"_components":[{"__type__":"cc.Button","node":{"__id__":28},"zoomScale":1.1,"_N$transition":3,"transition":3}],"_prefab":{"__type__":"cc.PrefabInfo","root":{"__id__":1},"asset":{"__uuid__":"376E9A4mVH45Bq95LVaYRo"},"fileId":"1d0D5p1o9F+abu8ZIRbqaK"},"_contentSize":{"__type__":"cc.Size","width":80,"height":80},"_trs":{"__type__":"TypedArray","ctor":"Float64Array","array":[261.871,302.878,0,0,0,0,1,1,1,0]}},{"__type__":"cc.Node","_name":"text","_parent":{"__id__":28},"_components":[{"__type__":"cc.Sprite","node":{"__id__":29},"_materials":[{"__uuid__":"ecpdLyjvZBwrvm+cedCcQy"}],"_spriteFrame":{"__uuid__":"8abizoiRdFSIaoLkf2yBwf"}}],"_prefab":{"__type__":"cc.PrefabInfo","root":{"__id__":1},"asset":{"__uuid__":"376E9A4mVH45Bq95LVaYRo"},"fileId":"a1GStLXzFDK5yngjYde7i/"},"_contentSize":{"__type__":"cc.Size","width":61,"height":61},"_trs":{"__type__":"TypedArray","ctor":"Float64Array","array":[0,0,0,0,0,0,1,1,1,1]}},{"__type__":"cc.Node","_name":"lottery_btn","_parent":{"__id__":4},"_children":[{"__id__":31},{"__id__":32}],"_active":false,"_components":[{"__type__":"cc.Button","node":{"__id__":30},"_normalMaterial":{"__uuid__":"ecpdLyjvZBwrvm+cedCcQy"},"zoomScale":0.95,"clickEvents":[{"__type__":"cc.ClickEvent","target":{"__id__":1},"_componentId":"c2b6dq5VCdBlq26p1rYAcAy","handler":"onBtnLotteryClick"}],"_N$transition":3,"transition":3}],"_prefab":{"__type__":"cc.PrefabInfo","root":{"__id__":1},"asset":{"__uuid__":"376E9A4mVH45Bq95LVaYRo"},"fileId":"9e7S7z0ldETowYcECfIRwM"},"_contentSize":{"__type__":"cc.Size","width":230,"height":167},"_trs":{"__type__":"TypedArray","ctor":"Float64Array","array":[0,-489.311,0,0,0,0,1,1,1,1]}},{"__type__":"cc.Node","_name":"text","_parent":{"__id__":30},"_components":[{"__type__":"cc.Sprite","node":{"__id__":31},"_materials":[{"__uuid__":"ecpdLyjvZBwrvm+cedCcQy"}],"_spriteFrame":{"__uuid__":"a2mBAf6MVIqa7HZGU1xmpm"}}],"_prefab":{"__type__":"cc.PrefabInfo","root":{"__id__":1},"asset":{"__uuid__":"376E9A4mVH45Bq95LVaYRo"},"fileId":"0ffDBcsQJGPKka1DVS970b"},"_contentSize":{"__type__":"cc.Size","width":230,"height":167},"_trs":{"__type__":"TypedArray","ctor":"Float64Array","array":[0,0,0,0,0,0,1,1,1,1]}},{"__type__":"cc.Node","_name":"GO","_parent":{"__id__":30},"_components":[{"__type__":"cc.Sprite","node":{"__id__":32},"_materials":[{"__uuid__":"ecpdLyjvZBwrvm+cedCcQy"}],"_spriteFrame":{"__uuid__":"45h2wPK7NHZIqB0YLnKF13"}},{"__type__":"d4448oMF25OlpwxNxYG/5DT","node":{"__id__":32}}],"_prefab":{"__type__":"cc.PrefabInfo","root":{"__id__":1},"asset":{"__uuid__":"376E9A4mVH45Bq95LVaYRo"},"fileId":"8alSKiJG1IkLAYVv4EqorK"},"_contentSize":{"__type__":"cc.Size","width":91,"height":44},"_trs":{"__type__":"TypedArray","ctor":"Float64Array","array":[0,49,0,0,0,0,1,1,1,1]}},{"__type__":"cc.Node","_name":"reward_btn","_parent":{"__id__":4},"_children":[{"__id__":34},{"__id__":35},{"__id__":36},{"__id__":37}],"_active":false,"_components":[{"__type__":"cc.Button","node":{"__id__":33},"_normalMaterial":{"__uuid__":"ecpdLyjvZBwrvm+cedCcQy"},"zoomScale":0.95,"_N$transition":3,"transition":3},{"__type__":"3a0bdMWXApFAIRZFct2j8zt","node":{"__id__":33},"callback":{"__type__":"cc.ClickEvent","target":{"__id__":1},"_componentId":"c2b6dq5VCdBlq26p1rYAcAy","handler":"onRewardCallback"},"autoRefresh":true}],"_prefab":{"__type__":"cc.PrefabInfo","root":{"__id__":1},"asset":{"__uuid__":"376E9A4mVH45Bq95LVaYRo"},"fileId":"6a+HBBjWlP3IsHVhmE5Rjx"},"_contentSize":{"__type__":"cc.Size","width":230,"height":167},"_trs":{"__type__":"TypedArray","ctor":"Float64Array","array":[0,-489.311,0,0,0,0,1,1,1,1]}},{"__type__":"cc.Node","_name":"text","_parent":{"__id__":33},"_components":[{"__type__":"cc.Sprite","node":{"__id__":34},"_materials":[{"__uuid__":"ecpdLyjvZBwrvm+cedCcQy"}],"_spriteFrame":{"__uuid__":"a2mBAf6MVIqa7HZGU1xmpm"}}],"_prefab":{"__type__":"cc.PrefabInfo","root":{"__id__":1},"asset":{"__uuid__":"376E9A4mVH45Bq95LVaYRo"},"fileId":"5fcjtkBrhOYLum0IK3B3We"},"_contentSize":{"__type__":"cc.Size","width":230,"height":167},"_trs":{"__type__":"TypedArray","ctor":"Float64Array","array":[0,0,0,0,0,0,1,1,1,1]}},{"__type__":"cc.Node","_name":"share","_parent":{"__id__":33},"_components":[{"__type__":"cc.Sprite","node":{"__id__":35},"_materials":[{"__uuid__":"ecpdLyjvZBwrvm+cedCcQy"}],"_spriteFrame":{"__uuid__":"62PCMzQNxG8o4IX82lrU2B"}}],"_prefab":{"__type__":"cc.PrefabInfo","root":{"__id__":1},"asset":{"__uuid__":"376E9A4mVH45Bq95LVaYRo"},"fileId":"46k8QUwYJO6oymWiEz2q2k"},"_contentSize":{"__type__":"cc.Size","width":37,"height":35},"_trs":{"__type__":"TypedArray","ctor":"Float64Array","array":[-43.862,44.862,0,0,0,0,1,1,1,1]}},{"__type__":"cc.Node","_name":"video","_parent":{"__id__":33},"_components":[{"__type__":"cc.Sprite","node":{"__id__":36},"_materials":[{"__uuid__":"ecpdLyjvZBwrvm+cedCcQy"}],"_spriteFrame":{"__uuid__":"e5rkcJo5VNyJA1NIytZQCl"}}],"_prefab":{"__type__":"cc.PrefabInfo","root":{"__id__":1},"asset":{"__uuid__":"376E9A4mVH45Bq95LVaYRo"},"fileId":"f9IbzbvH9MgrTUKwZjbTo4"},"_contentSize":{"__type__":"cc.Size","width":41,"height":35},"_trs":{"__type__":"TypedArray","ctor":"Float64Array","array":[-43.862,44.862,0,0,0,0,1,1,1,1]}},{"__type__":"cc.Node","_name":"text2","_parent":{"__id__":33},"_components":[{"__type__":"cc.Sprite","node":{"__id__":37},"_materials":[{"__uuid__":"ecpdLyjvZBwrvm+cedCcQy"}],"_spriteFrame":{"__uuid__":"0fOP2b+BRA8rA+Y/GAXXUZ"}}],"_prefab":{"__type__":"cc.PrefabInfo","root":{"__id__":1},"asset":{"__uuid__":"376E9A4mVH45Bq95LVaYRo"},"fileId":"efmRDEQ+ZAb5+n4EkksHMq"},"_contentSize":{"__type__":"cc.Size","width":84,"height":37},"_trs":{"__type__":"TypedArray","ctor":"Float64Array","array":[22.494,45.862,0,0,0,0,1,1,1,1]}},{"__type__":"cc.Node","_name":"reward_toggle_btn","_parent":{"__id__":4},"_children":[{"__id__":39},{"__id__":40},{"__id__":41},{"__id__":42},{"__id__":43},{"__type__":"cc.Node","_name":"toggle_text_btn","_parent":{"__id__":38},"_prefab":{"__type__":"cc.PrefabInfo","root":{"__id__":1},"asset":{"__uuid__":"376E9A4mVH45Bq95LVaYRo"},"fileId":"ddJ2lT5FxM8aYSJ/oYKovp"},"_contentSize":{"__type__":"cc.Size","width":186,"height":55},"_trs":{"__type__":"TypedArray","ctor":"Float64Array","array":[20.191,-98.618,0,0,0,0,1,1,1,1]}}],"_components":[{"__type__":"cc.Button","node":{"__id__":38},"_normalMaterial":{"__uuid__":"ecpdLyjvZBwrvm+cedCcQy"},"zoomScale":0.95,"_N$transition":3,"transition":3},{"__type__":"75611o3I/hBfKfKH2C0AOKA","node":{"__id__":38},"callback":{"__type__":"cc.ClickEvent","target":{"__id__":1},"_componentId":"c2b6dq5VCdBlq26p1rYAcAy","handler":"onRewardCallback"},"autoRefresh":true}],"_prefab":{"__type__":"cc.PrefabInfo","root":{"__id__":1},"asset":{"__uuid__":"376E9A4mVH45Bq95LVaYRo"},"fileId":"ccLMWNK4RFSr9Ra6wovE7I"},"_contentSize":{"__type__":"cc.Size","width":230,"height":167},"_trs":{"__type__":"TypedArray","ctor":"Float64Array","array":[0,-489.311,0,0,0,0,1,1,1,0]}},{"__type__":"cc.Node","_name":"text","_parent":{"__id__":38},"_components":[{"__type__":"cc.Sprite","node":{"__id__":39},"_materials":[{"__uuid__":"ecpdLyjvZBwrvm+cedCcQy"}],"_spriteFrame":{"__uuid__":"a2mBAf6MVIqa7HZGU1xmpm"}}],"_prefab":{"__type__":"cc.PrefabInfo","root":{"__id__":1},"asset":{"__uuid__":"376E9A4mVH45Bq95LVaYRo"},"fileId":"85Aw6NlgRKrIqaT8xa8Ejf"},"_contentSize":{"__type__":"cc.Size","width":230,"height":167},"_trs":{"__type__":"TypedArray","ctor":"Float64Array","array":[0,0,0,0,0,0,1,1,1,1]}},{"__type__":"cc.Node","_name":"GO","_parent":{"__id__":38},"_components":[{"__type__":"cc.Sprite","node":{"__id__":40},"_materials":[{"__uuid__":"ecpdLyjvZBwrvm+cedCcQy"}],"_spriteFrame":{"__uuid__":"45h2wPK7NHZIqB0YLnKF13"}},{"__type__":"d4448oMF25OlpwxNxYG/5DT","node":{"__id__":40}}],"_prefab":{"__type__":"cc.PrefabInfo","root":{"__id__":1},"asset":{"__uuid__":"376E9A4mVH45Bq95LVaYRo"},"fileId":"509KNLnV9EdoYhidrYK0pW"},"_contentSize":{"__type__":"cc.Size","width":91,"height":44},"_trs":{"__type__":"TypedArray","ctor":"Float64Array","array":[0,49,0,0,0,0,1,1,1,1]}},{"__type__":"cc.Node","_name":"video","_parent":{"__id__":38},"_components":[{"__type__":"cc.Sprite","node":{"__id__":41},"_materials":[{"__uuid__":"ecpdLyjvZBwrvm+cedCcQy"}],"_spriteFrame":{"__uuid__":"d5OU7TgfxMWYQXzC7sKayd"}}],"_prefab":{"__type__":"cc.PrefabInfo","root":{"__id__":1},"asset":{"__uuid__":"376E9A4mVH45Bq95LVaYRo"},"fileId":"42z51MQpJLL6repwG0HNry"},"_contentSize":{"__type__":"cc.Size","width":186,"height":32},"_trs":{"__type__":"TypedArray","ctor":"Float64Array","array":[20.191,-98.618,0,0,0,0,1,1,1,1]}},{"__type__":"cc.Node","_name":"share","_parent":{"__id__":38},"_active":false,"_components":[{"__type__":"cc.Sprite","node":{"__id__":42},"_materials":[{"__uuid__":"ecpdLyjvZBwrvm+cedCcQy"}],"_spriteFrame":{"__uuid__":"690sPTRz5GXrwJxlOQ7+6q"}}],"_prefab":{"__type__":"cc.PrefabInfo","root":{"__id__":1},"asset":{"__uuid__":"376E9A4mVH45Bq95LVaYRo"},"fileId":"36wxTccclI9Ie8cluAE255"},"_contentSize":{"__type__":"cc.Size","width":186,"height":32},"_trs":{"__type__":"TypedArray","ctor":"Float64Array","array":[20.191,-98.618,0,0,0,0,1,1,1,1]}},{"__type__":"cc.Node","_name":"reward","_parent":{"__id__":38},"_children":[{"__id__":44},{"__id__":45}],"_components":[{"__type__":"cc.Toggle","node":{"__id__":43},"_N$transition":3,"transition":3,"_N$normalColor":{"__type__":"cc.Color","r":214,"g":214,"b":214},"_N$target":{"__id__":44},"checkMark":{"__id__":46}}],"_prefab":{"__type__":"cc.PrefabInfo","root":{"__id__":1},"asset":{"__uuid__":"376E9A4mVH45Bq95LVaYRo"},"fileId":"7c8S/j9/dENrNk2OolMja6"},"_contentSize":{"__type__":"cc.Size","width":60,"height":60},"_trs":{"__type__":"TypedArray","ctor":"Float64Array","array":[-94.96,-98.618,0,0,0,0,1,1,1,1]}},{"__type__":"cc.Node","_name":"bg","_parent":{"__id__":43},"_components":[{"__type__":"cc.Sprite","node":{"__id__":44},"_materials":[{"__uuid__":"ecpdLyjvZBwrvm+cedCcQy"}],"_spriteFrame":{"__uuid__":"e5AkHAYsVCU4mxKFR9UiZF"}}],"_prefab":{"__type__":"cc.PrefabInfo","root":{"__id__":1},"asset":{"__uuid__":"376E9A4mVH45Bq95LVaYRo"},"fileId":"98QrEoFpJNkplsVT75XUx7"},"_contentSize":{"__type__":"cc.Size","width":31,"height":31},"_trs":{"__type__":"TypedArray","ctor":"Float64Array","array":[0,0,0,0,0,0,1,1,1,0]}},{"__type__":"cc.Node","_name":"checkmark","_parent":{"__id__":43},"_components":[{"__id__":46}],"_prefab":{"__type__":"cc.PrefabInfo","root":{"__id__":1},"asset":{"__uuid__":"376E9A4mVH45Bq95LVaYRo"},"fileId":"33OxGr/VZA5r4ub1RT2HiL"},"_contentSize":{"__type__":"cc.Size","width":37,"height":32},"_trs":{"__type__":"TypedArray","ctor":"Float64Array","array":[0,0,0,0,0,0,1,1,1,1]}},{"__type__":"cc.Sprite","node":{"__id__":45},"_materials":[{"__uuid__":"ecpdLyjvZBwrvm+cedCcQy"}],"_spriteFrame":{"__uuid__":"edX9Nw33ZPWqvI2dlNBsg/"},"_sizeMode":2,"_isTrimmedMode":false},{"__type__":"cc.Node","_name":"banner","_parent":{"__id__":3},"_components":[{"__type__":"ce3f9aG6A1If7y9kH3tgvq2","node":{"__id__":47}}],"_prefab":{"__type__":"cc.PrefabInfo","root":{"__id__":1},"asset":{"__uuid__":"376E9A4mVH45Bq95LVaYRo"},"fileId":"baUm+0hiNJnZraTn4AM4oF"},"_trs":{"__type__":"TypedArray","ctor":"Float64Array","array":[0,-458.487,0,0,0,0,1,1,1,1]}}],{"__type__":"cc.SpriteFrame","content":{"name":"中心","texture":"1ee961467","rect":[797,787,148,229],"offset":[0,0],"originalSize":[148,229],"capInsets":[0,0,0,0]}},{"__type__":"cc.SpriteFrame","content":{"name":"GO","texture":"1ee961467","rect":[977,3,91,44],"offset":[0,0],"originalSize":[91,44],"rotated":1,"capInsets":[0,0,0,0]}},{"__type__":"cc.SpriteFrame","content":{"name":"转盘1","texture":"1d1fa178d","rect":[3,151,325,650],"offset":[0,0],"originalSize":[325,650],"rotated":1,"capInsets":[0,0,0,0]}},{"__type__":"cc.SpriteFrame","content":{"name":"奖励3","texture":"13ca4574f","rect":[298,549,79,73],"offset":[0,0],"originalSize":[79,73],"capInsets":[0,0,0,0]}},{"__type__":"cc.SpriteFrame","content":{"name":"分享","texture":"13ca4574f","rect":[986,56,37,35],"offset":[0,0],"originalSize":[37,35],"rotated":1,"capInsets":[0,0,0,0]}},{"__type__":"cc.SpriteFrame","content":{"name":"分享到群转动转盘","texture":"13ca4574f","rect":[624,751,186,32],"offset":[0,0],"originalSize":[186,32],"capInsets":[0,0,0,0]}},{"__type__":"cc.SpriteFrame","content":{"name":"碎片X","texture":"1ee961467","rect":[246,410,64,27],"offset":[0,0],"originalSize":[64,27],"rotated":1,"capInsets":[0,0,0,0]}},{"__type__":"cc.SpriteFrame","content":{"name":"转盘X","texture":"1ee961467","rect":[92,410,65,27],"offset":[0,0],"originalSize":[65,27],"rotated":1,"capInsets":[0,0,0,0]}},{"__type__":"cc.SpriteFrame","content":{"name":"关闭","texture":"1ee961467","rect":[725,908,61,61],"offset":[0,0],"originalSize":[61,61],"capInsets":[0,0,0,0]}},{"__type__":"cc.SpriteFrame","content":{"name":"奖励4","texture":"15339b09a","rect":[168,210,79,74],"offset":[0,0],"originalSize":[79,74],"rotated":1,"capInsets":[0,0,0,0]}},{"__type__":"cc.SpriteFrame","content":{"name":"大量建设币","texture":"13ca4574f","rect":[740,991,111,29],"offset":[0,0],"originalSize":[111,29],"capInsets":[0,0,0,0]}},{"__type__":"cc.SpriteFrame","content":{"name":"建筑币","texture":"13ca4574f","rect":[863,698,85,67],"offset":[0,0],"originalSize":[85,67],"rotated":1,"capInsets":[0,0,0,0]}},{"__type__":"cc.SpriteFrame","content":{"name":"大按钮","texture":"1ee961467","rect":[297,853,230,167],"offset":[0,0],"originalSize":[230,167],"capInsets":[0,0,0,0]}},{"__type__":"cc.SpriteFrame","content":{"name":"道具X","texture":"13ca4574f","rect":[775,797,63,27],"offset":[0,0],"originalSize":[63,27],"rotated":1,"capInsets":[0,0,0,0]}},{"__type__":"cc.SpriteFrame","content":{"name":"少量建设币","texture":"13ca4574f","rect":[857,991,111,29],"offset":[0,0],"originalSize":[111,29],"capInsets":[0,0,0,0]}},{"__type__":"cc.SpriteFrame","content":{"name":"转盘2","texture":"1ba580ca6","rect":[3,717,296,296],"offset":[0,0],"originalSize":[296,296],"capInsets":[0,0,0,0]}},{"__type__":"cc.SpriteFrame","content":{"name":"大量金币","texture":"15339b09a","rect":[362,326,91,28],"offset":[0,0],"originalSize":[91,28],"capInsets":[0,0,0,0]}},{"__type__":"cc.SpriteFrame","content":{"name":"转盘_观看视频转动转盘","texture":"1ba580ca6","rect":[799,511,186,32],"offset":[0,0],"originalSize":[186,32],"rotated":1,"capInsets":[0,0,0,0]}},{"__type__":"cc.SpriteFrame","content":{"name":"视频","texture":"1d1fa178d","rect":[980,934,41,35],"offset":[0,0],"originalSize":[41,35],"capInsets":[0,0,0,0]}},{"__type__":"cc.SpriteFrame","content":{"name":"碎片图标","texture":"1ee961467","rect":[3,410,65,83],"offset":[0,0],"originalSize":[65,83],"rotated":1,"capInsets":[0,0,0,0]}},{"__type__":"cc.SpriteFrame","content":{"name":"少量金币","texture":"15339b09a","rect":[564,411,90,28],"offset":[0,0],"originalSize":[90,28],"rotated":1,"capInsets":[0,0,0,0]}},{"__type__":"cc.SpriteFrame","content":{"name":"转盘下","texture":"15339b09a","rect":[3,276,158,90],"offset":[0,0],"originalSize":[158,90],"capInsets":[0,0,0,0]}},{"__type__":"cc.SpriteFrame","content":{"name":"灯1","texture":"13ca4574f","rect":[646,101,315,315],"offset":[0,0],"originalSize":[315,315],"capInsets":[0,0,0,0]}}]