[{"__type__":"cc.SpriteFrame","content":{"name":"任务_礼包打勾","texture":"181f0e3b5","rect":[972,976,43,43],"offset":[0,0],"originalSize":[43,43],"capInsets":[0,0,0,0]}},{"__type__":"cc.SpriteFrame","content":{"name":"礼包_待领取","texture":"181f0e3b5","rect":[402,926,90,82],"offset":[0,0],"originalSize":[90,82],"rotated":1,"capInsets":[0,0,0,0]}},{"__type__":"cc.SpriteFrame","content":{"name":"任务_进度条_02","texture":"16b10d60f","rect":[632,628,36,19],"offset":[0,0],"originalSize":[36,19],"capInsets":[11,0,12,0]}},{"__type__":"cc.SpriteFrame","content":{"name":"每周任务2","texture":"19a7fd3ab","rect":[39,847,113,33],"offset":[0,0],"originalSize":[113,33],"rotated":1,"capInsets":[0,0,0,0]}},{"__type__":"cc.SpriteFrame","content":{"name":"任务_标签页_01","texture":"1298ae8a0","rect":[967,620,45,75],"offset":[0,0],"originalSize":[45,75],"capInsets":[17,17,17,3]}},{"__type__":"cc.SpriteFrame","content":{"name":"礼包_已领取","texture":"16b10d60f","rect":[861,959,66,59],"offset":[0,0],"originalSize":[66,59],"capInsets":[0,0,0,0]}},{"__type__":"cc.SpriteFrame","content":{"name":"每日任务1","texture":"1298ae8a0","rect":[928,618,114,33],"offset":[0,0],"originalSize":[114,33],"rotated":1,"capInsets":[0,0,0,0]}},{"__type__":"cc.SpriteFrame","content":{"name":"活跃值小框","texture":"1298ae8a0","rect":[365,788,76,44],"offset":[0,0],"originalSize":[76,44],"capInsets":[0,0,0,0]}},{"__type__":"cc.SpriteFrame","content":{"name":"每日任务2","texture":"19a7fd3ab","rect":[3,979,113,33],"offset":[0,0],"originalSize":[113,33],"capInsets":[0,0,0,0]}},{"__type__":"cc.SpriteFrame","content":{"name":"礼包_未解锁","texture":"1298ae8a0","rect":[559,473,66,59],"offset":[0,0],"originalSize":[66,59],"capInsets":[0,0,0,0]}},{"__type__":"cc.SpriteFrame","content":{"name":"任务_标题","texture":"181f0e3b5","rect":[117,926,94,48],"offset":[0,0],"originalSize":[94,48],"rotated":1,"capInsets":[0,0,0,0]}},{"__type__":"cc.SpriteFrame","content":{"name":"任务_标签页_02","texture":"1298ae8a0","rect":[967,701,45,75],"offset":[0,0],"originalSize":[45,75],"capInsets":[17,17,17,3]}},{"__type__":"cc.SpriteFrame","content":{"name":"任务_进度条_01","texture":"16b10d60f","rect":[992,874,36,19],"offset":[0,0],"originalSize":[36,19],"rotated":1,"capInsets":[11,0,12,0]}},{"__type__":"cc.SpriteFrame","content":{"name":"日活跃值","texture":"19a7fd3ab","rect":[3,144,126,131],"offset":[0,0],"originalSize":[126,131],"rotated":1,"capInsets":[0,0,0,0]}},[{"__type__":"cc.Prefab","_name":"dailyTaskLayer","data":{"__id__":1}},{"__type__":"cc.Node","_name":"dailyTaskLayer","_children":[{"__id__":2},{"__id__":3}],"_components":[{"__type__":"cc.Widget","node":{"__id__":1},"_alignFlags":45},{"__type__":"cc.BlockInputEvents","node":{"__id__":1}},{"__type__":"a19c871JyFG87/Femv1hKCp","node":{"__id__":1}}],"_prefab":{"__type__":"cc.PrefabInfo","root":{"__id__":1},"asset":{"__uuid__":"ceiEF6thpO54e4moFXhgAM"},"fileId":"b2ZI9uCE5Au74Q/STRz0iL"},"_contentSize":{"__type__":"cc.Size","width":750,"height":1334},"_trs":{"__type__":"TypedArray","ctor":"Float64Array","array":[375,667,0,0,0,0,1,1,1,1]}},{"__type__":"cc.Node","_name":"mask","_parent":{"__id__":1},"_components":[{"__type__":"cc.Sprite","node":{"__id__":2},"_materials":[{"__uuid__":"ecpdLyjvZBwrvm+cedCcQy"}],"_spriteFrame":{"__uuid__":"fdZ+FLNoFGtYmgI6Rsppg4"},"_type":1,"_sizeMode":0,"_isTrimmedMode":false},{"__type__":"cc.Button","node":{"__id__":2},"_N$normalColor":{"__type__":"cc.Color","r":214,"g":214,"b":214},"_N$target":{"__id__":2}},{"__type__":"cc.Widget","node":{"__id__":2},"_alignFlags":45,"_left":-1,"_right":-1,"_top":-1,"_bottom":-1,"_originalWidth":16,"_originalHeight":16}],"_prefab":{"__type__":"cc.PrefabInfo","root":{"__id__":1},"asset":{"__uuid__":"ceiEF6thpO54e4moFXhgAM"},"fileId":"67EbqYNDxBRautS9PwfMF8"},"_opacity":180,"_contentSize":{"__type__":"cc.Size","width":752,"height":1336},"_trs":{"__type__":"TypedArray","ctor":"Float64Array","array":[0,0,0,0,0,0,1,1,1,1]}},{"__type__":"cc.Node","_name":"dialog","_parent":{"__id__":1},"_children":[{"__id__":4},{"__id__":63}],"_components":[{"__type__":"96549DGCmlIcZghb3AfRGQI","node":{"__id__":3}}],"_prefab":{"__type__":"cc.PrefabInfo","root":{"__id__":1},"asset":{"__uuid__":"ceiEF6thpO54e4moFXhgAM"},"fileId":"19pEruYqhJjrAkAknf+vUE"},"_trs":{"__type__":"TypedArray","ctor":"Float64Array","array":[0,0,0,0,0,0,1,1,1,1]}},{"__type__":"cc.Node","_name":"contents","_parent":{"__id__":3},"_children":[{"__id__":5},{"__id__":6},{"__id__":11},{"__id__":26},{"__id__":27},{"__id__":45}],"_components":[{"__type__":"09bd4f7l0NPfpseMfFdw+uE","node":{"__id__":4}},{"__type__":"cc.BlockInputEvents","node":{"__id__":4}}],"_prefab":{"__type__":"cc.PrefabInfo","root":{"__id__":1},"asset":{"__uuid__":"ceiEF6thpO54e4moFXhgAM"},"fileId":"51qPXPM9RH6blewgAKdmh5"},"_contentSize":{"__type__":"cc.Size","width":684,"height":1024},"_trs":{"__type__":"TypedArray","ctor":"Float64Array","array":[0,40,0,0,0,0,1,1,1,1]}},{"__type__":"cc.Node","_name":"bg","_parent":{"__id__":4},"_components":[{"__type__":"cc.Sprite","node":{"__id__":5},"_materials":[{"__uuid__":"ecpdLyjvZBwrvm+cedCcQy"}],"_spriteFrame":{"__uuid__":"7eUA/ecqtKJbHxsn0n8WHp"},"_type":1,"_sizeMode":0,"_isTrimmedMode":false},{"__type__":"cc.Widget","node":{"__id__":5},"_alignFlags":45,"_originalWidth":625,"_originalHeight":771}],"_prefab":{"__type__":"cc.PrefabInfo","root":{"__id__":1},"asset":{"__uuid__":"ceiEF6thpO54e4moFXhgAM"},"fileId":"24NmMqu0hBcJJ/rVpJsLQs"},"_contentSize":{"__type__":"cc.Size","width":684,"height":1024},"_trs":{"__type__":"TypedArray","ctor":"Float64Array","array":[0,0,0,0,0,0,1,1,1,1]}},{"__type__":"cc.Node","_name":"title_node","_parent":{"__id__":4},"_children":[{"__id__":7},{"__id__":8},{"__id__":9}],"_components":[{"__type__":"cc.Widget","node":{"__id__":6},"_alignFlags":1,"_top":53.5}],"_prefab":{"__type__":"cc.PrefabInfo","root":{"__id__":1},"asset":{"__uuid__":"ceiEF6thpO54e4moFXhgAM"},"fileId":"62SMrziwNOs4wB9o5cdGUN"},"_trs":{"__type__":"TypedArray","ctor":"Float64Array","array":[0.9,458.5,0,0,0,0,1,1,1,1]}},{"__type__":"cc.Node","_name":"title_light","_parent":{"__id__":6},"_components":[{"__type__":"ade161OMgVMKpmjDqerbeZb","node":{"__id__":7},"_prefab":{"__uuid__":"a9R2AW7eJGzoql/lnwjPLu"}}],"_prefab":{"__type__":"cc.PrefabInfo","root":{"__id__":1},"asset":{"__uuid__":"ceiEF6thpO54e4moFXhgAM"},"fileId":"b0Ke+vpQtPIIuFpKXf24xd"},"_contentSize":{"__type__":"cc.Size","width":676,"height":104},"_trs":{"__type__":"TypedArray","ctor":"Float64Array","array":[0,-2,0,0,0,0,1,1,1,1]}},{"__type__":"cc.Node","_name":"title","_parent":{"__id__":6},"_components":[{"__type__":"cc.Sprite","node":{"__id__":8},"_materials":[{"__uuid__":"ecpdLyjvZBwrvm+cedCcQy"}],"_spriteFrame":{"__uuid__":"942zCyRexBp5xQGFgAxDBJ"}}],"_prefab":{"__type__":"cc.PrefabInfo","root":{"__id__":1},"asset":{"__uuid__":"ceiEF6thpO54e4moFXhgAM"},"fileId":"b4Ya8XymNBEJ2bskbfLXlc"},"_contentSize":{"__type__":"cc.Size","width":94,"height":48},"_trs":{"__type__":"TypedArray","ctor":"Float64Array","array":[-0.9,-2,0,0,0,0,1,1,1,1]}},{"__type__":"cc.Node","_name":"close_btn","_parent":{"__id__":6},"_children":[{"__id__":10}],"_components":[{"__type__":"cc.Button","node":{"__id__":9},"zoomScale":1.1,"_N$transition":3,"transition":3}],"_prefab":{"__type__":"cc.PrefabInfo","root":{"__id__":1},"asset":{"__uuid__":"ceiEF6thpO54e4moFXhgAM"},"fileId":"6eMST/MkZFXb7kfqlskNlM"},"_contentSize":{"__type__":"cc.Size","width":98,"height":98},"_trs":{"__type__":"TypedArray","ctor":"Float64Array","array":[287.848,-2,0,0,0,0,1,1,1,0]}},{"__type__":"cc.Node","_name":"text","_parent":{"__id__":9},"_components":[{"__type__":"cc.Sprite","node":{"__id__":10},"_materials":[{"__uuid__":"ecpdLyjvZBwrvm+cedCcQy"}],"_spriteFrame":{"__uuid__":"e2qKO1X95Gk6tYQAVxQ0sN"}}],"_prefab":{"__type__":"cc.PrefabInfo","root":{"__id__":1},"asset":{"__uuid__":"ceiEF6thpO54e4moFXhgAM"},"fileId":"ddesDk+AZKlZhevmGMCWLf"},"_contentSize":{"__type__":"cc.Size","width":38,"height":38},"_trs":{"__type__":"TypedArray","ctor":"Float64Array","array":[0,0,0,0,0,0,1,1,1,1]}},{"__type__":"cc.Node","_name":"$table_node","_parent":{"__id__":4},"_children":[{"__id__":12},{"__id__":19}],"_components":[{"__type__":"1315cS3c1NMyZUV4gD8OxS9","node":{"__id__":11},"switchHandler":{"__type__":"cc.ClickEvent","_componentId":"a19c871JyFG87/Femv1hKCp","handler":"onTableItemClick"},"duration":0}],"_prefab":{"__type__":"cc.PrefabInfo","root":{"__id__":1},"asset":{"__uuid__":"ceiEF6thpO54e4moFXhgAM"},"fileId":"032haL2IVCdr4qv3m4YSwl"},"_trs":{"__type__":"TypedArray","ctor":"Float64Array","array":[-326.5,305.5,0,0,0,0,1,1,1,1]}},{"__type__":"cc.Node","_name":"daily","_parent":{"__id__":11},"_children":[{"__id__":13},{"__id__":16}],"_components":[{"__type__":"a4878vGhItIjZQSTe3VsuFw","node":{"__id__":12}}],"_prefab":{"__type__":"cc.PrefabInfo","root":{"__id__":1},"asset":{"__uuid__":"ceiEF6thpO54e4moFXhgAM"},"fileId":"46BEOwT05H7qyMaXhljJ4J"},"_contentSize":{"__type__":"cc.Size","width":165,"height":75},"_trs":{"__type__":"TypedArray","ctor":"Float64Array","array":[82.5,37.5,0,0,0,0,1,1,1,1]}},{"__type__":"cc.Node","_name":"gray","_parent":{"__id__":12},"_children":[{"__id__":14},{"__id__":15}],"_active":false,"_prefab":{"__type__":"cc.PrefabInfo","root":{"__id__":1},"asset":{"__uuid__":"ceiEF6thpO54e4moFXhgAM"},"fileId":"f61Uz3rcFNmY4PWAoLRl/x"},"_trs":{"__type__":"TypedArray","ctor":"Float64Array","array":[0,0,0,0,0,0,1,1,1,1]}},{"__type__":"cc.Node","_name":"t1","_parent":{"__id__":13},"_components":[{"__type__":"cc.Sprite","node":{"__id__":14},"_materials":[{"__uuid__":"ecpdLyjvZBwrvm+cedCcQy"}],"_spriteFrame":{"__uuid__":"98qLLvb69O6LBXsP+dDjSg"},"_type":1,"_sizeMode":0}],"_prefab":{"__type__":"cc.PrefabInfo","root":{"__id__":1},"asset":{"__uuid__":"ceiEF6thpO54e4moFXhgAM"},"fileId":"29F8S3Q/9F/oWJW1CJH2Tn"},"_contentSize":{"__type__":"cc.Size","width":165,"height":75},"_trs":{"__type__":"TypedArray","ctor":"Float64Array","array":[0,0,0,0,0,0,1,1,1,1]}},{"__type__":"cc.Node","_name":"t2","_parent":{"__id__":13},"_components":[{"__type__":"cc.Sprite","node":{"__id__":15},"_materials":[{"__uuid__":"ecpdLyjvZBwrvm+cedCcQy"}],"_spriteFrame":{"__uuid__":"79dPxA9vpMC6+vI+iXjVbN"}}],"_prefab":{"__type__":"cc.PrefabInfo","root":{"__id__":1},"asset":{"__uuid__":"ceiEF6thpO54e4moFXhgAM"},"fileId":"c8bw7k2vpCJYq/S5rE838T"},"_contentSize":{"__type__":"cc.Size","width":113,"height":33},"_trs":{"__type__":"TypedArray","ctor":"Float64Array","array":[0,0,0,0,0,0,1,1,1,1]}},{"__type__":"cc.Node","_name":"bright","_parent":{"__id__":12},"_children":[{"__id__":17},{"__id__":18}],"_prefab":{"__type__":"cc.PrefabInfo","root":{"__id__":1},"asset":{"__uuid__":"ceiEF6thpO54e4moFXhgAM"},"fileId":"55n4WJ+pVD2qQDWuFf2T5K"},"_trs":{"__type__":"TypedArray","ctor":"Float64Array","array":[0,0,0,0,0,0,1,1,1,1]}},{"__type__":"cc.Node","_name":"t1","_parent":{"__id__":16},"_components":[{"__type__":"cc.Sprite","node":{"__id__":17},"_materials":[{"__uuid__":"ecpdLyjvZBwrvm+cedCcQy"}],"_spriteFrame":{"__uuid__":"59mEfnRXZP34y2ifnLyKEC"},"_type":1,"_sizeMode":0}],"_prefab":{"__type__":"cc.PrefabInfo","root":{"__id__":1},"asset":{"__uuid__":"ceiEF6thpO54e4moFXhgAM"},"fileId":"e2CcE+eKlNb4tcaNeLTnzb"},"_contentSize":{"__type__":"cc.Size","width":165,"height":75},"_trs":{"__type__":"TypedArray","ctor":"Float64Array","array":[0,0,0,0,0,0,1,1,1,1]}},{"__type__":"cc.Node","_name":"t2","_parent":{"__id__":16},"_components":[{"__type__":"cc.Sprite","node":{"__id__":18},"_materials":[{"__uuid__":"ecpdLyjvZBwrvm+cedCcQy"}],"_spriteFrame":{"__uuid__":"76CgrLAKBB8aPuBJkpmMT4"}}],"_prefab":{"__type__":"cc.PrefabInfo","root":{"__id__":1},"asset":{"__uuid__":"ceiEF6thpO54e4moFXhgAM"},"fileId":"e9JA6sSjhMdIo9hG7KAxop"},"_contentSize":{"__type__":"cc.Size","width":114,"height":33},"_trs":{"__type__":"TypedArray","ctor":"Float64Array","array":[0,0,0,0,0,0,1,1,1,1]}},{"__type__":"cc.Node","_name":"weekly","_parent":{"__id__":11},"_children":[{"__id__":20},{"__id__":23}],"_components":[{"__type__":"a4878vGhItIjZQSTe3VsuFw","node":{"__id__":19}}],"_prefab":{"__type__":"cc.PrefabInfo","root":{"__id__":1},"asset":{"__uuid__":"ceiEF6thpO54e4moFXhgAM"},"fileId":"48PJkwxhxKhqXmKjtRN9Tf"},"_contentSize":{"__type__":"cc.Size","width":165,"height":75},"_trs":{"__type__":"TypedArray","ctor":"Float64Array","array":[257.5,37.5,0,0,0,0,1,1,1,1]}},{"__type__":"cc.Node","_name":"gray","_parent":{"__id__":19},"_children":[{"__id__":21},{"__id__":22}],"_prefab":{"__type__":"cc.PrefabInfo","root":{"__id__":1},"asset":{"__uuid__":"ceiEF6thpO54e4moFXhgAM"},"fileId":"cbmqOCsHVF97ZrApX3Uidf"},"_trs":{"__type__":"TypedArray","ctor":"Float64Array","array":[0,0,0,0,0,0,1,1,1,1]}},{"__type__":"cc.Node","_name":"t1","_parent":{"__id__":20},"_components":[{"__type__":"cc.Sprite","node":{"__id__":21},"_materials":[{"__uuid__":"ecpdLyjvZBwrvm+cedCcQy"}],"_spriteFrame":{"__uuid__":"98qLLvb69O6LBXsP+dDjSg"},"_type":1,"_sizeMode":0}],"_prefab":{"__type__":"cc.PrefabInfo","root":{"__id__":1},"asset":{"__uuid__":"ceiEF6thpO54e4moFXhgAM"},"fileId":"9cSQxHJU5Eq7Lpn9Q0mrS1"},"_contentSize":{"__type__":"cc.Size","width":165,"height":75},"_trs":{"__type__":"TypedArray","ctor":"Float64Array","array":[0,0,0,0,0,0,1,1,1,1]}},{"__type__":"cc.Node","_name":"t2","_parent":{"__id__":20},"_components":[{"__type__":"cc.Sprite","node":{"__id__":22},"_materials":[{"__uuid__":"ecpdLyjvZBwrvm+cedCcQy"}],"_spriteFrame":{"__uuid__":"41KwtQFmhIi7xCkujoBh95"}}],"_prefab":{"__type__":"cc.PrefabInfo","root":{"__id__":1},"asset":{"__uuid__":"ceiEF6thpO54e4moFXhgAM"},"fileId":"ecT9osHE9IGpjFww9ylfD4"},"_contentSize":{"__type__":"cc.Size","width":113,"height":33},"_trs":{"__type__":"TypedArray","ctor":"Float64Array","array":[0,0,0,0,0,0,1,1,1,1]}},{"__type__":"cc.Node","_name":"bright","_parent":{"__id__":19},"_children":[{"__id__":24},{"__id__":25}],"_active":false,"_prefab":{"__type__":"cc.PrefabInfo","root":{"__id__":1},"asset":{"__uuid__":"ceiEF6thpO54e4moFXhgAM"},"fileId":"20pGCHFK1H/qQgVk2yL1+t"},"_trs":{"__type__":"TypedArray","ctor":"Float64Array","array":[0,0,0,0,0,0,1,1,1,1]}},{"__type__":"cc.Node","_name":"t1","_parent":{"__id__":23},"_components":[{"__type__":"cc.Sprite","node":{"__id__":24},"_materials":[{"__uuid__":"ecpdLyjvZBwrvm+cedCcQy"}],"_spriteFrame":{"__uuid__":"59mEfnRXZP34y2ifnLyKEC"},"_type":1,"_sizeMode":0}],"_prefab":{"__type__":"cc.PrefabInfo","root":{"__id__":1},"asset":{"__uuid__":"ceiEF6thpO54e4moFXhgAM"},"fileId":"fcnLeEoHdDnIuQZ9SsPwtG"},"_contentSize":{"__type__":"cc.Size","width":165,"height":75},"_trs":{"__type__":"TypedArray","ctor":"Float64Array","array":[0,0,0,0,0,0,1,1,1,1]}},{"__type__":"cc.Node","_name":"t2","_parent":{"__id__":23},"_components":[{"__type__":"cc.Sprite","node":{"__id__":25},"_materials":[{"__uuid__":"ecpdLyjvZBwrvm+cedCcQy"}],"_spriteFrame":{"__uuid__":"e5c1OFB/NAXo+gADOz3abl"}}],"_prefab":{"__type__":"cc.PrefabInfo","root":{"__id__":1},"asset":{"__uuid__":"ceiEF6thpO54e4moFXhgAM"},"fileId":"659kK3l7hIP4U1kZeiTuYH"},"_contentSize":{"__type__":"cc.Size","width":114,"height":33},"_trs":{"__type__":"TypedArray","ctor":"Float64Array","array":[0,0,0,0,0,0,1,1,1,1]}},{"__type__":"cc.Node","_name":"bg2","_parent":{"__id__":4},"_components":[{"__type__":"cc.Sprite","node":{"__id__":26},"_materials":[{"__uuid__":"ecpdLyjvZBwrvm+cedCcQy"}],"_spriteFrame":{"__uuid__":"81pgx284hKz4Tlrqr1L8Zo"},"_type":1,"_sizeMode":0}],"_prefab":{"__type__":"cc.PrefabInfo","root":{"__id__":1},"asset":{"__uuid__":"ceiEF6thpO54e4moFXhgAM"},"fileId":"6a6RtcQwhOoYgGeaDSZKFt"},"_contentSize":{"__type__":"cc.Size","width":653,"height":621},"_trs":{"__type__":"TypedArray","ctor":"Float64Array","array":[0,7,0,0,0,0,1,1,1,1]}},{"__type__":"cc.Node","_name":"$daily_node","_parent":{"__id__":4},"_children":[{"__id__":28},{"__id__":31},{"__id__":32},{"__id__":33},{"__id__":36}],"_prefab":{"__type__":"cc.PrefabInfo","root":{"__id__":1},"asset":{"__uuid__":"ceiEF6thpO54e4moFXhgAM"},"fileId":"5cyByFIjtPLqbukKegzueS"},"_trs":{"__type__":"TypedArray","ctor":"Float64Array","array":[0,0,0,0,0,0,1,1,1,1]}},{"__type__":"cc.Node","_name":"_scrollview","_parent":{"__id__":27},"_children":[{"__id__":29}],"_components":[{"__type__":"9aba29YKexFXolpweZzJPKj","node":{"__id__":28},"horizontal":false,"_N$content":{"__id__":30},"content":{"__id__":30},"_N$horizontalScrollBar":null,"isFill":true,"_N$cell":{"__uuid__":"03GGcXsJtEEbJziGPQCjNz"},"_N$ScrollModel":1}],"_prefab":{"__type__":"cc.PrefabInfo","root":{"__id__":1},"asset":{"__uuid__":"ceiEF6thpO54e4moFXhgAM"},"fileId":"00SlWgOtdHTpsWGT0MA9rL"},"_contentSize":{"__type__":"cc.Size","width":633,"height":600},"_trs":{"__type__":"TypedArray","ctor":"Float64Array","array":[0,5.709000000000003,0,0,0,0,1,1,1,1]}},{"__type__":"cc.Node","_name":"view","_parent":{"__id__":28},"_children":[{"__id__":30}],"_components":[{"__type__":"cc.Mask","node":{"__id__":29},"_materials":[{"__uuid__":"ecpdLyjvZBwrvm+cedCcQy"}],"_N$alphaThreshold":0}],"_prefab":{"__type__":"cc.PrefabInfo","root":{"__id__":1},"asset":{"__uuid__":"ceiEF6thpO54e4moFXhgAM"},"fileId":"2fZtBx6fJKXZModfmnnaBx"},"_contentSize":{"__type__":"cc.Size","width":633,"height":600},"_trs":{"__type__":"TypedArray","ctor":"Float64Array","array":[0,0,0,0,0,0,1,1,1,1]}},{"__type__":"cc.Node","_name":"content","_parent":{"__id__":29},"_prefab":{"__type__":"cc.PrefabInfo","root":{"__id__":1},"asset":{"__uuid__":"ceiEF6thpO54e4moFXhgAM"},"fileId":"86tsoxeVZCw7ElX1vP1Lj5"},"_contentSize":{"__type__":"cc.Size","width":633,"height":600},"_anchorPoint":{"__type__":"cc.Vec2","x":0.5,"y":1},"_trs":{"__type__":"TypedArray","ctor":"Float64Array","array":[0,300,0,0,0,0,1,1,1,1]}},{"__type__":"cc.Node","_name":"bg","_parent":{"__id__":27},"_components":[{"__type__":"cc.Sprite","node":{"__id__":31},"_materials":[{"__uuid__":"ecpdLyjvZBwrvm+cedCcQy"}],"_spriteFrame":{"__uuid__":"b7mPFOiZFM9Zus4UmO/hSh"}}],"_prefab":{"__type__":"cc.PrefabInfo","root":{"__id__":1},"asset":{"__uuid__":"ceiEF6thpO54e4moFXhgAM"},"fileId":"27NTVCeEZAD5ceQbyc/0Al"},"_contentSize":{"__type__":"cc.Size","width":126,"height":131},"_trs":{"__type__":"TypedArray","ctor":"Float64Array","array":[-251,-388,0,0,0,0,1,1,1,1]}},{"__type__":"cc.Node","_name":"_active_lbl","_parent":{"__id__":27},"_components":[{"__type__":"cc.Label","node":{"__id__":32},"_materials":[{"__uuid__":"ecpdLyjvZBwrvm+cedCcQy"}],"_useOriginalSize":false,"_string":"30","_N$string":"30","_fontSize":60,"_lineHeight":62,"_N$horizontalAlign":1,"_N$verticalAlign":1},{"__type__":"3b7a9Fziy5HFo4nfnQNFHRb","node":{"__id__":32},"id":3,"lblNode":{"__id__":32},"increaseAnim":true}],"_prefab":{"__type__":"cc.PrefabInfo","root":{"__id__":1},"asset":{"__uuid__":"ceiEF6thpO54e4moFXhgAM"},"fileId":"1dHIMvTlRAYaewQ+UJ/1+8"},"_contentSize":{"__type__":"cc.Size","width":66.74,"height":78.12},"_trs":{"__type__":"TypedArray","ctor":"Float64Array","array":[-251,-382,0,0,0,0,1,1,1,1]}},{"__type__":"cc.Node","_name":"_active_progress","_parent":{"__id__":27},"_children":[{"__id__":34}],"_components":[{"__type__":"cc.Sprite","node":{"__id__":33},"_materials":[{"__uuid__":"ecpdLyjvZBwrvm+cedCcQy"}],"_spriteFrame":{"__uuid__":"30XhE6+HdJ2JdD7DgphTbS"},"_type":1,"_sizeMode":0},{"__type__":"cc.ProgressBar","node":{"__id__":33},"_N$totalLength":487,"_N$barSprite":{"__id__":35},"_N$progress":0}],"_prefab":{"__type__":"cc.PrefabInfo","root":{"__id__":1},"asset":{"__uuid__":"ceiEF6thpO54e4moFXhgAM"},"fileId":"fcx3p6CvhNH7P5DNKQgTgM"},"_contentSize":{"__type__":"cc.Size","width":487,"height":19},"_trs":{"__type__":"TypedArray","ctor":"Float64Array","array":[71,-400,0,0,0,0,1,1,1,1]}},{"__type__":"cc.Node","_name":"bar","_objFlags":512,"_parent":{"__id__":33},"_components":[{"__id__":35}],"_prefab":{"__type__":"cc.PrefabInfo","root":{"__id__":1},"asset":{"__uuid__":"ceiEF6thpO54e4moFXhgAM"},"fileId":"aeM6JoQx1FDKXda2KZdRHH"},"_contentSize":{"__type__":"cc.Size","height":19},"_anchorPoint":{"__type__":"cc.Vec2","y":0.5},"_trs":{"__type__":"TypedArray","ctor":"Float64Array","array":[-243.5,0,0,0,0,0,1,1,1,1]}},{"__type__":"cc.Sprite","node":{"__id__":34},"_materials":[{"__uuid__":"ecpdLyjvZBwrvm+cedCcQy"}],"_spriteFrame":{"__uuid__":"99uAJNAbdBS6ktIeZ4HStG"},"_type":1,"_sizeMode":0},{"__type__":"cc.Node","_name":"_prize_node","_parent":{"__id__":27},"_children":[{"__id__":37}],"_prefab":{"__type__":"cc.PrefabInfo","root":{"__id__":1},"asset":{"__uuid__":"ceiEF6thpO54e4moFXhgAM"},"fileId":"6bHhDyLyxLh7O9+Y7aQ54s"},"_trs":{"__type__":"TypedArray","ctor":"Float64Array","array":[-172.5,-400,0,0,0,0,1,1,1,1]}},{"__type__":"cc.Node","_name":"item","_parent":{"__id__":36},"_children":[{"__id__":38},{"__id__":39},{"__id__":41},{"__id__":42},{"__id__":43},{"__id__":44}],"_prefab":{"__type__":"cc.PrefabInfo","root":{"__id__":1},"asset":{"__uuid__":"ceiEF6thpO54e4moFXhgAM"},"fileId":"5dqqau99pCEqTIP2X1/LrW"},"_contentSize":{"__type__":"cc.Size","width":80,"height":80},"_anchorPoint":{"__type__":"cc.Vec2","x":0.5},"_trs":{"__type__":"TypedArray","ctor":"Float64Array","array":[70,0,0,0,0,0,1,1,1,1]}},{"__type__":"cc.Node","_name":"bg0","_parent":{"__id__":37},"_components":[{"__type__":"cc.Sprite","node":{"__id__":38},"_materials":[{"__uuid__":"ecpdLyjvZBwrvm+cedCcQy"}],"_spriteFrame":{"__uuid__":"cfidyyzlJM3osnQMS6FyNB"}}],"_prefab":{"__type__":"cc.PrefabInfo","root":{"__id__":1},"asset":{"__uuid__":"ceiEF6thpO54e4moFXhgAM"},"fileId":"c7JdF1kxpFbrtQ7/kRsfHE"},"_contentSize":{"__type__":"cc.Size","width":63,"height":63},"_trs":{"__type__":"TypedArray","ctor":"Float64Array","array":[0,47,0,0,0,0,1,1,1,1]}},{"__type__":"cc.Node","_name":"#box2","_parent":{"__id__":37},"_children":[{"__id__":40}],"_active":false,"_components":[{"__type__":"cc.Sprite","node":{"__id__":39},"_materials":[{"__uuid__":"ecpdLyjvZBwrvm+cedCcQy"}],"_spriteFrame":{"__uuid__":"73s9AXhfRBJrvWOu9cxXD2"}}],"_prefab":{"__type__":"cc.PrefabInfo","root":{"__id__":1},"asset":{"__uuid__":"ceiEF6thpO54e4moFXhgAM"},"fileId":"17QnLl0Q1KtpL9RDVCsIUr"},"_contentSize":{"__type__":"cc.Size","width":66,"height":59},"_trs":{"__type__":"TypedArray","ctor":"Float64Array","array":[0,47,0,0,0,0,1,1,1,1]}},{"__type__":"cc.Node","_name":"ok","_parent":{"__id__":39},"_components":[{"__type__":"cc.Sprite","node":{"__id__":40},"_materials":[{"__uuid__":"ecpdLyjvZBwrvm+cedCcQy"}],"_spriteFrame":{"__uuid__":"1fSoXbKWlMo5dJrC1QVFGP"}}],"_prefab":{"__type__":"cc.PrefabInfo","root":{"__id__":1},"asset":{"__uuid__":"ceiEF6thpO54e4moFXhgAM"},"fileId":"d27T/iy9lELLUXbgaiLKlB"},"_contentSize":{"__type__":"cc.Size","width":43,"height":43},"_trs":{"__type__":"TypedArray","ctor":"Float64Array","array":[0,0,0,0,0,0,1,1,1,1]}},{"__type__":"cc.Node","_name":"#box1","_parent":{"__id__":37},"_components":[{"__type__":"cc.Sprite","node":{"__id__":41},"_materials":[{"__uuid__":"ecpdLyjvZBwrvm+cedCcQy"}],"_spriteFrame":{"__uuid__":"24s7G5HFpL9Lvl2jQK5Bm+"}},{"__type__":"7a9fcxVzklMib+SFOhyKV4V","node":{"__id__":41}}],"_prefab":{"__type__":"cc.PrefabInfo","root":{"__id__":1},"asset":{"__uuid__":"ceiEF6thpO54e4moFXhgAM"},"fileId":"e6O6plZKxCF4lAM0Ph1Q5P"},"_contentSize":{"__type__":"cc.Size","width":90,"height":82},"_trs":{"__type__":"TypedArray","ctor":"Float64Array","array":[0,47,0,0,0,0,1,1,1,1]}},{"__type__":"cc.Node","_name":"#box0","_parent":{"__id__":37},"_active":false,"_components":[{"__type__":"cc.Sprite","node":{"__id__":42},"_materials":[{"__uuid__":"ecpdLyjvZBwrvm+cedCcQy"}],"_spriteFrame":{"__uuid__":"85nwb/JVFO+ae1fFJKAqu+"}}],"_prefab":{"__type__":"cc.PrefabInfo","root":{"__id__":1},"asset":{"__uuid__":"ceiEF6thpO54e4moFXhgAM"},"fileId":"c4J8vd3O9KIp77XN1zoOIu"},"_contentSize":{"__type__":"cc.Size","width":66,"height":59},"_trs":{"__type__":"TypedArray","ctor":"Float64Array","array":[0,47,0,0,0,0,1,1,1,1]}},{"__type__":"cc.Node","_name":"bg1","_parent":{"__id__":37},"_components":[{"__type__":"cc.Sprite","node":{"__id__":43},"_materials":[{"__uuid__":"ecpdLyjvZBwrvm+cedCcQy"}],"_spriteFrame":{"__uuid__":"76+9T3BfRIq6tVmxRqeI9/"}}],"_prefab":{"__type__":"cc.PrefabInfo","root":{"__id__":1},"asset":{"__uuid__":"ceiEF6thpO54e4moFXhgAM"},"fileId":"5212pfS69DTrDHTWqypbX+"},"_contentSize":{"__type__":"cc.Size","width":76,"height":44},"_trs":{"__type__":"TypedArray","ctor":"Float64Array","array":[0,-39.112,0,0,0,0,1,1,1,1]}},{"__type__":"cc.Node","_name":"#value_lbl","_parent":{"__id__":37},"_components":[{"__type__":"cc.Label","node":{"__id__":44},"_materials":[{"__uuid__":"ecpdLyjvZBwrvm+cedCcQy"}],"_useOriginalSize":false,"_string":"30","_N$string":"30","_fontSize":24,"_lineHeight":28,"_N$horizontalAlign":1,"_N$verticalAlign":1},{"__type__":"cc.LabelOutline","node":{"__id__":44},"_color":{"__type__":"cc.Color","r":71,"g":140,"b":185},"_width":2}],"_prefab":{"__type__":"cc.PrefabInfo","root":{"__id__":1},"asset":{"__uuid__":"ceiEF6thpO54e4moFXhgAM"},"fileId":"8foNNOcHpCwY4akw54bXLP"},"_color":{"__type__":"cc.Color","r":217,"g":240,"b":255},"_contentSize":{"__type__":"cc.Size","width":30.7,"height":39.28},"_trs":{"__type__":"TypedArray","ctor":"Float64Array","array":[0,-43,0,0,0,0,1,1,1,1]}},{"__type__":"cc.Node","_name":"$weekly_node","_parent":{"__id__":4},"_children":[{"__id__":46},{"__id__":49},{"__id__":50},{"__id__":51},{"__id__":54}],"_prefab":{"__type__":"cc.PrefabInfo","root":{"__id__":1},"asset":{"__uuid__":"ceiEF6thpO54e4moFXhgAM"},"fileId":"18ZenCn4RE7qENN7v5Ooom"},"_trs":{"__type__":"TypedArray","ctor":"Float64Array","array":[0,0,0,0,0,0,1,1,1,1]}},{"__type__":"cc.Node","_name":"_scrollview","_parent":{"__id__":45},"_children":[{"__id__":47}],"_components":[{"__type__":"9aba29YKexFXolpweZzJPKj","node":{"__id__":46},"horizontal":false,"_N$content":{"__id__":48},"content":{"__id__":48},"_N$horizontalScrollBar":null,"isFill":true,"_N$cell":{"__uuid__":"03GGcXsJtEEbJziGPQCjNz"},"_N$ScrollModel":1}],"_prefab":{"__type__":"cc.PrefabInfo","root":{"__id__":1},"asset":{"__uuid__":"ceiEF6thpO54e4moFXhgAM"},"fileId":"07tSQhvu9NFZqAb1shMiEB"},"_contentSize":{"__type__":"cc.Size","width":633,"height":600},"_trs":{"__type__":"TypedArray","ctor":"Float64Array","array":[0,5.709000000000003,0,0,0,0,1,1,1,1]}},{"__type__":"cc.Node","_name":"view","_parent":{"__id__":46},"_children":[{"__id__":48}],"_components":[{"__type__":"cc.Mask","node":{"__id__":47},"_materials":[{"__uuid__":"ecpdLyjvZBwrvm+cedCcQy"}],"_N$alphaThreshold":0}],"_prefab":{"__type__":"cc.PrefabInfo","root":{"__id__":1},"asset":{"__uuid__":"ceiEF6thpO54e4moFXhgAM"},"fileId":"ffpjL0C+pNyaJxTirhzmM0"},"_contentSize":{"__type__":"cc.Size","width":633,"height":600},"_trs":{"__type__":"TypedArray","ctor":"Float64Array","array":[0,0,0,0,0,0,1,1,1,1]}},{"__type__":"cc.Node","_name":"content","_parent":{"__id__":47},"_prefab":{"__type__":"cc.PrefabInfo","root":{"__id__":1},"asset":{"__uuid__":"ceiEF6thpO54e4moFXhgAM"},"fileId":"b0ZuhErb1D3bzvWlXVi26x"},"_contentSize":{"__type__":"cc.Size","width":633,"height":600},"_anchorPoint":{"__type__":"cc.Vec2","x":0.5,"y":1},"_trs":{"__type__":"TypedArray","ctor":"Float64Array","array":[0,300,0,0,0,0,1,1,1,1]}},{"__type__":"cc.Node","_name":"bg","_parent":{"__id__":45},"_components":[{"__type__":"cc.Sprite","node":{"__id__":49},"_materials":[{"__uuid__":"ecpdLyjvZBwrvm+cedCcQy"}],"_spriteFrame":{"__uuid__":"d2NcOfCEpCW4TDbf/A/RpG"}}],"_prefab":{"__type__":"cc.PrefabInfo","root":{"__id__":1},"asset":{"__uuid__":"ceiEF6thpO54e4moFXhgAM"},"fileId":"63k5EsDg5Bk7xIC1d4BqUR"},"_contentSize":{"__type__":"cc.Size","width":126,"height":131},"_trs":{"__type__":"TypedArray","ctor":"Float64Array","array":[-251,-388,0,0,0,0,1,1,1,1]}},{"__type__":"cc.Node","_name":"_active_lbl","_parent":{"__id__":45},"_components":[{"__type__":"cc.Label","node":{"__id__":50},"_materials":[{"__uuid__":"ecpdLyjvZBwrvm+cedCcQy"}],"_useOriginalSize":false,"_string":"30","_N$string":"30","_fontSize":60,"_lineHeight":62,"_N$horizontalAlign":1,"_N$verticalAlign":1},{"__type__":"3b7a9Fziy5HFo4nfnQNFHRb","node":{"__id__":50},"id":4,"lblNode":{"__id__":50},"increaseAnim":true}],"_prefab":{"__type__":"cc.PrefabInfo","root":{"__id__":1},"asset":{"__uuid__":"ceiEF6thpO54e4moFXhgAM"},"fileId":"dazhJE0FtDopLPyJES1piM"},"_contentSize":{"__type__":"cc.Size","width":66.74,"height":78.12},"_trs":{"__type__":"TypedArray","ctor":"Float64Array","array":[-251,-382,0,0,0,0,1,1,1,1]}},{"__type__":"cc.Node","_name":"_active_progress","_parent":{"__id__":45},"_children":[{"__id__":52}],"_components":[{"__type__":"cc.Sprite","node":{"__id__":51},"_materials":[{"__uuid__":"ecpdLyjvZBwrvm+cedCcQy"}],"_spriteFrame":{"__uuid__":"30XhE6+HdJ2JdD7DgphTbS"},"_type":1,"_sizeMode":0},{"__type__":"cc.ProgressBar","node":{"__id__":51},"_N$totalLength":487,"_N$barSprite":{"__id__":53},"_N$progress":0}],"_prefab":{"__type__":"cc.PrefabInfo","root":{"__id__":1},"asset":{"__uuid__":"ceiEF6thpO54e4moFXhgAM"},"fileId":"93blnJgUxIzaGfgEgPj8TB"},"_contentSize":{"__type__":"cc.Size","width":487,"height":19},"_trs":{"__type__":"TypedArray","ctor":"Float64Array","array":[71,-400,0,0,0,0,1,1,1,1]}},{"__type__":"cc.Node","_name":"bar","_objFlags":512,"_parent":{"__id__":51},"_components":[{"__id__":53}],"_prefab":{"__type__":"cc.PrefabInfo","root":{"__id__":1},"asset":{"__uuid__":"ceiEF6thpO54e4moFXhgAM"},"fileId":"37qS8fhvFFB5HHY1F5p5s5"},"_contentSize":{"__type__":"cc.Size","height":19},"_anchorPoint":{"__type__":"cc.Vec2","y":0.5},"_trs":{"__type__":"TypedArray","ctor":"Float64Array","array":[-243.5,0,0,0,0,0,1,1,1,1]}},{"__type__":"cc.Sprite","node":{"__id__":52},"_materials":[{"__uuid__":"ecpdLyjvZBwrvm+cedCcQy"}],"_spriteFrame":{"__uuid__":"99uAJNAbdBS6ktIeZ4HStG"},"_type":1,"_sizeMode":0},{"__type__":"cc.Node","_name":"_prize_node","_parent":{"__id__":45},"_children":[{"__id__":55}],"_prefab":{"__type__":"cc.PrefabInfo","root":{"__id__":1},"asset":{"__uuid__":"ceiEF6thpO54e4moFXhgAM"},"fileId":"2fzRbTvlhFTIJEICzLOSJ/"},"_trs":{"__type__":"TypedArray","ctor":"Float64Array","array":[-172.5,-400,0,0,0,0,1,1,1,1]}},{"__type__":"cc.Node","_name":"item","_parent":{"__id__":54},"_children":[{"__id__":56},{"__id__":57},{"__id__":59},{"__id__":60},{"__id__":61},{"__id__":62}],"_prefab":{"__type__":"cc.PrefabInfo","root":{"__id__":1},"asset":{"__uuid__":"ceiEF6thpO54e4moFXhgAM"},"fileId":"87C76a8gJD/ouhwAyBaiqo"},"_contentSize":{"__type__":"cc.Size","width":80,"height":80},"_anchorPoint":{"__type__":"cc.Vec2","x":0.5},"_trs":{"__type__":"TypedArray","ctor":"Float64Array","array":[70,0,0,0,0,0,1,1,1,1]}},{"__type__":"cc.Node","_name":"bg0","_parent":{"__id__":55},"_components":[{"__type__":"cc.Sprite","node":{"__id__":56},"_materials":[{"__uuid__":"ecpdLyjvZBwrvm+cedCcQy"}],"_spriteFrame":{"__uuid__":"cfidyyzlJM3osnQMS6FyNB"}}],"_prefab":{"__type__":"cc.PrefabInfo","root":{"__id__":1},"asset":{"__uuid__":"ceiEF6thpO54e4moFXhgAM"},"fileId":"8cBixAs8dJFIDMvHmwb/GZ"},"_contentSize":{"__type__":"cc.Size","width":63,"height":63},"_trs":{"__type__":"TypedArray","ctor":"Float64Array","array":[0,47,0,0,0,0,1,1,1,1]}},{"__type__":"cc.Node","_name":"#box2","_parent":{"__id__":55},"_children":[{"__id__":58}],"_active":false,"_components":[{"__type__":"cc.Sprite","node":{"__id__":57},"_materials":[{"__uuid__":"ecpdLyjvZBwrvm+cedCcQy"}],"_spriteFrame":{"__uuid__":"73s9AXhfRBJrvWOu9cxXD2"}}],"_prefab":{"__type__":"cc.PrefabInfo","root":{"__id__":1},"asset":{"__uuid__":"ceiEF6thpO54e4moFXhgAM"},"fileId":"a2TznKjQtGDr+RQQkAhT4s"},"_contentSize":{"__type__":"cc.Size","width":66,"height":59},"_trs":{"__type__":"TypedArray","ctor":"Float64Array","array":[0,47,0,0,0,0,1,1,1,1]}},{"__type__":"cc.Node","_name":"ok","_parent":{"__id__":57},"_components":[{"__type__":"cc.Sprite","node":{"__id__":58},"_materials":[{"__uuid__":"ecpdLyjvZBwrvm+cedCcQy"}],"_spriteFrame":{"__uuid__":"1fSoXbKWlMo5dJrC1QVFGP"}}],"_prefab":{"__type__":"cc.PrefabInfo","root":{"__id__":1},"asset":{"__uuid__":"ceiEF6thpO54e4moFXhgAM"},"fileId":"3bUmaknzBBFI0jDuHyj1Af"},"_contentSize":{"__type__":"cc.Size","width":43,"height":43},"_trs":{"__type__":"TypedArray","ctor":"Float64Array","array":[0,0,0,0,0,0,1,1,1,1]}},{"__type__":"cc.Node","_name":"#box1","_parent":{"__id__":55},"_components":[{"__type__":"cc.Sprite","node":{"__id__":59},"_materials":[{"__uuid__":"ecpdLyjvZBwrvm+cedCcQy"}],"_spriteFrame":{"__uuid__":"24s7G5HFpL9Lvl2jQK5Bm+"}},{"__type__":"7a9fcxVzklMib+SFOhyKV4V","node":{"__id__":59}}],"_prefab":{"__type__":"cc.PrefabInfo","root":{"__id__":1},"asset":{"__uuid__":"ceiEF6thpO54e4moFXhgAM"},"fileId":"aejFMfRJVNc5iOGlWM5h9T"},"_contentSize":{"__type__":"cc.Size","width":90,"height":82},"_trs":{"__type__":"TypedArray","ctor":"Float64Array","array":[0,47,0,0,0,0,1,1,1,1]}},{"__type__":"cc.Node","_name":"#box0","_parent":{"__id__":55},"_active":false,"_components":[{"__type__":"cc.Sprite","node":{"__id__":60},"_materials":[{"__uuid__":"ecpdLyjvZBwrvm+cedCcQy"}],"_spriteFrame":{"__uuid__":"85nwb/JVFO+ae1fFJKAqu+"}}],"_prefab":{"__type__":"cc.PrefabInfo","root":{"__id__":1},"asset":{"__uuid__":"ceiEF6thpO54e4moFXhgAM"},"fileId":"26KlmnRhhEc7pIwZpvJa9w"},"_contentSize":{"__type__":"cc.Size","width":66,"height":59},"_trs":{"__type__":"TypedArray","ctor":"Float64Array","array":[0,47,0,0,0,0,1,1,1,1]}},{"__type__":"cc.Node","_name":"bg1","_parent":{"__id__":55},"_components":[{"__type__":"cc.Sprite","node":{"__id__":61},"_materials":[{"__uuid__":"ecpdLyjvZBwrvm+cedCcQy"}],"_spriteFrame":{"__uuid__":"76+9T3BfRIq6tVmxRqeI9/"}}],"_prefab":{"__type__":"cc.PrefabInfo","root":{"__id__":1},"asset":{"__uuid__":"ceiEF6thpO54e4moFXhgAM"},"fileId":"f6OnFsBwdPl6cL4+HqLthn"},"_contentSize":{"__type__":"cc.Size","width":76,"height":44},"_trs":{"__type__":"TypedArray","ctor":"Float64Array","array":[0,-39.112,0,0,0,0,1,1,1,1]}},{"__type__":"cc.Node","_name":"#value_lbl","_parent":{"__id__":55},"_components":[{"__type__":"cc.Label","node":{"__id__":62},"_materials":[{"__uuid__":"ecpdLyjvZBwrvm+cedCcQy"}],"_useOriginalSize":false,"_string":"30","_N$string":"30","_fontSize":24,"_lineHeight":28,"_N$horizontalAlign":1,"_N$verticalAlign":1},{"__type__":"cc.LabelOutline","node":{"__id__":62},"_color":{"__type__":"cc.Color","r":71,"g":140,"b":185},"_width":2}],"_prefab":{"__type__":"cc.PrefabInfo","root":{"__id__":1},"asset":{"__uuid__":"ceiEF6thpO54e4moFXhgAM"},"fileId":"e0Ex4fn2VGv78sEFG7qhka"},"_color":{"__type__":"cc.Color","r":217,"g":240,"b":255},"_contentSize":{"__type__":"cc.Size","width":30.7,"height":39.28},"_trs":{"__type__":"TypedArray","ctor":"Float64Array","array":[0,-43,0,0,0,0,1,1,1,1]}},{"__type__":"cc.Node","_name":"banner","_parent":{"__id__":3},"_components":[{"__type__":"ce3f9aG6A1If7y9kH3tgvq2","node":{"__id__":63}}],"_prefab":{"__type__":"cc.PrefabInfo","root":{"__id__":1},"asset":{"__uuid__":"ceiEF6thpO54e4moFXhgAM"},"fileId":"60O8O5aJtI85lKWuytPXmi"},"_trs":{"__type__":"TypedArray","ctor":"Float64Array","array":[0,-448.969,0,0,0,0,1,1,1,1]}}],{"__type__":"cc.SpriteFrame","content":{"name":"礼包_底框","texture":"1298ae8a0","rect":[3,559,63,63],"offset":[0,0],"originalSize":[63,63],"capInsets":[0,0,0,0]}},{"__type__":"cc.SpriteFrame","content":{"name":"周活跃值","texture":"19a7fd3ab","rect":[140,144,126,131],"offset":[0,0],"originalSize":[126,131],"rotated":1,"capInsets":[0,0,0,0]}},{"__type__":"cc.SpriteFrame","content":{"name":"每周任务1","texture":"1298ae8a0","rect":[831,916,114,33],"offset":[0,0],"originalSize":[114,33],"capInsets":[0,0,0,0]}}]