[{"__type__":"cc.SpriteFrame","content":{"name":"开","texture":"1ee961467","rect":[117,481,169,84],"offset":[0,0],"originalSize":[169,84],"capInsets":[0,0,0,0]}},[{"__type__":"cc.Prefab","_name":"settingLayer","data":{"__id__":1}},{"__type__":"cc.Node","_name":"settingLayer","_children":[{"__id__":2},{"__id__":3}],"_components":[{"__type__":"cc.Widget","node":{"__id__":1},"_alignFlags":45},{"__type__":"cc.BlockInputEvents","node":{"__id__":1}},{"__type__":"a5b00x562RKpIoqMxmOBoAl","node":{"__id__":1},"tapToClose":true}],"_prefab":{"__type__":"cc.PrefabInfo","root":{"__id__":1},"asset":{"__uuid__":"24gqfccXJEnZMhTMkouCfu"},"fileId":"b2ZI9uCE5Au74Q/STRz0iL"},"_contentSize":{"__type__":"cc.Size","width":750,"height":1334},"_trs":{"__type__":"TypedArray","ctor":"Float64Array","array":[375,667,0,0,0,0,1,1,1,1]}},{"__type__":"cc.Node","_name":"mask","_parent":{"__id__":1},"_components":[{"__type__":"cc.Sprite","node":{"__id__":2},"_materials":[{"__uuid__":"ecpdLyjvZBwrvm+cedCcQy"}],"_spriteFrame":{"__uuid__":"fdZ+FLNoFGtYmgI6Rsppg4"},"_type":1,"_sizeMode":0,"_isTrimmedMode":false},{"__type__":"cc.Button","node":{"__id__":2},"_N$normalColor":{"__type__":"cc.Color","r":214,"g":214,"b":214},"_N$target":{"__id__":2}},{"__type__":"cc.Widget","node":{"__id__":2},"_alignFlags":45,"_left":-1,"_right":-1,"_top":-1,"_bottom":-1,"_originalWidth":16,"_originalHeight":16}],"_prefab":{"__type__":"cc.PrefabInfo","root":{"__id__":1},"asset":{"__uuid__":"24gqfccXJEnZMhTMkouCfu"},"fileId":"67EbqYNDxBRautS9PwfMF8"},"_opacity":180,"_contentSize":{"__type__":"cc.Size","width":752,"height":1336},"_trs":{"__type__":"TypedArray","ctor":"Float64Array","array":[0,0,0,0,0,0,1,1,1,1]}},{"__type__":"cc.Node","_name":"dialog","_parent":{"__id__":1},"_children":[{"__id__":4},{"__id__":32}],"_components":[{"__type__":"96549DGCmlIcZghb3AfRGQI","node":{"__id__":3}}],"_prefab":{"__type__":"cc.PrefabInfo","root":{"__id__":1},"asset":{"__uuid__":"24gqfccXJEnZMhTMkouCfu"},"fileId":"87Xr/N+zZGBaYhLqoX+z6f"},"_trs":{"__type__":"TypedArray","ctor":"Float64Array","array":[0,0,0,0,0,0,1,1,1,1]}},{"__type__":"cc.Node","_name":"contents","_parent":{"__id__":3},"_children":[{"__id__":5},{"__id__":6},{"__id__":7},{"__id__":9},{"__id__":10}],"_components":[{"__type__":"09bd4f7l0NPfpseMfFdw+uE","node":{"__id__":4}},{"__type__":"cc.BlockInputEvents","node":{"__id__":4}}],"_prefab":{"__type__":"cc.PrefabInfo","root":{"__id__":1},"asset":{"__uuid__":"24gqfccXJEnZMhTMkouCfu"},"fileId":"a2JJE9KxhMKrt7khqrUk1P"},"_contentSize":{"__type__":"cc.Size","width":625,"height":534},"_trs":{"__type__":"TypedArray","ctor":"Float64Array","array":[0,100,0,0,0,0,1,1,1,1]}},{"__type__":"cc.Node","_name":"bg","_parent":{"__id__":4},"_components":[{"__type__":"cc.Sprite","node":{"__id__":5},"_materials":[{"__uuid__":"ecpdLyjvZBwrvm+cedCcQy"}],"_spriteFrame":{"__uuid__":"7eUA/ecqtKJbHxsn0n8WHp"},"_type":1,"_sizeMode":0,"_isTrimmedMode":false}],"_prefab":{"__type__":"cc.PrefabInfo","root":{"__id__":1},"asset":{"__uuid__":"24gqfccXJEnZMhTMkouCfu"},"fileId":"18lR0fI4dJlZPYlCb9r+Lw"},"_contentSize":{"__type__":"cc.Size","width":625,"height":530},"_trs":{"__type__":"TypedArray","ctor":"Float64Array","array":[0,0,0,0,0,0,1,1,1,1]}},{"__type__":"cc.Node","_name":"title_light","_parent":{"__id__":4},"_components":[{"__type__":"ade161OMgVMKpmjDqerbeZb","node":{"__id__":6},"_prefab":{"__uuid__":"a9R2AW7eJGzoql/lnwjPLu"}}],"_prefab":{"__type__":"cc.PrefabInfo","root":{"__id__":1},"asset":{"__uuid__":"24gqfccXJEnZMhTMkouCfu"},"fileId":"9bMhhZHR5KTJMLYrOXvVNA"},"_contentSize":{"__type__":"cc.Size","width":618,"height":104},"_trs":{"__type__":"TypedArray","ctor":"Float64Array","array":[0,211,0,0,0,0,1,1,1,1]}},{"__type__":"cc.Node","_name":"close_btn","_parent":{"__id__":4},"_children":[{"__id__":8}],"_components":[{"__type__":"cc.Button","node":{"__id__":7},"zoomScale":1.1,"_N$transition":3,"transition":3}],"_prefab":{"__type__":"cc.PrefabInfo","root":{"__id__":1},"asset":{"__uuid__":"24gqfccXJEnZMhTMkouCfu"},"fileId":"9bUUDn2aFNhbQhvaeH36Z8"},"_contentSize":{"__type__":"cc.Size","width":98,"height":98},"_trs":{"__type__":"TypedArray","ctor":"Float64Array","array":[260.181,208,0,0,0,0,1,1,1,0]}},{"__type__":"cc.Node","_name":"text","_parent":{"__id__":7},"_components":[{"__type__":"cc.Sprite","node":{"__id__":8},"_materials":[{"__uuid__":"ecpdLyjvZBwrvm+cedCcQy"}],"_spriteFrame":{"__uuid__":"e2qKO1X95Gk6tYQAVxQ0sN"}}],"_prefab":{"__type__":"cc.PrefabInfo","root":{"__id__":1},"asset":{"__uuid__":"24gqfccXJEnZMhTMkouCfu"},"fileId":"3eYodhW8xPVbaFF4UxheVw"},"_contentSize":{"__type__":"cc.Size","width":38,"height":38},"_trs":{"__type__":"TypedArray","ctor":"Float64Array","array":[0,0,0,0,0,0,1,1,1,1]}},{"__type__":"cc.Node","_name":"title","_parent":{"__id__":4},"_components":[{"__type__":"cc.Sprite","node":{"__id__":9},"_materials":[{"__uuid__":"ecpdLyjvZBwrvm+cedCcQy"}],"_spriteFrame":{"__uuid__":"66lCiiZgBOpLFS/Q4JRQ92"}}],"_prefab":{"__type__":"cc.PrefabInfo","root":{"__id__":1},"asset":{"__uuid__":"24gqfccXJEnZMhTMkouCfu"},"fileId":"e1K/YFdpNAuqjsfzpClW9N"},"_contentSize":{"__type__":"cc.Size","width":92,"height":47},"_trs":{"__type__":"TypedArray","ctor":"Float64Array","array":[0,208,0,0,0,0,1,1,1,1]}},{"__type__":"cc.Node","_name":"btns","_parent":{"__id__":4},"_children":[{"__id__":11},{"__id__":18},{"__id__":25}],"_prefab":{"__type__":"cc.PrefabInfo","root":{"__id__":1},"asset":{"__uuid__":"24gqfccXJEnZMhTMkouCfu"},"fileId":"7bl6lCDqZOebIMIDILiOmB"},"_trs":{"__type__":"TypedArray","ctor":"Float64Array","array":[0,140.426,0,0,0,0,1,1,1,1]}},{"__type__":"cc.Node","_name":"bgm_btn","_parent":{"__id__":10},"_children":[{"__id__":12},{"__id__":13},{"__id__":14},{"__id__":15},{"__id__":16},{"__id__":17}],"_components":[{"__type__":"cc.Button","node":{"__id__":11},"zoomScale":1.05,"clickEvents":[{"__type__":"cc.ClickEvent","target":{"__id__":1},"_componentId":"a5b00x562RKpIoqMxmOBoAl","handler":"onBtnBgmClick"}],"_N$transition":3,"transition":3}],"_prefab":{"__type__":"cc.PrefabInfo","root":{"__id__":1},"asset":{"__uuid__":"24gqfccXJEnZMhTMkouCfu"},"fileId":"1dV5k7UshCkYoSuqkp+fHI"},"_contentSize":{"__type__":"cc.Size","width":450,"height":70},"_trs":{"__type__":"TypedArray","ctor":"Float64Array","array":[0,-64,0,0,0,0,1,1,1,0]}},{"__type__":"cc.Node","_name":"title","_parent":{"__id__":11},"_components":[{"__type__":"cc.Sprite","node":{"__id__":12},"_materials":[{"__uuid__":"ecpdLyjvZBwrvm+cedCcQy"}],"_spriteFrame":{"__uuid__":"a2omB2VUVDOrPGI47s/2H9"},"_sizeMode":2,"_isTrimmedMode":false}],"_prefab":{"__type__":"cc.PrefabInfo","root":{"__id__":1},"asset":{"__uuid__":"24gqfccXJEnZMhTMkouCfu"},"fileId":"32Lzhp17xHBo1nr3EdqSOE"},"_contentSize":{"__type__":"cc.Size","width":58,"height":63},"_trs":{"__type__":"TypedArray","ctor":"Float64Array","array":[-170.055,0,0,0,0,0,1,1,1,1]}},{"__type__":"cc.Node","_name":"bg","_parent":{"__id__":11},"_components":[{"__type__":"cc.Sprite","node":{"__id__":13},"_materials":[{"__uuid__":"ecpdLyjvZBwrvm+cedCcQy"}],"_spriteFrame":{"__uuid__":"37ikxS3zRGPbLxt2xT8nGG"}}],"_prefab":{"__type__":"cc.PrefabInfo","root":{"__id__":1},"asset":{"__uuid__":"24gqfccXJEnZMhTMkouCfu"},"fileId":"6df3eEYY1Avpy/KXSgYgVg"},"_contentSize":{"__type__":"cc.Size","width":306,"height":64},"_trs":{"__type__":"TypedArray","ctor":"Float64Array","array":[69.978,0,0,0,0,0,1,1,1,1]}},{"__type__":"cc.Node","_name":"关2","_parent":{"__id__":11},"_components":[{"__type__":"cc.Sprite","node":{"__id__":14},"_materials":[{"__uuid__":"ecpdLyjvZBwrvm+cedCcQy"}],"_spriteFrame":{"__uuid__":"d3Zl9DlWVKYaaaNISYes9n"}}],"_prefab":{"__type__":"cc.PrefabInfo","root":{"__id__":1},"asset":{"__uuid__":"24gqfccXJEnZMhTMkouCfu"},"fileId":"578WhlJF1O2oE0Dj+vmYPs"},"_contentSize":{"__type__":"cc.Size","width":29,"height":31},"_trs":{"__type__":"TypedArray","ctor":"Float64Array","array":[-7,0,0,0,0,0,1,1,1,1]}},{"__type__":"cc.Node","_name":"开3","_parent":{"__id__":11},"_components":[{"__type__":"cc.Sprite","node":{"__id__":15},"_materials":[{"__uuid__":"ecpdLyjvZBwrvm+cedCcQy"}],"_spriteFrame":{"__uuid__":"7aj7QDn/BLtpiGG3KrB/2X"}}],"_prefab":{"__type__":"cc.PrefabInfo","root":{"__id__":1},"asset":{"__uuid__":"24gqfccXJEnZMhTMkouCfu"},"fileId":"4eWV/rfEhDop+gArFuGa9j"},"_contentSize":{"__type__":"cc.Size","width":29,"height":29},"_trs":{"__type__":"TypedArray","ctor":"Float64Array","array":[147,0,0,0,0,0,1,1,1,1]}},{"__type__":"cc.Node","_name":"bright","_parent":{"__id__":11},"_components":[{"__type__":"cc.Sprite","node":{"__id__":16},"_materials":[{"__uuid__":"ecpdLyjvZBwrvm+cedCcQy"}],"_spriteFrame":{"__uuid__":"02xiU/Q3xGq6hAhodA0zui"},"_sizeMode":2,"_isTrimmedMode":false}],"_prefab":{"__type__":"cc.PrefabInfo","root":{"__id__":1},"asset":{"__uuid__":"24gqfccXJEnZMhTMkouCfu"},"fileId":"4djuwprPVHBpelz4bWKQnP"},"_contentSize":{"__type__":"cc.Size","width":169,"height":84},"_trs":{"__type__":"TypedArray","ctor":"Float64Array","array":[147,-4,0,0,0,0,1,1,1,1]}},{"__type__":"cc.Node","_name":"gray","_parent":{"__id__":11},"_components":[{"__type__":"cc.Sprite","node":{"__id__":17},"_materials":[{"__uuid__":"ecpdLyjvZBwrvm+cedCcQy"}],"_spriteFrame":{"__uuid__":"8fyxck6WxJc5Z+jeklhsIy"},"_sizeMode":2,"_isTrimmedMode":false}],"_prefab":{"__type__":"cc.PrefabInfo","root":{"__id__":1},"asset":{"__uuid__":"24gqfccXJEnZMhTMkouCfu"},"fileId":"6du8YywAJK+LhEd5XWaYIF"},"_contentSize":{"__type__":"cc.Size","width":169,"height":84},"_trs":{"__type__":"TypedArray","ctor":"Float64Array","array":[-7,-4,0,0,0,0,1,1,1,1]}},{"__type__":"cc.Node","_name":"effe_btn","_parent":{"__id__":10},"_children":[{"__id__":19},{"__id__":20},{"__id__":21},{"__id__":22},{"__id__":23},{"__id__":24}],"_components":[{"__type__":"cc.Button","node":{"__id__":18},"zoomScale":1.05,"clickEvents":[{"__type__":"cc.ClickEvent","target":{"__id__":1},"_componentId":"a5b00x562RKpIoqMxmOBoAl","handler":"onBtnEffeClick"}],"_N$transition":3,"transition":3}],"_prefab":{"__type__":"cc.PrefabInfo","root":{"__id__":1},"asset":{"__uuid__":"24gqfccXJEnZMhTMkouCfu"},"fileId":"8fGl4dssVPu55xOxLl/2G8"},"_contentSize":{"__type__":"cc.Size","width":450,"height":70},"_trs":{"__type__":"TypedArray","ctor":"Float64Array","array":[0,-190,0,0,0,0,1,1,1,0]}},{"__type__":"cc.Node","_name":"title","_parent":{"__id__":18},"_components":[{"__type__":"cc.Sprite","node":{"__id__":19},"_materials":[{"__uuid__":"ecpdLyjvZBwrvm+cedCcQy"}],"_spriteFrame":{"__uuid__":"90hyrXZaFEKrxZp/1IRyIX"},"_sizeMode":2,"_isTrimmedMode":false}],"_prefab":{"__type__":"cc.PrefabInfo","root":{"__id__":1},"asset":{"__uuid__":"24gqfccXJEnZMhTMkouCfu"},"fileId":"3eFR7OgxhC0IDbco6tjG+G"},"_contentSize":{"__type__":"cc.Size","width":70,"height":52},"_trs":{"__type__":"TypedArray","ctor":"Float64Array","array":[-170.055,0,0,0,0,0,1,1,1,1]}},{"__type__":"cc.Node","_name":"bg","_parent":{"__id__":18},"_components":[{"__type__":"cc.Sprite","node":{"__id__":20},"_materials":[{"__uuid__":"ecpdLyjvZBwrvm+cedCcQy"}],"_spriteFrame":{"__uuid__":"37ikxS3zRGPbLxt2xT8nGG"}}],"_prefab":{"__type__":"cc.PrefabInfo","root":{"__id__":1},"asset":{"__uuid__":"24gqfccXJEnZMhTMkouCfu"},"fileId":"f7cEJcLehLkqrY9p10AwHm"},"_contentSize":{"__type__":"cc.Size","width":306,"height":64},"_trs":{"__type__":"TypedArray","ctor":"Float64Array","array":[69.978,0,0,0,0,0,1,1,1,1]}},{"__type__":"cc.Node","_name":"关2","_parent":{"__id__":18},"_components":[{"__type__":"cc.Sprite","node":{"__id__":21},"_materials":[{"__uuid__":"ecpdLyjvZBwrvm+cedCcQy"}],"_spriteFrame":{"__uuid__":"d3Zl9DlWVKYaaaNISYes9n"}}],"_prefab":{"__type__":"cc.PrefabInfo","root":{"__id__":1},"asset":{"__uuid__":"24gqfccXJEnZMhTMkouCfu"},"fileId":"96TAaqmNtMdZBLvPlYw90C"},"_contentSize":{"__type__":"cc.Size","width":29,"height":31},"_trs":{"__type__":"TypedArray","ctor":"Float64Array","array":[-7,0,0,0,0,0,1,1,1,1]}},{"__type__":"cc.Node","_name":"开3","_parent":{"__id__":18},"_components":[{"__type__":"cc.Sprite","node":{"__id__":22},"_materials":[{"__uuid__":"ecpdLyjvZBwrvm+cedCcQy"}],"_spriteFrame":{"__uuid__":"7aj7QDn/BLtpiGG3KrB/2X"}}],"_prefab":{"__type__":"cc.PrefabInfo","root":{"__id__":1},"asset":{"__uuid__":"24gqfccXJEnZMhTMkouCfu"},"fileId":"73NQ8ptM5KcKvxd6Iv9b8G"},"_contentSize":{"__type__":"cc.Size","width":29,"height":29},"_trs":{"__type__":"TypedArray","ctor":"Float64Array","array":[147,0,0,0,0,0,1,1,1,1]}},{"__type__":"cc.Node","_name":"bright","_parent":{"__id__":18},"_components":[{"__type__":"cc.Sprite","node":{"__id__":23},"_materials":[{"__uuid__":"ecpdLyjvZBwrvm+cedCcQy"}],"_spriteFrame":{"__uuid__":"02xiU/Q3xGq6hAhodA0zui"},"_sizeMode":2,"_isTrimmedMode":false}],"_prefab":{"__type__":"cc.PrefabInfo","root":{"__id__":1},"asset":{"__uuid__":"24gqfccXJEnZMhTMkouCfu"},"fileId":"7fRB5caP5OYIaCMFI+HvAu"},"_contentSize":{"__type__":"cc.Size","width":169,"height":84},"_trs":{"__type__":"TypedArray","ctor":"Float64Array","array":[147,-4,0,0,0,0,1,1,1,1]}},{"__type__":"cc.Node","_name":"gray","_parent":{"__id__":18},"_components":[{"__type__":"cc.Sprite","node":{"__id__":24},"_materials":[{"__uuid__":"ecpdLyjvZBwrvm+cedCcQy"}],"_spriteFrame":{"__uuid__":"8fyxck6WxJc5Z+jeklhsIy"},"_sizeMode":2,"_isTrimmedMode":false}],"_prefab":{"__type__":"cc.PrefabInfo","root":{"__id__":1},"asset":{"__uuid__":"24gqfccXJEnZMhTMkouCfu"},"fileId":"5894RRHNdF4Z+3Awvz5dy3"},"_contentSize":{"__type__":"cc.Size","width":169,"height":84},"_trs":{"__type__":"TypedArray","ctor":"Float64Array","array":[-7,-4,0,0,0,0,1,1,1,1]}},{"__type__":"cc.Node","_name":"vibr_btn","_active":false,"_parent":{"__id__":10},"_children":[{"__id__":26},{"__id__":27},{"__id__":28},{"__id__":29},{"__id__":30},{"__id__":31}],"_components":[{"__type__":"cc.Button","node":{"__id__":25},"zoomScale":1.05,"clickEvents":[{"__type__":"cc.ClickEvent","target":{"__id__":1},"_componentId":"a5b00x562RKpIoqMxmOBoAl","handler":"onBtnVibrClick"}],"_N$transition":3,"transition":3}],"_prefab":{"__type__":"cc.PrefabInfo","root":{"__id__":1},"asset":{"__uuid__":"24gqfccXJEnZMhTMkouCfu"},"fileId":"07A5MLyOJD/IRZpNDNy9Rp"},"_contentSize":{"__type__":"cc.Size","width":450,"height":70},"_trs":{"__type__":"TypedArray","ctor":"Float64Array","array":[0,-316,0,0,0,0,1,1,1,0]}},{"__type__":"cc.Node","_name":"title","_parent":{"__id__":25},"_components":[{"__type__":"cc.Sprite","node":{"__id__":26},"_materials":[{"__uuid__":"ecpdLyjvZBwrvm+cedCcQy"}],"_spriteFrame":{"__uuid__":"ccrRQCG+FHD7+VbNrHZ/3y"},"_sizeMode":2,"_isTrimmedMode":false}],"_prefab":{"__type__":"cc.PrefabInfo","root":{"__id__":1},"asset":{"__uuid__":"24gqfccXJEnZMhTMkouCfu"},"fileId":"eeA2DVdh1N4KuqB85OthEW"},"_contentSize":{"__type__":"cc.Size","width":91,"height":69},"_trs":{"__type__":"TypedArray","ctor":"Float64Array","array":[-170.055,0,0,0,0,0,1,1,1,1]}},{"__type__":"cc.Node","_name":"bg","_parent":{"__id__":25},"_components":[{"__type__":"cc.Sprite","node":{"__id__":27},"_materials":[{"__uuid__":"ecpdLyjvZBwrvm+cedCcQy"}],"_spriteFrame":{"__uuid__":"37ikxS3zRGPbLxt2xT8nGG"}}],"_prefab":{"__type__":"cc.PrefabInfo","root":{"__id__":1},"asset":{"__uuid__":"24gqfccXJEnZMhTMkouCfu"},"fileId":"49CuUbsK9E85jiua6TZds+"},"_contentSize":{"__type__":"cc.Size","width":306,"height":64},"_trs":{"__type__":"TypedArray","ctor":"Float64Array","array":[69.978,0,0,0,0,0,1,1,1,1]}},{"__type__":"cc.Node","_name":"开3","_parent":{"__id__":25},"_components":[{"__type__":"cc.Sprite","node":{"__id__":28},"_materials":[{"__uuid__":"ecpdLyjvZBwrvm+cedCcQy"}],"_spriteFrame":{"__uuid__":"7aj7QDn/BLtpiGG3KrB/2X"}}],"_prefab":{"__type__":"cc.PrefabInfo","root":{"__id__":1},"asset":{"__uuid__":"24gqfccXJEnZMhTMkouCfu"},"fileId":"fc7xoNd8dFK63qk21X2MVw"},"_contentSize":{"__type__":"cc.Size","width":29,"height":29},"_trs":{"__type__":"TypedArray","ctor":"Float64Array","array":[147,0,0,0,0,0,1,1,1,1]}},{"__type__":"cc.Node","_name":"关2","_parent":{"__id__":25},"_components":[{"__type__":"cc.Sprite","node":{"__id__":29},"_materials":[{"__uuid__":"ecpdLyjvZBwrvm+cedCcQy"}],"_spriteFrame":{"__uuid__":"d3Zl9DlWVKYaaaNISYes9n"}}],"_prefab":{"__type__":"cc.PrefabInfo","root":{"__id__":1},"asset":{"__uuid__":"24gqfccXJEnZMhTMkouCfu"},"fileId":"aeTm7bKS5Nx7sOAM/SrjDC"},"_contentSize":{"__type__":"cc.Size","width":29,"height":31},"_trs":{"__type__":"TypedArray","ctor":"Float64Array","array":[-7,0,0,0,0,0,1,1,1,1]}},{"__type__":"cc.Node","_name":"gray","_parent":{"__id__":25},"_components":[{"__type__":"cc.Sprite","node":{"__id__":30},"_materials":[{"__uuid__":"ecpdLyjvZBwrvm+cedCcQy"}],"_spriteFrame":{"__uuid__":"8fyxck6WxJc5Z+jeklhsIy"},"_sizeMode":2,"_isTrimmedMode":false}],"_prefab":{"__type__":"cc.PrefabInfo","root":{"__id__":1},"asset":{"__uuid__":"24gqfccXJEnZMhTMkouCfu"},"fileId":"1840EgwipAybXAE9Fuuf9n"},"_contentSize":{"__type__":"cc.Size","width":169,"height":84},"_trs":{"__type__":"TypedArray","ctor":"Float64Array","array":[-7,-4,0,0,0,0,1,1,1,1]}},{"__type__":"cc.Node","_name":"bright","_parent":{"__id__":25},"_components":[{"__type__":"cc.Sprite","node":{"__id__":31},"_materials":[{"__uuid__":"ecpdLyjvZBwrvm+cedCcQy"}],"_spriteFrame":{"__uuid__":"02xiU/Q3xGq6hAhodA0zui"},"_sizeMode":2,"_isTrimmedMode":false}],"_prefab":{"__type__":"cc.PrefabInfo","root":{"__id__":1},"asset":{"__uuid__":"24gqfccXJEnZMhTMkouCfu"},"fileId":"fd7agz/iVPrqoxMU7t1OOj"},"_contentSize":{"__type__":"cc.Size","width":169,"height":84},"_trs":{"__type__":"TypedArray","ctor":"Float64Array","array":[147,-4,0,0,0,0,1,1,1,1]}},{"__type__":"cc.Node","_name":"banner","_parent":{"__id__":3},"_components":[{"__type__":"ce3f9aG6A1If7y9kH3tgvq2","node":{"__id__":32}}],"_prefab":{"__type__":"cc.PrefabInfo","root":{"__id__":1},"asset":{"__uuid__":"24gqfccXJEnZMhTMkouCfu"},"fileId":"2b3ctF8FZDzbuyObwPfoe+"},"_trs":{"__type__":"TypedArray","ctor":"Float64Array","array":[0,-170.983,0,0,0,0,1,1,1,1]}}],{"__type__":"cc.SpriteFrame","content":{"name":"圆角矩行","texture":"13ca4574f","rect":[624,628,306,64],"offset":[0,0],"originalSize":[306,64],"capInsets":[0,0,0,0]}},{"__type__":"cc.SpriteFrame","content":{"name":"设置","texture":"15339b09a","rect":[362,273,92,47],"offset":[0,0],"originalSize":[92,47],"capInsets":[0,0,0,0]}},{"__type__":"cc.SpriteFrame","content":{"name":"开3","texture":"15339b09a","rect":[574,376,29,29],"offset":[0,0],"originalSize":[29,29],"capInsets":[0,0,0,0]}},{"__type__":"cc.SpriteFrame","content":{"name":"关","texture":"15339b09a","rect":[3,100,169,84],"offset":[0,0],"originalSize":[169,84],"capInsets":[0,0,0,0]}},{"__type__":"cc.SpriteFrame","content":{"name":"音效","texture":"1d1fa178d","rect":[750,820,70,52],"offset":[0,0],"originalSize":[70,52],"rotated":1,"capInsets":[0,0,0,0]}},{"__type__":"cc.SpriteFrame","content":{"name":"声音图标","texture":"13ca4574f","rect":[711,797,58,63],"offset":[0,0],"originalSize":[58,63],"capInsets":[0,0,0,0]}},{"__type__":"cc.SpriteFrame","content":{"name":"震动图标","texture":"13ca4574f","rect":[571,205,91,69],"offset":[0,0],"originalSize":[91,69],"rotated":1,"capInsets":[0,0,0,0]}},{"__type__":"cc.SpriteFrame","content":{"name":"关2","texture":"13ca4574f","rect":[974,991,29,31],"offset":[0,0],"originalSize":[29,31],"rotated":1,"capInsets":[0,0,0,0]}}]