[{"__type__":"dragonBones.DragonBonesAsset","_name":"pipeizhong_Project_ske","_dragonBonesJson":"{\"frameRate\":30,\"isGlobal\":0,\"armature\":[{\"aabb\":{\"width\":423.98437325775205,\"y\":-70.47361174226151,\"height\":126,\"x\":-202.80257692777295},\"type\":\"Armature\",\"bone\":[{\"name\":\"root\",\"transform\":{}},{\"length\":47,\"transform\":{\"skX\":0.7824,\"skY\":0.7824,\"x\":55.0661},\"parent\":\"root\",\"name\":\"搜索对手中\"},{\"length\":37,\"transform\":{\"y\":-4.8258,\"skX\":-0.7824,\"skY\":-0.7824,\"x\":-193.9526},\"parent\":\"搜索对手中\",\"name\":\"搜索1\"}],\"defaultActions\":[{\"gotoAndPlay\":\"newAnimation\"}],\"slot\":[{\"color\":{},\"name\":\"搜索对手中\",\"parent\":\"搜索对手中\"},{\"z\":1,\"color\":{},\"name\":\"搜索1\",\"parent\":\"搜索1\"},{\"z\":2,\"color\":{},\"name\":\"dian\",\"parent\":\"搜索对手中\"},{\"z\":3,\"color\":{},\"name\":\"dian1\",\"parent\":\"搜索对手中\"},{\"z\":4,\"color\":{},\"name\":\"dian2\",\"parent\":\"搜索对手中\"}],\"ik\":[],\"animation\":[{\"duration\":30,\"frame\":[],\"ik\":[],\"bone\":[{\"frame\":[{\"duration\":30,\"transform\":{}}],\"name\":\"root\"},{\"frame\":[{\"duration\":30,\"transform\":{}}],\"name\":\"搜索对手中\"},{\"frame\":[{\"duration\":5,\"transform\":{},\"tweenEasing\":0},{\"duration\":3,\"transform\":{\"y\":-10.6136,\"x\":-6.8923},\"tweenEasing\":0},{\"duration\":3,\"transform\":{\"y\":-13.7708,\"x\":-14.1521},\"tweenEasing\":0},{\"duration\":4,\"transform\":{\"y\":-7.6583,\"x\":-27.6616},\"tweenEasing\":0},{\"duration\":3,\"transform\":{\"y\":5.0167,\"x\":-38.6818},\"tweenEasing\":0},{\"duration\":4,\"transform\":{\"y\":14.3728,\"x\":-31.5428},\"tweenEasing\":0},{\"duration\":4,\"transform\":{\"y\":19.8236,\"x\":-15.1895},\"tweenEasing\":0},{\"duration\":4,\"transform\":{\"y\":11.8375,\"x\":-3.6081},\"tweenEasing\":0},{\"duration\":0,\"transform\":{}}],\"name\":\"搜索1\"}],\"slot\":[{\"frame\":[{\"tweenEasing\":null,\"duration\":30}],\"name\":\"搜索对手中\"},{\"frame\":[{\"tweenEasing\":null,\"duration\":30}],\"name\":\"搜索1\"},{\"frame\":[{\"tweenEasing\":null,\"duration\":30}],\"name\":\"dian\"},{\"frame\":[{\"tweenEasing\":0,\"duration\":5,\"displayIndex\":-1},{\"tweenEasing\":null,\"duration\":10},{\"tweenEasing\":0,\"duration\":5,\"displayIndex\":-1},{\"tweenEasing\":0,\"duration\":10}],\"name\":\"dian1\"},{\"frame\":[{\"tweenEasing\":null,\"duration\":10,\"displayIndex\":-1},{\"tweenEasing\":0,\"duration\":5},{\"tweenEasing\":0,\"duration\":10,\"displayIndex\":-1},{\"tweenEasing\":0,\"duration\":5}],\"name\":\"dian2\"}],\"ffd\":[],\"playTimes\":0,\"name\":\"newAnimation\"}],\"frameRate\":30,\"name\":\"Armature\",\"skin\":[{\"name\":\"\",\"slot\":[{\"display\":[{\"path\":\"dian\",\"type\":\"image\",\"name\":\"dian\",\"transform\":{\"y\":6.9532,\"skX\":-0.7824,\"skY\":-0.7824,\"x\":146.5483}}],\"name\":\"dian1\"},{\"display\":[{\"path\":\"搜索1\",\"type\":\"image\",\"name\":\"搜索1\",\"transform\":{}}],\"name\":\"搜索1\"},{\"display\":[{\"path\":\"dian\",\"type\":\"image\",\"name\":\"dian\",\"transform\":{\"y\":7.132,\"skX\":-0.7824,\"skY\":-0.7824,\"x\":133.4571}}],\"name\":\"dian\"},{\"display\":[{\"path\":\"搜索对手中\",\"type\":\"image\",\"name\":\"搜索对手中\",\"transform\":{\"y\":-5.6409,\"skX\":-0.7824,\"skY\":-0.7824,\"x\":18.7037}}],\"name\":\"搜索对手中\"},{\"display\":[{\"path\":\"dian\",\"type\":\"image\",\"name\":\"dian\",\"transform\":{\"y\":6.7869,\"skX\":-0.7824,\"skY\":-0.7824,\"x\":158.7232}}],\"name\":\"dian2\"}]}]}],\"name\":\"pipeizhong_Project\",\"version\":\"4.5\"}"},{"__type__":"cc.SpriteFrame","content":{"name":"排位_金币","texture":"13ca4574f","rect":[600,480,39,39],"offset":[0,0],"originalSize":[39,39],"capInsets":[0,0,0,0]}},{"__type__":"cc.SpriteFrame","content":{"name":"排位_底板1","texture":"1d1fa178d","rect":[3,3,665,142],"offset":[0,0],"originalSize":[665,142],"capInsets":[66,11,398,109]}},{"__type__":"cc.SpriteFrame","content":{"name":"星星2","texture":"1ee961467","rect":[482,517,47,48],"offset":[0,0],"originalSize":[47,48],"capInsets":[0,0,0,0]}},{"__type__":"cc.SpriteFrame","content":{"name":"光","texture":"13ca4574f","rect":[175,628,390,390],"offset":[0,0],"originalSize":[390,390],"capInsets":[0,0,0,0]}},{"__type__":"cc.SpriteFrame","content":{"name":"取消匹配","texture":"13ca4574f","rect":[645,422,315,121],"offset":[0,0],"originalSize":[315,121],"capInsets":[0,0,0,0]}},{"__type__":"cc.SpriteFrame","content":{"name":"换球杆","texture":"1298ae8a0","rect":[110,559,89,61],"offset":[0,0],"originalSize":[89,61],"capInsets":[0,0,0,0]}},{"__type__":"cc.SpriteFrame","content":{"name":"光效","texture":"1d1fa178d","rect":[3,482,534,400],"offset":[0,0],"originalSize":[534,400],"rotated":1,"capInsets":[0,0,0,0]}},{"__type__":"cc.SpriteFrame","content":{"name":"换球框","texture":"1298ae8a0","rect":[657,738,108,288],"offset":[0,0],"originalSize":[108,288],"rotated":1,"capInsets":[0,0,0,0]}},{"__type__":"cc.SpriteFrame","content":{"name":"星星1","texture":"1ee961467","rect":[565,761,47,47],"offset":[0,0],"originalSize":[47,47],"capInsets":[0,0,0,0]}},{"__type__":"cc.SpriteFrame","content":{"name":"组1","texture":"1ee961467","rect":[588,240,315,121],"offset":[0,0],"originalSize":[315,121],"capInsets":[0,0,0,0]}},{"__type__":"cc.SpriteFrame","content":{"name":"开始匹配","texture":"1ee961467","rect":[587,367,315,121],"offset":[0,0],"originalSize":[315,121],"capInsets":[0,0,0,0]}},{"__type__":"cc.SpriteFrame","content":{"name":"排位赛-表情框","texture":"15339b09a","rect":[460,183,111,77],"offset":[0,0],"originalSize":[111,77],"capInsets":[52,19,25,40]}},{"__type__":"cc.SpriteFrame","content":{"name":"世界公开赛","texture":"1ee961467","rect":[535,517,231,47],"offset":[0,0],"originalSize":[231,47],"capInsets":[0,0,0,0]}},{"__type__":"cc.SpriteFrame","content":{"name":"排行榜","texture":"13ca4574f","rect":[617,896,124,117],"offset":[0,0],"originalSize":[124,117],"rotated":1,"capInsets":[0,0,0,0]}},{"__type__":"cc.SpriteFrame","content":{"name":"排位_底板2","texture":"13ca4574f","rect":[967,690,56,50],"offset":[0,0],"originalSize":[56,50],"rotated":1,"capInsets":[13,13,13,13]}}]