{"__type__":"dragonBones.DragonBonesAtlasAsset","_name":"sjjdt_Project_tex","_atlasJson":"{\"width\":506,\"imagePath\":\"sjjdt_Project_tex.png\",\"height\":132,\"name\":\"sjjdt_Project\",\"SubTexture\":[{\"width\":437,\"y\":1,\"height\":46,\"name\":\"进度条光\",\"x\":1},{\"width\":64,\"y\":1,\"height\":64,\"name\":\"锤子\",\"x\":440},{\"width\":82,\"y\":49,\"height\":81,\"name\":\"chuiguang\",\"x\":1},{\"width\":101,\"y\":79,\"height\":28,\"name\":\"建造度+1\",\"x\":85},{\"width\":105,\"y\":49,\"height\":28,\"name\":\"建造度+5\",\"x\":206},{\"width\":119,\"y\":49,\"height\":28,\"name\":\"建造度+10\",\"x\":85},{\"width\":105,\"y\":67,\"height\":28,\"name\":\"建造度+2\",\"x\":313}]}","_texture":{"__uuid__":"a2HgdAYJZG3L0lgK2vdODy"},"texture":{"__uuid__":"a2HgdAYJZG3L0lgK2vdODy"}}