{"paths":{"0":["pack/anim/juxingsuipian",6],"1":["pack/anim/caidai1124",3],"2":["pack/anim/effect_jinqiu_tex",6],"3":["pack/anim/effect_jiqiu_tex",6],"4":["pack/anim/effect_jinqiu_tex",5],"5":["pack/界面2/对局/头像",2,1],"7":["dynamic/texture_cue/cue_4",2,1],"8":["pack/界面1/复活界面/倒计时",2,1],"9":["pack/界面1/暂停界面/暂停",2,1],"10":["pack/界面1/复活界面/不了，谢谢",2,1],"11":["pack/other_ani/Jiyichaoqun_1",1],"12":["pack/界面1/挑战结算界面/再次挑战",2,1],"13":["pack/界面2/三期对战/轮到对方了",2,1],"14":["pack/界面1/挑战结算界面/挑战成功",2,1],"18":["pack/界面1/道具复活界面/道具1_点亮",2,1],"19":["dynamic/layer/pvpResultLayer",0],"21":["dynamic/layer/pvpDebugLayer",0],"22":["dynamic/layer/reviveLayer",0],"26":["pack/界面1/三期对战结算/排位赛_失败/帮我保星",2,1],"27":["pack/界面1/道具复活界面/点击使用道具并复活至上一杆",2,1],"28":["pack/界面1/三期对战结算/排位赛_失败/奖励：",2,1],"29":["pack/界面1/道具不足界面/道具不足",2,1],"30":["dynamic/layer/challengeResultLayer",0],"31":["pack/界面1/道具复活界面/道具1_正常",2,1],"32":["pack/界面2/倒计时/倒计时----Assistor",2,1],"33":["pack/other_ani/Jiyichaoqun_2",1],"34":["dynamic/prefab_cue/Qiugan_4",0],"35":["pack/anim/effect_jiqiu_tex",5],"36":["dynamic/texture_cue/cue_15",2,1],"37":["pack/界面1/道具使用界面/任意击打一杆不计入任何犯规，然后继续游戏",2,1],"38":["dynamic/prefab_cue/Qiugan_9",0],"39":["pack/界面1/复活界面/-100复活",2,1],"40":["pack/other_ani/AutoAtlas",1],"41":["pack/界面2/三期对战/轮到你了！",2,1],"42":["pack/界面1/暂停界面/帮助",2,1],"43":["pack/界面1/三期对战结算/排位赛_胜利/失败_再打一次",2,1],"44":["pack/anim/effect_jinqiu_ske",4],"45":["dynamic/texture_cue/cue_1",2,1],"46":["dynamic/texture_cue/cue_19",2,1],"47":["pack/界面2/对局/对局补改/信息栏2",2,1],"48":["pack/界面1/三期对战结算/排位赛_胜利/排位赛_胜利_底板",2,1],"49":["pack/界面2/三期对战/游戏中-底框2",2,1],"50":["pack/界面1/暂停界面/重新开始",2,1],"51":["pack/界面2/三期对战/vs",2,1],"52":["dynamic/prefab_cue/Qiugan_18",0],"53":["pack/界面2/对局/进度条底",2,1],"54":["pack/界面1/挑战结算界面/底板_失败",2,1],"55":["pack/界面1/三期对战结算/排位赛_胜利/奖励：",2,1],"56":["pack/界面1/道具使用界面/道具说明",2,1],"57":["dynamic/texture_cue/cue_18",2,1],"58":["pack/界面2/对局/进度条",2,1],"59":["pack/界面1/三期对战结算/排位赛_胜利/排位赛_胜利_金币",2,1],"60":["prefab_static/challenge_node",0],"61":["pack/anim/juxingsuipian",2,1],"63":["dynamic/prefab_cue/Qiugan_6",0],"64":["pack/界面2/三期对战/游戏中_进度2",2,1],"65":["pack/界面1/三期对战结算/排位赛_胜利/排名_框",2,1],"66":["dynamic/prefab_effect/jiqiu_shui",0],"67":["pack/界面1/三期对战结算/排位赛_胜利/星星1",2,1],"68":["pack/界面2/对局/vs",2,1],"69":["dynamic/texture_cue/cue_9",2,1],"70":["dynamic/layer/useItemLayer",0],"71":["pack/界面1/挑战帮助界面/将目标球击入红色区域完成挑战！",2,1],"72":["dynamic/prefab_cue/Qiugan_11",0],"73":["pack/界面1/道具复活界面/打勾",2,1],"74":["pack/界面1/三期对战结算/排位赛_胜利/重新匹配",2,1],"75":["pack/anim/effect_jiqiu_tex",2,1],"76":["dynamic/prefab_cue/Qiugan_2",0],"77":["pack/界面1/三期对战结算/排位赛_失败/排位赛_失败_底板",2,1],"78":["pack/界面2/三期对战/游戏中_进度1",2,1],"79":["pack/界面2/四期表情/表情_小弹窗",2,1],"80":["dynamic/texture_cue/cue_2",2,1],"81":["pack/界面1/三期对战结算/排位赛_失败/排名_框",2,1],"82":["pack/界面2/三期对战/轮到你了_段位框",2,1],"83":["pack/界面1/复活界面/免费复活",2,1],"84":["pack/界面1/三期对战结算/排位赛_胜利/排名：",2,1],"85":["pack/界面1/道具不足界面/领取道具",2,1],"86":["pack/界面1/道具复活界面/道具2_正常",2,1],"87":["dynamic/texture_cue/cue_13",2,1],"88":["pack/界面1/三期对战结算/排位赛_失败/排位赛_失败_金币",2,1],"89":["dynamic/texture_cue/cue_3",2,1],"90":["dynamic/layer/pauseLayer",0],"91":["dynamic/texture_cue/cue_17",2,1],"92":["pack/界面1/挑战结算界面/底板_成功",2,1],"93":["pack/界面2/对局/视频 播放 影片 2 拷贝",2,1],"94":["dynamic/prefab_cue/Qiugan_5",0],"95":["pack/界面1/道具复活界面/打勾2",2,1],"96":["pack/界面1/三期对战结算/排位赛_失败/光",2,1],"97":["pack/界面1/道具复活界面/道具2_点亮",2,1],"98":["pack/界面2/倒计时/count_down_num",7],"99":["pack/界面1/AutoAtlas",1],"100":["dynamic/prefab_effect/jiqiu_dianji",0],"101":["pack/界面1/道具复活界面/复活灰",2,1],"102":["dynamic/prefab_cue/Qiugan_16",0],"103":["pack/界面1/挑战结算界面/挑战失败",2,1],"104":["pack/界面1/复活界面/复活",2,1],"105":["pack/界面1/三期对战结算/排位赛_胜利/排位赛_胜利_建设币",2,1],"106":["pack/界面1/挑战帮助界面/目标图片",2,1],"107":["prefab_static/emoji_node",0],"108":["dynamic/prefab_cue/Qiugan_20",0],"109":["pack/界面1/三期对战结算/排位赛_胜利/双倍奖励气泡",2,1],"110":["pack/界面1/三期对战结算/排位赛_失败/排位赛_失败_建设币",2,1],"111":["pack/界面1/三期对战结算/排位赛_胜利/炫耀一下",2,1],"112":["pack/anim/effect_jiqiu_ske",4],"113":["dynamic/prefab_effect/jinqiu_feng",0],"114":["pack/界面1/三期对战结算/排位赛_失败/帮我翻盘",2,1],"115":["dynamic/layer/noItemLayer",0],"116":["dynamic/prefab_effect/amazing",0],"117":["pack/界面1/道具使用界面/拿起母球，将它放在桌子上任意位置",2,1],"118":["pack/界面2/三期对战/空球",2,1],"119":["pack/界面1/挑战界面/挑战关",2,1],"120":["dynamic/texture_cue/cue_11",2,1],"121":["pack/界面1/道具使用界面/使用道具",2,1],"122":["pack/界面1/挑战界面/区域内",2,1],"123":["dynamic/layer/challengeHelpLayer",0],"124":["dynamic/layer/itemReviveLayer",0],"125":["pack/界面2/四期表情/表情按钮",2,1],"126":["dynamic/prefab_effect/jinqiu_yanhua",0],"127":["dynamic/prefab_cue/Qiugan_15",0],"128":["pack/界面1/三期对战结算/排位赛_失败/排名：",2,1],"129":["pack/界面2/三期对战/头像框",2,1],"130":["pack/界面2/对局/对局补改/显示球矩形 8002",2,1],"131":["pack/界面2/三期对战/轮到对方了_段位框",2,1],"132":["dynamic/texture_cue/cue_16",2,1],"133":["pack/界面2/三期对战/游戏中-底框1",2,1],"134":["pack/界面2/对局/未解锁",2,1],"135":["dynamic/prefab_cue/Qiugan_17",0],"136":["dynamic/prefab_effect/jiqiu_huoyan",0],"137":["dynamic/texture_cue/cue_20",2,1],"138":["pack/界面2/三期对战/icon - 001",2,1],"139":["pack/other_ani/Jiyichaoqun_di",2,1],"140":["dynamic/prefab_cue/Qiugan_19",0],"141":["dynamic/prefab_cue/Qiugan_3",0],"142":["dynamic/texture_cue/cue_5",2,1],"143":["pack/anim/effect_jinqiu_tex",2,1],"144":["dynamic/scene/pvpScene",0],"145":["pack/界面1/道具复活界面/复活",2,1],"146":["pack/界面1/挑战结算界面/返回首页",2,1],"147":["pack/界面2/四期表情/表情_小弹窗_关闭",2,1],"148":["pack/界面2/AutoAtlas",1],"149":["pack/界面1/挑战界面/区域外",2,1],"150":["pack/界面1/挑战界面/返回 - 001",2,1],"151":["pack/界面2/四期表情/表情框_敌方",2,1],"152":["pack/界面1/暂停界面/返回首页",2,1],"153":["prefab_static/pvp_player_node",0],"154":["dynamic/prefab_cue/Qiugan_13",0],"155":["pack/界面1/三期对战结算/排位赛_胜利/星星2",2,1],"156":["pack/界面1/三期对战结算/排位赛_失败/排位赛按钮 - 001",2,1],"157":["pack/界面1/三期对战结算/排位赛_胜利/光",2,1],"158":["dynamic/texture_cue/cue_6",2,1],"159":["pack/界面2/倒计时/圆角矩形 23 拷贝 5",2,1],"160":["pack/界面2/对局/组 1338663964",2,1],"161":["dynamic/texture_cue/cue_12",2,1],"162":["dynamic/prefab_cue/Qiugan_1",0],"163":["pack/界面2/四期表情/表情框_我方",2,1],"164":["pack/界面2/倒计时/count_down_num_0",2,1],"165":["prefab_static/pvp_turn_node",0],"166":["dynamic/prefab_cue/Qiugan_12",0],"167":["pack/界面1/挑战帮助界面/我知道了",2,1],"168":["pack/界面1/挑战界面/range_mask",2,1],"169":["dynamic/prefab_effect/jinqiu_caidai",0],"170":["dynamic/texture_cue/AutoAtlas",1],"171":["dynamic/scene/challengeScene",0]},"types":["cc.Prefab","cc.SpriteAtlas","cc.SpriteFrame","cc.ParticleAsset","dragonBones.DragonBonesAsset","dragonBones.DragonBonesAtlasAsset","cc.Texture2D","cc.BitmapFont"],"uuids":["36MtE+vF1GSbKmew8ZsBfi","76lM2m2ktHeLXnsZ6dnATM","bandpgSEtMhaIOVLrnvmwq","e4MgIx/KxP/KA2Hv3A+xOM","00d+670INGvo31SzuC+kZv","01qo3XXpdME5SqxQ1b+/e3","02kcE0s9pAmLe145ftvpR/","04ZFxvlu5FCYIp0v3/r+xV","04mSa29p1O4Y+s14NhYO8A","08dOY3P5pEYJyxVgalLc1p","0c/oZY6LVNKIK31HfePGPk","0ek3vNHx9GlZ0opIv/Lejf","12Wc8lKbtPIacuRZHbQPRG","12umSsqgFHvq2o/t2hHYA2","14Muoa2pBN4Lm5VNLPZkRJ","154da9b31","18138cb60","18584f08b","18oKqA/MlONJq9zzYlnATM","18uu1pvI9HJKugvkKyCEKc","18d37ab2d","19TOwYJ79EtI6nhbw6jQ2j","1aL3Htbi1PQKcwUvWx0HeO","1d5cbdd5b","1e135104d","1e23cd0ad","1fWNwKm7dLR6FmySGGKG2N","20K2N6tb5Pb7slGlPYyuaC","21Tx2HzIFLZ5bzxHSMMYFw","21xyZd+NtINLIqC3Sb52p6","22ti3YWw9OXLzzxUokPwZa","23YTkF059FBKef+x5RBwYu","27B41sI9ZEX5fvo5bAtUz6","2bK+c2vEVEr4PNraRuyX4C","2cHDa++sFGB7ZVZ1/JYXF6","2cogdb26JAvbWFxgfFYGAh","2eiYGVyaNCoKzPwxcwzZY4","2fSQec0JNOZKDHCGHebYda","2fyYtdRtpAeZrAHsPmo2q5","30hf1ofQdDmag60jcjx1tS","30zMHLuYFO2oknwol8bDff","38q7He+a5BkZWZoIeurWX/","39tEo9E95CvpiyYHQz4g7k","3bTB0CjtBMBJnaN03lpCh0","3cSJy/zztKubeSztVSFWSl","40iPLfni9O6JGZ7vhQJhMi","41q7k14AVJ/5ehL0ea3vOT","42Ha1ftRJHzb4IHlijTdHy","42bnIDhllPiYjVZ5E8rkoT","43DsuVBhlJk4Njx51d9BNe","43Gb4u6ghDc7YFYrfHtXtm","433MwQbqNLPqDyW+XvLGK4","447p3tsxhPVr0SEnivlH5R","49qQ73evBAdoo6V9pPojUC","4aXJCYg3dKFKWCd8XVecHG","4bIVYi+JpBTJ5BaeEX8cxI","4btPo/8QtLG5ktXbEn7Wtn","4bv8k6Z0JBJqrk7/ahc6rj","50nvxUT+dAab6h/litWuKV","50oSe6XMxP96Z4cTLNkMBg","52UpuTuidDpbUUerg/rALX","55NXrRpz9LGbhxgcKanyGs","56fc2Ai/RFNYpaMT8crweK","57XSzk87tOrrax2kJNNy/3","5dEujzrLBL9qLxMJOCZTLX","5eXEqWVuZLPJKt5UFamLHm","62YmX65CVP8KN6FyGvibEU","62q8WjTgVIhKCNgrKCLXFj","63Y5Zw8TBMl7yvr2+ZzXMX","662tWpfhZEKLruVNFDWC9+","67jv1dRXJIKbLyWbn74vgk","68DZUQCwBEo5A4rHMcXe5w","6bBUUzSnNNqYGmHlqk2acx","6eMdX+tTdCKa6LZdanQrKK","6eyaVw/HRMrL88J5cSReSR","70EQmAL0JH+IN3JAkJykLo","71DWA2fhdAArKNl7NKLFF4","71p+RjCQVBG42mse5q5ChR","78DeqjEA5MJ7qwPoKxeMEp","78gicf33hGDoXguyieBNp3","79aiR59WVI85NCGGfW4eto","7bad54M4xOf6+omcULABYL","7eVSKTP/VB4q4C+1YMC0nl","7eac3IJpxAVpeSt/6dAtHv","81PVRh805OMIskZQwEvn3N","83fkFoK2lEQqudNgIBodOI","841Uz094dG958biFuZ7KhJ","85aFeeu1JNYLu/gbf3WOJT","85ng3EQetCIa8Rt4lhPLef","85qyWUnwlH7Jb12Uys5Ku1","86YKkPjA1B7bxCVPtZ04QW","88AfLCYTpDhoZRZ7lPbRzQ","8aFShJGs1NR4z/7zVo6YwI","8bme/ylHRJNbygivMQh6Xt","8dWFH7zpJCxpowGzQk4iPg","8f4swIyBhEFJJMfmFwMpXI","92fn8F4yNLTZ0qxzA++7hk","94ct/91+dDPqoctFCJ6nj7","9430uZ6GVGzb+al5s9aAOY","98tHwNE4JD+rU62Z8nNpTV","9atjmy8sBOeL7HsUms2IXs","9bgdYeVbdGHrDrxvAjD2ju","9eJiUkeiFF/ZOJf05EPv5n","9ftuWrhXRCZZDPwvEm1j7l","a0lEVwOGtGwrdSyGE5kqOB","a2n59C0spDpYWJeyQRuE9B","a20E0Q7+xLr4lVAtwHGSkz","a3Ydo+VI9MX57GZKY9w9Kt","aa4uZ5lKtE4JzA2g0i9Jbo","abM5089WFNWrUpTBfkQn0+","b0I2wTcz9N2q4GL06IM+tE","b0vFVykz5NSoZgiHu5LNJJ","b09LOggc5In6Kp3Scb2fsQ","b1H99I7stAWoNhLKgkggs9","b2iegY3QtCO5F2+PQ3GT3Q","b3aDStEyVNCZ1W00dbyJaE","b7yXUhuFlNNb+bu2is7UJs","baLPt8LilFE41OmBK1hS3W","baXPagY0VMnZ75bPLdPPui","babOMZgiBOJJRCd+IjJNm+","barE7G41xBsbIzEIrgMooX","bdPEupwthMuYDqbzVXN0ND","c0biqHUutO/bH36Az1Vwfc","c1VqXM/BtEeIaFr/Q7BSUH","c1uuk7nERD9axjTZZsivgr","c3NXms0IVExqcsGcTKKqxb","c30BtVfX1B4qVN0zyCZnS3","c5ScwGn0VEEbwFYmlT5ps8","c5XEs1BG1H9pfYOL3ZS1sm","c5Z6VvfrFMy5OXcRImm7mS","c5mzOkNFJFg7e6VQPmiBTY","c8qTi/UWJJw51osdN1EIuF","cadjLYHeRBqozIKQt0pCU6","cd2LG3GM5MgIdrR7E5UBWY","d3VeHWxzFPpoqdmonEcROA","d4PSGHu8lFepspiciXP1lD","d6AAh1HL1It4YUr0JiIYW0","daMXu4pctGZ6zwwFky+/00","dahVwGP4xEn5m7NuIBRKK0","da/P/UduBML43dvdMuwEht","dbIrHluLtLoauUB7B5wd2/","dbPtMRwyJFZrEf6z+CYrWk","dcrabU3LRKyL9DfWwBNorD","ddP+lRDeVNJa/PasHI7qKd","dfjdluWXpNyqv4K6e66K2y","e0W8pYQxRExKO2Bz0wvLtL","e0ivQTAmlBl67iReZRqU83","e1Q/bWAZpMPLoHgb1iN4lP","e4ZMzfrvBCHpfZnRYGtUAQ","e4uL15cAdB1K7HH786nxOn","e5zu0/HElNPp3m/FxNSdT4","e6BesBrydE6ZQZ409+6/3E","e7MdhvHkhLPJMsCcn5B/X/","e8BKh2845LsLt4ppSWmls6","e8/9EPDw9LgaRFgXMJs8rK","e9WxRl5nVMY6sfbQO0dnZ7","e92QhDxMZDMq+wfFaMlxZ6","ebDOOD9e9PEqVYQdZl/HTj","ecUTDI5s9D0ounfewrxSwK","eeIG2CCzRDdY3ciLZ1EEHp","efZZCuQL5AWZ00gTNsyxWe","f4B1DnxP1NJrNq3B/5DYAD","f6oWLEZyxO/K+DyPqTD87c","f71XQ9EGdCu6Oy7D9HqzW4","f8Xn2DVU1HoqVb/nHYgSrx","f9FgynngdHi5TTZS7TLRCg","f9zoG6YnJFEZjkR+2tsRbr","faiRYm0ahIZLiouT3JTgtQ","fcKJsE46ZPa56UHzrnn9fJ","fcejx9t+1GA6WO5CGVdKX/","feshJq5CNOEJDqETxojDSV","ffL4yu0TJLirWu6hhcBRj/","01fov7ntNNKJIqZcXF6Ug7","01wbZ/WIpHiI7Rec4+6KAn","06i3NzcFtDZpIBpCj2sLsc","084efyL3lOHrGJAc+/qmOF","09JtMQ4eZHJ7TnsUur4tDn","0aAQM8AP5HxLlc6bSFw5WD","0aNoHCgPRJEJyVYrJsypnh","0aoLYFqFVMy6Y9RVBS4NpI","0b7XYX+KtOV7ByVpUa4wFM","0fprb9qgNGjry4J/IsE90+","10x032dn5A6Im80n2DRwgo","12fOY/WpBAlLnlL7QmU1n1","14hntr4qVPnL4mjRy1oNQA","14t0z0eXxPgqSNQwA6rM55","17HaqBaE5C1bmHPS9SvK/s","18INIZT+RDOKR2zCgyoANh","1ajwLPfiVLGJvH194ElQcV","1b5n6PJYNCKYVt604lwFVW","1cL+qnulBE6p4r5A2wTdoY","1ceL1xDY5Lup09gRgq2vbc","1c394tj3ZJxbxKW6XPNd6a","1eZ9cPNjNDsabrGNhJznGb","28DdOSoH9MJ5LDNVruFVIC","29FYIk+N1GYaeWH/q1NxQO","2atq5Yu9pEHZHYJ2DZcuEO","2cmjShZjpP0Yxu3IeuH2yl","2c+slBuQxBbKbymUOP69ib","2d1uRNn4lCKYo7h0Zb7m2F","312JYturtOx74Zjp9UpOqZ","34yy0sOJ5DlZHRIoXFEaWG","368dHXK8dFAaM9DbujYSfn","373ecrUN5NPoCtNKZtuS9f","39rnpgZM1BoIuFccyBgRIY","41B/8Te4RDVrspD5W3bbWo","44tCZoJutBaIC7X7Mdbvwf","45hJlZfmxE0LCnWBKerRby","46f8thqWxKiL1PywhnMdab","47LfXTNedBhJ5sf0G+5l7j","48oTOSkhtCBrHKKFPgoTKG","495YNoxH9EdrytYympmZIc","4aCYAOZvdO/pZgZI/0icCx","4apLNdcTFM96La5znaaMKF","4baCwpuutEQK7CwrmARqho","4fvFC85O5DyoYeo5AODfKS","50FW2r1+FOIaMOmnIXhe4a","50e/uCTI1Hv5sv3e3zmir4","536X70hzhHqrF7CSUsSsqS","56vLUVESxOa6stL6rxM6rI","560WrU1p5KfavA4/xc1Cwq","5aCjAmTyxJNIYA1H7kOFDY","5b59660WVLk4LYadRaYigV","61Fhu5qsVEZ4RGerW4qPsJ","61s7h6p9xNTptraDiWxAF5","62G1+1cGxAYZeSUq1jAXo/","63bOgS139MQasIKo26Igzq","64rOCapfRIGbLEoy5qF+F3","659HzFLItOFYFje7df1PSb","68CYY0zB5JUL1FOxFwPuzc","6960UKXAVDOLzGkAA3wJDJ","6aYSLUARlOmp6KRfzz1Jvv","6alIIWoq5M0K5ZC45xtn2o","6eo3jDDftMxInntkgsja7h","6fSdMryJNCYo3XFr84f2b3","6fgBCSDDdPMInvyNlggls2","72myU4EnpFUoLje5Va5/4V","72zSA1unZIRqLtdClmznN3","73VvFzqflC+L8pQRUf1Evo","76OuQITi1Kd7rOtMKCrX0h","76bgZQ3HBEFp4KDXASoyXb","76fIw5z1FMLK65/q9OFbz0","79lKkFthNPa7cq3InV34gg","7aUt972OdEJq1v7E5dMzwx","7bvnYrahdIPbhlRXFOVlJw","7cTZpfZx9I+Zc61Zt59oFH","7eUA/ecqtKJbHxsn0n8WHp","81UoUJRKJE6Jpt4CcF99l2","81l2qfHSREyb5N9dyZJWk8","82JGJBz2FKAIMcXw+mTQvJ","83+Ht93cxOfrLnS901I33D","84OlmXTllIcK8C69hs16+V","85fDohp29B84G3OyTQLXBo","86BUm5D5dCvL8KbazQ/H+R","863i+JdbBIDZDaw02Vgq7F","88xa0CygVCwohDQQfvmo6K","892B7yUQpHPLSJb8hXSAQB","8chzvAB/VFM6zNBA9NGzCX","8dFVtsGQRK95GQg9u3P6/W","8eGqThsl9Bg6bgNdSDqxq+","8efJw3IFlEW6+T5bQv2zKN","8fT8vnkSFDG4+xKvaqhjjc","95j+CWpldAlJcsWHAH6Y/h","96Ek3zyIBO/LGuYBOqaEVl","97f0wGYplAYJBtv6eA6S2G","99v+ox3VVCdZFo19NtmWWW","9ahhtarERHj4JmFbyfeyFt","9aqCoGkxpKMqo1ZNWk/j44","a4DpJG47xHuJw6cJ6kzWoQ","a4k3QlPX9GyoadJTSSTiW9","a9R2AW7eJGzoql/lnwjPLu","a9WwUL3rZErYGAyVvOHWKE","aaVsIXYwFE46VhB2ey2A2G","acGqNB4eRFEZqOKdtV519p","adrHrFF8dGN4Cp8CP4hZOR","aePwxgWDFPA7ZCqCqsFBJV","b2JODQBwdEu6xw9GscnaRD","b2aHrECZ5APKGS/0d2hvT1","b67gf3BfZD7aFYHOqF+oe9","b79S5c0WFGI5ztCBoYSeJ+","b8OtHAb15OhIPx64GX5n7K","bbIXwm69ZA8bISZPRDVLdn","bc7dpOK15PGogj7jN8ueoe","bdCESoy4hO86kr+hJYfUir","c5NYgRBqRHaYp0tbXRfttx","c6miNWQRFC4ImgTKvoO1A6","c9HmtEB4BMtKrnW8Q1Tyoo","c9M5LC7+dB7LjebRKSTLvJ","c9b8TtWLJExaVFGW/AW8wU","caW9H2xGdD2rIplu0uFu4W","callQDaUxA8qrcqqiRW3nq","cbVvYuQphKUp/TJheaIi5m","cb34HZ+B1DQ5n97IH+GgxK","d09qjVpOpOXZjj+7YxxLYh","d5w2V8PEBGQJQVQF1/gxL1","d5xNwkKDJJJ4O43iq4ebKV","d6Pj8TvSJHs56y+kXnnV32","d64je3O1JA75VeoZVnkRiT","daCF524KdN2ZBj/mxI6pSF","ddCiWIu3ZP2YfV9shoznwP","e0ezgWsDBLpYJFUI9omtCw","e2qKO1X95Gk6tYQAVxQ0sN","e3yF9xVP9GjpnFcYcWXzAK","e6eWWkAYhKC4BYcI6BDZhI","e7q6FL+VZEgLJUjVeDLic/","e97GVMl6JHh5Ml5qEDdSGa","eaqubV0D9PJaiJ1zjLKKgo","ea5y55jMlCNYzUbOV+bofv","ecQ7F/qb5CeLAfm98KVkWv","ecpdLyjvZBwrvm+cedCcQy","f0BIwQ8D5Ml7nTNQbh1YlS","f0rJjURSNDaInZx+0RvELv","f2sELKbzBG6qvUZnifiuTJ","f7iXi6GcZInJIrNJkIKHov","f8az7Pp3FLwZ4m5/Zn9IpJ","f9eG9hATtI35V1FOnYbY1d","f92lIORzdPnZXN3sKUCata","fcsNAWVDxKkoZEJl8G+0/i","fdZ+FLNoFGtYmgI6Rsppg4","fdr1oZv/hF1o6ExGxPdJmb","ffT9Y8H7NBRICqTnkuYnFg","ffunmIr0hJV6U3vLFNurkY"],"scenes":{},"redirect":[172,0,173,1,174,1,175,1,176,1,177,0,178,1,179,1,180,1,181,1,182,1,183,1,184,1,185,0,186,2,187,1,188,1,189,1,190,1,192,1,193,1,194,1,195,1,196,1,197,1,198,0,199,1,201,0,202,1,203,1,205,0,206,0,207,1,208,0,209,0,210,0,211,1,212,1,213,1,214,1,215,0,216,1,217,0,218,0,219,1,220,1,221,1,222,1,223,1,224,1,225,1,226,1,227,1,228,1,229,0,230,1,231,1,232,1,233,1,234,0,235,3,236,1,237,1,238,1,239,1,240,1,241,1,242,1,243,1,244,1,245,1,246,1,247,1,248,1,249,1,250,0,251,1,252,1,253,1,254,1,255,1,256,0,257,1,258,1,259,1,261,0,262,1,263,1,264,0,265,1,266,1,267,0,268,1,269,0,270,1,271,1,272,0,273,1,274,1,275,1,276,2,277,0,278,1,279,1,280,1,281,1,282,1,283,1,285,1,286,1,287,1,288,1,289,1,290,1,291,1,292,1,293,0,294,1,295,1,296,1,297,1,298,1,139,1,299,1,300,1,301,1,302,1,305,1,306,1,307,1,308,1,309,3,310,1,311,0,312,1,313,1,314,1,315,1,316,1,317,1,318,2,319,1,320,0,321,1],"deps":["game_newbie","common","main","internal"],"packs":{"017bc9da2":[21,200,304],"01b61110f":[89,141],"028a8ef18":[56,70,121],"02f262ce9":[119,171],"03a6fa944":[98,164],"03aa04b6b":[12,14,30,54,92,103,146],"0550d52a7":[71,106,123,167],"0615da8e8":[38,69],"061941bc9":[108,137],"066ee3720":[13,41,82,131,165],"06db362bc":[45,162],"0735f41f0":[29,85,115],"076b969f5":[18,27,73,95,97,124,145],"07b0f0e98":[46,140],"07d898980":[94,142],"07fc298a1":[31,86],"088fd94f3":[76,80],"0922bb8e5":[87,154],"0931ed367":[37,117],"0994c419e":[19,191,26,28,204,43,48,55,59,67,74,77,88,260,96,105,110,284,155,156,157],"09957999f":[36,127],"09a7d26ce":[60,122,149,168],"09fdfeb8b":[72,120],"0a9bf2eb1":[144,160],"0b5346d25":[52,57],"0b9534296":[79,93,107,125,134,147],"0bdc30e93":[7,34],"0c50316e4":[83,104],"0c89f2d82":[5,32,49,53,58,68,118,133,138,151,153,159,163],"0cbcf10ee":[102,132],"0ccbf073b":[91,135],"0d148a97e":[161,166],"0d6084ec5":[8,22,39],"0d9575316":[61,169],"0e3c55521":[6,15,16,17,20,23,24,25,0,62,2,3],"0e54539ef":[11,116],"0f3221892":[63,158],"0f3561c56":[9,42,50,90,152]},"name":"game","importBase":"import","nativeBase":"native","debug":false,"isZip":false,"encrypted":false,"versions":{"import":[4,"22d27","017bc9da2","96172","01b61110f","c69cd","028a8ef18","c7e74","02f262ce9","b6dcb","03a6fa944","d85bf","03aa04b6b","feb80","0550d52a7","465d6","0615da8e8","12dc3","061941bc9","2735a","066ee3720","e67ea","06db362bc","d6322","0735f41f0","83554","076b969f5","d4747","07b0f0e98","11dc3","07d898980","e44c1","07fc298a1","b8e76","088fd94f3","38ae0","0922bb8e5","2c3d5","0931ed367","5a81d","0994c419e","8fc5d","09957999f","f952f","09a7d26ce","612f9","09fdfeb8b","3e588","0a9bf2eb1","2f038","0b5346d25","58f1e","0b9534296","5aa26","0bdc30e93","1e390","0c50316e4","0ee4d","0c89f2d82","5e90f","0cbcf10ee","149a3","0ccbf073b","756fa",10,"4f277","0d148a97e","ab87b","0d6084ec5","a27ed","0d9575316","9a3e9","0e3c55521","64fd3","0e54539ef","915f2","0f3221892","b5861","0f3561c56","0d03f",33,"ed4b9",35,"78f05",40,"cc059",44,"54075",47,"ea411",51,"b09ca",64,"560c2",65,"d92ce",66,"a9042",75,"a8ab5",1,"02378",78,"2aa39",81,"de9e9",84,"fe2d8",99,"78974",100,"57583",101,"e5e6e",109,"7cac6",111,"2e089",112,"d06ea",113,"0d3b7",114,"3617f",126,"a8687",128,"4f527",129,"e8902",130,"4c174",136,"fdd88",143,"2cf1d",148,"aff13",150,"fae34",303,"1376c",170,"bf6ec"],"native":[6,"b7a3e",15,"202fc",16,"5ca58",17,"19803",20,"ee74d",23,"8b24c",24,"912b5",25,"52e5b",0,"1342d",62,"5f1d9",1,"f79c2",2,"026b3",3,"787ea"]}}