[{"__type__":"cc.SpriteFrame","content":{"name":"道具1_点亮","texture":"1e23cd0ad","rect":[759,56,145,136],"offset":[0,0],"originalSize":[145,136],"capInsets":[0,0,0,0]}},{"__type__":"cc.SpriteFrame","content":{"name":"点击使用道具并复活至上一杆","texture":"18d37ab2d","rect":[3,671,416,31],"offset":[0,0],"originalSize":[416,31],"capInsets":[0,0,0,0]}},{"__type__":"cc.SpriteFrame","content":{"name":"打勾","texture":"18138cb60","rect":[3,987,38,32],"offset":[0,0],"originalSize":[38,32],"capInsets":[0,0,0,0]}},{"__type__":"cc.SpriteFrame","content":{"name":"打勾2","texture":"18138cb60","rect":[47,987,31,31],"offset":[0,0],"originalSize":[31,31],"capInsets":[0,0,0,0]}},{"__type__":"cc.SpriteFrame","content":{"name":"道具2_点亮","texture":"1e23cd0ad","rect":[759,198,145,136],"offset":[0,0],"originalSize":[145,136],"capInsets":[0,0,0,0]}},[{"__type__":"cc.Prefab","_name":"itemReviveLayer","data":{"__id__":1}},{"__type__":"cc.Node","_name":"itemReviveLayer","_children":[{"__id__":2},{"__id__":3}],"_components":[{"__type__":"cc.Widget","node":{"__id__":1},"_alignFlags":45},{"__type__":"cc.BlockInputEvents","node":{"__id__":1}},{"__type__":"829994IgGNC5qKGG2Xz3XtH","node":{"__id__":1}}],"_prefab":{"__type__":"cc.PrefabInfo","root":{"__id__":1},"asset":{"__uuid__":"c1uuk7nERD9axjTZZsivgr"},"fileId":"b2ZI9uCE5Au74Q/STRz0iL"},"_contentSize":{"__type__":"cc.Size","width":750,"height":1334},"_trs":{"__type__":"TypedArray","ctor":"Float64Array","array":[375,667,0,0,0,0,1,1,1,1]}},{"__type__":"cc.Node","_name":"mask","_parent":{"__id__":1},"_components":[{"__type__":"cc.Sprite","node":{"__id__":2},"_materials":[{"__uuid__":"ecpdLyjvZBwrvm+cedCcQy"}],"_spriteFrame":{"__uuid__":"fdZ+FLNoFGtYmgI6Rsppg4"},"_type":1,"_sizeMode":0,"_isTrimmedMode":false},{"__type__":"cc.Button","node":{"__id__":2},"_N$normalColor":{"__type__":"cc.Color","r":214,"g":214,"b":214},"_N$target":{"__id__":2}},{"__type__":"cc.Widget","node":{"__id__":2},"_alignFlags":45,"_left":-1,"_right":-1,"_top":-1,"_bottom":-1,"_originalWidth":16,"_originalHeight":16}],"_prefab":{"__type__":"cc.PrefabInfo","root":{"__id__":1},"asset":{"__uuid__":"c1uuk7nERD9axjTZZsivgr"},"fileId":"67EbqYNDxBRautS9PwfMF8"},"_opacity":180,"_contentSize":{"__type__":"cc.Size","width":752,"height":1336},"_trs":{"__type__":"TypedArray","ctor":"Float64Array","array":[0,0,0,0,0,0,1,1,1,1]}},{"__type__":"cc.Node","_name":"dialog","_parent":{"__id__":1},"_children":[{"__id__":4},{"__id__":32}],"_components":[{"__type__":"96549DGCmlIcZghb3AfRGQI","node":{"__id__":3}}],"_prefab":{"__type__":"cc.PrefabInfo","root":{"__id__":1},"asset":{"__uuid__":"c1uuk7nERD9axjTZZsivgr"},"fileId":"4e0olrghFBEIcfnNmjyfTT"},"_trs":{"__type__":"TypedArray","ctor":"Float64Array","array":[0,0,0,0,0,0,1,1,1,1]}},{"__type__":"cc.Node","_name":"contents","_parent":{"__id__":3},"_children":[{"__id__":5},{"__id__":6},{"__id__":7},{"__id__":8},{"__id__":9},{"__id__":24},{"__id__":28},{"__id__":30}],"_components":[{"__type__":"09bd4f7l0NPfpseMfFdw+uE","node":{"__id__":4}},{"__type__":"cc.BlockInputEvents","node":{"__id__":4}}],"_prefab":{"__type__":"cc.PrefabInfo","root":{"__id__":1},"asset":{"__uuid__":"c1uuk7nERD9axjTZZsivgr"},"fileId":"4aiSlis7pBhLGvmKKezuRa"},"_contentSize":{"__type__":"cc.Size","width":636,"height":466},"_trs":{"__type__":"TypedArray","ctor":"Float64Array","array":[0,167.3,0,0,0,0,1,1,1,1]}},{"__type__":"cc.Node","_name":"bg","_parent":{"__id__":4},"_components":[{"__type__":"cc.Sprite","node":{"__id__":5},"_materials":[{"__uuid__":"ecpdLyjvZBwrvm+cedCcQy"}],"_spriteFrame":{"__uuid__":"7eUA/ecqtKJbHxsn0n8WHp"},"_type":1,"_sizeMode":0,"_isTrimmedMode":false}],"_prefab":{"__type__":"cc.PrefabInfo","root":{"__id__":1},"asset":{"__uuid__":"c1uuk7nERD9axjTZZsivgr"},"fileId":"ad10fh3cdFm46OvsbsbPYr"},"_contentSize":{"__type__":"cc.Size","width":625,"height":466},"_trs":{"__type__":"TypedArray","ctor":"Float64Array","array":[0,0,0,0,0,0,1,1,1,1]}},{"__type__":"cc.Node","_name":"title_light","_parent":{"__id__":4},"_components":[{"__type__":"ade161OMgVMKpmjDqerbeZb","node":{"__id__":6},"_prefab":{"__uuid__":"a9R2AW7eJGzoql/lnwjPLu"}}],"_prefab":{"__type__":"cc.PrefabInfo","root":{"__id__":1},"asset":{"__uuid__":"c1uuk7nERD9axjTZZsivgr"},"fileId":"89NkZgL8dK7oy/rpW6wzNQ"},"_contentSize":{"__type__":"cc.Size","width":618,"height":104},"_trs":{"__type__":"TypedArray","ctor":"Float64Array","array":[0,178,0,0,0,0,1,1,1,1]}},{"__type__":"cc.Node","_name":"title","_parent":{"__id__":4},"_components":[{"__type__":"cc.Sprite","node":{"__id__":7},"_materials":[{"__uuid__":"ecpdLyjvZBwrvm+cedCcQy"}],"_spriteFrame":{"__uuid__":"a0lEVwOGtGwrdSyGE5kqOB"}}],"_prefab":{"__type__":"cc.PrefabInfo","root":{"__id__":1},"asset":{"__uuid__":"c1uuk7nERD9axjTZZsivgr"},"fileId":"33JOgM495LMqWbIuAdY1ju"},"_contentSize":{"__type__":"cc.Size","width":103,"height":47},"_trs":{"__type__":"TypedArray","ctor":"Float64Array","array":[0,173,0,0,0,0,1,1,1,1]}},{"__type__":"cc.Node","_name":"sub_title","_parent":{"__id__":4},"_components":[{"__type__":"cc.Sprite","node":{"__id__":8},"_materials":[{"__uuid__":"ecpdLyjvZBwrvm+cedCcQy"}],"_spriteFrame":{"__uuid__":"20K2N6tb5Pb7slGlPYyuaC"}}],"_prefab":{"__type__":"cc.PrefabInfo","root":{"__id__":1},"asset":{"__uuid__":"c1uuk7nERD9axjTZZsivgr"},"fileId":"eeHBkSU3JNDq+XMRavnUam"},"_contentSize":{"__type__":"cc.Size","width":416,"height":31},"_trs":{"__type__":"TypedArray","ctor":"Float64Array","array":[0,-62.704,0,0,0,0,1,1,1,1]}},{"__type__":"cc.Node","_name":"item_list","_parent":{"__id__":4},"_children":[{"__id__":10},{"__id__":17}],"_components":[{"__type__":"cc.Layout","node":{"__id__":9},"_layoutSize":{"__type__":"cc.Size","width":460},"_resize":1,"_N$layoutType":1,"_N$spacingX":100}],"_prefab":{"__type__":"cc.PrefabInfo","root":{"__id__":1},"asset":{"__uuid__":"c1uuk7nERD9axjTZZsivgr"},"fileId":"0asH3B9DNHcrZXRTt5XIrm"},"_contentSize":{"__type__":"cc.Size","width":460},"_trs":{"__type__":"TypedArray","ctor":"Float64Array","array":[0,40.174,0,0,0,0,1,1,1,1]}},{"__type__":"cc.Node","_name":"move_item","_parent":{"__id__":9},"_children":[{"__id__":11},{"__id__":12},{"__id__":14}],"_components":[{"__type__":"cc.Button","node":{"__id__":10},"zoomScale":1.1,"clickEvents":[{"__type__":"cc.ClickEvent","target":{"__id__":1},"_componentId":"829994IgGNC5qKGG2Xz3XtH","handler":"onMoveItemClick"}],"_N$transition":3,"transition":3}],"_prefab":{"__type__":"cc.PrefabInfo","root":{"__id__":1},"asset":{"__uuid__":"c1uuk7nERD9axjTZZsivgr"},"fileId":"760yRyLx5G458VPPmQx0s7"},"_contentSize":{"__type__":"cc.Size","width":180,"height":120},"_trs":{"__type__":"TypedArray","ctor":"Float64Array","array":[-140,0,0,0,0,0,1,1,1,0]}},{"__type__":"cc.Node","_name":"toggle_bg","_parent":{"__id__":10},"_components":[{"__type__":"cc.Sprite","node":{"__id__":11},"_materials":[{"__uuid__":"ecpdLyjvZBwrvm+cedCcQy"}],"_spriteFrame":{"__uuid__":"8f4swIyBhEFJJMfmFwMpXI"}}],"_prefab":{"__type__":"cc.PrefabInfo","root":{"__id__":1},"asset":{"__uuid__":"c1uuk7nERD9axjTZZsivgr"},"fileId":"b5gof4+L9CwpRHhsJxmN5E"},"_contentSize":{"__type__":"cc.Size","width":31,"height":31},"_trs":{"__type__":"TypedArray","ctor":"Float64Array","array":[69,-37,0,0,0,0,1,1,1,1]}},{"__type__":"cc.Node","_name":"normal","_parent":{"__id__":10},"_children":[{"__id__":13}],"_components":[{"__type__":"cc.Sprite","node":{"__id__":12},"_materials":[{"__uuid__":"ecpdLyjvZBwrvm+cedCcQy"}],"_spriteFrame":{"__uuid__":"23YTkF059FBKef+x5RBwYu"}}],"_prefab":{"__type__":"cc.PrefabInfo","root":{"__id__":1},"asset":{"__uuid__":"c1uuk7nERD9axjTZZsivgr"},"fileId":"46iWjwi/ROTK6+VCdnxNRo"},"_contentSize":{"__type__":"cc.Size","width":122,"height":112},"_trs":{"__type__":"TypedArray","ctor":"Float64Array","array":[-26,0,0,0,0,0,1,1,1,1]}},{"__type__":"cc.Node","_name":"label","_parent":{"__id__":12},"_components":[{"__type__":"cc.Label","node":{"__id__":13},"_materials":[{"__uuid__":"ecpdLyjvZBwrvm+cedCcQy"}],"_useOriginalSize":false,"_string":"2","_N$string":"2","_fontSize":25,"_lineHeight":26,"_N$horizontalAlign":1,"_N$verticalAlign":1},{"__type__":"cc.LabelOutline","node":{"__id__":13},"_color":{"__type__":"cc.Color","r":29,"g":85,"b":124},"_width":2}],"_prefab":{"__type__":"cc.PrefabInfo","root":{"__id__":1},"asset":{"__uuid__":"c1uuk7nERD9axjTZZsivgr"},"fileId":"99PMg4ziFJMoi+KF/v0ar8"},"_contentSize":{"__type__":"cc.Size","width":17.9,"height":36.76},"_trs":{"__type__":"TypedArray","ctor":"Float64Array","array":[39.732,-32.197,0,0,0,0,1,1,1,1]}},{"__type__":"cc.Node","_name":"selected","_parent":{"__id__":10},"_children":[{"__id__":15},{"__id__":16}],"_components":[{"__type__":"cc.Sprite","node":{"__id__":14},"_materials":[{"__uuid__":"ecpdLyjvZBwrvm+cedCcQy"}],"_spriteFrame":{"__uuid__":"18oKqA/MlONJq9zzYlnATM"}}],"_prefab":{"__type__":"cc.PrefabInfo","root":{"__id__":1},"asset":{"__uuid__":"c1uuk7nERD9axjTZZsivgr"},"fileId":"e8edaPXIdH3YW24elhZ5qZ"},"_contentSize":{"__type__":"cc.Size","width":145,"height":136},"_trs":{"__type__":"TypedArray","ctor":"Float64Array","array":[-26,0,0,0,0,0,1,1,1,1]}},{"__type__":"cc.Node","_name":"label","_parent":{"__id__":14},"_components":[{"__type__":"cc.Label","node":{"__id__":15},"_materials":[{"__uuid__":"ecpdLyjvZBwrvm+cedCcQy"}],"_useOriginalSize":false,"_string":"2","_N$string":"2","_fontSize":25,"_lineHeight":26,"_N$horizontalAlign":1,"_N$verticalAlign":1},{"__type__":"cc.LabelOutline","node":{"__id__":15},"_color":{"__type__":"cc.Color","r":120,"g":83,"b":21},"_width":2}],"_prefab":{"__type__":"cc.PrefabInfo","root":{"__id__":1},"asset":{"__uuid__":"c1uuk7nERD9axjTZZsivgr"},"fileId":"22VASEW65GkJdUT+4Q0i4t"},"_contentSize":{"__type__":"cc.Size","width":17.9,"height":36.76},"_trs":{"__type__":"TypedArray","ctor":"Float64Array","array":[39.732,-32.197,0,0,0,0,1,1,1,1]}},{"__type__":"cc.Node","_name":"toggle_check","_parent":{"__id__":14},"_components":[{"__type__":"cc.Sprite","node":{"__id__":16},"_materials":[{"__uuid__":"ecpdLyjvZBwrvm+cedCcQy"}],"_spriteFrame":{"__uuid__":"6eMdX+tTdCKa6LZdanQrKK"}}],"_prefab":{"__type__":"cc.PrefabInfo","root":{"__id__":1},"asset":{"__uuid__":"c1uuk7nERD9axjTZZsivgr"},"fileId":"95PmkiV8ZLRptBDKq6E2Rz"},"_contentSize":{"__type__":"cc.Size","width":38,"height":32},"_trs":{"__type__":"TypedArray","ctor":"Float64Array","array":[98,-36,0,0,0,0,1,1,1,1]}},{"__type__":"cc.Node","_name":"free_item","_parent":{"__id__":9},"_children":[{"__id__":18},{"__id__":19},{"__id__":21}],"_components":[{"__type__":"cc.Button","node":{"__id__":17},"zoomScale":1.1,"clickEvents":[{"__type__":"cc.ClickEvent","target":{"__id__":1},"_componentId":"829994IgGNC5qKGG2Xz3XtH","handler":"onFreeItemClick"}],"_N$transition":3,"transition":3}],"_prefab":{"__type__":"cc.PrefabInfo","root":{"__id__":1},"asset":{"__uuid__":"c1uuk7nERD9axjTZZsivgr"},"fileId":"f8KOTFx2ZJb4xQxJu90IPy"},"_contentSize":{"__type__":"cc.Size","width":180,"height":120},"_trs":{"__type__":"TypedArray","ctor":"Float64Array","array":[140,0,0,0,0,0,1,1,1,0]}},{"__type__":"cc.Node","_name":"toggle_bg","_parent":{"__id__":17},"_components":[{"__type__":"cc.Sprite","node":{"__id__":18},"_materials":[{"__uuid__":"ecpdLyjvZBwrvm+cedCcQy"}],"_spriteFrame":{"__uuid__":"8f4swIyBhEFJJMfmFwMpXI"}}],"_prefab":{"__type__":"cc.PrefabInfo","root":{"__id__":1},"asset":{"__uuid__":"c1uuk7nERD9axjTZZsivgr"},"fileId":"3a+CDcM1RPO4wijDP3ehZB"},"_contentSize":{"__type__":"cc.Size","width":31,"height":31},"_trs":{"__type__":"TypedArray","ctor":"Float64Array","array":[69,-37,0,0,0,0,1,1,1,1]}},{"__type__":"cc.Node","_name":"normal","_parent":{"__id__":17},"_children":[{"__id__":20}],"_components":[{"__type__":"cc.Sprite","node":{"__id__":19},"_materials":[{"__uuid__":"ecpdLyjvZBwrvm+cedCcQy"}],"_spriteFrame":{"__uuid__":"841Uz094dG958biFuZ7KhJ"}}],"_prefab":{"__type__":"cc.PrefabInfo","root":{"__id__":1},"asset":{"__uuid__":"c1uuk7nERD9axjTZZsivgr"},"fileId":"0ao8/Hx+NLV7rxkZGlrguP"},"_contentSize":{"__type__":"cc.Size","width":123,"height":112},"_trs":{"__type__":"TypedArray","ctor":"Float64Array","array":[-26,0,0,0,0,0,1,1,1,1]}},{"__type__":"cc.Node","_name":"label","_parent":{"__id__":19},"_components":[{"__type__":"cc.Label","node":{"__id__":20},"_materials":[{"__uuid__":"ecpdLyjvZBwrvm+cedCcQy"}],"_useOriginalSize":false,"_string":"2","_N$string":"2","_fontSize":25,"_lineHeight":26,"_N$horizontalAlign":1,"_N$verticalAlign":1},{"__type__":"cc.LabelOutline","node":{"__id__":20},"_color":{"__type__":"cc.Color","r":29,"g":85,"b":124},"_width":2}],"_prefab":{"__type__":"cc.PrefabInfo","root":{"__id__":1},"asset":{"__uuid__":"c1uuk7nERD9axjTZZsivgr"},"fileId":"075tFKJsJHP7iv5r/5ofdP"},"_contentSize":{"__type__":"cc.Size","width":17.9,"height":36.76},"_trs":{"__type__":"TypedArray","ctor":"Float64Array","array":[39.732,-32.197,0,0,0,0,1,1,1,1]}},{"__type__":"cc.Node","_name":"selected","_parent":{"__id__":17},"_children":[{"__id__":22},{"__id__":23}],"_components":[{"__type__":"cc.Sprite","node":{"__id__":21},"_materials":[{"__uuid__":"ecpdLyjvZBwrvm+cedCcQy"}],"_spriteFrame":{"__uuid__":"94ct/91+dDPqoctFCJ6nj7"}}],"_prefab":{"__type__":"cc.PrefabInfo","root":{"__id__":1},"asset":{"__uuid__":"c1uuk7nERD9axjTZZsivgr"},"fileId":"81S90/0C5EtatERBZc0yDU"},"_contentSize":{"__type__":"cc.Size","width":145,"height":136},"_trs":{"__type__":"TypedArray","ctor":"Float64Array","array":[-26,0,0,0,0,0,1,1,1,1]}},{"__type__":"cc.Node","_name":"label","_parent":{"__id__":21},"_components":[{"__type__":"cc.Label","node":{"__id__":22},"_materials":[{"__uuid__":"ecpdLyjvZBwrvm+cedCcQy"}],"_useOriginalSize":false,"_string":"2","_N$string":"2","_fontSize":25,"_lineHeight":26,"_N$horizontalAlign":1,"_N$verticalAlign":1},{"__type__":"cc.LabelOutline","node":{"__id__":22},"_color":{"__type__":"cc.Color","r":120,"g":83,"b":21},"_width":2}],"_prefab":{"__type__":"cc.PrefabInfo","root":{"__id__":1},"asset":{"__uuid__":"c1uuk7nERD9axjTZZsivgr"},"fileId":"8dt5smCVJJP63pU0LHbeAB"},"_contentSize":{"__type__":"cc.Size","width":17.9,"height":36.76},"_trs":{"__type__":"TypedArray","ctor":"Float64Array","array":[39.732,-32.197,0,0,0,0,1,1,1,1]}},{"__type__":"cc.Node","_name":"toggle_check","_parent":{"__id__":21},"_components":[{"__type__":"cc.Sprite","node":{"__id__":23},"_materials":[{"__uuid__":"ecpdLyjvZBwrvm+cedCcQy"}],"_spriteFrame":{"__uuid__":"6eMdX+tTdCKa6LZdanQrKK"}}],"_prefab":{"__type__":"cc.PrefabInfo","root":{"__id__":1},"asset":{"__uuid__":"c1uuk7nERD9axjTZZsivgr"},"fileId":"4ao/4NH19F2ZHi0KtZ+1mp"},"_contentSize":{"__type__":"cc.Size","width":38,"height":32},"_trs":{"__type__":"TypedArray","ctor":"Float64Array","array":[98,-36,0,0,0,0,1,1,1,1]}},{"__type__":"cc.Node","_name":"free_btn","_parent":{"__id__":4},"_children":[{"__id__":25},{"__id__":26},{"__id__":27}],"_components":[{"__type__":"cc.Button","node":{"__id__":24},"_normalMaterial":{"__uuid__":"ecpdLyjvZBwrvm+cedCcQy"},"zoomScale":1.1,"_N$transition":3,"transition":3},{"__type__":"3a0bdMWXApFAIRZFct2j8zt","node":{"__id__":24},"sharePos":4040,"callback":{"__type__":"cc.ClickEvent","target":{"__id__":1},"_componentId":"829994IgGNC5qKGG2Xz3XtH","handler":"onRewardCallback"},"autoRefresh":true}],"_prefab":{"__type__":"cc.PrefabInfo","root":{"__id__":1},"asset":{"__uuid__":"c1uuk7nERD9axjTZZsivgr"},"fileId":"060x+T3fZDL7Rx2JXhM4T7"},"_contentSize":{"__type__":"cc.Size","width":294,"height":104},"_trs":{"__type__":"TypedArray","ctor":"Float64Array","array":[0,-158.44,0,0,0,0,1,1,1,0]}},{"__type__":"cc.Node","_name":"text","_parent":{"__id__":24},"_components":[{"__type__":"cc.Sprite","node":{"__id__":25},"_materials":[{"__uuid__":"ecpdLyjvZBwrvm+cedCcQy"}],"_spriteFrame":{"__uuid__":"7eac3IJpxAVpeSt/6dAtHv"}}],"_prefab":{"__type__":"cc.PrefabInfo","root":{"__id__":1},"asset":{"__uuid__":"c1uuk7nERD9axjTZZsivgr"},"fileId":"06Jh3xE7ZEhaB5mUsMNOkF"},"_contentSize":{"__type__":"cc.Size","width":315,"height":121},"_trs":{"__type__":"TypedArray","ctor":"Float64Array","array":[0,-8,0,0,0,0,1,1,1,1]}},{"__type__":"cc.Node","_name":"video","_parent":{"__id__":24},"_components":[{"__type__":"cc.Sprite","node":{"__id__":26},"_materials":[{"__uuid__":"ecpdLyjvZBwrvm+cedCcQy"}],"_spriteFrame":{"__uuid__":"88xa0CygVCwohDQQfvmo6K"}}],"_prefab":{"__type__":"cc.PrefabInfo","root":{"__id__":1},"asset":{"__uuid__":"c1uuk7nERD9axjTZZsivgr"},"fileId":"823aZu6lVPI4cSHOUsMNeb"},"_contentSize":{"__type__":"cc.Size","width":67,"height":51},"_trs":{"__type__":"TypedArray","ctor":"Float64Array","array":[-87.823,2,0,0,0,0,1,1,1,1]}},{"__type__":"cc.Node","_name":"share","_parent":{"__id__":24},"_active":false,"_components":[{"__type__":"cc.Sprite","node":{"__id__":27},"_materials":[{"__uuid__":"ecpdLyjvZBwrvm+cedCcQy"}],"_spriteFrame":{"__uuid__":"f8az7Pp3FLwZ4m5/Zn9IpJ"}}],"_prefab":{"__type__":"cc.PrefabInfo","root":{"__id__":1},"asset":{"__uuid__":"c1uuk7nERD9axjTZZsivgr"},"fileId":"93Mxm7VR1EZYufdO8DmDF5"},"_contentSize":{"__type__":"cc.Size","width":49,"height":45},"_trs":{"__type__":"TypedArray","ctor":"Float64Array","array":[-87.823,2,0,0,0,0,1,1,1,1]}},{"__type__":"cc.Node","_name":"revive_btn","_parent":{"__id__":4},"_children":[{"__id__":29}],"_components":[{"__type__":"cc.Button","node":{"__id__":28},"_normalMaterial":{"__uuid__":"ecpdLyjvZBwrvm+cedCcQy"},"zoomScale":1.1,"clickEvents":[{"__type__":"cc.ClickEvent","target":{"__id__":1},"_componentId":"829994IgGNC5qKGG2Xz3XtH","handler":"onReviveBtnClick"}],"_N$transition":3,"transition":3}],"_prefab":{"__type__":"cc.PrefabInfo","root":{"__id__":1},"asset":{"__uuid__":"c1uuk7nERD9axjTZZsivgr"},"fileId":"71dCHM4JxMWbRfjcVTLvEx"},"_contentSize":{"__type__":"cc.Size","width":294,"height":104},"_trs":{"__type__":"TypedArray","ctor":"Float64Array","array":[0,-158.44,0,0,0,0,1,1,1,0]}},{"__type__":"cc.Node","_name":"bright","_parent":{"__id__":28},"_components":[{"__type__":"cc.Sprite","node":{"__id__":29},"_materials":[{"__uuid__":"ecpdLyjvZBwrvm+cedCcQy"}],"_spriteFrame":{"__uuid__":"e0W8pYQxRExKO2Bz0wvLtL"}}],"_prefab":{"__type__":"cc.PrefabInfo","root":{"__id__":1},"asset":{"__uuid__":"c1uuk7nERD9axjTZZsivgr"},"fileId":"58zqWi7aBL9r+KUn0E7YeK"},"_contentSize":{"__type__":"cc.Size","width":315,"height":121},"_trs":{"__type__":"TypedArray","ctor":"Float64Array","array":[0,-8,0,0,0,0,1,1,1,1]}},{"__type__":"cc.Node","_name":"close_btn","_parent":{"__id__":4},"_children":[{"__id__":31}],"_components":[{"__type__":"cc.Button","node":{"__id__":30},"zoomScale":1.1,"_N$transition":3,"transition":3}],"_prefab":{"__type__":"cc.PrefabInfo","root":{"__id__":1},"asset":{"__uuid__":"c1uuk7nERD9axjTZZsivgr"},"fileId":"d6QPqGPzRMM47D45wtaLQd"},"_contentSize":{"__type__":"cc.Size","width":198,"height":70},"_trs":{"__type__":"TypedArray","ctor":"Float64Array","array":[0,-287.277,0,0,0,0,1,1,1,0]}},{"__type__":"cc.Node","_name":"text","_parent":{"__id__":30},"_components":[{"__type__":"cc.Sprite","node":{"__id__":31},"_materials":[{"__uuid__":"ecpdLyjvZBwrvm+cedCcQy"}],"_spriteFrame":{"__uuid__":"76OuQITi1Kd7rOtMKCrX0h"}}],"_prefab":{"__type__":"cc.PrefabInfo","root":{"__id__":1},"asset":{"__uuid__":"c1uuk7nERD9axjTZZsivgr"},"fileId":"c1dIr9j6VOEZOWEQEziYND"},"_contentSize":{"__type__":"cc.Size","width":138,"height":30},"_trs":{"__type__":"TypedArray","ctor":"Float64Array","array":[0,0,0,0,0,0,1,1,1,1]}},{"__type__":"cc.Node","_name":"banner","_parent":{"__id__":3},"_components":[{"__type__":"ce3f9aG6A1If7y9kH3tgvq2","node":{"__id__":32}}],"_prefab":{"__type__":"cc.PrefabInfo","root":{"__id__":1},"asset":{"__uuid__":"c1uuk7nERD9axjTZZsivgr"},"fileId":"baUm+0hiNJnZraTn4AM4oF"},"_trs":{"__type__":"TypedArray","ctor":"Float64Array","array":[0,-170.341,0,0,0,0,1,1,1,1]}}],{"__type__":"cc.SpriteFrame","content":{"name":"复活","texture":"1e23cd0ad","rect":[354,776,315,121],"offset":[0,0],"originalSize":[315,121],"capInsets":[0,0,0,0]}}]