[{"__type__":"cc.SpriteFrame","content":{"name":"cue_19","texture":"154da9b31","rect":[1852,3,130,1469],"offset":[0,0],"originalSize":[130,1469],"capInsets":[0,0,0,0]}},[{"__type__":"cc.Prefab","_name":"Qiugan_19","data":{"__id__":1}},{"__type__":"cc.Node","_name":"Qiugan_19","_children":[{"__id__":2},{"__id__":3},{"__id__":4}],"_prefab":{"__type__":"cc.PrefabInfo","root":{"__id__":1},"asset":{"__uuid__":"dbIrHluLtLoauUB7B5wd2/"},"fileId":"07FRwgQfpNWaNWVFJ5dKPG"},"_contentSize":{"__type__":"cc.Size","height":1200},"_anchorPoint":{"__type__":"cc.Vec2","x":0.5},"_trs":{"__type__":"TypedArray","ctor":"Float64Array","array":[0,0,0,0,0,0,1,1,1,1]}},{"__type__":"cc.Node","_name":"Ball_yinying","_parent":{"__id__":1},"_components":[{"__type__":"cc.Sprite","node":{"__id__":2},"_materials":[{"__uuid__":"ecpdLyjvZBwrvm+cedCcQy"}],"_spriteFrame":{"__uuid__":"41q7k14AVJ/5ehL0ea3vOT"},"_sizeMode":0}],"_prefab":{"__type__":"cc.PrefabInfo","root":{"__id__":1},"asset":{"__uuid__":"dbIrHluLtLoauUB7B5wd2/"},"fileId":"f7RUKxiB9ObJJFaTtuCoe3"},"_opacity":20,"_color":{"__type__":"cc.Color"},"_contentSize":{"__type__":"cc.Size","width":106,"height":1200},"_anchorPoint":{"__type__":"cc.Vec2","x":0.5},"_trs":{"__type__":"TypedArray","ctor":"Float64Array","array":[-40.491,-20.693,0,0,0,0,1,1,1,1]}},{"__type__":"cc.Node","_name":"Ball_1","_parent":{"__id__":1},"_components":[{"__type__":"cc.Sprite","node":{"__id__":3},"_materials":[{"__uuid__":"ecpdLyjvZBwrvm+cedCcQy"}],"_spriteFrame":{"__uuid__":"41q7k14AVJ/5ehL0ea3vOT"},"_sizeMode":0}],"_prefab":{"__type__":"cc.PrefabInfo","root":{"__id__":1},"asset":{"__uuid__":"dbIrHluLtLoauUB7B5wd2/"},"fileId":"b4QcwAcwRAiZB3OsCf+hAC"},"_contentSize":{"__type__":"cc.Size","width":106,"height":1200},"_anchorPoint":{"__type__":"cc.Vec2","x":0.5},"_trs":{"__type__":"TypedArray","ctor":"Float64Array","array":[-2.3,21.835,0,0,0,0,1,1,1,1]}},{"__type__":"cc.Node","_name":"Dot","_parent":{"__id__":1},"_components":[{"__type__":"cc.ParticleSystem","node":{"__id__":4},"_materials":[{"__uuid__":"ecpdLyjvZBwrvm+cedCcQy"}],"_dstBlendFactor":1,"_custom":true,"_file":{"__uuid__":"b2aHrECZ5APKGS/0d2hvT1"},"_spriteFrame":{"__uuid__":"47LfXTNedBhJ5sf0G+5l7j"},"totalParticles":50,"emissionRate":999.999985098839,"life":1.5,"lifeVar":0.5,"_startColor":{"__type__":"cc.Color","r":202,"g":200,"b":86,"a":163},"_startColorVar":{"__type__":"cc.Color","r":229,"g":255,"b":173,"a":198},"_endColor":{"__type__":"cc.Color","r":173,"g":161,"b":19,"a":214},"_endColorVar":{"__type__":"cc.Color","r":107,"g":249,"b":249,"a":188},"angleVar":30,"startSize":3.369999885559082,"startSizeVar":30,"endSize":20,"startSpin":-47.369998931884766,"endSpin":-47.369998931884766,"endSpinVar":-142.11000061035156,"posVar":{"__type__":"cc.Vec2","x":15,"y":15},"_positionType":1,"positionType":1,"gravity":{"__type__":"cc.Vec2","x":0.25,"y":0.8600000143051147},"speed":30,"speedVar":20,"tangentialAccel":0}],"_prefab":{"__type__":"cc.PrefabInfo","root":{"__id__":1},"asset":{"__uuid__":"dbIrHluLtLoauUB7B5wd2/"},"fileId":"7cfa5O5p9CBaWLe5Ylp1SK"},"_trs":{"__type__":"TypedArray","ctor":"Float64Array","array":[0,995.607,0,0,0,0,1,1,1,1]}}]]