[[{"__type__":"cc.Prefab","_name":"Qiugan_5","data":{"__id__":1}},{"__type__":"cc.Node","_name":"Qiugan_5","_children":[{"__id__":2},{"__id__":3},{"__id__":4}],"_prefab":{"__type__":"cc.PrefabInfo","root":{"__id__":1},"asset":{"__uuid__":"8dWFH7zpJCxpowGzQk4iPg"},"fileId":"5fhYtkPGdDrJ4DmuWhbbHm"},"_contentSize":{"__type__":"cc.Size","height":1120},"_anchorPoint":{"__type__":"cc.Vec2","x":0.5},"_trs":{"__type__":"TypedArray","ctor":"Float64Array","array":[0,0,0,0,0,0,1,1,1,1]}},{"__type__":"cc.Node","_name":"Ball_yinying","_parent":{"__id__":1},"_components":[{"__type__":"cc.Sprite","node":{"__id__":2},"_materials":[{"__uuid__":"ecpdLyjvZBwrvm+cedCcQy"}],"_spriteFrame":{"__uuid__":"dcrabU3LRKyL9DfWwBNorD"},"_sizeMode":0}],"_prefab":{"__type__":"cc.PrefabInfo","root":{"__id__":1},"asset":{"__uuid__":"8dWFH7zpJCxpowGzQk4iPg"},"fileId":"beuuBTJVFBgqyV3jFYdOLq"},"_opacity":20,"_color":{"__type__":"cc.Color"},"_contentSize":{"__type__":"cc.Size","width":204.6,"height":1120},"_anchorPoint":{"__type__":"cc.Vec2","x":0.5},"_trs":{"__type__":"TypedArray","ctor":"Float64Array","array":[-40.491,-20.693,0,0,0,0,1,1,1,1]}},{"__type__":"cc.Node","_name":"Ball_1","_parent":{"__id__":1},"_components":[{"__type__":"cc.Sprite","node":{"__id__":3},"_materials":[{"__uuid__":"ecpdLyjvZBwrvm+cedCcQy"}],"_spriteFrame":{"__uuid__":"dcrabU3LRKyL9DfWwBNorD"},"_sizeMode":0}],"_prefab":{"__type__":"cc.PrefabInfo","root":{"__id__":1},"asset":{"__uuid__":"8dWFH7zpJCxpowGzQk4iPg"},"fileId":"78aiyds/RLvL5u5mup5zQs"},"_contentSize":{"__type__":"cc.Size","width":204.6,"height":1120},"_anchorPoint":{"__type__":"cc.Vec2","x":0.5},"_trs":{"__type__":"TypedArray","ctor":"Float64Array","array":[-2.309,21.835,0,0,0,0,1,1,1,1]}},{"__type__":"cc.Node","_name":"Effect","_parent":{"__id__":1},"_components":[{"__type__":"cc.Sprite","node":{"__id__":4},"_materials":[{"__uuid__":"ecpdLyjvZBwrvm+cedCcQy"}],"_dstBlendFactor":1,"_spriteFrame":{"__uuid__":"a9WwUL3rZErYGAyVvOHWKE"}},{"__type__":"cc.Animation","node":{"__id__":4},"_defaultClip":{"__uuid__":"10x032dn5A6Im80n2DRwgo"},"_clips":[{"__uuid__":"10x032dn5A6Im80n2DRwgo"}],"playOnLoad":true}],"_prefab":{"__type__":"cc.PrefabInfo","root":{"__id__":1},"asset":{"__uuid__":"8dWFH7zpJCxpowGzQk4iPg"},"fileId":"86jGd+81tGo6b8X/JalI7T"},"_contentSize":{"__type__":"cc.Size","width":126,"height":253},"_trs":{"__type__":"TypedArray","ctor":"Float64Array","array":[0,605.104,0,0,0,0,1,6,6,1]}}],{"__type__":"cc.SpriteFrame","content":{"name":"cue_5","texture":"154da9b31","rect":[753,570,269,1467],"offset":[0,0],"originalSize":[269,1467],"capInsets":[0,0,0,0]}}]