[[{"__type__":"cc.Prefab","_name":"Qiugan_6","data":{"__id__":1}},{"__type__":"cc.Node","_name":"Qiugan_6","_children":[{"__id__":2},{"__id__":3}],"_prefab":{"__type__":"cc.PrefabInfo","root":{"__id__":1},"asset":{"__uuid__":"57XSzk87tOrrax2kJNNy/3"},"fileId":"18iNfcMJhJDrvhCQ5r73Y7"},"_contentSize":{"__type__":"cc.Size","height":1100},"_anchorPoint":{"__type__":"cc.Vec2","x":0.5},"_trs":{"__type__":"TypedArray","ctor":"Float64Array","array":[0,0,0,0,0,0,1,1,1,1]}},{"__type__":"cc.Node","_name":"Ball_yinying","_parent":{"__id__":1},"_components":[{"__type__":"cc.Sprite","node":{"__id__":2},"_materials":[{"__uuid__":"ecpdLyjvZBwrvm+cedCcQy"}],"_spriteFrame":{"__uuid__":"ecUTDI5s9D0ounfewrxSwK"},"_sizeMode":0}],"_prefab":{"__type__":"cc.PrefabInfo","root":{"__id__":1},"asset":{"__uuid__":"57XSzk87tOrrax2kJNNy/3"},"fileId":"cagpJQx01D5ZrqHR12s1b2"},"_opacity":20,"_color":{"__type__":"cc.Color"},"_contentSize":{"__type__":"cc.Size","width":73,"height":1100},"_anchorPoint":{"__type__":"cc.Vec2","x":0.5},"_trs":{"__type__":"TypedArray","ctor":"Float64Array","array":[-40.491,-20.693,0,0,0,0,1,1,1,1]}},{"__type__":"cc.Node","_name":"Ball_1","_parent":{"__id__":1},"_components":[{"__type__":"cc.Sprite","node":{"__id__":3},"_materials":[{"__uuid__":"ecpdLyjvZBwrvm+cedCcQy"}],"_spriteFrame":{"__uuid__":"ecUTDI5s9D0ounfewrxSwK"},"_sizeMode":0}],"_prefab":{"__type__":"cc.PrefabInfo","root":{"__id__":1},"asset":{"__uuid__":"57XSzk87tOrrax2kJNNy/3"},"fileId":"4dr5BMTKZB/KtZy6F697Dn"},"_contentSize":{"__type__":"cc.Size","width":73,"height":1100},"_anchorPoint":{"__type__":"cc.Vec2","x":0.5},"_trs":{"__type__":"TypedArray","ctor":"Float64Array","array":[-2.309,21.835,0,0,0,0,1,1,1,1]}}],{"__type__":"cc.SpriteFrame","content":{"name":"cue_6","texture":"1e135104d","rect":[3,3,96,1447],"offset":[0,0],"originalSize":[96,1447],"capInsets":[0,0,0,0]}}]