[{"__type__":"cc.SpriteFrame","content":{"name":"暂停","texture":"1e23cd0ad","rect":[910,56,92,47],"offset":[0,0],"originalSize":[92,47],"rotated":1,"capInsets":[0,0,0,0]}},{"__type__":"cc.SpriteFrame","content":{"name":"帮助","texture":"18138cb60","rect":[918,196,263,100],"offset":[0,0],"originalSize":[263,100],"rotated":1,"capInsets":[0,0,0,0]}},{"__type__":"cc.SpriteFrame","content":{"name":"重新开始","texture":"18d37ab2d","rect":[915,490,263,101],"offset":[0,0],"originalSize":[263,101],"rotated":1,"capInsets":[0,0,0,0]}},[{"__type__":"cc.Prefab","_name":"pauseLayer","data":{"__id__":1}},{"__type__":"cc.Node","_name":"pauseLayer","_children":[{"__id__":2},{"__id__":3}],"_components":[{"__type__":"cc.Widget","node":{"__id__":1},"_alignFlags":45},{"__type__":"cc.BlockInputEvents","node":{"__id__":1}},{"__type__":"4c666JafY1AYpUWWwL3Ct6a","node":{"__id__":1}}],"_prefab":{"__type__":"cc.PrefabInfo","root":{"__id__":1},"asset":{"__uuid__":"86YKkPjA1B7bxCVPtZ04QW"},"fileId":"b2ZI9uCE5Au74Q/STRz0iL"},"_contentSize":{"__type__":"cc.Size","width":750,"height":1334},"_trs":{"__type__":"TypedArray","ctor":"Float64Array","array":[375,667,0,0,0,0,1,1,1,1]}},{"__type__":"cc.Node","_name":"mask","_parent":{"__id__":1},"_components":[{"__type__":"cc.Sprite","node":{"__id__":2},"_materials":[{"__uuid__":"ecpdLyjvZBwrvm+cedCcQy"}],"_spriteFrame":{"__uuid__":"fdZ+FLNoFGtYmgI6Rsppg4"},"_type":1,"_sizeMode":0,"_isTrimmedMode":false},{"__type__":"cc.Button","node":{"__id__":2},"_N$normalColor":{"__type__":"cc.Color","r":214,"g":214,"b":214},"_N$target":{"__id__":2}},{"__type__":"cc.Widget","node":{"__id__":2},"_alignFlags":45,"_left":-1,"_right":-1,"_top":-1,"_bottom":-1,"_originalWidth":16,"_originalHeight":16}],"_prefab":{"__type__":"cc.PrefabInfo","root":{"__id__":1},"asset":{"__uuid__":"86YKkPjA1B7bxCVPtZ04QW"},"fileId":"67EbqYNDxBRautS9PwfMF8"},"_opacity":180,"_contentSize":{"__type__":"cc.Size","width":752,"height":1336},"_trs":{"__type__":"TypedArray","ctor":"Float64Array","array":[0,0,0,0,0,0,1,1,1,1]}},{"__type__":"cc.Node","_name":"dialog","_parent":{"__id__":1},"_children":[{"__id__":4},{"__id__":13},{"__id__":15}],"_components":[{"__type__":"96549DGCmlIcZghb3AfRGQI","node":{"__id__":3}}],"_prefab":{"__type__":"cc.PrefabInfo","root":{"__id__":1},"asset":{"__uuid__":"86YKkPjA1B7bxCVPtZ04QW"},"fileId":"4e0olrghFBEIcfnNmjyfTT"},"_trs":{"__type__":"TypedArray","ctor":"Float64Array","array":[0,0,0,0,0,0,1,1,1,1]}},{"__type__":"cc.Node","_name":"contents","_parent":{"__id__":3},"_children":[{"__id__":5},{"__id__":6},{"__id__":7},{"__id__":9},{"__id__":10},{"__id__":11},{"__id__":12}],"_components":[{"__type__":"09bd4f7l0NPfpseMfFdw+uE","node":{"__id__":4}},{"__type__":"cc.BlockInputEvents","node":{"__id__":4}}],"_prefab":{"__type__":"cc.PrefabInfo","root":{"__id__":1},"asset":{"__uuid__":"86YKkPjA1B7bxCVPtZ04QW"},"fileId":"4aiSlis7pBhLGvmKKezuRa"},"_contentSize":{"__type__":"cc.Size","width":625,"height":466},"_trs":{"__type__":"TypedArray","ctor":"Float64Array","array":[0,90,0,0,0,0,1,1,1,1]}},{"__type__":"cc.Node","_name":"bg","_parent":{"__id__":4},"_components":[{"__type__":"cc.Sprite","node":{"__id__":5},"_materials":[{"__uuid__":"ecpdLyjvZBwrvm+cedCcQy"}],"_spriteFrame":{"__uuid__":"7eUA/ecqtKJbHxsn0n8WHp"},"_type":1,"_sizeMode":0,"_isTrimmedMode":false}],"_prefab":{"__type__":"cc.PrefabInfo","root":{"__id__":1},"asset":{"__uuid__":"86YKkPjA1B7bxCVPtZ04QW"},"fileId":"ad10fh3cdFm46OvsbsbPYr"},"_contentSize":{"__type__":"cc.Size","width":625,"height":466},"_trs":{"__type__":"TypedArray","ctor":"Float64Array","array":[0,0,0,0,0,0,1,1,1,1]}},{"__type__":"cc.Node","_name":"title_light","_parent":{"__id__":4},"_components":[{"__type__":"ade161OMgVMKpmjDqerbeZb","node":{"__id__":6},"_prefab":{"__uuid__":"a9R2AW7eJGzoql/lnwjPLu"}}],"_prefab":{"__type__":"cc.PrefabInfo","root":{"__id__":1},"asset":{"__uuid__":"86YKkPjA1B7bxCVPtZ04QW"},"fileId":"c1q6DWyzRL5remPrGoXysE"},"_contentSize":{"__type__":"cc.Size","width":618,"height":104},"_trs":{"__type__":"TypedArray","ctor":"Float64Array","array":[0,178,0,0,0,0,1,1,1,1]}},{"__type__":"cc.Node","_name":"close_btn","_parent":{"__id__":4},"_children":[{"__id__":8}],"_components":[{"__type__":"cc.Button","node":{"__id__":7},"zoomScale":1.1,"_N$transition":3,"transition":3}],"_prefab":{"__type__":"cc.PrefabInfo","root":{"__id__":1},"asset":{"__uuid__":"86YKkPjA1B7bxCVPtZ04QW"},"fileId":"10UfbvnI9PI6k/D1Rx5QvS"},"_contentSize":{"__type__":"cc.Size","width":98,"height":98},"_trs":{"__type__":"TypedArray","ctor":"Float64Array","array":[259.84,175,0,0,0,0,1,1,1,0]}},{"__type__":"cc.Node","_name":"text","_parent":{"__id__":7},"_components":[{"__type__":"cc.Sprite","node":{"__id__":8},"_materials":[{"__uuid__":"ecpdLyjvZBwrvm+cedCcQy"}],"_spriteFrame":{"__uuid__":"e2qKO1X95Gk6tYQAVxQ0sN"}}],"_prefab":{"__type__":"cc.PrefabInfo","root":{"__id__":1},"asset":{"__uuid__":"86YKkPjA1B7bxCVPtZ04QW"},"fileId":"66ant/6jVL0YzLcgfTX24m"},"_contentSize":{"__type__":"cc.Size","width":38,"height":38},"_trs":{"__type__":"TypedArray","ctor":"Float64Array","array":[0,0,0,0,0,0,1,1,1,1]}},{"__type__":"cc.Node","_name":"title","_parent":{"__id__":4},"_components":[{"__type__":"cc.Sprite","node":{"__id__":9},"_materials":[{"__uuid__":"ecpdLyjvZBwrvm+cedCcQy"}],"_spriteFrame":{"__uuid__":"08dOY3P5pEYJyxVgalLc1p"}}],"_prefab":{"__type__":"cc.PrefabInfo","root":{"__id__":1},"asset":{"__uuid__":"86YKkPjA1B7bxCVPtZ04QW"},"fileId":"94b7mPKfJBEKzSw3GSgFd1"},"_contentSize":{"__type__":"cc.Size","width":92,"height":47},"_trs":{"__type__":"TypedArray","ctor":"Float64Array","array":[0,175,0,0,0,0,1,1,1,1]}},{"__type__":"cc.Node","_name":"home_btn","_parent":{"__id__":4},"_components":[{"__type__":"cc.Sprite","node":{"__id__":10},"_materials":[{"__uuid__":"ecpdLyjvZBwrvm+cedCcQy"}],"_spriteFrame":{"__uuid__":"e7MdhvHkhLPJMsCcn5B/X/"},"_sizeMode":2,"_isTrimmedMode":false},{"__type__":"cc.Button","node":{"__id__":10},"_normalMaterial":{"__uuid__":"ecpdLyjvZBwrvm+cedCcQy"},"zoomScale":1.1,"clickEvents":[{"__type__":"cc.ClickEvent","target":{"__id__":1},"_componentId":"4c666JafY1AYpUWWwL3Ct6a","handler":"onBtnHomeClick"}],"_N$transition":3,"transition":3}],"_prefab":{"__type__":"cc.PrefabInfo","root":{"__id__":1},"asset":{"__uuid__":"86YKkPjA1B7bxCVPtZ04QW"},"fileId":"1fZkTsRw5DbI5C530zUNq4"},"_contentSize":{"__type__":"cc.Size","width":263,"height":100},"_trs":{"__type__":"TypedArray","ctor":"Float64Array","array":[0,52,0,0,0,0,1,1,1,0]}},{"__type__":"cc.Node","_name":"reset_btn","_parent":{"__id__":4},"_components":[{"__type__":"cc.Sprite","node":{"__id__":11},"_materials":[{"__uuid__":"ecpdLyjvZBwrvm+cedCcQy"}],"_spriteFrame":{"__uuid__":"43Gb4u6ghDc7YFYrfHtXtm"},"_sizeMode":2,"_isTrimmedMode":false},{"__type__":"cc.Button","node":{"__id__":11},"_normalMaterial":{"__uuid__":"ecpdLyjvZBwrvm+cedCcQy"},"zoomScale":1.1,"clickEvents":[{"__type__":"cc.ClickEvent","target":{"__id__":1},"_componentId":"4c666JafY1AYpUWWwL3Ct6a","handler":"onBtnResetClick"}],"_N$transition":3,"transition":3}],"_prefab":{"__type__":"cc.PrefabInfo","root":{"__id__":1},"asset":{"__uuid__":"86YKkPjA1B7bxCVPtZ04QW"},"fileId":"4d1pFvXctDPYevJxP9ebHX"},"_contentSize":{"__type__":"cc.Size","width":263,"height":101},"_trs":{"__type__":"TypedArray","ctor":"Float64Array","array":[0,-52,0,0,0,0,1,1,1,0]}},{"__type__":"cc.Node","_name":"help_btn","_parent":{"__id__":4},"_components":[{"__type__":"cc.Sprite","node":{"__id__":12},"_materials":[{"__uuid__":"ecpdLyjvZBwrvm+cedCcQy"}],"_spriteFrame":{"__uuid__":"39tEo9E95CvpiyYHQz4g7k"}},{"__type__":"cc.Button","node":{"__id__":12},"_normalMaterial":{"__uuid__":"ecpdLyjvZBwrvm+cedCcQy"},"zoomScale":1.1,"clickEvents":[{"__type__":"cc.ClickEvent","target":{"__id__":1},"_componentId":"4c666JafY1AYpUWWwL3Ct6a","handler":"onBtnHelpClick"}],"_N$transition":3,"transition":3}],"_prefab":{"__type__":"cc.PrefabInfo","root":{"__id__":1},"asset":{"__uuid__":"86YKkPjA1B7bxCVPtZ04QW"},"fileId":"40GXc0fXRDZ7ujEVYDAqtU"},"_contentSize":{"__type__":"cc.Size","width":263,"height":100},"_trs":{"__type__":"TypedArray","ctor":"Float64Array","array":[0,-156,0,0,0,0,1,1,1,0]}},{"__type__":"cc.Node","_name":"top","_parent":{"__id__":3},"_children":[{"__id__":14}],"_components":[{"__type__":"cc.Widget","node":{"__id__":13},"_alignFlags":8,"_left":-375,"_top":-1.0349999999999682},{"__type__":"e57e4IZMt1DRIedJi+eZop6","node":{"__id__":13}},{"__type__":"96549DGCmlIcZghb3AfRGQI","node":{"__id__":13}}],"_prefab":{"__type__":"cc.PrefabInfo","root":{"__id__":1},"asset":{"__uuid__":"86YKkPjA1B7bxCVPtZ04QW"},"fileId":"3528tTYy1A8rWkddiceY+C"},"_trs":{"__type__":"TypedArray","ctor":"Float64Array","array":[-375,668.035,0,0,0,0,1,1,1,1]}},{"__type__":"cc.Node","_name":"money_bar","_parent":{"__id__":13},"_components":[{"__type__":"ade161OMgVMKpmjDqerbeZb","node":{"__id__":14},"_prefab":{"__uuid__":"1b5n6PJYNCKYVt604lwFVW"}}],"_prefab":{"__type__":"cc.PrefabInfo","root":{"__id__":1},"asset":{"__uuid__":"86YKkPjA1B7bxCVPtZ04QW"},"fileId":"bchcH+TcFEkYgqR4PKEDPz"},"_trs":{"__type__":"TypedArray","ctor":"Float64Array","array":[0,-80,0,0,0,0,1,1,1,1]}},{"__type__":"cc.Node","_name":"banner","_parent":{"__id__":3},"_components":[{"__type__":"ce3f9aG6A1If7y9kH3tgvq2","node":{"__id__":15}}],"_prefab":{"__type__":"cc.PrefabInfo","root":{"__id__":1},"asset":{"__uuid__":"86YKkPjA1B7bxCVPtZ04QW"},"fileId":"baUm+0hiNJnZraTn4AM4oF"},"_trs":{"__type__":"TypedArray","ctor":"Float64Array","array":[0,-168,0,0,0,0,1,1,1,1]}}],{"__type__":"cc.SpriteFrame","content":{"name":"返回首页","texture":"18138cb60","rect":[918,465,263,100],"offset":[0,0],"originalSize":[263,100],"rotated":1,"capInsets":[0,0,0,0]}}]