{"__type__":"dragonBones.DragonBonesAsset","_name":"effect_jinqiu_ske","_dragonBonesJson":"{\"armature\":[{\"animation\":[{\"bone\":[{\"translateFrame\":[],\"rotateFrame\":[],\"scaleFrame\":[{\"duration\":60},{\"duration\":0}],\"name\":\"root\"},{\"translateFrame\":[{\"duration\":60}],\"rotateFrame\":[{\"duration\":60}],\"scaleFrame\":[{\"duration\":60}],\"name\":\"bone\"},{\"translateFrame\":[{\"tweenEasing\":0,\"duration\":1},{\"duration\":59}],\"rotateFrame\":[{\"tweenEasing\":0,\"duration\":1},{\"tweenEasing\":0,\"duration\":16},{\"duration\":43,\"rotate\":42.1285}],\"scaleFrame\":[{\"tweenEasing\":0,\"duration\":1},{\"tweenEasing\":0,\"y\":0.5,\"duration\":4,\"x\":0.5},{\"duration\":55}],\"name\":\"xingguang1\"},{\"translateFrame\":[{\"duration\":60}],\"rotateFrame\":[{\"duration\":60}],\"scaleFrame\":[{\"duration\":60}],\"name\":\"510000\"},{\"translateFrame\":[{\"duration\":60}],\"rotateFrame\":[{\"duration\":60}],\"scaleFrame\":[{\"duration\":60}],\"name\":\"5100001\"},{\"translateFrame\":[{\"y\":40.2611,\"duration\":60,\"x\":-298.9947}],\"rotateFrame\":[{\"duration\":60}],\"scaleFrame\":[{\"duration\":60}],\"name\":\"760000\"},{\"translateFrame\":[],\"rotateFrame\":[],\"scaleFrame\":[],\"name\":\"f1\"},{\"translateFrame\":[],\"rotateFrame\":[],\"scaleFrame\":[],\"name\":\"f11\"},{\"translateFrame\":[],\"rotateFrame\":[],\"scaleFrame\":[],\"name\":\"彩条1\"},{\"translateFrame\":[],\"rotateFrame\":[],\"scaleFrame\":[],\"name\":\"彩条2\"},{\"translateFrame\":[],\"rotateFrame\":[],\"scaleFrame\":[],\"name\":\"彩条3\"},{\"translateFrame\":[],\"rotateFrame\":[],\"scaleFrame\":[],\"name\":\"longjuanfeng\"},{\"translateFrame\":[],\"rotateFrame\":[],\"scaleFrame\":[],\"name\":\"彩条11\"},{\"translateFrame\":[],\"rotateFrame\":[],\"scaleFrame\":[],\"name\":\"彩条21\"},{\"translateFrame\":[],\"rotateFrame\":[],\"scaleFrame\":[],\"name\":\"彩条31\"}],\"ffd\":[],\"duration\":60,\"playTimes\":0,\"frame\":[{\"tweenEasing\":null,\"duration\":27,\"events\":[{\"name\":\"start\"}]},{\"tweenEasing\":null,\"duration\":0,\"events\":[{\"name\":\"end\"}]}],\"slot\":[{\"colorFrame\":[{\"tweenEasing\":0,\"duration\":1,\"color\":{\"aM\":0}},{\"tweenEasing\":0,\"duration\":10,\"color\":{\"aM\":0}},{\"tweenEasing\":0,\"duration\":11},{\"duration\":38,\"color\":{\"aM\":0}}],\"name\":\"xingguang1\",\"displayFrame\":[{\"value\":-1,\"duration\":1},{\"value\":-1,\"duration\":59}]},{\"colorFrame\":[{\"tweenEasing\":0,\"duration\":27},{\"duration\":33}],\"name\":\"Armature1\",\"displayFrame\":[{\"actions\":[{\"gotoAndPlay\":\"guang_xing\"}],\"duration\":27},{\"value\":-1,\"duration\":33}]},{\"colorFrame\":[{\"tweenEasing\":0,\"duration\":8},{\"duration\":52,\"color\":{\"gM\":61,\"rM\":87}}],\"name\":\"510000\",\"displayFrame\":[{\"value\":-1,\"duration\":8},{\"duration\":1},{\"value\":12,\"duration\":1},{\"value\":11,\"duration\":1},{\"value\":10,\"duration\":1},{\"value\":9,\"duration\":1},{\"value\":8,\"duration\":1},{\"value\":7,\"duration\":1},{\"value\":6,\"duration\":1},{\"value\":5,\"duration\":1},{\"value\":4,\"duration\":1},{\"value\":3,\"duration\":1},{\"value\":2,\"duration\":1},{\"value\":1,\"duration\":1},{\"value\":-1,\"duration\":39}]},{\"colorFrame\":[{\"tweenEasing\":0,\"duration\":2},{\"duration\":58,\"color\":{\"gM\":31,\"bM\":31}}],\"name\":\"5100001\",\"displayFrame\":[{\"value\":-1,\"duration\":2},{\"duration\":1},{\"value\":12,\"duration\":1},{\"value\":11,\"duration\":1},{\"value\":10,\"duration\":1},{\"value\":9,\"duration\":1},{\"value\":8,\"duration\":1},{\"value\":7,\"duration\":1},{\"value\":6,\"duration\":1},{\"value\":5,\"duration\":1},{\"value\":4,\"duration\":1},{\"value\":3,\"duration\":1},{\"value\":2,\"duration\":1},{\"value\":1,\"duration\":1},{\"value\":-1,\"duration\":45}]},{\"colorFrame\":[{\"tweenEasing\":0,\"duration\":10},{\"duration\":50}],\"name\":\"760000\",\"displayFrame\":[{\"value\":-1,\"duration\":10},{\"duration\":1},{\"value\":19,\"duration\":1},{\"value\":18,\"duration\":1},{\"value\":17,\"duration\":1},{\"value\":16,\"duration\":1},{\"value\":15,\"duration\":1},{\"value\":14,\"duration\":1},{\"value\":13,\"duration\":1},{\"value\":12,\"duration\":1},{\"value\":11,\"duration\":1},{\"value\":9,\"duration\":1},{\"value\":8,\"duration\":1},{\"value\":7,\"duration\":1},{\"value\":6,\"duration\":1},{\"value\":5,\"duration\":1},{\"value\":4,\"duration\":1},{\"value\":3,\"duration\":1},{\"value\":2,\"duration\":1},{\"value\":1,\"duration\":1},{\"value\":-1,\"duration\":31}]},{\"colorFrame\":[],\"name\":\"f1\",\"displayFrame\":[]},{\"colorFrame\":[],\"name\":\"f11\",\"displayFrame\":[]},{\"colorFrame\":[],\"name\":\"longjuanfeng\",\"displayFrame\":[{\"value\":-1,\"duration\":60}]},{\"colorFrame\":[],\"name\":\"彩条1\",\"displayFrame\":[]},{\"colorFrame\":[],\"name\":\"彩条2\",\"displayFrame\":[]},{\"colorFrame\":[],\"name\":\"彩条3\",\"displayFrame\":[]},{\"colorFrame\":[],\"name\":\"彩条11\",\"displayFrame\":[]},{\"colorFrame\":[],\"name\":\"彩条21\",\"displayFrame\":[]},{\"colorFrame\":[],\"name\":\"彩条31\",\"displayFrame\":[]}],\"ik\":[],\"name\":\"yanhua\"},{\"bone\":[{\"translateFrame\":[],\"rotateFrame\":[],\"scaleFrame\":[{\"duration\":60},{\"duration\":0}],\"name\":\"root\"},{\"translateFrame\":[{\"duration\":60}],\"rotateFrame\":[{\"duration\":60}],\"scaleFrame\":[{\"duration\":60}],\"name\":\"bone\"},{\"translateFrame\":[{\"duration\":1},{\"duration\":59}],\"rotateFrame\":[{\"duration\":1},{\"tweenEasing\":0,\"duration\":16},{\"duration\":43,\"rotate\":42.1285}],\"scaleFrame\":[{\"duration\":1},{\"tweenEasing\":0,\"y\":0.5,\"duration\":4,\"x\":0.5},{\"duration\":55}],\"name\":\"xingguang1\"},{\"translateFrame\":[{\"duration\":60}],\"rotateFrame\":[{\"duration\":60}],\"scaleFrame\":[{\"y\":0.6,\"duration\":60,\"x\":0.6}],\"name\":\"510000\"},{\"translateFrame\":[{\"duration\":60}],\"rotateFrame\":[{\"duration\":60}],\"scaleFrame\":[{\"y\":0.6,\"duration\":60,\"x\":0.6}],\"name\":\"5100001\"},{\"translateFrame\":[],\"rotateFrame\":[],\"scaleFrame\":[],\"name\":\"760000\"},{\"translateFrame\":[],\"rotateFrame\":[],\"scaleFrame\":[],\"name\":\"f1\"},{\"translateFrame\":[],\"rotateFrame\":[],\"scaleFrame\":[],\"name\":\"f11\"},{\"translateFrame\":[{\"tweenEasing\":0,\"y\":-98.45,\"duration\":3,\"x\":-702.4043},{\"tweenEasing\":0,\"y\":-75.4202,\"duration\":4,\"x\":-672.5345},{\"tweenEasing\":0,\"y\":-27.4161,\"duration\":8,\"x\":-611.3142},{\"y\":5.673,\"duration\":45,\"x\":-573.3004}],\"rotateFrame\":[{\"tweenEasing\":0,\"duration\":3,\"rotate\":39.6264},{\"duration\":57,\"rotate\":39.6264}],\"scaleFrame\":[{\"tweenEasing\":0,\"duration\":3,\"x\":0.2},{\"tweenEasing\":0,\"duration\":4,\"x\":0.2},{\"tweenEasing\":0,\"duration\":8},{\"duration\":45,\"x\":0.2}],\"name\":\"彩条1\"},{\"translateFrame\":[{\"tweenEasing\":0,\"y\":-81.8149,\"duration\":7,\"x\":-702.9877},{\"tweenEasing\":0,\"y\":-56.7441,\"duration\":4,\"x\":-673.9729},{\"tweenEasing\":0,\"y\":4.4196,\"duration\":8,\"x\":-743.9701},{\"y\":40.0081,\"duration\":41,\"x\":-782.7088}],\"rotateFrame\":[{\"tweenEasing\":0,\"duration\":7,\"rotate\":135.4989},{\"duration\":53,\"rotate\":135.4989}],\"scaleFrame\":[{\"tweenEasing\":0,\"duration\":7,\"x\":0.2},{\"tweenEasing\":0,\"duration\":4,\"x\":0.2},{\"tweenEasing\":0,\"duration\":8},{\"duration\":41,\"x\":0.2}],\"name\":\"彩条2\"},{\"translateFrame\":[{\"tweenEasing\":0,\"y\":-73.7637,\"duration\":3,\"x\":-695.7499},{\"tweenEasing\":0,\"y\":-48.8584,\"duration\":4,\"x\":-672.1408},{\"tweenEasing\":0,\"y\":-80.3372,\"duration\":8,\"x\":-621.3976},{\"y\":-101.2253,\"duration\":45,\"x\":-582.1371}],\"rotateFrame\":[{\"tweenEasing\":0,\"duration\":3,\"rotate\":-30.8881},{\"duration\":57,\"rotate\":-30.8881}],\"scaleFrame\":[{\"tweenEasing\":0,\"duration\":3,\"x\":0.2},{\"tweenEasing\":0,\"duration\":4,\"x\":0.2},{\"tweenEasing\":0,\"duration\":8},{\"duration\":45,\"x\":0.2}],\"name\":\"彩条3\"},{\"translateFrame\":[],\"rotateFrame\":[],\"scaleFrame\":[],\"name\":\"longjuanfeng\"},{\"translateFrame\":[{\"tweenEasing\":0,\"y\":-98.45,\"duration\":7,\"x\":-702.4043},{\"tweenEasing\":0,\"y\":-127.8384,\"duration\":4,\"x\":-712.443},{\"tweenEasing\":0,\"y\":-222.7685,\"duration\":8,\"x\":-681.2642},{\"y\":-290.513,\"duration\":41,\"x\":-657.892}],\"rotateFrame\":[{\"tweenEasing\":0,\"duration\":7,\"rotate\":39.6264},{\"tweenEasing\":0,\"duration\":4,\"rotate\":-71.8052},{\"duration\":49,\"rotate\":-71.8021}],\"scaleFrame\":[{\"tweenEasing\":0,\"duration\":7,\"x\":0.2},{\"tweenEasing\":0,\"duration\":4,\"x\":0.2},{\"tweenEasing\":0,\"duration\":8},{\"duration\":41,\"x\":0.2}],\"name\":\"彩条11\"},{\"translateFrame\":[{\"tweenEasing\":0,\"y\":-81.8149,\"duration\":11,\"x\":-702.9877},{\"tweenEasing\":0,\"y\":-109.7013,\"duration\":4,\"x\":-715.6118},{\"tweenEasing\":0,\"y\":-109.9387,\"duration\":8,\"x\":-829.486},{\"y\":-109.9387,\"duration\":37,\"x\":-881.8412}],\"rotateFrame\":[{\"tweenEasing\":0,\"duration\":11,\"rotate\":135.4989},{\"duration\":49,\"rotate\":180.5387}],\"scaleFrame\":[{\"tweenEasing\":0,\"duration\":11,\"x\":0.2},{\"tweenEasing\":0,\"duration\":4,\"x\":0.2},{\"tweenEasing\":0,\"duration\":8},{\"duration\":37,\"x\":0.2}],\"name\":\"彩条21\"},{\"translateFrame\":[{\"tweenEasing\":0,\"y\":-73.7637,\"duration\":7,\"x\":-695.7499},{\"tweenEasing\":0,\"y\":-95.509,\"duration\":4,\"x\":-712.2845},{\"tweenEasing\":0,\"y\":-8.9252,\"duration\":8,\"x\":-666.2753},{\"y\":39.7718,\"duration\":41,\"x\":-638.5744}],\"rotateFrame\":[{\"tweenEasing\":0,\"duration\":7,\"rotate\":-30.8881},{\"duration\":53,\"rotate\":59.5744}],\"scaleFrame\":[{\"tweenEasing\":0,\"duration\":7,\"x\":0.2},{\"tweenEasing\":0,\"duration\":4,\"x\":0.2},{\"tweenEasing\":0,\"duration\":8},{\"duration\":41,\"x\":0.2}],\"name\":\"彩条31\"}],\"ffd\":[],\"duration\":60,\"playTimes\":0,\"frame\":[{\"tweenEasing\":null,\"duration\":27,\"events\":[{\"name\":\"start\"}]},{\"tweenEasing\":null,\"duration\":0,\"events\":[{\"name\":\"end\"}]}],\"slot\":[{\"colorFrame\":[{\"duration\":1},{\"tweenEasing\":0,\"duration\":10,\"color\":{\"aM\":0}},{\"tweenEasing\":0,\"duration\":11},{\"duration\":38,\"color\":{\"aM\":0}}],\"name\":\"xingguang1\",\"displayFrame\":[{\"value\":-1,\"duration\":1},{\"duration\":59}]},{\"colorFrame\":[{\"tweenEasing\":0,\"duration\":27},{\"tweenEasing\":0,\"duration\":33},{\"duration\":0}],\"name\":\"Armature1\",\"displayFrame\":[{\"value\":-1,\"actions\":[{\"gotoAndPlay\":\"guang_xing\"}],\"duration\":27},{\"value\":-1,\"duration\":33},{\"value\":-1,\"duration\":0}]},{\"colorFrame\":[{\"duration\":60}],\"name\":\"510000\",\"displayFrame\":[{\"value\":-1,\"duration\":60}]},{\"colorFrame\":[{\"duration\":60}],\"name\":\"5100001\",\"displayFrame\":[{\"value\":-1,\"duration\":60}]},{\"colorFrame\":[],\"name\":\"760000\",\"displayFrame\":[]},{\"colorFrame\":[],\"name\":\"f1\",\"displayFrame\":[]},{\"colorFrame\":[],\"name\":\"f11\",\"displayFrame\":[]},{\"colorFrame\":[],\"name\":\"longjuanfeng\",\"displayFrame\":[]},{\"colorFrame\":[{\"tweenEasing\":0,\"duration\":15},{\"duration\":45}],\"name\":\"彩条1\",\"displayFrame\":[{\"value\":-1,\"duration\":3},{\"duration\":12},{\"value\":-1,\"duration\":45}]},{\"colorFrame\":[{\"tweenEasing\":0,\"duration\":7},{\"duration\":53}],\"name\":\"彩条2\",\"displayFrame\":[{\"value\":-1,\"duration\":7},{\"duration\":12},{\"value\":-1,\"duration\":41}]},{\"colorFrame\":[{\"duration\":60}],\"name\":\"彩条3\",\"displayFrame\":[{\"value\":-1,\"duration\":3},{\"duration\":12},{\"value\":-1,\"duration\":45}]},{\"colorFrame\":[{\"tweenEasing\":0,\"duration\":19},{\"duration\":41}],\"name\":\"彩条11\",\"displayFrame\":[{\"value\":-1,\"duration\":7},{\"duration\":12},{\"value\":-1,\"duration\":41}]},{\"colorFrame\":[{\"tweenEasing\":0,\"duration\":11},{\"duration\":49}],\"name\":\"彩条21\",\"displayFrame\":[{\"value\":-1,\"duration\":11},{\"duration\":12},{\"value\":-1,\"duration\":37}]},{\"colorFrame\":[{\"duration\":60}],\"name\":\"彩条31\",\"displayFrame\":[{\"value\":-1,\"duration\":7},{\"duration\":12},{\"value\":-1,\"duration\":41}]}],\"ik\":[],\"name\":\"caidai\"},{\"bone\":[{\"translateFrame\":[],\"rotateFrame\":[],\"scaleFrame\":[{\"duration\":60},{\"duration\":0}],\"name\":\"root\"},{\"translateFrame\":[{\"duration\":60}],\"rotateFrame\":[{\"duration\":60}],\"scaleFrame\":[{\"duration\":60}],\"name\":\"bone\"},{\"translateFrame\":[{\"tweenEasing\":0,\"duration\":1},{\"duration\":59}],\"rotateFrame\":[{\"tweenEasing\":0,\"duration\":1},{\"tweenEasing\":0,\"duration\":16},{\"duration\":43,\"rotate\":42.1285}],\"scaleFrame\":[{\"tweenEasing\":0,\"duration\":1},{\"tweenEasing\":0,\"y\":0.5,\"duration\":4,\"x\":0.5},{\"duration\":55}],\"name\":\"xingguang1\"},{\"translateFrame\":[{\"duration\":60}],\"rotateFrame\":[{\"duration\":60}],\"scaleFrame\":[{\"duration\":60}],\"name\":\"510000\"},{\"translateFrame\":[{\"duration\":60}],\"rotateFrame\":[{\"duration\":60}],\"scaleFrame\":[{\"duration\":60}],\"name\":\"5100001\"},{\"translateFrame\":[],\"rotateFrame\":[],\"scaleFrame\":[],\"name\":\"760000\"},{\"translateFrame\":[{\"tweenEasing\":0,\"y\":-90.409,\"duration\":1,\"x\":-218.1025},{\"y\":-90.409,\"duration\":59,\"x\":-218.1025}],\"rotateFrame\":[{\"tweenEasing\":0,\"duration\":1},{\"duration\":59}],\"scaleFrame\":[{\"tweenEasing\":0,\"duration\":1},{\"tweenEasing\":0,\"y\":0.5,\"duration\":26,\"x\":0.5},{\"y\":1.1538,\"duration\":33,\"x\":1.1538}],\"name\":\"f1\"},{\"translateFrame\":[{\"y\":-90.409,\"duration\":60,\"x\":-218.1025}],\"rotateFrame\":[{\"duration\":60}],\"scaleFrame\":[{\"duration\":60}],\"name\":\"f11\"},{\"translateFrame\":[],\"rotateFrame\":[],\"scaleFrame\":[],\"name\":\"彩条1\"},{\"translateFrame\":[],\"rotateFrame\":[],\"scaleFrame\":[],\"name\":\"彩条2\"},{\"translateFrame\":[],\"rotateFrame\":[],\"scaleFrame\":[],\"name\":\"彩条3\"},{\"translateFrame\":[{\"tweenEasing\":0,\"duration\":1},{\"tweenEasing\":0,\"y\":-481.3639,\"duration\":18,\"x\":497.4975},{\"tweenEasing\":0,\"y\":-481.3639,\"duration\":18,\"x\":523.8046},{\"y\":-481.3639,\"duration\":23,\"x\":497.4975}],\"rotateFrame\":[{\"tweenEasing\":0,\"duration\":1},{\"duration\":59}],\"scaleFrame\":[{\"tweenEasing\":0,\"duration\":1},{\"tweenEasing\":0,\"y\":0.45,\"duration\":6,\"x\":0.45},{\"tweenEasing\":0,\"y\":1.15,\"duration\":4,\"x\":1.15},{\"tweenEasing\":0,\"y\":0.9,\"duration\":16,\"x\":0.9},{\"tweenEasing\":0,\"y\":0.9,\"duration\":10,\"x\":0.9},{\"y\":0.2,\"duration\":23,\"x\":0.2}],\"name\":\"longjuanfeng\"},{\"translateFrame\":[],\"rotateFrame\":[],\"scaleFrame\":[],\"name\":\"彩条11\"},{\"translateFrame\":[],\"rotateFrame\":[],\"scaleFrame\":[],\"name\":\"彩条21\"},{\"translateFrame\":[],\"rotateFrame\":[],\"scaleFrame\":[],\"name\":\"彩条31\"}],\"ffd\":[],\"duration\":60,\"playTimes\":0,\"frame\":[{\"tweenEasing\":null,\"duration\":27,\"events\":[{\"name\":\"start\"}]},{\"tweenEasing\":null,\"duration\":0,\"events\":[{\"name\":\"end\"}]}],\"slot\":[{\"colorFrame\":[{\"tweenEasing\":0,\"duration\":1,\"color\":{\"aM\":0}},{\"tweenEasing\":0,\"duration\":9,\"color\":{\"aM\":0}},{\"tweenEasing\":0,\"duration\":12},{\"duration\":38,\"color\":{\"aM\":0}}],\"name\":\"xingguang1\",\"displayFrame\":[{\"value\":-1,\"duration\":1},{\"value\":-1,\"duration\":59}]},{\"colorFrame\":[{\"tweenEasing\":0,\"duration\":27,\"color\":{\"gM\":79,\"rM\":27}},{\"duration\":33}],\"name\":\"Armature1\",\"displayFrame\":[{\"value\":-1,\"actions\":[{\"gotoAndPlay\":\"guang_xing\"}],\"duration\":27},{\"value\":-1,\"duration\":33}]},{\"colorFrame\":[{\"duration\":60}],\"name\":\"510000\",\"displayFrame\":[{\"value\":-1,\"duration\":60}]},{\"colorFrame\":[{\"duration\":60}],\"name\":\"5100001\",\"displayFrame\":[{\"value\":-1,\"duration\":60}]},{\"colorFrame\":[{\"duration\":60}],\"name\":\"760000\",\"displayFrame\":[{\"value\":-1,\"duration\":60}]},{\"colorFrame\":[{\"tweenEasing\":0,\"duration\":1},{\"duration\":59,\"color\":{\"aM\":38}}],\"name\":\"f1\",\"displayFrame\":[{\"value\":-1,\"duration\":1},{\"duration\":2},{\"value\":1,\"duration\":2},{\"value\":2,\"duration\":2},{\"value\":3,\"duration\":2},{\"value\":4,\"duration\":2},{\"value\":5,\"duration\":2},{\"value\":6,\"duration\":2},{\"value\":7,\"duration\":2},{\"value\":8,\"duration\":2},{\"value\":9,\"duration\":2},{\"value\":-1,\"duration\":39}]},{\"colorFrame\":[{\"duration\":60}],\"name\":\"f11\",\"displayFrame\":[{\"value\":-1,\"duration\":60}]},{\"colorFrame\":[{\"duration\":60}],\"name\":\"longjuanfeng\",\"displayFrame\":[{\"value\":-1,\"duration\":1},{\"duration\":36},{\"value\":-1,\"duration\":23}]},{\"colorFrame\":[],\"name\":\"彩条1\",\"displayFrame\":[]},{\"colorFrame\":[],\"name\":\"彩条2\",\"displayFrame\":[]},{\"colorFrame\":[],\"name\":\"彩条3\",\"displayFrame\":[]},{\"colorFrame\":[],\"name\":\"彩条11\",\"displayFrame\":[]},{\"colorFrame\":[],\"name\":\"彩条21\",\"displayFrame\":[]},{\"colorFrame\":[],\"name\":\"彩条31\",\"displayFrame\":[]}],\"ik\":[],\"name\":\"feng\"}],\"aabb\":{\"width\":357.75,\"y\":-90.75,\"height\":181.5,\"x\":-178.875},\"skin\":[{\"name\":\"\",\"slot\":[{\"display\":[{\"path\":\"xingguang1\",\"type\":\"image\",\"name\":\"xingguang1\",\"transform\":{\"scX\":1.15,\"scY\":1.15}}],\"blendMode\":\"add\",\"name\":\"xingguang1\"},{\"display\":[{\"path\":\"彩条1\",\"type\":\"image\",\"name\":\"彩条1\",\"transform\":{\"skY\":-0.8752,\"y\":0.1589,\"skX\":-0.8752,\"x\":21.399}}],\"name\":\"彩条11\"},{\"display\":[{\"path\":\"510000\",\"type\":\"image\",\"name\":\"510000\",\"transform\":{}},{\"path\":\"510012\",\"type\":\"image\",\"name\":\"510012\",\"transform\":{}},{\"path\":\"510011\",\"type\":\"image\",\"name\":\"510011\",\"transform\":{}},{\"path\":\"510010\",\"type\":\"image\",\"name\":\"510010\",\"transform\":{}},{\"path\":\"510009\",\"type\":\"image\",\"name\":\"510009\",\"transform\":{}},{\"path\":\"510008\",\"type\":\"image\",\"name\":\"510008\",\"transform\":{}},{\"path\":\"510007\",\"type\":\"image\",\"name\":\"510007\",\"transform\":{}},{\"path\":\"510006\",\"type\":\"image\",\"name\":\"510006\",\"transform\":{}},{\"path\":\"510005\",\"type\":\"image\",\"name\":\"510005\",\"transform\":{}},{\"path\":\"510004\",\"type\":\"image\",\"name\":\"510004\",\"transform\":{}},{\"path\":\"510003\",\"type\":\"image\",\"name\":\"510003\",\"transform\":{}},{\"path\":\"510002\",\"type\":\"image\",\"name\":\"510002\",\"transform\":{}},{\"path\":\"510001\",\"type\":\"image\",\"name\":\"510001\",\"transform\":{}}],\"blendMode\":\"add\",\"name\":\"5100001\"},{\"display\":[{\"path\":\"彩条2\",\"type\":\"image\",\"name\":\"彩条2\",\"transform\":{\"skY\":-1.1055,\"y\":0.2966,\"skX\":-1.1055,\"x\":22.1232}}],\"name\":\"彩条2\"},{\"display\":[{\"path\":\"彩条1\",\"type\":\"image\",\"name\":\"彩条1\",\"transform\":{\"skY\":-0.8752,\"y\":0.1589,\"skX\":-0.8752,\"x\":21.399}}],\"name\":\"彩条1\"},{\"display\":[{\"path\":\"longjuanfeng\",\"type\":\"armature\",\"name\":\"longjuanfeng\",\"transform\":{\"y\":-6.9172,\"scX\":0.7,\"scY\":0.7,\"x\":1.516},\"filterType\":\"armature\"}],\"name\":\"longjuanfeng\"},{\"display\":[{\"path\":\"f1\",\"type\":\"image\",\"name\":\"f1\",\"transform\":{}},{\"path\":\"f2\",\"type\":\"image\",\"name\":\"f2\",\"transform\":{}},{\"path\":\"f3\",\"type\":\"image\",\"name\":\"f3\",\"transform\":{}},{\"path\":\"f4\",\"type\":\"image\",\"name\":\"f4\",\"transform\":{}},{\"path\":\"f5\",\"type\":\"image\",\"name\":\"f5\",\"transform\":{}},{\"path\":\"f6\",\"type\":\"image\",\"name\":\"f6\",\"transform\":{}},{\"path\":\"f7\",\"type\":\"image\",\"name\":\"f7\",\"transform\":{}},{\"path\":\"f8\",\"type\":\"image\",\"name\":\"f8\",\"transform\":{}},{\"path\":\"f9\",\"type\":\"image\",\"name\":\"f9\",\"transform\":{}},{\"path\":\"f10\",\"type\":\"image\",\"name\":\"f10\",\"transform\":{}}],\"name\":\"f1\"},{\"display\":[{\"path\":\"彩条2\",\"type\":\"image\",\"name\":\"彩条2\",\"transform\":{\"skY\":-1.1055,\"y\":0.2966,\"skX\":-1.1055,\"x\":22.1232}}],\"name\":\"彩条21\"},{\"display\":[{\"path\":\"f1\",\"type\":\"image\",\"name\":\"f1\",\"transform\":{}},{\"path\":\"f2\",\"type\":\"image\",\"name\":\"f2\",\"transform\":{}},{\"path\":\"f3\",\"type\":\"image\",\"name\":\"f3\",\"transform\":{}},{\"path\":\"f4\",\"type\":\"image\",\"name\":\"f4\",\"transform\":{}},{\"path\":\"f5\",\"type\":\"image\",\"name\":\"f5\",\"transform\":{}},{\"path\":\"f6\",\"type\":\"image\",\"name\":\"f6\",\"transform\":{}},{\"path\":\"f7\",\"type\":\"image\",\"name\":\"f7\",\"transform\":{}},{\"path\":\"f8\",\"type\":\"image\",\"name\":\"f8\",\"transform\":{}},{\"path\":\"f9\",\"type\":\"image\",\"name\":\"f9\",\"transform\":{}},{\"path\":\"f10\",\"type\":\"image\",\"name\":\"f10\",\"transform\":{}}],\"name\":\"f11\"},{\"display\":[{\"path\":\"510000\",\"type\":\"image\",\"name\":\"510000\",\"transform\":{}},{\"path\":\"510012\",\"type\":\"image\",\"name\":\"510012\",\"transform\":{}},{\"path\":\"510011\",\"type\":\"image\",\"name\":\"510011\",\"transform\":{}},{\"path\":\"510010\",\"type\":\"image\",\"name\":\"510010\",\"transform\":{}},{\"path\":\"510009\",\"type\":\"image\",\"name\":\"510009\",\"transform\":{}},{\"path\":\"510008\",\"type\":\"image\",\"name\":\"510008\",\"transform\":{}},{\"path\":\"510007\",\"type\":\"image\",\"name\":\"510007\",\"transform\":{}},{\"path\":\"510006\",\"type\":\"image\",\"name\":\"510006\",\"transform\":{}},{\"path\":\"510005\",\"type\":\"image\",\"name\":\"510005\",\"transform\":{}},{\"path\":\"510004\",\"type\":\"image\",\"name\":\"510004\",\"transform\":{}},{\"path\":\"510003\",\"type\":\"image\",\"name\":\"510003\",\"transform\":{}},{\"path\":\"510002\",\"type\":\"image\",\"name\":\"510002\",\"transform\":{}},{\"path\":\"510001\",\"type\":\"image\",\"name\":\"510001\",\"transform\":{}}],\"blendMode\":\"add\",\"name\":\"510000\"},{\"display\":[{\"path\":\"彩条3\",\"type\":\"image\",\"name\":\"彩条3\",\"transform\":{\"skY\":-0.5826,\"y\":0.3123,\"skX\":-0.5826,\"x\":22.1177}}],\"name\":\"彩条3\"},{\"display\":[{\"path\":\"760000\",\"type\":\"image\",\"name\":\"760000\",\"transform\":{}},{\"path\":\"760019\",\"type\":\"image\",\"name\":\"760019\",\"transform\":{}},{\"path\":\"760018\",\"type\":\"image\",\"name\":\"760018\",\"transform\":{}},{\"path\":\"760017\",\"type\":\"image\",\"name\":\"760017\",\"transform\":{}},{\"path\":\"760016\",\"type\":\"image\",\"name\":\"760016\",\"transform\":{}},{\"path\":\"760015\",\"type\":\"image\",\"name\":\"760015\",\"transform\":{}},{\"path\":\"760014\",\"type\":\"image\",\"name\":\"760014\",\"transform\":{}},{\"path\":\"760013\",\"type\":\"image\",\"name\":\"760013\",\"transform\":{}},{\"path\":\"760012\",\"type\":\"image\",\"name\":\"760012\",\"transform\":{}},{\"path\":\"760011\",\"type\":\"image\",\"name\":\"760011\",\"transform\":{}},{\"path\":\"760010\",\"type\":\"image\",\"name\":\"760010\",\"transform\":{}},{\"path\":\"760009\",\"type\":\"image\",\"name\":\"760009\",\"transform\":{}},{\"path\":\"760008\",\"type\":\"image\",\"name\":\"760008\",\"transform\":{}},{\"path\":\"760007\",\"type\":\"image\",\"name\":\"760007\",\"transform\":{}},{\"path\":\"760006\",\"type\":\"image\",\"name\":\"760006\",\"transform\":{}},{\"path\":\"760005\",\"type\":\"image\",\"name\":\"760005\",\"transform\":{}},{\"path\":\"760004\",\"type\":\"image\",\"name\":\"760004\",\"transform\":{}},{\"path\":\"760003\",\"type\":\"image\",\"name\":\"760003\",\"transform\":{}},{\"path\":\"760002\",\"type\":\"image\",\"name\":\"760002\",\"transform\":{}},{\"path\":\"760001\",\"type\":\"image\",\"name\":\"760001\",\"transform\":{}}],\"blendMode\":\"add\",\"name\":\"760000\"},{\"display\":[{\"path\":\"彩条3\",\"type\":\"image\",\"name\":\"彩条3\",\"transform\":{\"skY\":-0.5826,\"y\":0.3123,\"skX\":-0.5826,\"x\":22.1177}}],\"name\":\"彩条31\"},{\"display\":[{\"path\":\"Armature1\",\"type\":\"armature\",\"name\":\"Armature1\",\"transform\":{},\"filterType\":\"armature\"}],\"blendMode\":\"add\",\"name\":\"Armature1\"}]}],\"type\":\"Armature\",\"name\":\"Armature\",\"defaultActions\":[{\"gotoAndPlay\":\"yanhua\"}],\"bone\":[{\"name\":\"root\",\"transform\":{}},{\"length\":36,\"transform\":{\"y\":12.4733,\"scX\":0.6,\"scY\":0.6,\"x\":16.4552},\"parent\":\"root\",\"name\":\"5100001\"},{\"length\":36,\"transform\":{\"y\":3.9072,\"x\":0.7508},\"parent\":\"root\",\"name\":\"510000\"},{\"length\":61,\"transform\":{\"scX\":0.8,\"scY\":0.8},\"parent\":\"root\",\"name\":\"bone\"},{\"length\":34,\"transform\":{\"y\":-38.19,\"scX\":1.6,\"scY\":1.6,\"x\":328.1898},\"parent\":\"root\",\"name\":\"760000\"},{\"transform\":{\"y\":89.3801,\"scX\":1.3,\"scY\":1.3,\"x\":217.357},\"name\":\"f1\",\"parent\":\"root\"},{\"transform\":{\"y\":89.3801,\"x\":217.357},\"name\":\"f11\",\"parent\":\"root\"},{\"length\":42,\"transform\":{\"skY\":0.8752,\"y\":100.25,\"skX\":0.8752,\"x\":702.9},\"parent\":\"root\",\"name\":\"彩条1\"},{\"length\":44,\"transform\":{\"skY\":1.1055,\"y\":83.8,\"skX\":1.1055,\"x\":701.4},\"parent\":\"root\",\"name\":\"彩条2\"},{\"length\":44,\"transform\":{\"skY\":0.5826,\"y\":70.95,\"skX\":0.5826,\"x\":701.4},\"parent\":\"root\",\"name\":\"彩条3\"},{\"length\":32,\"transform\":{\"y\":482.2,\"x\":-513.15},\"parent\":\"root\",\"name\":\"longjuanfeng\"},{\"length\":42,\"transform\":{\"skY\":0.8752,\"y\":100.25,\"skX\":0.8752,\"x\":702.9},\"parent\":\"root\",\"name\":\"彩条11\"},{\"length\":44,\"transform\":{\"skY\":1.1055,\"y\":83.8,\"skX\":1.1055,\"x\":701.4},\"parent\":\"root\",\"name\":\"彩条21\"},{\"length\":44,\"transform\":{\"skY\":0.5826,\"y\":70.95,\"skX\":0.5826,\"x\":701.4},\"parent\":\"root\",\"name\":\"彩条31\"},{\"length\":38,\"transform\":{},\"parent\":\"bone\",\"name\":\"xingguang1\"}],\"slot\":[{\"blendMode\":\"add\",\"parent\":\"bone\",\"name\":\"Armature1\",\"color\":{}},{\"blendMode\":\"add\",\"z\":1,\"parent\":\"xingguang1\",\"name\":\"xingguang1\",\"color\":{}},{\"blendMode\":\"add\",\"z\":2,\"parent\":\"510000\",\"displayIndex\":-1,\"name\":\"510000\",\"color\":{}},{\"blendMode\":\"add\",\"z\":3,\"parent\":\"5100001\",\"displayIndex\":-1,\"name\":\"5100001\",\"color\":{}},{\"blendMode\":\"add\",\"z\":4,\"parent\":\"760000\",\"displayIndex\":-1,\"name\":\"760000\",\"color\":{}},{\"z\":5,\"displayIndex\":-1,\"name\":\"f11\",\"parent\":\"f11\",\"color\":{}},{\"z\":6,\"displayIndex\":-1,\"name\":\"f1\",\"parent\":\"f1\",\"color\":{}},{\"z\":7,\"displayIndex\":-1,\"name\":\"longjuanfeng\",\"parent\":\"longjuanfeng\",\"color\":{}},{\"z\":8,\"displayIndex\":-1,\"name\":\"彩条1\",\"parent\":\"彩条1\",\"color\":{}},{\"z\":9,\"displayIndex\":-1,\"name\":\"彩条2\",\"parent\":\"彩条2\",\"color\":{}},{\"z\":10,\"displayIndex\":-1,\"name\":\"彩条3\",\"parent\":\"彩条3\",\"color\":{}},{\"z\":11,\"displayIndex\":-1,\"name\":\"彩条11\",\"parent\":\"彩条11\",\"color\":{}},{\"z\":12,\"displayIndex\":-1,\"name\":\"彩条21\",\"parent\":\"彩条21\",\"color\":{}},{\"z\":13,\"displayIndex\":-1,\"name\":\"彩条31\",\"parent\":\"彩条31\",\"color\":{}}],\"ik\":[],\"frameRate\":30},{\"animation\":[{\"bone\":[{\"translateFrame\":[],\"rotateFrame\":[],\"scaleFrame\":[{\"tweenEasing\":0,\"duration\":10},{\"tweenEasing\":0,\"y\":0.15,\"duration\":20,\"x\":0.15},{\"duration\":8}],\"name\":\"guang2\"},{\"translateFrame\":[],\"rotateFrame\":[],\"scaleFrame\":[{\"tweenEasing\":0,\"duration\":10},{\"tweenEasing\":0,\"y\":0.7,\"duration\":27,\"x\":0.7},{\"y\":1.2,\"duration\":1,\"x\":1.2}],\"name\":\"guang3\"},{\"translateFrame\":[],\"rotateFrame\":[{\"tweenEasing\":0,\"duration\":10},{\"tweenEasing\":0,\"duration\":20},{\"duration\":8,\"rotate\":39.92}],\"scaleFrame\":[{\"tweenEasing\":0,\"duration\":10},{\"tweenEasing\":0,\"duration\":20},{\"y\":2.1,\"duration\":8,\"x\":2.1}],\"name\":\"xingguang1\"},{\"translateFrame\":[],\"rotateFrame\":[],\"scaleFrame\":[],\"name\":\"root\"},{\"translateFrame\":[],\"rotateFrame\":[],\"scaleFrame\":[],\"name\":\"bone\"},{\"translateFrame\":[],\"rotateFrame\":[],\"scaleFrame\":[],\"name\":\"xingguang2\"},{\"translateFrame\":[],\"rotateFrame\":[],\"scaleFrame\":[],\"name\":\"guang1\"}],\"ffd\":[],\"duration\":38,\"playTimes\":0,\"frame\":[],\"slot\":[{\"colorFrame\":[{\"tweenEasing\":0,\"duration\":10},{\"tweenEasing\":0,\"duration\":10,\"color\":{\"aM\":0}},{\"tweenEasing\":0,\"duration\":10,\"color\":{\"aM\":46}},{\"duration\":8,\"color\":{\"aM\":0}}],\"name\":\"guang2\",\"displayFrame\":[{\"value\":-1,\"duration\":10},{\"duration\":28}]},{\"colorFrame\":[{\"tweenEasing\":0,\"duration\":10},{\"tweenEasing\":0,\"duration\":10,\"color\":{\"aM\":0}},{\"tweenEasing\":0,\"duration\":17,\"color\":{\"aM\":54}},{\"duration\":1,\"color\":{\"aM\":0}}],\"name\":\"guang3\",\"displayFrame\":[{\"value\":-1,\"duration\":10},{\"duration\":28},{\"value\":-1,\"duration\":0}]},{\"colorFrame\":[{\"duration\":38}],\"name\":\"guang1\",\"displayFrame\":[{\"value\":-1,\"duration\":38}]},{\"colorFrame\":[{\"tweenEasing\":0,\"duration\":10},{\"tweenEasing\":0,\"duration\":10,\"color\":{\"aM\":0}},{\"tweenEasing\":0,\"duration\":10,\"color\":{\"aM\":42}},{\"duration\":8,\"color\":{\"aM\":0}}],\"name\":\"xingguang1\",\"displayFrame\":[{\"value\":-1,\"duration\":10},{\"duration\":21},{\"value\":-1,\"duration\":7}]},{\"colorFrame\":[{\"duration\":38,\"color\":{\"aM\":0}}],\"name\":\"xingguang2\",\"displayFrame\":[]}],\"ik\":[],\"name\":\"guang\"},{\"bone\":[{\"translateFrame\":[],\"rotateFrame\":[],\"scaleFrame\":[{\"tweenEasing\":0,\"duration\":5},{\"tweenEasing\":0,\"y\":0.15,\"duration\":13,\"x\":0.15},{\"duration\":22}],\"name\":\"guang2\"},{\"translateFrame\":[],\"rotateFrame\":[],\"scaleFrame\":[{\"tweenEasing\":0,\"duration\":5},{\"tweenEasing\":0,\"y\":0.7,\"duration\":16,\"x\":0.7},{\"y\":1.2,\"duration\":19,\"x\":1.2}],\"name\":\"guang3\"},{\"translateFrame\":[],\"rotateFrame\":[],\"scaleFrame\":[{\"tweenEasing\":0,\"duration\":5},{\"tweenEasing\":0,\"y\":0.55,\"duration\":3,\"x\":0.55},{\"tweenEasing\":0,\"y\":0.64,\"duration\":10,\"x\":0.64},{\"y\":0.73,\"duration\":22,\"x\":0.73}],\"name\":\"guang1\"},{\"translateFrame\":[{\"duration\":5},{\"duration\":35}],\"rotateFrame\":[{\"tweenEasing\":0,\"duration\":5},{\"tweenEasing\":0,\"duration\":13},{\"duration\":22,\"rotate\":39.92}],\"scaleFrame\":[{\"tweenEasing\":0,\"duration\":5},{\"tweenEasing\":0,\"y\":0.5,\"duration\":3,\"x\":0.5},{\"tweenEasing\":0,\"y\":1.93,\"duration\":10,\"x\":1.93},{\"y\":2.1,\"duration\":22,\"x\":2.1}],\"name\":\"xingguang1\"},{\"translateFrame\":[],\"rotateFrame\":[],\"scaleFrame\":[{\"tweenEasing\":0,\"duration\":5},{\"tweenEasing\":0,\"y\":0.55,\"duration\":35,\"x\":0.55},{\"y\":0.7,\"duration\":0,\"x\":0.7}],\"name\":\"xingguang2\"},{\"translateFrame\":[],\"rotateFrame\":[],\"scaleFrame\":[],\"name\":\"root\"},{\"translateFrame\":[],\"rotateFrame\":[],\"scaleFrame\":[],\"name\":\"bone\"}],\"ffd\":[],\"duration\":40,\"playTimes\":0,\"frame\":[],\"slot\":[{\"colorFrame\":[{\"tweenEasing\":0,\"duration\":5},{\"tweenEasing\":0,\"duration\":5,\"color\":{\"aM\":0}},{\"tweenEasing\":0,\"duration\":8,\"color\":{\"aM\":46}},{\"duration\":22,\"color\":{\"aM\":0}}],\"name\":\"guang2\",\"displayFrame\":[{\"value\":-1,\"duration\":5},{\"duration\":35}]},{\"colorFrame\":[{\"tweenEasing\":0,\"duration\":5},{\"tweenEasing\":0,\"duration\":5,\"color\":{\"aM\":0}},{\"tweenEasing\":0,\"duration\":11,\"color\":{\"aM\":54}},{\"duration\":19,\"color\":{\"aM\":0}}],\"name\":\"guang3\",\"displayFrame\":[{\"value\":-1,\"duration\":5},{\"duration\":17},{\"value\":-1,\"duration\":18}]},{\"colorFrame\":[{\"tweenEasing\":0,\"duration\":5},{\"tweenEasing\":0,\"duration\":5,\"color\":{\"aM\":0}},{\"tweenEasing\":0,\"duration\":8,\"color\":{\"aM\":45}},{\"duration\":22,\"color\":{\"aM\":0}}],\"name\":\"guang1\",\"displayFrame\":[{\"value\":-1,\"duration\":5},{\"duration\":35}]},{\"colorFrame\":[{\"tweenEasing\":0,\"duration\":5},{\"tweenEasing\":0,\"duration\":5,\"color\":{\"aM\":0}},{\"tweenEasing\":0,\"duration\":8,\"color\":{\"aM\":75}},{\"duration\":22,\"color\":{\"aM\":0}}],\"name\":\"xingguang1\",\"displayFrame\":[{\"value\":-1,\"duration\":5},{\"duration\":13},{\"value\":-1,\"duration\":22}]},{\"colorFrame\":[{\"tweenEasing\":0,\"duration\":5,\"color\":{\"aM\":0}},{\"tweenEasing\":0,\"duration\":5,\"color\":{\"aM\":0}},{\"tweenEasing\":0,\"duration\":8,\"color\":{\"aM\":48}},{\"tweenEasing\":0,\"duration\":6,\"color\":{\"aM\":56}},{\"duration\":16,\"color\":{\"aM\":0}}],\"name\":\"xingguang2\",\"displayFrame\":[]}],\"ik\":[],\"name\":\"guang_xing\"}],\"aabb\":{\"width\":477,\"y\":-166,\"height\":332,\"x\":-238.5},\"skin\":[{\"name\":\"\",\"slot\":[{\"display\":[{\"path\":\"xingguang2\",\"type\":\"image\",\"name\":\"xingguang2\",\"transform\":{\"scX\":0.75,\"scY\":0.75}}],\"blendMode\":\"add\",\"name\":\"xingguang2\"},{\"display\":[{\"path\":\"guang1\",\"type\":\"image\",\"name\":\"guang1\",\"transform\":{\"scX\":0.6,\"scY\":0.6}}],\"blendMode\":\"add\",\"name\":\"guang1\"},{\"display\":[{\"path\":\"xingguang1\",\"type\":\"image\",\"name\":\"xingguang1\",\"transform\":{\"scX\":1.5,\"scY\":1.5}}],\"blendMode\":\"add\",\"name\":\"xingguang1\"},{\"display\":[{\"path\":\"guang3\",\"type\":\"image\",\"name\":\"guang3\",\"transform\":{\"scX\":1.5,\"scY\":1.5}}],\"name\":\"guang3\"},{\"display\":[{\"path\":\"guang2\",\"type\":\"image\",\"name\":\"guang2\",\"transform\":{\"y\":0.72,\"x\":-2.06}}],\"name\":\"guang2\"}]}],\"type\":\"Armature\",\"name\":\"Armature1\",\"defaultActions\":[{\"gotoAndPlay\":\"guang\"}],\"bone\":[{\"name\":\"root\",\"transform\":{}},{\"length\":61,\"transform\":{},\"parent\":\"root\",\"name\":\"bone\"},{\"length\":70,\"transform\":{},\"parent\":\"bone\",\"name\":\"xingguang2\"},{\"length\":66,\"transform\":{},\"parent\":\"bone\",\"name\":\"guang2\"},{\"length\":67,\"transform\":{\"scX\":1.1,\"scY\":1.1},\"parent\":\"bone\",\"name\":\"guang1\"},{\"length\":65,\"transform\":{},\"parent\":\"bone\",\"name\":\"guang3\"},{\"length\":38,\"transform\":{},\"parent\":\"bone\",\"name\":\"xingguang1\"}],\"slot\":[{\"name\":\"guang2\",\"parent\":\"guang2\",\"color\":{}},{\"z\":1,\"name\":\"guang3\",\"parent\":\"guang3\",\"color\":{}},{\"blendMode\":\"add\",\"z\":2,\"parent\":\"guang1\",\"name\":\"guang1\",\"color\":{\"aM\":40}},{\"blendMode\":\"add\",\"z\":3,\"parent\":\"xingguang1\",\"name\":\"xingguang1\",\"color\":{}},{\"blendMode\":\"add\",\"z\":4,\"parent\":\"xingguang2\",\"name\":\"xingguang2\",\"color\":{}}],\"ik\":[],\"frameRate\":30},{\"animation\":[{\"bone\":[{\"translateFrame\":[],\"rotateFrame\":[],\"scaleFrame\":[{\"duration\":60},{\"duration\":0}],\"name\":\"root\"},{\"translateFrame\":[{\"tweenEasing\":0,\"duration\":15},{\"tweenEasing\":0,\"duration\":30,\"x\":3.8593},{\"tweenEasing\":0,\"duration\":15,\"x\":-3.2756},{\"duration\":0}],\"rotateFrame\":[{\"duration\":60}],\"scaleFrame\":[{\"duration\":60}],\"name\":\"龙卷风1\"},{\"translateFrame\":[{\"duration\":60}],\"rotateFrame\":[{\"duration\":60}],\"scaleFrame\":[{\"duration\":60}],\"name\":\"龙卷风11\"},{\"translateFrame\":[{\"tweenEasing\":0,\"duration\":15},{\"tweenEasing\":0,\"y\":-9.6785,\"duration\":15,\"x\":13.3358},{\"tweenEasing\":0,\"y\":11.4625,\"duration\":15,\"x\":11.5963},{\"tweenEasing\":0,\"y\":7.8944,\"duration\":15,\"x\":-13.3358},{\"duration\":0}],\"rotateFrame\":[{\"duration\":60}],\"scaleFrame\":[{\"duration\":60}],\"name\":\"bone1\"},{\"translateFrame\":[{\"tweenEasing\":0,\"duration\":15},{\"tweenEasing\":0,\"duration\":30,\"x\":9.0808},{\"tweenEasing\":0,\"duration\":15,\"x\":-5.7079},{\"duration\":0}],\"rotateFrame\":[{\"duration\":60}],\"scaleFrame\":[{\"duration\":60}],\"name\":\"龙卷风12\"}],\"ffd\":[],\"duration\":60,\"playTimes\":0,\"frame\":[{\"tweenEasing\":null,\"duration\":30,\"events\":[{\"name\":\"start\"}]},{\"tweenEasing\":null,\"duration\":0,\"events\":[{\"name\":\"end\"}]}],\"slot\":[{\"colorFrame\":[{\"duration\":60}],\"name\":\"龙卷风1\",\"displayFrame\":[{\"value\":1,\"duration\":3},{\"duration\":2},{\"value\":2,\"duration\":3},{\"value\":1,\"duration\":2},{\"duration\":3},{\"value\":2,\"duration\":2},{\"value\":1,\"duration\":3},{\"duration\":2},{\"value\":2,\"duration\":3},{\"value\":1,\"duration\":2},{\"duration\":3},{\"value\":2,\"duration\":2},{\"value\":1,\"duration\":3},{\"duration\":2},{\"value\":2,\"duration\":3},{\"value\":1,\"duration\":2},{\"duration\":3},{\"value\":2,\"duration\":2},{\"value\":1,\"duration\":3},{\"duration\":2},{\"value\":2,\"duration\":3},{\"value\":1,\"duration\":2},{\"duration\":3},{\"value\":2,\"duration\":2}]},{\"colorFrame\":[{\"duration\":60}],\"name\":\"龙卷风12\",\"displayFrame\":[{\"value\":2,\"duration\":3},{\"value\":1,\"duration\":2},{\"duration\":3},{\"value\":2,\"duration\":2},{\"value\":2,\"duration\":3},{\"value\":1,\"duration\":2},{\"duration\":3},{\"value\":2,\"duration\":2},{\"value\":2,\"duration\":3},{\"value\":1,\"duration\":2},{\"duration\":3},{\"value\":2,\"duration\":2},{\"value\":2,\"duration\":3},{\"value\":1,\"duration\":2},{\"duration\":3},{\"value\":2,\"duration\":2},{\"value\":2,\"duration\":3},{\"value\":1,\"duration\":2},{\"duration\":3},{\"value\":2,\"duration\":2},{\"value\":2,\"duration\":3},{\"value\":1,\"duration\":2},{\"duration\":3},{\"value\":2,\"duration\":2}]},{\"colorFrame\":[{\"duration\":60}],\"name\":\"龙卷风11\",\"displayFrame\":[{\"duration\":3},{\"value\":2,\"duration\":2},{\"value\":1,\"duration\":3},{\"duration\":2},{\"value\":2,\"duration\":3},{\"value\":1,\"duration\":2},{\"duration\":3},{\"value\":2,\"duration\":2},{\"value\":1,\"duration\":3},{\"duration\":2},{\"value\":2,\"duration\":3},{\"value\":1,\"duration\":2},{\"duration\":3},{\"value\":2,\"duration\":2},{\"value\":1,\"duration\":3},{\"duration\":2},{\"value\":2,\"duration\":3},{\"value\":1,\"duration\":2},{\"duration\":3},{\"value\":2,\"duration\":2},{\"value\":1,\"duration\":3},{\"duration\":2},{\"value\":2,\"duration\":3},{\"value\":1,\"duration\":2}]}],\"ik\":[],\"name\":\"龙卷风\"}],\"aabb\":{\"width\":146.7521,\"y\":-85.7311,\"height\":140.0554,\"x\":-69.5639},\"skin\":[{\"name\":\"\",\"slot\":[{\"display\":[{\"path\":\"龙卷风1\",\"type\":\"image\",\"name\":\"龙卷风1\",\"transform\":{}},{\"path\":\"龙卷风3\",\"type\":\"image\",\"name\":\"龙卷风3\",\"transform\":{}},{\"path\":\"龙卷风2\",\"type\":\"image\",\"name\":\"龙卷风2\",\"transform\":{}}],\"name\":\"龙卷风1\"},{\"display\":[{\"path\":\"龙卷风1\",\"type\":\"image\",\"name\":\"龙卷风1\",\"transform\":{}},{\"path\":\"龙卷风3\",\"type\":\"image\",\"name\":\"龙卷风3\",\"transform\":{}},{\"path\":\"龙卷风2\",\"type\":\"image\",\"name\":\"龙卷风2\",\"transform\":{}}],\"name\":\"龙卷风12\"},{\"display\":[{\"path\":\"龙卷风1\",\"type\":\"image\",\"name\":\"龙卷风1\",\"transform\":{}},{\"path\":\"龙卷风3\",\"type\":\"image\",\"name\":\"龙卷风3\",\"transform\":{}},{\"path\":\"龙卷风2\",\"type\":\"image\",\"name\":\"龙卷风2\",\"transform\":{}}],\"name\":\"龙卷风11\"}]}],\"type\":\"Armature\",\"name\":\"longjuanfeng\",\"defaultActions\":[{\"gotoAndPlay\":\"龙卷风\"}],\"bone\":[{\"name\":\"root\",\"transform\":{}},{\"length\":25,\"transform\":{},\"parent\":\"root\",\"name\":\"bone1\"},{\"length\":28,\"transform\":{\"y\":-33.7311,\"x\":0.9361},\"parent\":\"bone1\",\"name\":\"龙卷风11\"},{\"length\":28,\"transform\":{\"y\":-8.9622,\"scX\":0.8,\"scY\":0.8,\"x\":6.6882},\"parent\":\"bone1\",\"name\":\"龙卷风1\"},{\"length\":28,\"transform\":{\"y\":2.3243,\"scX\":0.6,\"scY\":0.6,\"x\":3.2417},\"parent\":\"bone1\",\"name\":\"龙卷风12\"}],\"slot\":[{\"displayIndex\":2,\"name\":\"龙卷风12\",\"parent\":\"龙卷风12\",\"color\":{}},{\"z\":1,\"displayIndex\":1,\"name\":\"龙卷风1\",\"parent\":\"龙卷风1\",\"color\":{}},{\"z\":2,\"name\":\"龙卷风11\",\"parent\":\"龙卷风11\",\"color\":{}}],\"ik\":[],\"frameRate\":30}],\"frameRate\":30,\"name\":\"effect_jinqiu\",\"version\":\"5.5\",\"isGlobal\":0}"}