[[{"__type__":"cc.Prefab","_name":"tuning_bar","data":{"__id__":1}},{"__type__":"cc.Node","_name":"tuning_bar","_children":[{"__id__":2},{"__id__":3}],"_components":[{"__type__":"0b47enUwMFKA7fPvLzyf3D8","node":{"__id__":1}}],"_prefab":{"__type__":"cc.PrefabInfo","root":{"__id__":1},"asset":{"__uuid__":"44tCZoJutBaIC7X7Mdbvwf"},"fileId":"88cfODqoZI9pwxCoS/GB2n"},"_contentSize":{"__type__":"cc.Size","width":436,"height":100},"_trs":{"__type__":"TypedArray","ctor":"Float64Array","array":[0,0,0,0,0,0,1,1,1,1]}},{"__type__":"cc.Node","_name":"back1","_parent":{"__id__":1},"_components":[{"__type__":"cc.Sprite","node":{"__id__":2},"_materials":[{"__uuid__":"ecpdLyjvZBwrvm+cedCcQy"}],"_spriteFrame":{"__uuid__":"cfs9tubtdN+KW83lkkMp82"},"_sizeMode":2,"_isTrimmedMode":false}],"_prefab":{"__type__":"cc.PrefabInfo","root":{"__id__":1},"asset":{"__uuid__":"44tCZoJutBaIC7X7Mdbvwf"},"fileId":"a4feOFVMNL1YZ6EFtZnYDz"},"_contentSize":{"__type__":"cc.Size","width":433,"height":69},"_trs":{"__type__":"TypedArray","ctor":"Float64Array","array":[0,0,0,0,0,0,1,1,1,1]}},{"__type__":"cc.Node","_name":"mask","_parent":{"__id__":1},"_children":[{"__id__":4}],"_components":[{"__type__":"cc.Mask","node":{"__id__":3},"_materials":[{"__uuid__":"ecpdLyjvZBwrvm+cedCcQy"}]}],"_prefab":{"__type__":"cc.PrefabInfo","root":{"__id__":1},"asset":{"__uuid__":"44tCZoJutBaIC7X7Mdbvwf"},"fileId":"2cLGwBSxdNGbaxizejuIuF"},"_contentSize":{"__type__":"cc.Size","width":413,"height":53},"_trs":{"__type__":"TypedArray","ctor":"Float64Array","array":[0,0,0,0,0,0,1,1,1,1]}},{"__type__":"cc.Node","_name":"tuning","_parent":{"__id__":3},"_components":[{"__type__":"cc.Sprite","node":{"__id__":4},"_materials":[{"__uuid__":"ecpdLyjvZBwrvm+cedCcQy"}],"_spriteFrame":{"__uuid__":"b4AaPT2ElBAZ+xpyg4EL+W"},"_type":2,"_sizeMode":0}],"_prefab":{"__type__":"cc.PrefabInfo","root":{"__id__":1},"asset":{"__uuid__":"44tCZoJutBaIC7X7Mdbvwf"},"fileId":"2deP8dd6JBTJcb/71Z3iMH"},"_contentSize":{"__type__":"cc.Size","width":560,"height":53},"_trs":{"__type__":"TypedArray","ctor":"Float64Array","array":[0,0,0,0,0,0,1,1,1,1]}}],{"__type__":"cc.SpriteFrame","content":{"name":"刻度2","texture":"13ba4cd6d","rect":[561,646,31,47],"offset":[0,0],"originalSize":[31,47],"rotated":1,"capInsets":[0,0,0,0]}},{"__type__":"cc.SpriteFrame","content":{"name":"刻度1","texture":"13ba4cd6d","rect":[447,197,433,69],"offset":[0,0],"originalSize":[433,69],"capInsets":[0,0,0,0]}}]