[{"__type__":"cc.SpriteFrame","content":{"name":"使用中","texture":"19a7fd3ab","rect":[78,859,86,31],"offset":[0,0],"originalSize":[86,31],"rotated":1,"capInsets":[0,0,0,0]}},{"__type__":"cc.SpriteFrame","content":{"name":"使用","texture":"19a7fd3ab","rect":[122,957,58,31],"offset":[0,0],"originalSize":[58,31],"rotated":1,"capInsets":[0,0,0,0]}},{"__type__":"cc.SpriteFrame","content":{"name":"碎片","texture":"19a7fd3ab","rect":[159,957,58,31],"offset":[0,0],"originalSize":[58,31],"rotated":1,"capInsets":[0,0,0,0]}},{"__type__":"cc.SpriteFrame","content":{"name":"已拥有","texture":"181f0e3b5","rect":[759,526,206,36],"offset":[0,0],"originalSize":[206,36],"capInsets":[0,0,0,0]}},{"__type__":"cc.SpriteFrame","content":{"name":"未解锁","texture":"19a7fd3ab","rect":[115,921,87,30],"offset":[0,0],"originalSize":[87,30],"capInsets":[0,0,0,0]}},{"__type__":"cc.SpriteFrame","content":{"name":"按钮","texture":"1298ae8a0","rect":[535,834,181,72],"offset":[0,0],"originalSize":[181,72],"rotated":1,"capInsets":[0,0,0,0]}},{"__type__":"cc.SpriteFrame","content":{"name":"可兑换","texture":"1298ae8a0","rect":[794,929,87,31],"offset":[0,0],"originalSize":[87,31],"rotated":1,"capInsets":[0,0,0,0]}}]