{"__type__":"dragonBones.DragonBonesAtlasAsset","_name":"renwu1_1_tex","_atlasJson":"{\"imagePath\":\"renwu1_1_tex.png\",\"width\":498,\"height\":668,\"name\":\"renwu1_1\",\"SubTexture\":[{\"frameY\":0,\"y\":348,\"frameWidth\":275,\"frameHeight\":199,\"width\":274,\"height\":199,\"name\":\"zhuan\",\"frameX\":0,\"x\":1},{\"width\":99,\"y\":549,\"height\":117,\"name\":\"zuoshou\",\"x\":108},{\"frameY\":-15,\"y\":549,\"frameWidth\":139,\"frameHeight\":140,\"width\":105,\"height\":111,\"name\":\"shen\",\"frameX\":-17,\"x\":1},{\"width\":205,\"y\":348,\"height\":217,\"name\":\"xiashen\",\"x\":277},{\"width\":346,\"y\":1,\"height\":345,\"name\":\"脸_\",\"x\":1},{\"width\":147,\"y\":1,\"height\":239,\"name\":\"youshou\",\"x\":349}]}","_texture":{"__uuid__":"882b3+B+1ETY7JMyxMQ7ik"},"texture":{"__uuid__":"882b3+B+1ETY7JMyxMQ7ik"}}