[[{"__type__":"cc.Prefab","_name":"pvpScene","data":{"__id__":1}},{"__type__":"cc.Node","_name":"pvpScene","_objFlags":512,"_children":[{"__id__":2},{"__id__":3},{"__id__":27},{"__id__":28}],"_components":[{"__type__":"e9de98rqvJFf6VpIXv+s73A","node":{"__id__":1}},{"__type__":"cc.Widget","node":{"__id__":1},"_alignFlags":45,"_originalWidth":720,"_originalHeight":1280},{"__type__":"cc.BlockInputEvents","node":{"__id__":1}}],"_prefab":{"__type__":"cc.PrefabInfo","root":{"__id__":1},"asset":{"__uuid__":"dfjdluWXpNyqv4K6e66K2y"},"fileId":"c8xGlodShGAq4YVUxTYnNJ"},"_contentSize":{"__type__":"cc.Size","width":750,"height":1334},"_trs":{"__type__":"TypedArray","ctor":"Float64Array","array":[375,667,0,0,0,0,1,1,1,1]}},{"__type__":"cc.Node","_name":"bg","_parent":{"__id__":1},"_components":[{"__type__":"cc.Sprite","node":{"__id__":2},"_materials":[{"__uuid__":"ecpdLyjvZBwrvm+cedCcQy"}],"_spriteFrame":{"__uuid__":"41B/8Te4RDVrspD5W3bbWo"},"_sizeMode":0},{"__type__":"cc.Widget","node":{"__id__":2},"_alignFlags":45,"_originalWidth":375,"_originalHeight":667}],"_prefab":{"__type__":"cc.PrefabInfo","root":{"__id__":1},"asset":{"__uuid__":"dfjdluWXpNyqv4K6e66K2y"},"fileId":"c6XvLJ5tNAcKmhwuk+w6it"},"_contentSize":{"__type__":"cc.Size","width":750,"height":1334},"_trs":{"__type__":"TypedArray","ctor":"Float64Array","array":[0,0,0,0,0,0,1,1,1,1]}},{"__type__":"cc.Node","_name":"hud","_parent":{"__id__":1},"_children":[{"__id__":4}],"_prefab":{"__type__":"cc.PrefabInfo","root":{"__id__":1},"asset":{"__uuid__":"dfjdluWXpNyqv4K6e66K2y"},"fileId":"f8av5wc15Ioo7BBFCFhHoG"},"_trs":{"__type__":"TypedArray","ctor":"Float64Array","array":[0,0,0,0,0,0,1,1,1,1]}},{"__type__":"cc.Node","_name":"banner_mgr","_parent":{"__id__":3},"_children":[{"__id__":5}],"_components":[{"__type__":"96549DGCmlIcZghb3AfRGQI","node":{"__id__":4}},{"__type__":"2fcbeGhVEBNqKdqPyHvxt/T","node":{"__id__":4},"stageNode":{"__id__":5}}],"_prefab":{"__type__":"cc.PrefabInfo","root":{"__id__":1},"asset":{"__uuid__":"dfjdluWXpNyqv4K6e66K2y"},"fileId":"50Z59q335IuZ3jPtFShwS+"},"_trs":{"__type__":"TypedArray","ctor":"Float64Array","array":[0,0,0,0,0,0,1,1,1,1]}},{"__type__":"cc.Node","_name":"pool_stage","_parent":{"__id__":4},"_children":[{"__id__":6},{"__id__":9},{"__id__":11},{"__id__":12},{"__id__":13},{"__id__":14},{"__id__":15},{"__id__":16},{"__id__":19},{"__id__":20},{"__id__":21},{"__id__":23},{"__id__":24}],"_components":[{"__type__":"b1507fLaHZHfJRYHSkYKMWP","node":{"__id__":5}}],"_prefab":{"__type__":"cc.PrefabInfo","root":{"__id__":1},"asset":{"__uuid__":"dfjdluWXpNyqv4K6e66K2y"},"fileId":"1ck56g2c1HuqnXlLWaoi39"},"_contentSize":{"__type__":"cc.Size","width":750,"height":1260},"_trs":{"__type__":"TypedArray","ctor":"Float64Array","array":[0,0,0,0,0,0,1,1,1,1]}},{"__type__":"cc.Node","_name":"stage_node","_parent":{"__id__":5},"_children":[{"__id__":7},{"__id__":8}],"_components":[{"__type__":"ade161OMgVMKpmjDqerbeZb","node":{"__id__":6},"_prefab":{"__uuid__":"9aqCoGkxpKMqo1ZNWk/j44"},"_zIndex":19},{"__type__":"ade161OMgVMKpmjDqerbeZb","node":{"__id__":6},"_prefab":{"__uuid__":"6fSdMryJNCYo3XFr84f2b3"},"_zIndex":11},{"__type__":"9be1aSzs7FIibSRTUNkNp7C","node":{"__id__":6}},{"__type__":"16eb42tg9RBfqiQFYiyUsc/","node":{"__id__":6}},{"__type__":"dd038kgiYFEALxjswdPjBZr","node":{"__id__":6},"tipsPrefab":{"__uuid__":"8fT8vnkSFDG4+xKvaqhjjc"}},{"__type__":"c6339NZDwZNAYQDLMuylBBE","node":{"__id__":6}},{"__type__":"1e820TeSgZMpLnz0H1vZMwx","node":{"__id__":6}},{"__type__":"f8e46RMjjpIh73kYuRojYc9","node":{"__id__":6}}],"_prefab":{"__type__":"cc.PrefabInfo","root":{"__id__":1},"asset":{"__uuid__":"dfjdluWXpNyqv4K6e66K2y"},"fileId":"13SewUNkhJW74yKihGSefF"},"_contentSize":{"__type__":"cc.Size","width":468,"height":934},"_trs":{"__type__":"TypedArray","ctor":"Float64Array","array":[-60,14,0,0,0,0,1,1,1,1]}},{"__type__":"cc.Node","_name":"forbid_node","_parent":{"__id__":6},"_components":[{"__type__":"cc.Sprite","node":{"__id__":7},"_materials":[{"__uuid__":"ecpdLyjvZBwrvm+cedCcQy"}],"_spriteFrame":{"__uuid__":"2c+slBuQxBbKbymUOP69ib"}},{"__type__":"d4448oMF25OlpwxNxYG/5DT","node":{"__id__":7},"zoom":1.2}],"_prefab":{"__type__":"cc.PrefabInfo","root":{"__id__":1},"asset":{"__uuid__":"dfjdluWXpNyqv4K6e66K2y"},"fileId":"4aR16ux1ZPhLiZtymeJnco"},"_contentSize":{"__type__":"cc.Size","width":56,"height":56},"_trs":{"__type__":"TypedArray","ctor":"Float64Array","array":[0,0,0,0,0,0,1,1,1,1]}},{"__type__":"cc.Node","_name":"draw_node","_parent":{"__id__":6},"_components":[{"__type__":"cc.Graphics","node":{"__id__":8},"_materials":[{"__uuid__":"6fgBCSDDdPMInvyNlggls2"}],"_lineWidth":1}],"_prefab":{"__type__":"cc.PrefabInfo","root":{"__id__":1},"asset":{"__uuid__":"dfjdluWXpNyqv4K6e66K2y"},"fileId":"2f0C+zC8JCwbS0T2p+/cCA"},"_trs":{"__type__":"TypedArray","ctor":"Float64Array","array":[0,0,0,0,0,0,1,1,1,1]}},{"__type__":"cc.Node","_name":"pause_btn","_parent":{"__id__":5},"_children":[{"__id__":10}],"_components":[{"__type__":"cc.Button","node":{"__id__":9},"zoomScale":1.1,"clickEvents":[{"__type__":"cc.ClickEvent","target":{"__id__":1},"_componentId":"e9de98rqvJFf6VpIXv+s73A","handler":"onBtnHomeClick"}],"_N$transition":3,"transition":3},{"__type__":"71b7f8KgINGb7GAti+S0ZRO","node":{"__id__":9}}],"_prefab":{"__type__":"cc.PrefabInfo","root":{"__id__":1},"asset":{"__uuid__":"dfjdluWXpNyqv4K6e66K2y"},"fileId":"fbkwyY/h5DXIQdMIDLaMIh"},"_contentSize":{"__type__":"cc.Size","width":100,"height":100},"_trs":{"__type__":"TypedArray","ctor":"Float64Array","array":[310,503.505,0,0,0,0,1,1,1,0]}},{"__type__":"cc.Node","_name":"text","_parent":{"__id__":9},"_components":[{"__type__":"cc.Sprite","node":{"__id__":10},"_materials":[{"__uuid__":"ecpdLyjvZBwrvm+cedCcQy"}],"_spriteFrame":{"__uuid__":"e5zu0/HElNPp3m/FxNSdT4"}}],"_prefab":{"__type__":"cc.PrefabInfo","root":{"__id__":1},"asset":{"__uuid__":"dfjdluWXpNyqv4K6e66K2y"},"fileId":"bbPK5XyXJM1aULpDlEjrXO"},"_contentSize":{"__type__":"cc.Size","width":81,"height":74},"_trs":{"__type__":"TypedArray","ctor":"Float64Array","array":[0,0,0,0,0,0,1,1,1,1]}},{"__type__":"cc.Node","_name":"tuning_bar","_parent":{"__id__":5},"_components":[{"__type__":"ade161OMgVMKpmjDqerbeZb","node":{"__id__":11},"_prefab":{"__uuid__":"44tCZoJutBaIC7X7Mdbvwf"}}],"_prefab":{"__type__":"cc.PrefabInfo","root":{"__id__":1},"asset":{"__uuid__":"dfjdluWXpNyqv4K6e66K2y"},"fileId":"81iIyq9KpMvqQbF6wJ0+JF"},"_trs":{"__type__":"TypedArray","ctor":"Float64Array","array":[-60,-582,0,0,0,0,1,1,1,1]}},{"__type__":"cc.Node","_name":"shoot_point_btn","_parent":{"__id__":5},"_components":[{"__type__":"ade161OMgVMKpmjDqerbeZb","node":{"__id__":12},"_prefab":{"__uuid__":"83+Ht93cxOfrLnS901I33D"}}],"_prefab":{"__type__":"cc.PrefabInfo","root":{"__id__":1},"asset":{"__uuid__":"dfjdluWXpNyqv4K6e66K2y"},"fileId":"49qSAA685GnJx3BBmZhX5B"},"_trs":{"__type__":"TypedArray","ctor":"Float64Array","array":[309,407.666,0,0,0,0,1,1,1,1]}},{"__type__":"cc.Node","_name":"force_bar","_parent":{"__id__":5},"_components":[{"__type__":"ade161OMgVMKpmjDqerbeZb","node":{"__id__":13},"_prefab":{"__uuid__":"50e/uCTI1Hv5sv3e3zmir4"}}],"_prefab":{"__type__":"cc.PrefabInfo","root":{"__id__":1},"asset":{"__uuid__":"dfjdluWXpNyqv4K6e66K2y"},"fileId":"4eA9/NKHVE2Y9Nu9qEqtP7"},"_trs":{"__type__":"TypedArray","ctor":"Float64Array","array":[310,39.842,0,0,0,0,1,1,1,1]}},{"__type__":"cc.Node","_name":"top","_parent":{"__id__":5},"_components":[{"__type__":"ade161OMgVMKpmjDqerbeZb","node":{"__id__":14},"_prefab":{"__uuid__":"e8BKh2845LsLt4ppSWmls6"}}],"_prefab":{"__type__":"cc.PrefabInfo","root":{"__id__":1},"asset":{"__uuid__":"dfjdluWXpNyqv4K6e66K2y"},"fileId":"baBI1SoVdPJrBU/amUWrHr"},"_trs":{"__type__":"TypedArray","ctor":"Float64Array","array":[0,626,0,0,0,0,1,1,1,1]}},{"__type__":"cc.Node","_name":"pvp_turn_node","_parent":{"__id__":5},"_components":[{"__type__":"ade161OMgVMKpmjDqerbeZb","node":{"__id__":15},"_prefab":{"__uuid__":"f9FgynngdHi5TTZS7TLRCg"}}],"_prefab":{"__type__":"cc.PrefabInfo","root":{"__id__":1},"asset":{"__uuid__":"dfjdluWXpNyqv4K6e66K2y"},"fileId":"8eFoNRsAZCAZa4FXake5n9"},"_trs":{"__type__":"TypedArray","ctor":"Float64Array","array":[0,30,0,0,0,0,1,1,1,1]}},{"__type__":"cc.Node","_name":"$debug_btn","_parent":{"__id__":5},"_children":[{"__id__":17}],"_components":[{"__type__":"cc.Button","node":{"__id__":16},"_normalMaterial":{"__uuid__":"ecpdLyjvZBwrvm+cedCcQy"},"zoomScale":1.1,"clickEvents":[{"__type__":"cc.ClickEvent","target":{"__id__":1},"_componentId":"e9de98rqvJFf6VpIXv+s73A","handler":"onBtnDebugClick"}],"_N$transition":3,"transition":3,"_N$normalColor":{"__type__":"cc.Color","r":230,"g":230,"b":230},"_N$pressedColor":{"__type__":"cc.Color","r":200,"g":200,"b":200},"pressedColor":{"__type__":"cc.Color","r":200,"g":200,"b":200},"_N$disabledColor":{"__type__":"cc.Color","r":120,"g":120,"b":120,"a":200},"_N$target":{"__id__":17}}],"_prefab":{"__type__":"cc.PrefabInfo","root":{"__id__":1},"asset":{"__uuid__":"dfjdluWXpNyqv4K6e66K2y"},"fileId":"f5z/ZPqTFJFZYPeeTBtJ54"},"_contentSize":{"__type__":"cc.Size","width":70,"height":70},"_trs":{"__type__":"TypedArray","ctor":"Float64Array","array":[220,-581,0,0,0,0,1,1,1,1]}},{"__type__":"cc.Node","_name":"Background","_parent":{"__id__":16},"_children":[{"__id__":18}],"_components":[{"__type__":"cc.Sprite","node":{"__id__":17},"_materials":[{"__uuid__":"ecpdLyjvZBwrvm+cedCcQy"}],"_spriteFrame":{"__uuid__":"f0BIwQ8D5Ml7nTNQbh1YlS"},"_type":1,"_sizeMode":0}],"_prefab":{"__type__":"cc.PrefabInfo","root":{"__id__":1},"asset":{"__uuid__":"dfjdluWXpNyqv4K6e66K2y"},"fileId":"29+AM8bp1HwoOmjDdM+ORY"},"_contentSize":{"__type__":"cc.Size","width":70,"height":70},"_trs":{"__type__":"TypedArray","ctor":"Float64Array","array":[0,0,0,0,0,0,1,1,1,0]}},{"__type__":"cc.Node","_name":"Label","_parent":{"__id__":17},"_components":[{"__type__":"cc.Label","node":{"__id__":18},"_materials":[{"__uuid__":"ecpdLyjvZBwrvm+cedCcQy"}],"_useOriginalSize":false,"_string":"测试","_N$string":"测试","_fontSize":20,"_enableWrapText":false,"_N$horizontalAlign":1,"_N$verticalAlign":1,"_N$overflow":1,"_N$cacheMode":1}],"_prefab":{"__type__":"cc.PrefabInfo","root":{"__id__":1},"asset":{"__uuid__":"dfjdluWXpNyqv4K6e66K2y"},"fileId":"7bguV0dFNM1r5Gx4UEAyLi"},"_color":{"__type__":"cc.Color"},"_contentSize":{"__type__":"cc.Size","width":70,"height":40},"_trs":{"__type__":"TypedArray","ctor":"Float64Array","array":[0,0,0,0,0,0,1,1,1,1]}},{"__type__":"cc.Node","_name":"pool_effect","_parent":{"__id__":5},"_components":[{"__type__":"595b5BjlY1CnJh4SNyVnCkH","node":{"__id__":19}}],"_prefab":{"__type__":"cc.PrefabInfo","root":{"__id__":1},"asset":{"__uuid__":"dfjdluWXpNyqv4K6e66K2y"},"fileId":"c9LR7vsMtLDbDBqR5z72RZ"},"_trs":{"__type__":"TypedArray","ctor":"Float64Array","array":[0,30,0,0,0,0,1,1,1,1]}},{"__type__":"cc.Node","_name":"emoji_node","_parent":{"__id__":5},"_components":[{"__type__":"ade161OMgVMKpmjDqerbeZb","node":{"__id__":20},"_prefab":{"__uuid__":"a3Ydo+VI9MX57GZKY9w9Kt"}}],"_prefab":{"__type__":"cc.PrefabInfo","root":{"__id__":1},"asset":{"__uuid__":"dfjdluWXpNyqv4K6e66K2y"},"fileId":"157Yq+X4RFlZ37Z0R8P7y3"},"_trs":{"__type__":"TypedArray","ctor":"Float64Array","array":[310,-335,0,0,0,0,1,1,1,1]}},{"__type__":"cc.Node","_name":"super_line_btn","_parent":{"__id__":5},"_children":[{"__id__":22}],"_components":[{"__type__":"cc.Button","node":{"__id__":21},"zoomScale":1.1,"_N$transition":3,"transition":3},{"__type__":"4e412x9fQZDnqQZXW+LuX4b","node":{"__id__":21}},{"__type__":"3a0bdMWXApFAIRZFct2j8zt","node":{"__id__":21},"callback":{"__type__":"cc.ClickEvent","target":{"__id__":21},"_componentId":"4e412x9fQZDnqQZXW+LuX4b","handler":"onRewardCallback"},"autoRefresh":true}],"_prefab":{"__type__":"cc.PrefabInfo","root":{"__id__":1},"asset":{"__uuid__":"dfjdluWXpNyqv4K6e66K2y"},"fileId":"5cpxwZOYVKEYsOgQXYtYs5"},"_contentSize":{"__type__":"cc.Size","width":117,"height":77},"_trs":{"__type__":"TypedArray","ctor":"Float64Array","array":[310,-421,0,0,0,0,1,1,1,0]}},{"__type__":"cc.Node","_name":"text","_parent":{"__id__":21},"_components":[{"__type__":"cc.Sprite","node":{"__id__":22},"_materials":[{"__uuid__":"ecpdLyjvZBwrvm+cedCcQy"}],"_spriteFrame":{"__uuid__":"efZZCuQL5AWZ00gTNsyxWe"}}],"_prefab":{"__type__":"cc.PrefabInfo","root":{"__id__":1},"asset":{"__uuid__":"dfjdluWXpNyqv4K6e66K2y"},"fileId":"9a87kMqCJKOJiCDDSU5bCD"},"_contentSize":{"__type__":"cc.Size","width":117,"height":98},"_trs":{"__type__":"TypedArray","ctor":"Float64Array","array":[0,9,0,0,0,0,1,1,1,1]}},{"__type__":"cc.Node","_name":"pause2_btn","_parent":{"__id__":5},"_active":false,"_components":[{"__type__":"cc.Sprite","node":{"__id__":23},"_materials":[{"__uuid__":"ecpdLyjvZBwrvm+cedCcQy"}],"_spriteFrame":{"__uuid__":"d09qjVpOpOXZjj+7YxxLYh"}},{"__type__":"cc.Button","node":{"__id__":23},"_normalMaterial":{"__uuid__":"ecpdLyjvZBwrvm+cedCcQy"},"zoomScale":1.1,"clickEvents":[{"__type__":"cc.ClickEvent","target":{"__id__":1},"_componentId":"e9de98rqvJFf6VpIXv+s73A","handler":"onBtnHomeClick"}],"_N$transition":3,"transition":3}],"_prefab":{"__type__":"cc.PrefabInfo","root":{"__id__":1},"asset":{"__uuid__":"dfjdluWXpNyqv4K6e66K2y"},"fileId":"2aNcqo49BHy5YIEZEqfhdJ"},"_contentSize":{"__type__":"cc.Size","width":84,"height":79},"_trs":{"__type__":"TypedArray","ctor":"Float64Array","array":[-326,-582,0,0,0,0,1,1,1,1]}},{"__type__":"cc.Node","_name":"record_btn","_parent":{"__id__":5},"_children":[{"__id__":25},{"__id__":26}],"_components":[{"__type__":"64ec4FegidF2o9jfv1teJKV","node":{"__id__":24}},{"__type__":"cc.Button","node":{"__id__":24},"zoomScale":1.1,"clickEvents":[{"__type__":"cc.ClickEvent","target":{"__id__":24},"_componentId":"64ec4FegidF2o9jfv1teJKV","handler":"onClick"}],"_N$transition":3,"transition":3}],"_prefab":{"__type__":"cc.PrefabInfo","root":{"__id__":1},"asset":{"__uuid__":"dfjdluWXpNyqv4K6e66K2y"},"fileId":"7anebzp9dCN46Qa+Os5fUs"},"_contentSize":{"__type__":"cc.Size","width":85,"height":85},"_trs":{"__type__":"TypedArray","ctor":"Float64Array","array":[310,-510,0,0,0,0,1,1,1,0]}},{"__type__":"cc.Node","_name":"recording","_parent":{"__id__":24},"_components":[{"__type__":"cc.Sprite","node":{"__id__":25},"_materials":[{"__uuid__":"ecpdLyjvZBwrvm+cedCcQy"}],"_spriteFrame":{"__uuid__":"01fov7ntNNKJIqZcXF6Ug7"}}],"_prefab":{"__type__":"cc.PrefabInfo","root":{"__id__":1},"asset":{"__uuid__":"dfjdluWXpNyqv4K6e66K2y"},"fileId":"18HxoHPFdLiaY+6NAIsbLl"},"_contentSize":{"__type__":"cc.Size","width":81,"height":70},"_trs":{"__type__":"TypedArray","ctor":"Float64Array","array":[0,0,0,0,0,0,1,1,1,1]}},{"__type__":"cc.Node","_name":"normal","_parent":{"__id__":24},"_components":[{"__type__":"cc.Sprite","node":{"__id__":26},"_materials":[{"__uuid__":"ecpdLyjvZBwrvm+cedCcQy"}],"_spriteFrame":{"__uuid__":"f0rJjURSNDaInZx+0RvELv"}}],"_prefab":{"__type__":"cc.PrefabInfo","root":{"__id__":1},"asset":{"__uuid__":"dfjdluWXpNyqv4K6e66K2y"},"fileId":"60XqVCRB9Lr4d7Okg5E77P"},"_contentSize":{"__type__":"cc.Size","width":81,"height":70},"_trs":{"__type__":"TypedArray","ctor":"Float64Array","array":[0,0,0,0,0,0,1,1,1,1]}},{"__type__":"cc.Node","_name":"touch_screen","_parent":{"__id__":1},"_components":[{"__type__":"cc.Widget","node":{"__id__":27},"_alignFlags":45,"_originalWidth":375,"_originalHeight":667}],"_prefab":{"__type__":"cc.PrefabInfo","root":{"__id__":1},"asset":{"__uuid__":"dfjdluWXpNyqv4K6e66K2y"},"fileId":"27QJPkJAZNraaU5afYaOBY"},"_contentSize":{"__type__":"cc.Size","width":750,"height":1334},"_trs":{"__type__":"TypedArray","ctor":"Float64Array","array":[0,0,0,0,0,0,1,1,1,1]}},{"__type__":"cc.Node","_name":"color","_parent":{"__id__":1},"_active":false,"_components":[{"__type__":"cc.Sprite","node":{"__id__":28},"_materials":[{"__uuid__":"ecpdLyjvZBwrvm+cedCcQy"}],"_srcBlendFactor":0,"_dstBlendFactor":768,"_spriteFrame":{"__uuid__":"b2JODQBwdEu6xw9GscnaRD"},"_type":1,"_sizeMode":0},{"__type__":"cc.Widget","node":{"__id__":28},"_alignFlags":45,"_originalWidth":375,"_originalHeight":667}],"_prefab":{"__type__":"cc.PrefabInfo","root":{"__id__":1},"asset":{"__uuid__":"dfjdluWXpNyqv4K6e66K2y"},"fileId":"99M0dKFctH54FyPZHlOwJo"},"_color":{"__type__":"cc.Color","r":255,"g":255,"b":222},"_contentSize":{"__type__":"cc.Size","width":750,"height":1334},"_trs":{"__type__":"TypedArray","ctor":"Float64Array","array":[0,0,0,0,0,0,1,1,1,1]}}],{"__type__":"cc.SpriteFrame","content":{"name":"组 1338663964","texture":"18584f08b","rect":[301,842,117,98],"offset":[0,0],"originalSize":[117,98],"capInsets":[0,0,0,0]}}]