[{"__type__":"cc.SpriteFrame","content":{"name":"bandicam 2020-04-11 16-21-52-753","texture":"13034fe3a","rect":[3,3,306,95],"offset":[0,0],"originalSize":[306,95],"capInsets":[0,0,0,0]}},{"__type__":"cc.SpriteFrame","content":{"name":"bandicam 2020-04-11 16-21-57-267","texture":"13034fe3a","rect":[315,3,306,95],"offset":[0,0],"originalSize":[306,95],"capInsets":[0,0,0,0]}},{"__type__":"cc.SpriteFrame","content":{"name":"bandicam 2020-04-11 16-21-44-632","texture":"13034fe3a","rect":[627,3,306,95],"offset":[0,0],"originalSize":[306,95],"capInsets":[0,0,0,0]}},{"__type__":"cc.SpriteFrame","content":{"name":"bandicam 2020-04-11 16-25-53-144","texture":"13034fe3a","rect":[3,104,306,95],"offset":[0,0],"originalSize":[306,95],"capInsets":[0,0,0,0]}},{"__type__":"cc.SpriteFrame","content":{"name":"bandicam 2020-04-11 16-21-55-805","texture":"13034fe3a","rect":[315,104,306,95],"offset":[0,0],"originalSize":[306,95],"capInsets":[0,0,0,0]}},{"__type__":"cc.SpriteFrame","content":{"name":"bandicam 2020-04-11 16-25-47-741","texture":"13034fe3a","rect":[627,104,306,95],"offset":[0,0],"originalSize":[306,95],"capInsets":[0,0,0,0]}},{"__type__":"cc.SpriteFrame","content":{"name":"bandicam 2020-04-11 16-21-40-914","texture":"13034fe3a","rect":[3,205,306,95],"offset":[0,0],"originalSize":[306,95],"capInsets":[0,0,0,0]}},{"__type__":"cc.SpriteFrame","content":{"name":"bandicam 2020-04-11 16-21-41-876","texture":"13034fe3a","rect":[315,205,306,95],"offset":[0,0],"originalSize":[306,95],"capInsets":[0,0,0,0]}},{"__type__":"cc.SpriteFrame","content":{"name":"bandicam 2020-04-11 16-21-38-664","texture":"13034fe3a","rect":[627,205,306,95],"offset":[0,0],"originalSize":[306,95],"capInsets":[0,0,0,0]}},{"__type__":"cc.SpriteFrame","content":{"name":"bandicam 2020-04-11 16-22-08-738","texture":"13034fe3a","rect":[939,3,306,95],"offset":[0,0],"originalSize":[306,95],"rotated":1,"capInsets":[0,0,0,0]}},{"__type__":"cc.SpriteFrame","content":{"name":"bandicam 2020-04-11 16-25-41-794","texture":"13034fe3a","rect":[3,306,306,95],"offset":[0,0],"originalSize":[306,95],"capInsets":[0,0,0,0]}},{"__type__":"cc.SpriteFrame","content":{"name":"bandicam 2020-04-11 16-25-36-913","texture":"13034fe3a","rect":[315,306,306,95],"offset":[0,0],"originalSize":[306,95],"capInsets":[0,0,0,0]}},{"__type__":"cc.SpriteFrame","content":{"name":"bandicam 2020-04-11 16-25-28-439","texture":"13034fe3a","rect":[627,306,306,95],"offset":[0,0],"originalSize":[306,95],"capInsets":[0,0,0,0]}},{"__type__":"cc.SpriteFrame","content":{"name":"bandicam 2020-04-11 16-25-24-418","texture":"13034fe3a","rect":[3,407,306,95],"offset":[0,0],"originalSize":[306,95],"capInsets":[0,0,0,0]}},{"__type__":"cc.SpriteFrame","content":{"name":"bandicam 2020-04-11 16-25-27-423","texture":"13034fe3a","rect":[315,407,306,95],"offset":[0,0],"originalSize":[306,95],"capInsets":[0,0,0,0]}},{"__type__":"cc.SpriteFrame","content":{"name":"bandicam 2020-04-11 16-25-45-846","texture":"13034fe3a","rect":[627,407,306,95],"offset":[0,0],"originalSize":[306,95],"capInsets":[0,0,0,0]}},{"__type__":"cc.SpriteFrame","content":{"name":"bandicam 2020-04-11 16-25-29-137","texture":"13034fe3a","rect":[3,508,306,95],"offset":[0,0],"originalSize":[306,95],"capInsets":[0,0,0,0]}},{"__type__":"cc.SpriteFrame","content":{"name":"bandicam 2020-04-11 16-25-22-345","texture":"13034fe3a","rect":[315,508,306,95],"offset":[0,0],"originalSize":[306,95],"capInsets":[0,0,0,0]}},{"__type__":"cc.SpriteFrame","content":{"name":"bandicam 2020-04-11 16-22-04-267","texture":"13034fe3a","rect":[627,508,306,95],"offset":[0,0],"originalSize":[306,95],"capInsets":[0,0,0,0]}},{"__type__":"cc.SpriteFrame","content":{"name":"bandicam 2020-04-11 16-25-39-396","texture":"13034fe3a","rect":[939,315,306,95],"offset":[0,0],"originalSize":[306,95],"rotated":1,"capInsets":[0,0,0,0]}},{"__type__":"cc.SpriteFrame","content":{"name":"bandicam 2020-04-11 16-21-51-269","texture":"13034fe3a","rect":[3,609,306,95],"offset":[0,0],"originalSize":[306,95],"capInsets":[0,0,0,0]}},{"__type__":"cc.SpriteFrame","content":{"name":"bandicam 2020-04-11 16-22-11-546","texture":"13034fe3a","rect":[315,609,306,95],"offset":[0,0],"originalSize":[306,95],"capInsets":[0,0,0,0]}},{"__type__":"cc.SpriteFrame","content":{"name":"bandicam 2020-04-11 16-22-00-475","texture":"13034fe3a","rect":[627,609,306,95],"offset":[0,0],"originalSize":[306,95],"capInsets":[0,0,0,0]}},{"__type__":"cc.SpriteFrame","content":{"name":"bandicam 2020-04-11 16-21-36-614","texture":"13034fe3a","rect":[3,710,306,95],"offset":[0,0],"originalSize":[306,95],"capInsets":[0,0,0,0]}},{"__type__":"cc.SpriteFrame","content":{"name":"bandicam 2020-04-11 16-25-40-120","texture":"13034fe3a","rect":[315,710,306,95],"offset":[0,0],"originalSize":[306,95],"capInsets":[0,0,0,0]}},{"__type__":"cc.SpriteFrame","content":{"name":"bandicam 2020-04-11 16-25-36-127","texture":"13034fe3a","rect":[627,710,306,95],"offset":[0,0],"originalSize":[306,95],"capInsets":[0,0,0,0]}},{"__type__":"cc.SpriteFrame","content":{"name":"bandicam 2020-04-11 16-25-31-048","texture":"13034fe3a","rect":[3,811,306,95],"offset":[0,0],"originalSize":[306,95],"capInsets":[0,0,0,0]}},{"__type__":"cc.AnimationClip","_name":"Jiyichaoqun","_duration":2.2888888888888888,"sample":45,"curveData":{"paths":{"Zi":{"props":{"opacity":[{"frame":2.2666666666666666,"value":255},{"frame":2.2888888888888888,"value":0}]},"comps":{"cc.Sprite":{"spriteFrame":[{"frame":0,"value":{"__uuid__":"72myU4EnpFUoLje5Va5/4V"}},{"frame":0.022222222222222223,"value":{"__uuid__":"1eZ9cPNjNDsabrGNhJznGb"}},{"frame":0.044444444444444446,"value":{"__uuid__":"cbVvYuQphKUp/TJheaIi5m"}},{"frame":0.06666666666666667,"value":{"__uuid__":"1ajwLPfiVLGJvH194ElQcV"}},{"frame":0.08888888888888889,"value":{"__uuid__":"1cL+qnulBE6p4r5A2wTdoY"}},{"frame":0.1111111111111111,"value":{"__uuid__":"7cTZpfZx9I+Zc61Zt59oFH"}},{"frame":0.13333333333333333,"value":{"__uuid__":"863i+JdbBIDZDaw02Vgq7F"}},{"frame":0.15555555555555556,"value":{"__uuid__":"d6Pj8TvSJHs56y+kXnnV32"}},{"frame":0.17777777777777778,"value":{"__uuid__":"084efyL3lOHrGJAc+/qmOF"}},{"frame":0.2,"value":{"__uuid__":"fdr1oZv/hF1o6ExGxPdJmb"}},{"frame":0.2222222222222222,"value":{"__uuid__":"f9eG9hATtI35V1FOnYbY1d"}},{"frame":0.24444444444444444,"value":{"__uuid__":"a4DpJG47xHuJw6cJ6kzWoQ"}},{"frame":0.26666666666666666,"value":{"__uuid__":"85fDohp29B84G3OyTQLXBo"}},{"frame":0.28888888888888886,"value":{"__uuid__":"adrHrFF8dGN4Cp8CP4hZOR"}},{"frame":0.3111111111111111,"value":{"__uuid__":"ffunmIr0hJV6U3vLFNurkY"}},{"frame":0.3333333333333333,"value":{"__uuid__":"81UoUJRKJE6Jpt4CcF99l2"}},{"frame":0.35555555555555557,"value":{"__uuid__":"b8OtHAb15OhIPx64GX5n7K"}},{"frame":0.37777777777777777,"value":{"__uuid__":"6960UKXAVDOLzGkAA3wJDJ"}},{"frame":0.4,"value":{"__uuid__":"e3yF9xVP9GjpnFcYcWXzAK"}},{"frame":0.4222222222222222,"value":{"__uuid__":"01wbZ/WIpHiI7Rec4+6KAn"}},{"frame":0.4444444444444444,"value":{"__uuid__":"7aUt972OdEJq1v7E5dMzwx"}},{"frame":0.4666666666666667,"value":{"__uuid__":"0aoLYFqFVMy6Y9RVBS4NpI"}},{"frame":0.4888888888888889,"value":{"__uuid__":"06i3NzcFtDZpIBpCj2sLsc"}},{"frame":0.5111111111111111,"value":{"__uuid__":"eaqubV0D9PJaiJ1zjLKKgo"}},{"frame":0.5333333333333333,"value":{"__uuid__":"6eo3jDDftMxInntkgsja7h"}},{"frame":0.5555555555555556,"value":{"__uuid__":"9ahhtarERHj4JmFbyfeyFt"}},{"frame":0.5777777777777777,"value":{"__uuid__":"61Fhu5qsVEZ4RGerW4qPsJ"}},{"frame":0.6,"value":{"__uuid__":"f2sELKbzBG6qvUZnifiuTJ"}},{"frame":0.6222222222222222,"value":{"__uuid__":"ea5y55jMlCNYzUbOV+bofv"}},{"frame":0.6444444444444445,"value":{"__uuid__":"28DdOSoH9MJ5LDNVruFVIC"}},{"frame":0.6666666666666666,"value":{"__uuid__":"aePwxgWDFPA7ZCqCqsFBJV"}},{"frame":0.6888888888888889,"value":{"__uuid__":"6alIIWoq5M0K5ZC45xtn2o"}},{"frame":1.5555555555555556,"value":{"__uuid__":"6alIIWoq5M0K5ZC45xtn2o"}},{"frame":1.5777777777777777,"value":{"__uuid__":"96Ek3zyIBO/LGuYBOqaEVl"}},{"frame":1.6,"value":{"__uuid__":"5aCjAmTyxJNIYA1H7kOFDY"}},{"frame":1.6222222222222222,"value":{"__uuid__":"81l2qfHSREyb5N9dyZJWk8"}},{"frame":1.6444444444444444,"value":{"__uuid__":"4apLNdcTFM96La5znaaMKF"}},{"frame":1.6666666666666667,"value":{"__uuid__":"cb34HZ+B1DQ5n97IH+GgxK"}},{"frame":1.6888888888888889,"value":{"__uuid__":"d5xNwkKDJJJ4O43iq4ebKV"}},{"frame":1.711111111111111,"value":{"__uuid__":"c6miNWQRFC4ImgTKvoO1A6"}},{"frame":1.7333333333333334,"value":{"__uuid__":"50FW2r1+FOIaMOmnIXhe4a"}},{"frame":1.7555555555555555,"value":{"__uuid__":"45hJlZfmxE0LCnWBKerRby"}},{"frame":1.7777777777777777,"value":{"__uuid__":"560WrU1p5KfavA4/xc1Cwq"}},{"frame":1.8,"value":{"__uuid__":"95j+CWpldAlJcsWHAH6Y/h"}},{"frame":1.8222222222222222,"value":{"__uuid__":"76fIw5z1FMLK65/q9OFbz0"}},{"frame":1.8444444444444446,"value":{"__uuid__":"84OlmXTllIcK8C69hs16+V"}},{"frame":1.8666666666666667,"value":{"__uuid__":"daCF524KdN2ZBj/mxI6pSF"}},{"frame":1.8888888888888888,"value":{"__uuid__":"ddCiWIu3ZP2YfV9shoznwP"}},{"frame":1.9111111111111112,"value":{"__uuid__":"acGqNB4eRFEZqOKdtV519p"}},{"frame":1.9333333333333333,"value":{"__uuid__":"f7iXi6GcZInJIrNJkIKHov"}},{"frame":1.9555555555555555,"value":{"__uuid__":"76bgZQ3HBEFp4KDXASoyXb"}},{"frame":1.9777777777777779,"value":{"__uuid__":"2cmjShZjpP0Yxu3IeuH2yl"}},{"frame":2,"value":{"__uuid__":"8dFVtsGQRK95GQg9u3P6/W"}},{"frame":2.022222222222222,"value":{"__uuid__":"ecQ7F/qb5CeLAfm98KVkWv"}},{"frame":2.0444444444444443,"value":{"__uuid__":"659HzFLItOFYFje7df1PSb"}},{"frame":2.066666666666667,"value":{"__uuid__":"73VvFzqflC+L8pQRUf1Evo"}},{"frame":2.088888888888889,"value":{"__uuid__":"d64je3O1JA75VeoZVnkRiT"}},{"frame":2.111111111111111,"value":{"__uuid__":"2atq5Yu9pEHZHYJ2DZcuEO"}},{"frame":2.1333333333333333,"value":{"__uuid__":"8eGqThsl9Bg6bgNdSDqxq+"}},{"frame":2.1555555555555554,"value":{"__uuid__":"8chzvAB/VFM6zNBA9NGzCX"}},{"frame":2.1777777777777776,"value":{"__uuid__":"56vLUVESxOa6stL6rxM6rI"}},{"frame":2.2,"value":{"__uuid__":"14hntr4qVPnL4mjRy1oNQA"}},{"frame":2.2222222222222223,"value":{"__uuid__":"d5w2V8PEBGQJQVQF1/gxL1"}},{"frame":2.2444444444444445,"value":{"__uuid__":"c9HmtEB4BMtKrnW8Q1Tyoo"}},{"frame":2.2666666666666666,"value":{"__uuid__":"0aNoHCgPRJEJyVYrJsypnh"}}]}}},"Jiyichaoqun_di":{"props":{"opacity":[{"frame":0,"value":0},{"frame":0.2222222222222222,"value":255},{"frame":2,"value":255},{"frame":2.2888888888888888,"value":0}]}}}}},{"__type__":"cc.SpriteFrame","content":{"name":"bandicam 2020-04-11 16-21-54-246","texture":"13034fe3a","rect":[315,811,306,95],"offset":[0,0],"originalSize":[306,95],"capInsets":[0,0,0,0]}},{"__type__":"cc.SpriteFrame","content":{"name":"bandicam 2020-04-11 16-21-42-534","texture":"13034fe3a","rect":[627,811,306,95],"offset":[0,0],"originalSize":[306,95],"capInsets":[0,0,0,0]}},{"__type__":"cc.SpriteFrame","content":{"name":"bandicam 2020-04-11 16-21-49-711","texture":"13034fe3a","rect":[939,627,306,95],"offset":[0,0],"originalSize":[306,95],"rotated":1,"capInsets":[0,0,0,0]}},{"__type__":"cc.SpriteFrame","content":{"name":"bandicam 2020-04-11 16-25-23-571","texture":"13034fe3a","rect":[3,912,306,95],"offset":[0,0],"originalSize":[306,95],"capInsets":[0,0,0,0]}},{"__type__":"cc.SpriteFrame","content":{"name":"bandicam 2020-04-11 16-25-31-772","texture":"13034fe3a","rect":[315,912,306,95],"offset":[0,0],"originalSize":[306,95],"capInsets":[0,0,0,0]}},{"__type__":"cc.SpriteFrame","content":{"name":"bandicam 2020-04-11 16-21-47-405","texture":"13034fe3a","rect":[627,912,306,95],"offset":[0,0],"originalSize":[306,95],"capInsets":[0,0,0,0]}},{"__type__":"cc.SpriteFrame","content":{"name":"bandicam 2020-04-11 16-21-43-239","texture":"13034fe3a","rect":[3,1013,306,95],"offset":[0,0],"originalSize":[306,95],"capInsets":[0,0,0,0]}},{"__type__":"cc.SpriteFrame","content":{"name":"bandicam 2020-04-11 16-25-43-606","texture":"13034fe3a","rect":[315,1013,306,95],"offset":[0,0],"originalSize":[306,95],"capInsets":[0,0,0,0]}},{"__type__":"cc.SpriteFrame","content":{"name":"bandicam 2020-04-11 16-25-37-731","texture":"13034fe3a","rect":[627,1013,306,95],"offset":[0,0],"originalSize":[306,95],"capInsets":[0,0,0,0]}},{"__type__":"cc.SpriteFrame","content":{"name":"bandicam 2020-04-11 16-25-42-837","texture":"13034fe3a","rect":[3,1114,306,95],"offset":[0,0],"originalSize":[306,95],"capInsets":[0,0,0,0]}},{"__type__":"cc.SpriteFrame","content":{"name":"bandicam 2020-04-11 16-25-30-316","texture":"13034fe3a","rect":[315,1114,306,95],"offset":[0,0],"originalSize":[306,95],"capInsets":[0,0,0,0]}},{"__type__":"cc.SpriteFrame","content":{"name":"bandicam 2020-04-11 16-25-17-323","texture":"13034fe3a","rect":[627,1114,306,95],"offset":[0,0],"originalSize":[306,95],"capInsets":[0,0,0,0]}},{"__type__":"cc.SpriteFrame","content":{"name":"bandicam 2020-04-11 16-22-02-727","texture":"13034fe3a","rect":[939,939,306,95],"offset":[0,0],"originalSize":[306,95],"rotated":1,"capInsets":[0,0,0,0]}},{"__type__":"cc.SpriteFrame","content":{"name":"bandicam 2020-04-11 16-21-46-693","texture":"13034fe3a","rect":[3,1215,306,95],"offset":[0,0],"originalSize":[306,95],"capInsets":[0,0,0,0]}},{"__type__":"cc.SpriteFrame","content":{"name":"bandicam 2020-04-11 16-25-34-564","texture":"13034fe3a","rect":[315,1215,306,95],"offset":[0,0],"originalSize":[306,95],"capInsets":[0,0,0,0]}},{"__type__":"cc.SpriteFrame","content":{"name":"bandicam 2020-04-11 16-21-48-067","texture":"13034fe3a","rect":[627,1215,306,95],"offset":[0,0],"originalSize":[306,95],"capInsets":[0,0,0,0]}},{"__type__":"cc.SpriteFrame","content":{"name":"bandicam 2020-04-11 16-22-10-171","texture":"13034fe3a","rect":[3,1316,306,95],"offset":[0,0],"originalSize":[306,95],"capInsets":[0,0,0,0]}},{"__type__":"cc.SpriteFrame","content":{"name":"bandicam 2020-04-11 16-21-50-449","texture":"13034fe3a","rect":[315,1316,306,95],"offset":[0,0],"originalSize":[306,95],"capInsets":[0,0,0,0]}},{"__type__":"cc.SpriteFrame","content":{"name":"bandicam 2020-04-11 16-25-26-365","texture":"13034fe3a","rect":[627,1316,306,95],"offset":[0,0],"originalSize":[306,95],"capInsets":[0,0,0,0]}},{"__type__":"cc.SpriteFrame","content":{"name":"bandicam 2020-04-11 16-25-51-404","texture":"13034fe3a","rect":[3,1417,306,95],"offset":[0,0],"originalSize":[306,95],"capInsets":[0,0,0,0]}},{"__type__":"cc.SpriteFrame","content":{"name":"bandicam 2020-04-11 16-21-40-008","texture":"13034fe3a","rect":[315,1417,306,95],"offset":[0,0],"originalSize":[306,95],"capInsets":[0,0,0,0]}},{"__type__":"cc.SpriteFrame","content":{"name":"bandicam 2020-04-11 16-25-25-063","texture":"13034fe3a","rect":[627,1417,306,95],"offset":[0,0],"originalSize":[306,95],"capInsets":[0,0,0,0]}},{"__type__":"cc.SpriteFrame","content":{"name":"bandicam 2020-04-11 16-25-49-407","texture":"13034fe3a","rect":[939,1251,306,95],"offset":[0,0],"originalSize":[306,95],"rotated":1,"capInsets":[0,0,0,0]}},{"__type__":"cc.SpriteFrame","content":{"name":"bandicam 2020-04-11 16-25-25-641","texture":"13034fe3a","rect":[3,1518,306,95],"offset":[0,0],"originalSize":[306,95],"capInsets":[0,0,0,0]}},{"__type__":"cc.SpriteFrame","content":{"name":"bandicam 2020-04-11 16-21-43-913","texture":"13034fe3a","rect":[315,1518,306,95],"offset":[0,0],"originalSize":[306,95],"capInsets":[0,0,0,0]}},{"__type__":"cc.SpriteFrame","content":{"name":"bandicam 2020-04-11 16-25-40-894","texture":"13034fe3a","rect":[627,1518,306,95],"offset":[0,0],"originalSize":[306,95],"capInsets":[0,0,0,0]}},{"__type__":"cc.SpriteFrame","content":{"name":"bandicam 2020-04-11 16-25-32-824","texture":"13034fe3a","rect":[3,1619,306,95],"offset":[0,0],"originalSize":[306,95],"capInsets":[0,0,0,0]}},{"__type__":"cc.SpriteFrame","content":{"name":"bandicam 2020-04-11 16-25-33-623","texture":"13034fe3a","rect":[315,1619,306,95],"offset":[0,0],"originalSize":[306,95],"capInsets":[0,0,0,0]}},{"__type__":"cc.SpriteFrame","content":{"name":"bandicam 2020-04-11 16-21-52-053","texture":"13034fe3a","rect":[627,1619,306,95],"offset":[0,0],"originalSize":[306,95],"capInsets":[0,0,0,0]}},{"__type__":"cc.SpriteFrame","content":{"name":"bandicam 2020-04-11 16-21-58-613","texture":"13034fe3a","rect":[3,1720,306,95],"offset":[0,0],"originalSize":[306,95],"capInsets":[0,0,0,0]}},{"__type__":"cc.SpriteFrame","content":{"name":"bandicam 2020-04-11 16-22-07-271","texture":"13034fe3a","rect":[315,1720,306,95],"offset":[0,0],"originalSize":[306,95],"capInsets":[0,0,0,0]}},{"__type__":"cc.SpriteFrame","content":{"name":"bandicam 2020-04-11 16-25-38-404","texture":"13034fe3a","rect":[627,1720,306,95],"offset":[0,0],"originalSize":[306,95],"capInsets":[0,0,0,0]}},{"__type__":"cc.SpriteFrame","content":{"name":"bandicam 2020-04-11 16-22-05-776","texture":"13034fe3a","rect":[939,1563,306,95],"offset":[0,0],"originalSize":[306,95],"rotated":1,"capInsets":[0,0,0,0]}},{"__type__":"cc.SpriteFrame","content":{"name":"bandicam 2020-04-11 16-25-35-340","texture":"13034fe3a","rect":[3,1821,306,95],"offset":[0,0],"originalSize":[306,95],"capInsets":[0,0,0,0]}},{"__type__":"cc.SpriteFrame","content":{"name":"bandicam 2020-04-11 16-21-46-023","texture":"13034fe3a","rect":[315,1821,306,95],"offset":[0,0],"originalSize":[306,95],"capInsets":[0,0,0,0]}},{"__type__":"cc.SpriteFrame","content":{"name":"bandicam 2020-04-11 16-21-45-319","texture":"13034fe3a","rect":[627,1821,306,95],"offset":[0,0],"originalSize":[306,95],"capInsets":[0,0,0,0]}},{"__type__":"cc.SpriteFrame","content":{"name":"bandicam 2020-04-11 16-21-48-858","texture":"13034fe3a","rect":[3,1922,306,95],"offset":[0,0],"originalSize":[306,95],"capInsets":[0,0,0,0]}}]