[{"__type__":"cc.Prefab","_name":"moneyBar","data":{"__id__":1}},{"__type__":"cc.Node","_name":"money_bar","_children":[{"__id__":2},{"__id__":9},{"__id__":14}],"_components":[{"__type__":"cc833Xw9vVI5KCzwfHBG2zu","node":{"__id__":1}}],"_prefab":{"__type__":"cc.PrefabInfo","root":{"__id__":1},"asset":{"__uuid__":"1b5n6PJYNCKYVt604lwFVW"},"fileId":"0cbvi7QTxILaHj6nbGqrxT"},"_trs":{"__type__":"TypedArray","ctor":"Float64Array","array":[0,0,0,0,0,0,1,1,1,1]}},{"__type__":"cc.Node","_name":"energy_pnl","_parent":{"__id__":1},"_children":[{"__id__":3},{"__id__":4},{"__id__":5},{"__id__":6},{"__id__":7},{"__id__":8}],"_components":[{"__type__":"638b9stpsZOAoNYeJYvoVmk","node":{"__id__":2}},{"__type__":"3b7a9Fziy5HFo4nfnQNFHRb","node":{"__id__":2},"id":2,"lblNode":{"__id__":5},"increaseAnim":true,"decreaseAnim":true}],"_prefab":{"__type__":"cc.PrefabInfo","root":{"__id__":1},"asset":{"__uuid__":"1b5n6PJYNCKYVt604lwFVW"},"fileId":"20yg15AupGXoxkYTk5Bf3E"},"_contentSize":{"__type__":"cc.Size","width":230,"height":60},"_anchorPoint":{"__type__":"cc.Vec2","y":0.5},"_trs":{"__type__":"TypedArray","ctor":"Float64Array","array":[10,-68,0,0,0,0,1,1,1,1]}},{"__type__":"cc.Node","_name":"bg","_parent":{"__id__":2},"_components":[{"__type__":"cc.Sprite","node":{"__id__":3},"_materials":[{"__uuid__":"ecpdLyjvZBwrvm+cedCcQy"}],"_spriteFrame":{"__uuid__":"c5OLocz01BnJAON9DNUIsq"},"_sizeMode":2}],"_prefab":{"__type__":"cc.PrefabInfo","root":{"__id__":1},"asset":{"__uuid__":"1b5n6PJYNCKYVt604lwFVW"},"fileId":"e1ks+cmtBANKzp83qTT/DG"},"_contentSize":{"__type__":"cc.Size","width":174,"height":41},"_trs":{"__type__":"TypedArray","ctor":"Float64Array","array":[117,3,0,0,0,0,1,1,1,1]}},{"__type__":"cc.Node","_name":"icon","_parent":{"__id__":2},"_components":[{"__type__":"cc.Sprite","node":{"__id__":4},"_materials":[{"__uuid__":"ecpdLyjvZBwrvm+cedCcQy"}],"_spriteFrame":{"__uuid__":"d2hlaDnOJKB53ARqIQuU2c"},"_sizeMode":2,"_isTrimmedMode":false}],"_prefab":{"__type__":"cc.PrefabInfo","root":{"__id__":1},"asset":{"__uuid__":"1b5n6PJYNCKYVt604lwFVW"},"fileId":"03zQJC0rZMM75F698R2qxM"},"_contentSize":{"__type__":"cc.Size","width":42,"height":62},"_trs":{"__type__":"TypedArray","ctor":"Float64Array","array":[31.327,1.1,0,0,0,0,1,1,1,1]}},{"__type__":"cc.Node","_name":"label","_parent":{"__id__":2},"_components":[{"__type__":"cc.Label","node":{"__id__":5},"_materials":[{"__uuid__":"ecpdLyjvZBwrvm+cedCcQy"}],"_useOriginalSize":false,"_string":"0","_N$string":"0","_fontSize":24,"_lineHeight":26,"_styleFlags":1,"_N$verticalAlign":1,"_N$cacheMode":2}],"_prefab":{"__type__":"cc.PrefabInfo","root":{"__id__":1},"asset":{"__uuid__":"1b5n6PJYNCKYVt604lwFVW"},"fileId":"a5LQdI7qJA0bigCfxaKBwn"},"_color":{"__type__":"cc.Color","r":255,"g":230},"_contentSize":{"__type__":"cc.Size","width":13.35,"height":26},"_anchorPoint":{"__type__":"cc.Vec2","y":0.5},"_trs":{"__type__":"TypedArray","ctor":"Float64Array","array":[49.105,-17.431,0,0,0,0,1,1,1,1]}},{"__type__":"cc.Node","_name":"full","_parent":{"__id__":2},"_components":[{"__type__":"cc.Label","node":{"__id__":6},"_materials":[{"__uuid__":"ecpdLyjvZBwrvm+cedCcQy"}],"_string":"Max","_N$string":"Max","_fontSize":24,"_lineHeight":26,"_styleFlags":1,"_N$horizontalAlign":1,"_N$verticalAlign":1,"_N$cacheMode":2}],"_prefab":{"__type__":"cc.PrefabInfo","root":{"__id__":1},"asset":{"__uuid__":"1b5n6PJYNCKYVt604lwFVW"},"fileId":"87OvCewyxN1YZQSuYGHwBy"},"_contentSize":{"__type__":"cc.Size","width":48,"height":26},"_trs":{"__type__":"TypedArray","ctor":"Float64Array","array":[115.812,2,0,0,0,0,1,1,1,1]}},{"__type__":"cc.Node","_name":"timer","_parent":{"__id__":2},"_components":[{"__type__":"54d03y+mg1K+6NNraXJjTEJ","node":{"__id__":7}},{"__type__":"cc.Label","node":{"__id__":7},"_materials":[{"__uuid__":"ecpdLyjvZBwrvm+cedCcQy"}],"_string":"00:00:00","_N$string":"00:00:00","_fontSize":24,"_lineHeight":26,"_styleFlags":1,"_N$horizontalAlign":1,"_N$verticalAlign":1,"_N$cacheMode":2}],"_prefab":{"__type__":"cc.PrefabInfo","root":{"__id__":1},"asset":{"__uuid__":"1b5n6PJYNCKYVt604lwFVW"},"fileId":"8bVlKD5bxKJpS++xEKfL94"},"_contentSize":{"__type__":"cc.Size","width":93.44,"height":26},"_trs":{"__type__":"TypedArray","ctor":"Float64Array","array":[115.812,2,0,0,0,0,1,1,1,1]}},{"__type__":"cc.Node","_name":"add_btn","_parent":{"__id__":2},"_components":[{"__type__":"cc.Sprite","node":{"__id__":8},"_materials":[{"__uuid__":"ecpdLyjvZBwrvm+cedCcQy"}],"_spriteFrame":{"__uuid__":"5b3pDvhXFNnI9d2qt3fDrC"}},{"__type__":"cc.Button","node":{"__id__":8},"zoomScale":1.1,"clickEvents":[{"__type__":"cc.ClickEvent","target":{"__id__":2},"_componentId":"638b9stpsZOAoNYeJYvoVmk","handler":"onBtnAddClick"}],"_N$transition":3,"transition":3,"_N$normalColor":{"__type__":"cc.Color","r":214,"g":214,"b":214}}],"_prefab":{"__type__":"cc.PrefabInfo","root":{"__id__":1},"asset":{"__uuid__":"1b5n6PJYNCKYVt604lwFVW"},"fileId":"6boEMILg9JpIVnwJQ91Qw2"},"_contentSize":{"__type__":"cc.Size","width":46,"height":49},"_trs":{"__type__":"TypedArray","ctor":"Float64Array","array":[195,1.6099999999999994,0,0,0,0,1,1,1,0]}},{"__type__":"cc.Node","_name":"coins_pnl","_parent":{"__id__":1},"_children":[{"__id__":10},{"__id__":11},{"__id__":12},{"__id__":13}],"_components":[{"__type__":"73afbMARxVEF5mMztArz9BT","node":{"__id__":9}},{"__type__":"3b7a9Fziy5HFo4nfnQNFHRb","node":{"__id__":9},"lblNode":{"__id__":12},"increaseAnim":true,"decreaseAnim":true}],"_prefab":{"__type__":"cc.PrefabInfo","root":{"__id__":1},"asset":{"__uuid__":"1b5n6PJYNCKYVt604lwFVW"},"fileId":"b3CTh6/HdO8ax553xlOnY9"},"_contentSize":{"__type__":"cc.Size","width":230,"height":60},"_anchorPoint":{"__type__":"cc.Vec2","y":0.5},"_trs":{"__type__":"TypedArray","ctor":"Float64Array","array":[239,-68,0,0,0,0,1,1,1,1]}},{"__type__":"cc.Node","_name":"bg","_parent":{"__id__":9},"_components":[{"__type__":"cc.Sprite","node":{"__id__":10},"_materials":[{"__uuid__":"ecpdLyjvZBwrvm+cedCcQy"}],"_spriteFrame":{"__uuid__":"c5OLocz01BnJAON9DNUIsq"},"_sizeMode":2}],"_prefab":{"__type__":"cc.PrefabInfo","root":{"__id__":1},"asset":{"__uuid__":"1b5n6PJYNCKYVt604lwFVW"},"fileId":"19zFP1g59NHJpNZSSebCjs"},"_contentSize":{"__type__":"cc.Size","width":174,"height":41},"_trs":{"__type__":"TypedArray","ctor":"Float64Array","array":[117,3,0,0,0,0,1,1,1,1]}},{"__type__":"cc.Node","_name":"icon","_parent":{"__id__":9},"_components":[{"__type__":"cc.Sprite","node":{"__id__":11},"_materials":[{"__uuid__":"ecpdLyjvZBwrvm+cedCcQy"}],"_spriteFrame":{"__uuid__":"79ln/Vcd1Dl5Qa9a2S4ztu"},"_sizeMode":2,"_isTrimmedMode":false}],"_prefab":{"__type__":"cc.PrefabInfo","root":{"__id__":1},"asset":{"__uuid__":"1b5n6PJYNCKYVt604lwFVW"},"fileId":"d8m6Krsx9GrpGr9sSEYeyJ"},"_contentSize":{"__type__":"cc.Size","width":57,"height":57},"_trs":{"__type__":"TypedArray","ctor":"Float64Array","array":[33.296,2.1,0,0,0,0,1,1,1,1]}},{"__type__":"cc.Node","_name":"label","_parent":{"__id__":9},"_components":[{"__type__":"cc.Label","node":{"__id__":12},"_materials":[{"__uuid__":"ecpdLyjvZBwrvm+cedCcQy"}],"_useOriginalSize":false,"_string":"0","_N$string":"0","_fontSize":24,"_lineHeight":26,"_styleFlags":1,"_N$horizontalAlign":1,"_N$verticalAlign":1,"_N$cacheMode":2}],"_prefab":{"__type__":"cc.PrefabInfo","root":{"__id__":1},"asset":{"__uuid__":"1b5n6PJYNCKYVt604lwFVW"},"fileId":"212mpiQa5ERKUbc09BNqxq"},"_contentSize":{"__type__":"cc.Size","width":13.35,"height":26},"_trs":{"__type__":"TypedArray","ctor":"Float64Array","array":[116.15100000000001,5,0,0,0,0,1,1,1,1]}},{"__type__":"cc.Node","_name":"add_btn","_parent":{"__id__":9},"_components":[{"__type__":"cc.Sprite","node":{"__id__":13},"_materials":[{"__uuid__":"ecpdLyjvZBwrvm+cedCcQy"}],"_spriteFrame":{"__uuid__":"5b3pDvhXFNnI9d2qt3fDrC"}},{"__type__":"cc.Button","node":{"__id__":13},"zoomScale":1.1,"clickEvents":[{"__type__":"cc.ClickEvent","target":{"__id__":9},"_componentId":"73afbMARxVEF5mMztArz9BT","handler":"onBtnAddClick"}],"_N$transition":3,"transition":3,"_N$normalColor":{"__type__":"cc.Color","r":214,"g":214,"b":214}}],"_prefab":{"__type__":"cc.PrefabInfo","root":{"__id__":1},"asset":{"__uuid__":"1b5n6PJYNCKYVt604lwFVW"},"fileId":"94vk1CkV1ChKB3IyP1eZnv"},"_contentSize":{"__type__":"cc.Size","width":46,"height":49},"_trs":{"__type__":"TypedArray","ctor":"Float64Array","array":[195,1.6099999999999994,0,0,0,0,1,1,1,0]}},{"__type__":"cc.Node","_name":"bcoins_pnl","_parent":{"__id__":1},"_children":[{"__id__":15},{"__id__":16},{"__id__":17}],"_components":[{"__type__":"3b7a9Fziy5HFo4nfnQNFHRb","node":{"__id__":14},"id":1,"lblNode":{"__id__":17},"increaseAnim":true,"decreaseAnim":true}],"_prefab":{"__type__":"cc.PrefabInfo","root":{"__id__":1},"asset":{"__uuid__":"1b5n6PJYNCKYVt604lwFVW"},"fileId":"2eBn2ob3xDGpjA7ITP1Tag"},"_contentSize":{"__type__":"cc.Size","width":230,"height":60},"_anchorPoint":{"__type__":"cc.Vec2","y":0.5},"_trs":{"__type__":"TypedArray","ctor":"Float64Array","array":[466,-68,0,0,0,0,1,1,1,1]}},{"__type__":"cc.Node","_name":"bg","_parent":{"__id__":14},"_components":[{"__type__":"cc.Sprite","node":{"__id__":15},"_materials":[{"__uuid__":"ecpdLyjvZBwrvm+cedCcQy"}],"_spriteFrame":{"__uuid__":"c5OLocz01BnJAON9DNUIsq"},"_sizeMode":2}],"_prefab":{"__type__":"cc.PrefabInfo","root":{"__id__":1},"asset":{"__uuid__":"1b5n6PJYNCKYVt604lwFVW"},"fileId":"95VEfztzBIbIaP6fKLnPd1"},"_contentSize":{"__type__":"cc.Size","width":174,"height":41},"_trs":{"__type__":"TypedArray","ctor":"Float64Array","array":[117,3,0,0,0,0,1,1,1,1]}},{"__type__":"cc.Node","_name":"icon","_parent":{"__id__":14},"_components":[{"__type__":"cc.Sprite","node":{"__id__":16},"_materials":[{"__uuid__":"ecpdLyjvZBwrvm+cedCcQy"}],"_spriteFrame":{"__uuid__":"63+7TLDp5Hp46+WHsTKuHv"},"_sizeMode":2,"_isTrimmedMode":false}],"_prefab":{"__type__":"cc.PrefabInfo","root":{"__id__":1},"asset":{"__uuid__":"1b5n6PJYNCKYVt604lwFVW"},"fileId":"f9GylQsDFDMpRlGaJK8LUA"},"_contentSize":{"__type__":"cc.Size","width":51,"height":58},"_trs":{"__type__":"TypedArray","ctor":"Float64Array","array":[33.296,2.1,0,0,0,0,1,1,1,1]}},{"__type__":"cc.Node","_name":"label","_parent":{"__id__":14},"_components":[{"__type__":"cc.Label","node":{"__id__":17},"_materials":[{"__uuid__":"ecpdLyjvZBwrvm+cedCcQy"}],"_useOriginalSize":false,"_string":"0","_N$string":"0","_fontSize":24,"_lineHeight":26,"_styleFlags":1,"_N$horizontalAlign":1,"_N$verticalAlign":1,"_N$cacheMode":2}],"_prefab":{"__type__":"cc.PrefabInfo","root":{"__id__":1},"asset":{"__uuid__":"1b5n6PJYNCKYVt604lwFVW"},"fileId":"f8UxgioKdEXK0iHhyJma3S"},"_contentSize":{"__type__":"cc.Size","width":13.35,"height":26},"_trs":{"__type__":"TypedArray","ctor":"Float64Array","array":[124.15100000000001,5,0,0,0,0,1,1,1,1]}}]