{"paths":{"0":["pack/界面1/table/球桌",3],"1":["dynamic/game_db/effect_zi_tex",3],"2":["dynamic/texture_ball/pl_ball_pool_03",2,1],"3":["pack/界面1/录屏/录屏中",2,1],"4":["pack/cue_res/Qiugan_14",6],"5":["pack/界面1/字体/force_num_0",2,1],"6":["dynamic/prefab_effect/ballclick",4],"7":["pack/界面1/战斗界面2/关卡矩形",2,1],"8":["dynamic/texture_ball/pl_ball_pool_013",2,1],"9":["pack/界面1/战斗界面2/球框",2,1],"10":["pack/界面1/ani/Ring_2",2,1],"11":["pack/界面2/结算道具/进度3",2,1],"12":["pack/界面1/game/sight_light_aim",2,1],"13":["pack/界面1/game/pl_ext_high_light",2,1],"14":["pack/界面2/结算界面3/皇冠",2,1],"15":["pack/界面1/game/pl_ext_shadow",2,1],"17":["pack/界面1/game/pl_move_tips_forbid",2,1],"18":["pack/界面2/结算录屏/双倍奖励",2,1],"19":["pack/animation/Nuodong_2",6],"22":["pack/界面2/结算界面3失败/失败金币",2,1],"23":["pack/界面1/战斗界面2/球位",2,1],"27":["pack/界面1/二期道具/道具1",2,1],"28":["pack/界面1/战斗界面2/定位小2",2,1],"29":["pack/界面1/战斗界面2/暂停",2,1],"30":["pack/界面1/game/pl_tutorial_force_arrow",2,1],"31":["pack/界面2/结算界面3/胜利打勾2",2,1],"32":["dynamic/texture_cue/cue_7",2,1],"33":["pack/界面2/任务界面/金币堆图标",2,1],"34":["pack/界面1/game/禁止",2,1],"35":["pack/cue_res/Glow_3",2,1],"36":["pack/界面2/结算界面3/提示点 - 001",2,1],"37":["pack/界面2/结算道具/气泡",2,1],"38":["dynamic/game_db/effect_zi_ske",0],"39":["pack/界面1/战斗界面2/勾",2,1],"40":["dynamic/layer/taskLayer",4],"41":["pack/界面1/game/sight_light_reflect",2,1],"42":["dynamic/prefab_effect/hand_anim",4],"43":["pack/界面1/编辑器/tips_back_r",2,1],"44":["pack/界面2/帮助/八球规则",2,1],"45":["pack/界面1/战斗界面2/背景",2,1],"46":["pack/cue_res/Smoke_4",5],"47":["dynamic/texture_ball/pl_ball_pool_014",2,1],"48":["prefab_static/tuning_bar",4],"49":["pack/界面1/战斗界面2/第关",2,1],"50":["pack/界面2/结算界面3/双倍领取",2,1],"51":["dynamic/texture_ball/pl_ball_pool_09",2,1],"52":["pack/界面1/二期道具/道具2",2,1],"53":["pack/界面1/table/球桌",2,1],"54":["pack/界面1/game/pl_ext_target",2,1],"55":["pack/界面2/结算界面3/光",2,1],"56":["dynamic/texture_cue/AutoAtlas",5],"57":["pack/界面2/结算界面3失败/失败打勾",2,1],"58":["dynamic/prefab_cue/Qiugan_7",4],"59":["pack/界面2/结算界面3/胜利",2,1],"60":["prefab_static/force_bar",4],"61":["pack/界面1/战斗界面2/定位",2,1],"62":["pack/界面2/结算界面3/分享",2,1],"63":["dynamic/prefab_item/ballRender",4],"64":["pack/界面1/战斗界面2/手掌",2,1],"65":["dynamic/prefab_item/ballHighlight",4],"66":["pack/界面2/球杆试用/免费试用",2,1],"67":["dynamic/texture_ball/AutoAtlas",5],"68":["pack/cue_res/AutoAtlas",5],"69":["pack/界面2/结算界面3/下一关",2,1],"70":["pack/界面2/球杆试用/视频免费试用",2,1],"71":["pack/界面2/结算道具/进度1",2,1],"72":["dynamic/prefab_item/handItem",4],"73":["pack/界面1/字体/force_num",7],"74":["pack/界面2/结算界面3/下一关1",2,1],"75":["dynamic/game_db/effect_zi_tex",1],"76":["prefab_static/item_node",4],"77":["pack/界面2/帮助/内容",2,1],"78":["pack/界面2/结算引导排位/气泡2",2,1],"79":["pack/界面2/结算界面3失败/失败",2,1],"80":["pack/界面1/game/颜色",2,1],"81":["dynamic/game_db/effect_zi_tex",2,1],"82":["prefab_static/sight_line",4],"83":["pack/界面1/二期道具/游戏_道具1_使用",2,1],"84":["dynamic/texture_ball/pl_ball_pool_05",2,1],"85":["prefab_static/level_node",4],"86":["pack/界面2/结算界面3/胜利底板",2,1],"87":["pack/界面2/球杆试用/我知道了",2,1],"88":["pack/cue_res/Glow_2",2,1],"89":["dynamic/layer/helpLayer",4],"90":["dynamic/texture_ball/pl_ball_pool_015",2,1],"91":["dynamic/texture_ball/pl_ball_pool_06",2,1],"92":["pack/animation/Nuodong_1",6],"93":["pack/界面2/AutoAtlas",5],"94":["dynamic/texture_ball/pl_ball_pool_07",2,1],"95":["pack/界面2/结算界面3失败/失败打勾2",2,1],"96":["prefab_static/shoot_point_btn",4],"97":["pack/界面2/任务界面/奖励",2,1],"98":["pack/界面1/game/边缘",2,1],"99":["pack/界面2/结算道具/进度2",2,1],"100":["dynamic/layer/cueTrialLayer",4],"101":["pack/界面1/game/pool2_ball_thumb_highlight",2,1],"102":["dynamic/texture_ball/pl_ball_solids",2,1],"103":["dynamic/scene/game2Scene",4],"104":["pack/界面2/结算界面3/返回",2,1],"105":["pack/界面1/战斗界面2/定位1",2,1],"106":["dynamic/texture_ball/pl_ball_stripes",2,1],"107":["prefab_static/Nuodong_zong",4],"108":["pack/界面2/结算界面3失败/失败底板",2,1],"109":["dynamic/prefab_cue/Qiugan_14",4],"110":["pack/界面1/战斗界面2/力度",2,1],"111":["pack/界面2/球杆试用/球杆试用",2,1],"112":["pack/界面1/战斗界面2/帮助",2,1],"113":["dynamic/prefab_item/table1",4],"114":["dynamic/texture_cue/cue_14",2,1],"115":["dynamic/layer/afterGameLayer",4],"116":["prefab_static/ball_cue",4],"117":["dynamic/texture_ball/pl_ball_pool_011",2,1],"118":["pack/界面1/game/shou@2x",2,1],"119":["pack/界面2/结算界面3/再来一次",2,1],"120":["pack/界面1/game/sight_light_circle",2,1],"121":["pack/界面2/结算界面3/胜利金币",2,1],"122":["pack/界面2/球杆试用/组133866402",2,1],"123":["dynamic/texture_ball/pl_ball_pool_04",2,1],"124":["dynamic/prefab_item/ballTargetHint",4],"125":["prefab_static/objects_panel",4],"126":["dynamic/prefab_item/ballShadow",4],"127":["pack/界面2/任务界面/额外任务",2,1],"128":["dynamic/texture_ball/pl_ball_pool_010",2,1],"129":["pack/界面2/结算界面3/胜利打勾1",2,1],"130":["pack/界面2/结算录屏/分享录屏",2,1],"131":["dynamic/texture_ball/pl_ball_pool_012",2,1],"133":["pack/界面1/战斗界面2/刻度2",2,1],"134":["pack/界面2/结算界面3失败/再来一次",2,1],"135":["pack/界面1/AutoAtlas",5],"136":["dynamic/texture_ball/pl_ball_pool_01",2,1],"137":["dynamic/layer/shootPointLayer",4],"138":["pack/界面2/球杆试用/排位赛赢永久",2,1],"139":["pack/界面1/战斗界面2/刻度1",2,1],"141":["pack/界面1/广告/返回",2,1],"142":["dynamic/prefab_effect/taskTips",4],"143":["dynamic/prefab_item/ballThumb",4],"144":["dynamic/texture_cue/cue_shadow",2,1],"145":["dynamic/prefab_item/tick",4],"146":["dynamic/texture_ball/pl_ball_pool_08",2,1],"147":["pack/界面1/战斗界面2/拖到力量条光圈@2x",2,1],"148":["pack/界面1/战斗界面2/目标球",2,1],"149":["dynamic/prefab_item/ball",4],"150":["pack/界面1/战斗界面2/额外任务图标",2,1],"151":["pack/界面1/二期道具/视频加号",2,1],"152":["pack/界面1/二期道具/游戏_道具2_使用",2,1],"153":["pack/界面1/编辑器/tip",2,1],"154":["pack/界面1/game/球洞",2,1],"155":["pack/界面1/战斗界面2/拉力度",2,1],"156":["pack/界面1/ani/Glow_4",2,1],"157":["pack/界面1/录屏/录屏",2,1],"158":["pack/界面2/结算道具/宝箱",2,1],"159":["pack/界面1/game/high_light2",2,1],"160":["dynamic/texture_ball/pl_ball_pool_00",2,1],"161":["pack/界面1/战斗界面2/定位小1",2,1],"162":["dynamic/prefab_item/ballThumb2",4],"163":["dynamic/texture_ball/pl_ball_pool_02",2,1],"164":["pack/界面2/结算界面3/视频",2,1]},"types":["dragonBones.DragonBonesAsset","dragonBones.DragonBonesAtlasAsset","cc.SpriteFrame","cc.Texture2D","cc.Prefab","cc.SpriteAtlas","cc.AnimationClip","cc.BitmapFont"],"uuids":["5bUKOUTwZLXL+7y31HLYEa","abuogt049GF6jP2BQ78UrW","01UU0kkY1CvKCz8EFNPN0i","01fov7ntNNKJIqZcXF6Ug7","07OjDk2eFFNZoKJ2ovNt85","07WHfjTPhN9YjwAX0PKWrK","0752uMDRJBAZHen8cWDIIv","0aAQM8AP5HxLlc6bSFw5WD","0a5OmCpipJ56uNS8OnpKOt","0bKMAGk1hFHICQc6mZihdj","0d0QSDbb5LxY73EYvTummD","0e5/YGoqpOloRfXuzfJYB/","0fsaUtyYdEgoc7qRBbUPJN","10I9bvI9ZJEJtRD98tDKcB","10pT/u3IRHErB92IvCzbdY","11DzbXfx1CDJ2e3YX4N5oL","13ba4cd6d","14nhEjkjpAy71YKpToJNu+","14t0z0eXxPgqSNQwA6rM55","15OcHCkhBD96Z+DP1lCj+M","162e2afc5","18a693853","1az/KQIMlAn4dtSJXXYhfo","1csYvdWZBDybU8u+Axg5Xt","1e97745c7","1f97a1a25","1fecc0cbf","21A+shm3lOAqRpvSx2K6oc","23Ay9NFfVBYqD0/n1HFpWm","27U2xTfDdJ7qFe1H9/ocXr","27/6Eo/xhL56zUo0q64prE","28kvhm69BJFZDV+CFu8+Wu","29jyIw1K5DQZMoavz4rKeH","2aBxgWXbVMJpWROHnLSjbD","2c+slBuQxBbKbymUOP69ib","2dPll/WsdEWq30xxKUXMFy","32gF+A03RFPLZUsyd9nurD","33/CCC1DBAmrIenyTo036E","34yy0sOJ5DlZHRIoXFEaWG","353fbr65dIfK9ckRSK8NDG","39s/1ZpcBCEqMWw6jRuzBz","3aVabfOAND+6iO072hznje","3am27cjXJO7p+O/0upd2QG","3fyfoJEmxNDppDQwbRZlm6","406M/pVntMKrzONKc8mFA5","41B/8Te4RDVrspD5W3bbWo","41bJKPZ11I4rjUBaS2BS2r","44I4Qjow1LgpWDtC00nlxY","44tCZoJutBaIC7X7Mdbvwf","46Yiwgkv9Czp8PxjKQtBs5","46f8thqWxKiL1PywhnMdab","46tvHmmRlFHr7jnW1w00NX","47D56k3JhAHbyic2/0Xl9Z","48oTOSkhtCBrHKKFPgoTKG","49+rm1Yr9Atpl9eJUcrZ3B","4b1fBHZ/pK8o4zapbMvWYl","4cs6MffbBLwapqxhaLY9x5","4deyZ+tY5KF78YHrJXIfBz","4ealWB3N1GnZIPrur9Ffls","4fvFC85O5DyoYeo5AODfKS","50e/uCTI1Hv5sv3e3zmir4","52XvJXAQRAV6w8VEt7yWVD","536X70hzhHqrF7CSUsSsqS","54Xf8FF4hGiKy80rTfgLgE","55S41BRldL2YZe+efnRvza","5524/C4/dCzZcJYo2hEuhs","56JGHZYRRGyZIPA5Q1K9VA","57xBe9UhxLRLwlHJXMi9b6","59JVB7jzdBtIwJimipB725","59NT/grjdOK5AFtIkfQIdt","5aKkJmqOhGSr+jhqas8o8Z","5a/1AIZhVDnKtEf0otBbml","5cF0LraYlM4Ie0oH1xG2TS","5d74f7zCFDGIcIGB+4vLJX","5f9MTvZARHyaTYQ8c+gMji","61PCoxZnVLyL83fKaT5H8G","64grthic1Pw6sLxbbDDzyo","64vPWC7qhFyrsDSgHLskD6","66dbmvW31Av58QhvLLoRRI","68CYY0zB5JUL1FOxFwPuzc","687PG952tNToEn+x/b5ODA","6cqbDutRtKTYHtmIWS4vAU","6fSdMryJNCYo3XFr84f2b3","72vgGY0AxP/rQXWBi/EkXf","739QrQC+BMSLy/uVya5cNi","773BMFuChAs6txeXUCwPEL","792Do4H/NElZBDJxUCRB6B","797i1dPY1FvZU3HDy39kcq","7bvnYrahdIPbhlRXFOVlJw","7cz/uQoUVNtp8JvUa+IVcP","7e1h2Qb1JM3Ye8BLv5vIaz","7fX3enm3VJ6Je9bmcAVAs3","7f6QaFrX5OU7Jaf6qugG9l","81LyimrQ1NiIdSjMtFwlre","81qzsN609BOYP+NAeBbwES","83vN9QcGBEGZRSb7Hi/YZl","83+Ht93cxOfrLnS901I33D","84HIYAamRDRLB/GYNE3XLE","84ioTQPeJAWIvvm56OU6Fo","85eBMRxWJLALz0tBz8CUST","88dQEDQmJBS7RFP/xJNDtk","88zSW5bhxItbQCv+gdXVGm","89XHCzvVBPo6BwTFFo0l0W","89z0nuOztJvY+ULQmxw/Uo","892B7yUQpHPLSJb8hXSAQB","8aJqglvBNPpIKrMPD/GH7B","8dIN5/4vdOX7JiwBkHxLIV","8fT8vnkSFDG4+xKvaqhjjc","92BMgQo35HUqBb+9SoBS9F","93QBX+EdJOH6OOFmCisHXZ","952JYleFxDho768WvIzxDE","96adQyyBFK3Kaa1gEpmcHn","97f0wGYplAYJBtv6eA6S2G","972+neNbdGUZuqos5tHuY6","98dj6HAflOn47iWZ+34Out","9aYP8eVExLZbf/ny7YDL4R","9aqCoGkxpKMqo1ZNWk/j44","9bpkykUzxA37zTLTtZsHuX","9dZWWeRgxLVpQlmOBZR80h","9ddr91Uw1FkLAqJ6cDnzDf","9eBUmHIJBLxq1u1BzsH7wA","9fkB0mFAlGQYkMlsrnndWx","a0ZIUqmgZCM4LB/PlG60od","a2MTOw8KJM8p+yopUZ4WLv","a4Lg3bF3RBfL1l/8KqtVNv","a4k3QlPX9GyoadJTSSTiW9","a4x8VeUSlIkKSGQO7R82yl","a5jKpfW4pDubu1ykR0vKYG","a54L1yU3tMMa6hRqg7AFPf","a8kkz6UChBao7YmkmBuOKH","aaVsIXYwFE46VhB2ey2A2G","afIzF1GFZGepY79N32m/YL","b2aHrECZ5APKGS/0d2hvT1","b4AaPT2ElBAZ+xpyg4EL+W","b7RzWTJiBO57EszbgNnpD4","bfIbfdvOJEj6F0rEGsa4Sm","c3zli2rJNH4oU9ZwfGYdci","ca3dNa3ZFCkKwtHgiVjB4I","cboer9f6JPLr1+4mE+Nbcg","cfs9tubtdN+KW83lkkMp82","d0qC05vt5GxLaYyB/w3t//","d09qjVpOpOXZjj+7YxxLYh","d4HgarXi9FQqvOBKGl+YIA","d5CbtMoRVGm4NLov6i4Vi2","d78BzLW29ApZ52BIMNjzl4","d8e9EV19hN5ZsXai8vyqyk","d93+WIjUVP56CsrRwKiPW8","dda4/qrsFKmoPGp5Px9FaG","e1BJskN+RFCJbNnGCGkn8S","e1KqH0aL9IgJzbQn50N2yO","e3vrrdIilMEKpYlC/c20+H","e3xtgjNsRIYZcl/BCMMwgW","e74Q8sBClBfoI9GXOWBzoj","ebRWMCIR1J17Su+UjlkJ5R","ebfS+Qb4FL06eanZWQHdYy","ecCOC4sDpLg7MDq6Lr6wO9","eeRAI8qSNLZ46ZnBx8p8lr","f0rJjURSNDaInZx+0RvELv","f2NVGf5OJP0Ymx9roLlSyo","f4wwqKKd9N/6XStHH49p6I","f6catp8x1JvIio7HkArhgE","f7o/m1GFRIg5YCx5PC0wt8","fd9ORBVCBMw7XYq6fTreIq","ffNXvsQiFA27chp5Kho/Kt","ffT9Y8H7NBRICqTnkuYnFg","06kES73EJODotT/g9d6SsN","07qTJ2lxdMYr/8iCfzjAx8","08zkhXdM1JJLwYjwPXNykq","0aZecIa8NAyJiY+ANvVSpK","11IhNS1TlNypn3RldXYRNZ","16Lv94NJRJo5nQIqXenOl3","1b5n6PJYNCKYVt604lwFVW","1eFE1qAK9Era+EmAZMCMWH","1fS5itWhdAELMmnU7C1X7w","2ardmPIGdM9bBgbzXc0Qyh","342Jc4H2xFVq++0Fsm7yJY","3dla/+vMxKKq7pC7WaesxV","40YHUFArZH2IIn92YPA4Mv","41IaL0/GJF0bGj7GCG1BUK","47LfXTNedBhJ5sf0G+5l7j","48EtfUIydDarRx7ls0qC8o","5c7o+R5IFGnYRK0B+jPgzJ","62G1+1cGxAYZeSUq1jAXo/","6dQgHQ1jtH/KsiRzXUAwhm","6dSnLcENBPTZw13i2Wrhy8","6fgBCSDDdPMInvyNlggls2","70urmH/YFMspgVVZ6K9IE3","70zqCPJetDtq3B17xB/mRy","71mhzfzupJ+JtF8YKsXyDv","76OuQITi1Kd7rOtMKCrX0h","77SfZevCJOb7KbGaYdXYSg","7dqeu6XolNa5g2RvUOoHsY","7eUA/ecqtKJbHxsn0n8WHp","80k8hq67xPYKwDBZU4mRZY","81BBxkITRJ94R0cqJFB9G3","81icRAYP5AyJ8ORZyI5jJ6","81pgx284hKz4Tlrqr1L8Zo","81xtdIbBtK05bRheO49weW","82RVF6C9hJm5WlpQ6kyc5y","86Z0Oj0MRI4oCXl3tZhgKS","88xa0CygVCwohDQQfvmo6K","96+rTex2lP6YsaOB79+Hz7","9a38pdZvRNXZLxZc9ScCXV","a9CMJ6oK9Bb4D1pi2iv+DD","a9R2AW7eJGzoql/lnwjPLu","abJSOfa75CGpHlvzwdf4f2","b2JODQBwdEu6xw9GscnaRD","b23RV5W6RIDZEeXOKOHFAX","b6jzUVJMJL4qcFSduqn8qe","b67gf3BfZD7aFYHOqF+oe9","baPJYa3SZCv73ELM9u5YAU","bdgBbnSApNPbDUS9q5hgOJ","c6zIZdnNNH6aLNiML493Ip","ccEmDhwSpBer86OE0NQrnp","d5FFkSqaxLZLNIExBhHWmj","d5SG/Nn2ZJdbM6hLf8mj/7","d5tFCHgDdDkpxyk6MTPFDJ","e1M9+ZZxJBgZvvyheRBLJ4","e2qKO1X95Gk6tYQAVxQ0sN","e4CPVgGM1PHr5UkSKULpMr","ecpdLyjvZBwrvm+cedCcQy","f0RVa1D81AmLFNCt1AUYpu","f0vfpiPYNKGIMnQtR2i2oD","f2tXyp0axEFY7X1zUw6gUB","f8az7Pp3FLwZ4m5/Zn9IpJ","fdZ+FLNoFGtYmgI6Rsppg4","ff2UCRJllHc7vDrfxO2L0d"],"scenes":{},"redirect":[165,0,166,0,167,0,168,1,169,0,170,0,171,0,172,0,173,0,174,0,35,0,175,0,176,1,177,0,180,0,181,0,182,0,184,0,185,2,186,0,187,0,188,0,189,0,88,0,191,0,192,0,193,0,194,0,195,0,196,1,197,0,198,0,199,0,200,0,201,0,202,0,203,0,204,0,205,0,206,1,207,0,208,0,209,0,210,0,211,0,212,0,213,0,214,0,215,0,216,0,217,0,218,0,219,0,220,2,221,0,222,0,223,1,224,0,225,1,226,0],"deps":["common","main","internal"],"packs":{"013da1756":[3,29,34,38,45,103,116,141,150,157],"01bf36c8b":[44,77,89],"01eb5cad6":[60,110,147,155],"02134e305":[66,70,87,100,111,122,138],"0229c514e":[13,65],"022f9097b":[28,96,161],"030031bd3":[4,46,179,109,114,132],"03269f1c6":[27,52,76,83,151,152],"03838d946":[15,126],"04ad926d5":[9,23,125,148],"056a3b444":[6,183],"05a530c7f":[33,40,97,127],"063f31547":[61,105,137],"069b6d4dc":[16,20,21,24,25,26,0,1,140],"07104fc4c":[101,143],"0720b8ab0":[30,42,118],"07e0cfc13":[5,73],"084855f55":[12,41,80,82,98,120],"093b6981e":[39,145],"0a004f94f":[10,17,19,92,107,156],"0a3ae2843":[11,14,18,22,31,36,37,50,55,57,59,62,69,71,78,79,86,95,99,104,108,115,119,121,129,130,134,158,164],"0b925af5d":[32,58],"0be61dcda":[113,154],"0c14cce60":[178,63,190],"0dad83b4a":[48,133,139],"0f3db32d7":[7,49,85]},"name":"game_newbie","importBase":"import","nativeBase":"native","debug":false,"isZip":false,"encrypted":false,"versions":{"import":["013da1756","7465f",2,"830b8","01bf36c8b","c01e4","01eb5cad6","353af","02134e305","b8a07","0229c514e","3d3f3","022f9097b","53340","030031bd3","9c2ef","03269f1c6","29393","03838d946","7365f","04ad926d5","608b9","056a3b444","1daa6","05a530c7f","3ed5e","063f31547","ae4b9","069b6d4dc","7befe","07104fc4c","4bd4a","0720b8ab0","c79c3","07e0cfc13","e2406","084855f55","3cb89","093b6981e","c6788","0a004f94f","79adb","0a3ae2843","119fa",8,"bd2a4","0b925af5d","c3859","0be61dcda","15d8b","0c14cce60","4c91d","0dad83b4a","4c1aa","0f3db32d7","c2b69",43,"c95c0",47,"c2973",51,"a00a3",53,"de599",54,"8b0c8",56,"c0613",64,"f504a",67,"7162e",68,"cc059",72,"2017c",74,"beb45",75,"92d8e",81,"3f879",84,"1afb7",90,"0e6d2",91,"b653a",93,"0a235",94,"c1738",102,"c405d",106,"b818d",112,"f6c6b",117,"ee21c",123,"3276d",124,"f6982",128,"8e94e",131,"a9615",135,"eba68",136,"4220e",142,"b66a6",144,"7fa58",146,"4597a",149,"e751a",153,"87d29",159,"5f168",160,"4055f",162,"5b81e",163,"d9a02"],"native":[16,"c3f0d",20,"67c78",21,"48cb2",24,"9f4b9",25,"09129",26,"990f5",0,"c9d72",1,"496dc",132,"2bf0b",140,"841f5"]}}