{"paths":{"0":["effe/error",4],"1":["effe/YourTurn",4],"2":["effe/bgm",4],"3":["effe/countDown",4],"4":["effe/UpgradeBuilding",4],"5":["effe/right",4],"6":["effe/open_gift",4],"7":["effe/coins",4],"8":["effe/victory1",4],"9":["effe/Hit",4],"10":["effe/fail",4],"11":["effe/btn",4],"12":["effe/Particle",4],"13":["effe/Collide",4],"14":["effe/Pocket2",4],"15":["effe/Pocket3",4],"16":["effe/HeartBreak",4],"17":["effe/UpgradeRole",4],"18":["effe/Pocket1",4],"19":["effe/Pocket0",4],"20":["effe/Tuning",4],"21":["effe/gem",4],"22":["Prefab/effect/guideTips",0],"23":["Texture/获得道具/奖励3",2,1],"24":["Prefab/item/energyAnim",0],"25":["Texture/表情/表情3",2,1],"26":["Texture/道具/任务_图标_03",2,1],"27":["Prefab/item/fakeBanner",0],"28":["config/eight-level-data",3],"29":["Texture/表情大/6",2,1],"30":["Texture/获得道具/奖励门票",2,1],"31":["Texture/道具/任务_图标_01",2,1],"32":["Prefab/item/itemAnim",0],"33":["Texture/道具/日活跃图标",2,1],"34":["Prefab/item/bcoinsAnim",0],"35":["Texture/表情大/5",2,1],"36":["Texture/获得道具/奖励逐日神箭",2,1],"37":["Texture/表情大/3",2,1],"38":["Prefab/item/dailyActiveAnim",0],"39":["Texture/道具/周活跃图标",2,1],"40":["Texture/表情/表情4",2,1],"41":["Texture/球杆级别/球杆级别_01",2,1],"42":["Texture/道具/任务_图标_02",2,1],"43":["Texture/表情大/1",2,1],"44":["Texture/获得道具/奖励6",2,1],"45":["Texture/道具/任务_图标_04",2,1],"46":["Texture/表情/表情1",2,1],"47":["Texture/表情/表情6",2,1],"48":["Texture/获得道具/奖励jk波特",2,1],"49":["Texture/获得道具/奖励日活跃",2,1],"50":["Prefab/item/weeklyActiveAnim",0],"51":["Prefab/item/textTips",0],"52":["Texture/球杆级别/球杆级别_04",2,1],"53":["Texture/获得道具/奖励2",2,1],"54":["Texture/表情/表情5",2,1],"55":["Texture/表情大/2",2,1],"56":["Texture/获得道具/奖励1",2,1],"57":["Texture/获得道具/奖励周活跃",2,1],"58":["Texture/获得道具/奖励落日弓",2,1],"59":["Prefab/effect/lbl_tips",0],"60":["Texture/球杆级别/球杆级别_05",2,1],"61":["Prefab/item/coinsAnim",0],"62":["Texture/AutoAtlas",1],"63":["Texture/获得道具/奖励5",2,1],"64":["Texture/球杆级别/球杆级别_03",2,1],"65":["Texture/表情大/4",2,1],"66":["Texture/表情/表情2",2,1],"67":["Texture/获得道具/奖励7",2,1],"68":["Texture/球杆级别/球杆级别_02",2,1],"69":["Texture/获得道具/奖励4",2,1]},"types":["cc.Prefab","cc.SpriteAtlas","cc.SpriteFrame","cc.JsonAsset","cc.AudioClip"],"uuids":["1anYNrHRhESaiboMFKrkYM","25Qi83O4pBGrrqoOBKHxNU","32t+J0FH1JfLVIiNzyKWvp","34mo0ObplAKbG/fq3jZVXE","3am1rZaSdHwL5mr5wJTscg","48M4rWk6lG7IroEwURaukW","4eBYZsX3JOjISde90dn+D8","5eanBQSRZJOYy2gZjVAy3i","60nCTuhLZHZpUr+EKjSQvc","63bvWxmL1FQLaGnAh1krka","735s4TzbpKeLOHqGHcSEbg","8175OB2mhAyJMJSGa4Uo3I","95UIvwxH9Lsri3qpdZ+3Q/","b54zZQtLNLLY6MQnjEQMp8","bbRejyacZNh50v6QY21omw","ceimFtDCNCooqL/uc9qpSR","d1W562kgJNob0dwRZrpt56","dcz0tBmhxMdr+kRcWeRMoF","e8CctE+olIcqTHps586TJi","edacEQj39NoakXd8TG0BWC","f36Z78xnVGQ6JpaZhJdMlj","fbq8wZ9U5N64p/up9TUyvQ","01wRaO9WpKlb2EHXSARmlh","07ZwGL6R5FFoha4VJ+Tffy","08vuKQdyhLN4BCVyU6mo0Y","109XSJLghKaJl9+fYRn8qh","12gXWtBs9IqZLooCub9z0u","19QUkLW3hNd44afDjmffk5","1cn3Yz8HNAsq5X198gUB2f","1fFWfzTLJDIZm0LgF4OwLk","21Nk5Rn6NJA7b2uMyinbNk","24GKpy9BtJ+KQGFSjMI535","24UzKzGkpGZrfNQf7Bx00E","2bMlicm9pDmL6Mrh4T1rHv","2cIaJr9XNATbJ9SDXPzjz+","2dX592f3xF97smaH1DUrcJ","35zQoqh7RHkrzB4HPDPtQh","3aQ778PixDMaoj8XtJxc19","3f266gbxlPd7vz92No11/q","40TWJp9eVBX7CoCLktQiWM","4bsCRzmRZPso/5JB3SPDin","54cvNogjVFVKVLBIxyhaob","57rvDJKvlIUYC0XQqiCm+L","585FHnBJ5Nx5RDUwBhKWuM","5aIcQ1uE5Op5R6f5FEDmBX","75ynQOxi5GuqEEcj7yVIcC","7eopofAC5Jja0HU6X8Lpk6","86zMKfHeFCAJHyS8WXzhF9","87umS22z1P/av+jLNHZ5xG","8fukhkXfNH76jz7uVOfKPH","9dK8alGJhBX4hltWznEhl5","9dqMOuiQdNVIscKiiNvDSU","a30R0i3+pOcLZRYX+t3TKQ","acmbeXZkZCFq4ULzAnwmV8","b2dmNmxT1Pu7Fy93J/+YtF","bbDoDMMzpABrwzNR6W7fbf","c3S23L9yxB7qvcm4mpyg+H","d0c3RVDNFEdK200i1OoIjr","d2eDLvVhZCJLEFzqfb5J+E","d4hcvvk99OBab9ZGvivPFk","d8EtKCv2JI3KxWZgeTHTtQ","d9Sad7+VVGdoWv7JUfLr/c","f1t5g76f9DvrzMIwTT1i0n","f20v8IEgVA2I6cvOOrFLw+","f3J6COEnZFFLUmHqHZ70gp","f5P24ZQIRM5rwVKrFGLjss","f7MKdI4X9PzopUApcXKscC","faMwLb6AJI5IYY/TrJUuCD","fbd8jZIf5MyZXjUfj46sKK","fdheeWQT1CSrT+iOJGYRyr","0aZecIa8NAyJiY+ANvVSpK","35B2tvfOlCjYK9NAi+8umM","63+7TLDp5Hp46+WHsTKuHv","79ln/Vcd1Dl5Qa9a2S4ztu","b2JODQBwdEu6xw9GscnaRD","d2hlaDnOJKB53ARqIQuU2c","ecpdLyjvZBwrvm+cedCcQy"],"scenes":{},"redirect":[23,0,70,1,25,0,26,0,29,0,30,0,31,0,33,0,35,0,36,0,37,0,39,0,40,0,41,0,42,0,43,0,44,0,72,2,45,0,73,2,46,0,47,0,48,0,49,0,52,0,53,0,74,1,54,0,55,0,56,0,57,0,58,0,75,2,60,0,76,3,63,0,64,0,65,0,66,0,67,0,68,0,69,0],"deps":["home","main","common","internal"],"packs":{"0bf863222":[71,59]},"name":"default","importBase":"import","nativeBase":"native","debug":false,"isZip":false,"encrypted":false,"versions":{"import":[22,"804a8",24,"f494b","0bf863222","e0fd9",27,"9a905",0,"1a824",28,"a0f5a",32,"7493e",1,"e3775",34,"23102",2,"bf5f5",3,"3a14d",4,"7b908",38,"96792",5,"1fe35",6,"6f51a",7,"a99d5",8,"0be8e",9,"97f22",10,"7c51a",11,"d5fed",12,"bb0f5",50,"82d6b",51,"8d364",13,"f976c",14,"30ff6",15,"87de5",16,"e4b1d",61,"a2fe0",17,"eb3bc",18,"e3416",19,"ff774",62,"cc059",20,"f4384",21,"a4c50"],"native":[0,"d9dde",1,"fd53a",2,"ca929",3,"3dd82",4,"86f7d",5,"b86d0",6,"be7f1",7,"8f024",8,"7ddf6",9,"dc93e",10,"b8151",11,"2df1c",12,"73d0f",13,"14c35",14,"90535",15,"6c308",16,"0eaa2",17,"02d9e",18,"b5138",19,"2f503",20,"1ac38",21,"b2aa7"]}}