[[{"__type__":"cc.Prefab","_name":"pvpResultLayer","data":{"__id__":1}},{"__type__":"cc.Node","_name":"pvpResultLayer","_children":[{"__id__":2},{"__id__":3}],"_components":[{"__type__":"cc.Widget","node":{"__id__":1},"_alignFlags":45},{"__type__":"cc.BlockInputEvents","node":{"__id__":1}},{"__type__":"444c5vpmC5Jg6TByFSAt+FV","node":{"__id__":1}}],"_prefab":{"__type__":"cc.PrefabInfo","root":{"__id__":1},"asset":{"__uuid__":"18uu1pvI9HJKugvkKyCEKc"},"fileId":"b2ZI9uCE5Au74Q/STRz0iL"},"_contentSize":{"__type__":"cc.Size","width":750,"height":1334},"_trs":{"__type__":"TypedArray","ctor":"Float64Array","array":[375,667,0,0,0,0,1,1,1,1]}},{"__type__":"cc.Node","_name":"mask","_parent":{"__id__":1},"_components":[{"__type__":"cc.Sprite","node":{"__id__":2},"_materials":[{"__uuid__":"ecpdLyjvZBwrvm+cedCcQy"}],"_spriteFrame":{"__uuid__":"fdZ+FLNoFGtYmgI6Rsppg4"},"_type":1,"_sizeMode":0,"_isTrimmedMode":false},{"__type__":"cc.Button","node":{"__id__":2},"_N$normalColor":{"__type__":"cc.Color","r":214,"g":214,"b":214},"_N$target":{"__id__":2}},{"__type__":"cc.Widget","node":{"__id__":2},"_alignFlags":45,"_left":-1,"_right":-1,"_top":-1,"_bottom":-1,"_originalWidth":16,"_originalHeight":16}],"_prefab":{"__type__":"cc.PrefabInfo","root":{"__id__":1},"asset":{"__uuid__":"18uu1pvI9HJKugvkKyCEKc"},"fileId":"67EbqYNDxBRautS9PwfMF8"},"_opacity":202,"_contentSize":{"__type__":"cc.Size","width":752,"height":1336},"_trs":{"__type__":"TypedArray","ctor":"Float64Array","array":[0,0,0,0,0,0,1,1,1,1]}},{"__type__":"cc.Node","_name":"dialog","_parent":{"__id__":1},"_children":[{"__id__":4},{"__id__":61},{"__id__":63},{"__id__":66},{"__id__":67},{"__id__":70}],"_components":[{"__type__":"96549DGCmlIcZghb3AfRGQI","node":{"__id__":3}}],"_prefab":{"__type__":"cc.PrefabInfo","root":{"__id__":1},"asset":{"__uuid__":"18uu1pvI9HJKugvkKyCEKc"},"fileId":"4e0olrghFBEIcfnNmjyfTT"},"_trs":{"__type__":"TypedArray","ctor":"Float64Array","array":[0,0,0,0,0,0,1,1,1,1]}},{"__type__":"cc.Node","_name":"contents","_parent":{"__id__":3},"_children":[{"__id__":5},{"__id__":7},{"__id__":22},{"__id__":37},{"__id__":38},{"__id__":39},{"__id__":41},{"__id__":43},{"__id__":48}],"_components":[{"__type__":"09bd4f7l0NPfpseMfFdw+uE","node":{"__id__":4},"_enabled":false},{"__type__":"cc.BlockInputEvents","node":{"__id__":4}}],"_prefab":{"__type__":"cc.PrefabInfo","root":{"__id__":1},"asset":{"__uuid__":"18uu1pvI9HJKugvkKyCEKc"},"fileId":"4aiSlis7pBhLGvmKKezuRa"},"_contentSize":{"__type__":"cc.Size","width":750,"height":531},"_trs":{"__type__":"TypedArray","ctor":"Float64Array","array":[0,22.002,0,0,0,0,1,1,1,1]}},{"__type__":"cc.Node","_name":"$home_btn","_parent":{"__id__":4},"_children":[{"__id__":6}],"_components":[{"__type__":"cc.Button","node":{"__id__":5},"_normalMaterial":{"__uuid__":"ecpdLyjvZBwrvm+cedCcQy"},"zoomScale":1.1,"clickEvents":[{"__type__":"cc.ClickEvent","target":{"__id__":1},"_componentId":"444c5vpmC5Jg6TByFSAt+FV","handler":"onBtnHomeClick"}],"_N$transition":3,"transition":3}],"_prefab":{"__type__":"cc.PrefabInfo","root":{"__id__":1},"asset":{"__uuid__":"18uu1pvI9HJKugvkKyCEKc"},"fileId":"0fy9kJB4dBQK2Gu0azDTCs"},"_contentSize":{"__type__":"cc.Size","width":85,"height":85},"_trs":{"__type__":"TypedArray","ctor":"Float64Array","array":[-287.721,387.097,0,0,0,0,1,1,1,0]}},{"__type__":"cc.Node","_name":"text","_parent":{"__id__":5},"_components":[{"__type__":"cc.Sprite","node":{"__id__":6},"_materials":[{"__uuid__":"ecpdLyjvZBwrvm+cedCcQy"}],"_spriteFrame":{"__uuid__":"892B7yUQpHPLSJb8hXSAQB"}}],"_prefab":{"__type__":"cc.PrefabInfo","root":{"__id__":1},"asset":{"__uuid__":"18uu1pvI9HJKugvkKyCEKc"},"fileId":"10It7xiPhIdIrEYN+gm5Dn"},"_contentSize":{"__type__":"cc.Size","width":81,"height":74},"_trs":{"__type__":"TypedArray","ctor":"Float64Array","array":[0,0,0,0,0,0,1,1,1,1]}},{"__type__":"cc.Node","_name":"$win_node","_parent":{"__id__":4},"_children":[{"__id__":8},{"__id__":9},{"__id__":10},{"__id__":11},{"__id__":12},{"__id__":13},{"__id__":16},{"__id__":17}],"_active":false,"_prefab":{"__type__":"cc.PrefabInfo","root":{"__id__":1},"asset":{"__uuid__":"18uu1pvI9HJKugvkKyCEKc"},"fileId":"daBnIfurpMC7An7xVxjDn/"},"_trs":{"__type__":"TypedArray","ctor":"Float64Array","array":[0,-30,0,0,0,0,1,1,1,1]}},{"__type__":"cc.Node","_name":"bg","_parent":{"__id__":7},"_components":[{"__type__":"cc.Sprite","node":{"__id__":8},"_materials":[{"__uuid__":"ecpdLyjvZBwrvm+cedCcQy"}],"_spriteFrame":{"__uuid__":"42bnIDhllPiYjVZ5E8rkoT"}}],"_prefab":{"__type__":"cc.PrefabInfo","root":{"__id__":1},"asset":{"__uuid__":"18uu1pvI9HJKugvkKyCEKc"},"fileId":"f0OegvarFMNoih5R06klLc"},"_contentSize":{"__type__":"cc.Size","width":750,"height":531},"_trs":{"__type__":"TypedArray","ctor":"Float64Array","array":[0,70.339,0,0,0,0,1,1,1,1]}},{"__type__":"cc.Node","_name":"light","_parent":{"__id__":7},"_components":[{"__type__":"cc.Sprite","node":{"__id__":9},"_materials":[{"__uuid__":"ecpdLyjvZBwrvm+cedCcQy"}],"_spriteFrame":{"__uuid__":"ebDOOD9e9PEqVYQdZl/HTj"}},{"__type__":"23c1dyi9YBGF78AyeTo54MW","node":{"__id__":9},"propName":"angle","changeList":[{"__type__":"ActionTweenItem","type":0,"value":{"__type__":"cc.Vec4","x":-360},"duration":5}],"repeat":-1}],"_prefab":{"__type__":"cc.PrefabInfo","root":{"__id__":1},"asset":{"__uuid__":"18uu1pvI9HJKugvkKyCEKc"},"fileId":"cb968ijpFCSKWK/FUJixvt"},"_contentSize":{"__type__":"cc.Size","width":389,"height":390},"_trs":{"__type__":"TypedArray","ctor":"Float64Array","array":[0,175.773,0,0,0,0,1,1,1,1]}},{"__type__":"cc.Node","_name":"title","_parent":{"__id__":7},"_components":[{"__type__":"cc.Sprite","node":{"__id__":10},"_materials":[{"__uuid__":"ecpdLyjvZBwrvm+cedCcQy"}],"_spriteFrame":{"__uuid__":"4fvFC85O5DyoYeo5AODfKS"}}],"_prefab":{"__type__":"cc.PrefabInfo","root":{"__id__":1},"asset":{"__uuid__":"18uu1pvI9HJKugvkKyCEKc"},"fileId":"2cfCgM6i5NtY4zDSnwhb2E"},"_contentSize":{"__type__":"cc.Size","width":295,"height":125},"_trs":{"__type__":"TypedArray","ctor":"Float64Array","array":[0,342.989,0,0,0,0,1,1,1,1]}},{"__type__":"cc.Node","_name":"_dan_lbl","_parent":{"__id__":7},"_components":[{"__type__":"cc.Label","node":{"__id__":11},"_materials":[{"__uuid__":"ecpdLyjvZBwrvm+cedCcQy"}],"_useOriginalSize":false,"_string":"荣耀黄金II","_N$string":"荣耀黄金II","_fontSize":28,"_lineHeight":29,"_styleFlags":1,"_N$horizontalAlign":1,"_N$verticalAlign":1},{"__type__":"cc.LabelOutline","node":{"__id__":11},"_color":{"__type__":"cc.Color","r":108,"g":99,"b":80},"_width":2}],"_prefab":{"__type__":"cc.PrefabInfo","root":{"__id__":1},"asset":{"__uuid__":"18uu1pvI9HJKugvkKyCEKc"},"fileId":"b7T5KhoKJNC5D1QPmRCi6D"},"_color":{"__type__":"cc.Color","r":255,"g":250,"b":204},"_contentSize":{"__type__":"cc.Size","width":131.56,"height":40.54},"_trs":{"__type__":"TypedArray","ctor":"Float64Array","array":[0,38.305,0,0,0,0,1,1,1,1]}},{"__type__":"cc.Node","_name":"_dan6_title","_parent":{"__id__":7},"_components":[{"__type__":"cc.Sprite","node":{"__id__":12},"_materials":[{"__uuid__":"ecpdLyjvZBwrvm+cedCcQy"}],"_spriteFrame":{"__uuid__":"e6eWWkAYhKC4BYcI6BDZhI"}}],"_prefab":{"__type__":"cc.PrefabInfo","root":{"__id__":1},"asset":{"__uuid__":"18uu1pvI9HJKugvkKyCEKc"},"fileId":"11+568LB5JJJ2m0zJBg8Gs"},"_contentSize":{"__type__":"cc.Size","width":198,"height":75},"_trs":{"__type__":"TypedArray","ctor":"Float64Array","array":[0,38.305,0,0,0,0,1,1,1,1]}},{"__type__":"cc.Node","_name":"_dan_huge_stars","_parent":{"__id__":7},"_children":[{"__id__":14},{"__id__":15}],"_components":[{"__type__":"cc.Layout","node":{"__id__":13},"_layoutSize":{"__type__":"cc.Size","width":105.03},"_resize":1,"_N$layoutType":1,"_N$spacingX":10}],"_prefab":{"__type__":"cc.PrefabInfo","root":{"__id__":1},"asset":{"__uuid__":"18uu1pvI9HJKugvkKyCEKc"},"fileId":"c9ro8gRsdGUL8+wreJprhv"},"_contentSize":{"__type__":"cc.Size","width":105.03},"_trs":{"__type__":"TypedArray","ctor":"Float64Array","array":[0,-11.179,0,0,0,0,1,1,1,1]}},{"__type__":"cc.Node","_name":"model","_parent":{"__id__":13},"_components":[{"__type__":"cc.Sprite","node":{"__id__":14},"_materials":[{"__uuid__":"ecpdLyjvZBwrvm+cedCcQy"}],"_spriteFrame":{"__uuid__":"62q8WjTgVIhKCNgrKCLXFj"}}],"_prefab":{"__type__":"cc.PrefabInfo","root":{"__id__":1},"asset":{"__uuid__":"18uu1pvI9HJKugvkKyCEKc"},"fileId":"fdMUXqPAdK6LQyT2oqbEny"},"_contentSize":{"__type__":"cc.Size","width":47,"height":47},"_trs":{"__type__":"TypedArray","ctor":"Float64Array","array":[-29.015,0,0,0,0,0,1,1,1,1]}},{"__type__":"cc.Node","_name":"_dan_star_lbl","_parent":{"__id__":13},"_components":[{"__type__":"cc.Label","node":{"__id__":15},"_materials":[{"__uuid__":"ecpdLyjvZBwrvm+cedCcQy"}],"_useOriginalSize":false,"_string":"X6","_N$string":"X6","_fontSize":36,"_lineHeight":37,"_styleFlags":1,"_N$verticalAlign":1},{"__type__":"cc.LabelOutline","node":{"__id__":15},"_color":{"__type__":"cc.Color","r":108,"g":99,"b":80},"_width":2}],"_prefab":{"__type__":"cc.PrefabInfo","root":{"__id__":1},"asset":{"__uuid__":"18uu1pvI9HJKugvkKyCEKc"},"fileId":"8c6YNtNYpEooNsgHV/YPqB"},"_color":{"__type__":"cc.Color","r":255,"g":250,"b":204},"_contentSize":{"__type__":"cc.Size","width":48.03,"height":50.62},"_anchorPoint":{"__type__":"cc.Vec2","y":0.5},"_trs":{"__type__":"TypedArray","ctor":"Float64Array","array":[4.484999999999999,-2,0,0,0,0,1,1,1,1]}},{"__type__":"cc.Node","_name":"prize_text","_parent":{"__id__":7},"_components":[{"__type__":"cc.Sprite","node":{"__id__":16},"_materials":[{"__uuid__":"ecpdLyjvZBwrvm+cedCcQy"}],"_spriteFrame":{"__uuid__":"4bIVYi+JpBTJ5BaeEX8cxI"}}],"_prefab":{"__type__":"cc.PrefabInfo","root":{"__id__":1},"asset":{"__uuid__":"18uu1pvI9HJKugvkKyCEKc"},"fileId":"645H1P381KGLu6XBq1WbgB"},"_contentSize":{"__type__":"cc.Size","width":62,"height":29},"_trs":{"__type__":"TypedArray","ctor":"Float64Array","array":[-297.223,-86.126,0,0,0,0,1,1,1,1]}},{"__type__":"cc.Node","_name":"prizes_node","_parent":{"__id__":7},"_children":[{"__id__":18},{"__id__":20}],"_components":[{"__type__":"cc.Layout","node":{"__id__":17},"_layoutSize":{"__type__":"cc.Size","width":173,"height":81},"_N$layoutType":3,"_N$spacingX":10}],"_prefab":{"__type__":"cc.PrefabInfo","root":{"__id__":1},"asset":{"__uuid__":"18uu1pvI9HJKugvkKyCEKc"},"fileId":"29yfhXOFZLa6x/LVOsKB8y"},"_contentSize":{"__type__":"cc.Size","width":173,"height":81},"_trs":{"__type__":"TypedArray","ctor":"Float64Array","array":[-125.525,-135.773,0,0,0,0,1,1,1,1]}},{"__type__":"cc.Node","_name":"_coins_node","_parent":{"__id__":17},"_children":[{"__id__":19}],"_components":[{"__type__":"cc.Sprite","node":{"__id__":18},"_materials":[{"__uuid__":"ecpdLyjvZBwrvm+cedCcQy"}],"_spriteFrame":{"__uuid__":"50oSe6XMxP96Z4cTLNkMBg"},"_sizeMode":2}],"_prefab":{"__type__":"cc.PrefabInfo","root":{"__id__":1},"asset":{"__uuid__":"18uu1pvI9HJKugvkKyCEKc"},"fileId":"77/pW4J8tJwLhLpJgCuINX"},"_contentSize":{"__type__":"cc.Size","width":81,"height":80},"_trs":{"__type__":"TypedArray","ctor":"Float64Array","array":[-46,0.5,0,0,0,0,1,1,1,1]}},{"__type__":"cc.Node","_name":"_coins_lbl","_parent":{"__id__":18},"_components":[{"__type__":"cc.Label","node":{"__id__":19},"_materials":[{"__uuid__":"ecpdLyjvZBwrvm+cedCcQy"}],"_useOriginalSize":false,"_string":"10","_N$string":"10","_fontSize":15,"_lineHeight":16,"_styleFlags":1,"_N$horizontalAlign":2,"_N$verticalAlign":1},{"__type__":"cc.LabelOutline","node":{"__id__":19},"_color":{"__type__":"cc.Color","r":159,"g":54,"b":40},"_width":3}],"_prefab":{"__type__":"cc.PrefabInfo","root":{"__id__":1},"asset":{"__uuid__":"18uu1pvI9HJKugvkKyCEKc"},"fileId":"2aOfvAhtZB34ai3PyadzGD"},"_contentSize":{"__type__":"cc.Size","width":22.68,"height":26.16},"_anchorPoint":{"__type__":"cc.Vec2","x":1,"y":0.5},"_trs":{"__type__":"TypedArray","ctor":"Float64Array","array":[33.463,-24.499,0,0,0,0,1,1,1,1]}},{"__type__":"cc.Node","_name":"_bcoins_node","_parent":{"__id__":17},"_children":[{"__id__":21}],"_components":[{"__type__":"cc.Sprite","node":{"__id__":20},"_materials":[{"__uuid__":"ecpdLyjvZBwrvm+cedCcQy"}],"_spriteFrame":{"__uuid__":"a2n59C0spDpYWJeyQRuE9B"},"_sizeMode":2}],"_prefab":{"__type__":"cc.PrefabInfo","root":{"__id__":1},"asset":{"__uuid__":"18uu1pvI9HJKugvkKyCEKc"},"fileId":"d8aDXnDVdGEa4tK/Uy0pTU"},"_contentSize":{"__type__":"cc.Size","width":81,"height":80},"_trs":{"__type__":"TypedArray","ctor":"Float64Array","array":[45,0.5,0,0,0,0,1,1,1,1]}},{"__type__":"cc.Node","_name":"_bcoins_lbl","_parent":{"__id__":20},"_components":[{"__type__":"cc.Label","node":{"__id__":21},"_materials":[{"__uuid__":"ecpdLyjvZBwrvm+cedCcQy"}],"_useOriginalSize":false,"_string":"10","_N$string":"10","_fontSize":15,"_lineHeight":16,"_styleFlags":1,"_N$horizontalAlign":2,"_N$verticalAlign":1},{"__type__":"cc.LabelOutline","node":{"__id__":21},"_color":{"__type__":"cc.Color","r":159,"g":54,"b":40},"_width":3}],"_prefab":{"__type__":"cc.PrefabInfo","root":{"__id__":1},"asset":{"__uuid__":"18uu1pvI9HJKugvkKyCEKc"},"fileId":"2dUkpszURFpp7clMXsJ65u"},"_contentSize":{"__type__":"cc.Size","width":22.68,"height":26.16},"_anchorPoint":{"__type__":"cc.Vec2","x":1,"y":0.5},"_trs":{"__type__":"TypedArray","ctor":"Float64Array","array":[33.463,-24.499,0,0,0,0,1,1,1,1]}},{"__type__":"cc.Node","_name":"$fail_node","_parent":{"__id__":4},"_children":[{"__id__":23},{"__id__":24},{"__id__":25},{"__id__":26},{"__id__":27},{"__id__":28},{"__id__":31},{"__id__":32}],"_prefab":{"__type__":"cc.PrefabInfo","root":{"__id__":1},"asset":{"__uuid__":"18uu1pvI9HJKugvkKyCEKc"},"fileId":"ecEP55tftILq+zQJz/JKmE"},"_trs":{"__type__":"TypedArray","ctor":"Float64Array","array":[0,-30,0,0,0,0,1,1,1,1]}},{"__type__":"cc.Node","_name":"bg","_parent":{"__id__":22},"_components":[{"__type__":"cc.Sprite","node":{"__id__":23},"_materials":[{"__uuid__":"ecpdLyjvZBwrvm+cedCcQy"}],"_spriteFrame":{"__uuid__":"71p+RjCQVBG42mse5q5ChR"}}],"_prefab":{"__type__":"cc.PrefabInfo","root":{"__id__":1},"asset":{"__uuid__":"18uu1pvI9HJKugvkKyCEKc"},"fileId":"8dw85Zq6dEua+eSdNLA8uf"},"_contentSize":{"__type__":"cc.Size","width":750,"height":531},"_trs":{"__type__":"TypedArray","ctor":"Float64Array","array":[0,70.339,0,0,0,0,1,1,1,1]}},{"__type__":"cc.Node","_name":"light","_parent":{"__id__":22},"_components":[{"__type__":"cc.Sprite","node":{"__id__":24},"_materials":[{"__uuid__":"ecpdLyjvZBwrvm+cedCcQy"}],"_spriteFrame":{"__uuid__":"92fn8F4yNLTZ0qxzA++7hk"}}],"_prefab":{"__type__":"cc.PrefabInfo","root":{"__id__":1},"asset":{"__uuid__":"18uu1pvI9HJKugvkKyCEKc"},"fileId":"61rc6AQlxMjJk/9Wp9VrgE"},"_contentSize":{"__type__":"cc.Size","width":389,"height":390},"_trs":{"__type__":"TypedArray","ctor":"Float64Array","array":[0,175.773,0,0,0,0,1,1,1,1]}},{"__type__":"cc.Node","_name":"title","_parent":{"__id__":22},"_components":[{"__type__":"cc.Sprite","node":{"__id__":25},"_materials":[{"__uuid__":"ecpdLyjvZBwrvm+cedCcQy"}],"_spriteFrame":{"__uuid__":"68CYY0zB5JUL1FOxFwPuzc"}}],"_prefab":{"__type__":"cc.PrefabInfo","root":{"__id__":1},"asset":{"__uuid__":"18uu1pvI9HJKugvkKyCEKc"},"fileId":"ebz564rc9NhZCh9bV9kZgb"},"_contentSize":{"__type__":"cc.Size","width":261,"height":119},"_trs":{"__type__":"TypedArray","ctor":"Float64Array","array":[0,342.989,0,0,0,0,1,1,1,1]}},{"__type__":"cc.Node","_name":"_dan_lbl","_parent":{"__id__":22},"_components":[{"__type__":"cc.Label","node":{"__id__":26},"_materials":[{"__uuid__":"ecpdLyjvZBwrvm+cedCcQy"}],"_useOriginalSize":false,"_string":"荣耀黄金II","_N$string":"荣耀黄金II","_fontSize":28,"_lineHeight":29,"_styleFlags":1,"_N$horizontalAlign":1,"_N$verticalAlign":1},{"__type__":"cc.LabelOutline","node":{"__id__":26},"_color":{"__type__":"cc.Color","r":76,"g":102,"b":122},"_width":2}],"_prefab":{"__type__":"cc.PrefabInfo","root":{"__id__":1},"asset":{"__uuid__":"18uu1pvI9HJKugvkKyCEKc"},"fileId":"d46zOf+ytBAZf8jDnFg94M"},"_color":{"__type__":"cc.Color","r":195,"g":231,"b":245},"_contentSize":{"__type__":"cc.Size","width":131.56,"height":40.54},"_trs":{"__type__":"TypedArray","ctor":"Float64Array","array":[0,38.305,0,0,0,0,1,1,1,1]}},{"__type__":"cc.Node","_name":"_dan6_title","_parent":{"__id__":22},"_components":[{"__type__":"cc.Sprite","node":{"__id__":27},"_materials":[{"__uuid__":"ecpdLyjvZBwrvm+cedCcQy"}],"_spriteFrame":{"__uuid__":"e6eWWkAYhKC4BYcI6BDZhI"}}],"_prefab":{"__type__":"cc.PrefabInfo","root":{"__id__":1},"asset":{"__uuid__":"18uu1pvI9HJKugvkKyCEKc"},"fileId":"f9u/jljKhMQ79lh1r9ORC0"},"_contentSize":{"__type__":"cc.Size","width":198,"height":75},"_trs":{"__type__":"TypedArray","ctor":"Float64Array","array":[0,38.305,0,0,0,0,1,1,1,1]}},{"__type__":"cc.Node","_name":"_dan_huge_stars","_parent":{"__id__":22},"_children":[{"__id__":29},{"__id__":30}],"_components":[{"__type__":"cc.Layout","node":{"__id__":28},"_layoutSize":{"__type__":"cc.Size","width":84},"_resize":1,"_N$layoutType":1,"_N$spacingX":10}],"_prefab":{"__type__":"cc.PrefabInfo","root":{"__id__":1},"asset":{"__uuid__":"18uu1pvI9HJKugvkKyCEKc"},"fileId":"63fOTZ9L1JSqHnoikcx3nm"},"_contentSize":{"__type__":"cc.Size","width":84},"_trs":{"__type__":"TypedArray","ctor":"Float64Array","array":[0,-11.179,0,0,0,0,1,1,1,1]}},{"__type__":"cc.Node","_name":"model","_parent":{"__id__":28},"_components":[{"__type__":"cc.Sprite","node":{"__id__":29},"_materials":[{"__uuid__":"ecpdLyjvZBwrvm+cedCcQy"}],"_spriteFrame":{"__uuid__":"62q8WjTgVIhKCNgrKCLXFj"}}],"_prefab":{"__type__":"cc.PrefabInfo","root":{"__id__":1},"asset":{"__uuid__":"18uu1pvI9HJKugvkKyCEKc"},"fileId":"b0Th7BiZRApZ77K3h8wD3Y"},"_contentSize":{"__type__":"cc.Size","width":47,"height":47},"_trs":{"__type__":"TypedArray","ctor":"Float64Array","array":[-18.5,0,0,0,0,0,1,1,1,1]}},{"__type__":"cc.Node","_name":"_dan_star_lbl","_parent":{"__id__":28},"_components":[{"__type__":"cc.Label","node":{"__id__":30},"_materials":[{"__uuid__":"ecpdLyjvZBwrvm+cedCcQy"}],"_useOriginalSize":false,"_string":"6","_N$string":"6","_fontSize":29,"_lineHeight":30,"_N$file":{"__uuid__":"1ceL1xDY5Lup09gRgq2vbc"},"_isSystemFontUsed":false,"_styleFlags":1,"_N$verticalAlign":1},{"__type__":"cc.LabelOutline","node":{"__id__":30},"_color":{"__type__":"cc.Color","r":76,"g":102,"b":122},"_width":2}],"_prefab":{"__type__":"cc.PrefabInfo","root":{"__id__":1},"asset":{"__uuid__":"18uu1pvI9HJKugvkKyCEKc"},"fileId":"e9oT8P3P1BuYDJv/zhOH4M"},"_contentSize":{"__type__":"cc.Size","width":27,"height":30},"_anchorPoint":{"__type__":"cc.Vec2","y":0.5},"_trs":{"__type__":"TypedArray","ctor":"Float64Array","array":[15,-2,0,0,0,0,1,1,1,1]}},{"__type__":"cc.Node","_name":"prize_text","_parent":{"__id__":22},"_components":[{"__type__":"cc.Sprite","node":{"__id__":31},"_materials":[{"__uuid__":"ecpdLyjvZBwrvm+cedCcQy"}],"_spriteFrame":{"__uuid__":"21Tx2HzIFLZ5bzxHSMMYFw"}}],"_prefab":{"__type__":"cc.PrefabInfo","root":{"__id__":1},"asset":{"__uuid__":"18uu1pvI9HJKugvkKyCEKc"},"fileId":"c69FR4NGRJ0aDYHsoQ0Yfy"},"_contentSize":{"__type__":"cc.Size","width":62,"height":29},"_trs":{"__type__":"TypedArray","ctor":"Float64Array","array":[-297.223,-86.126,0,0,0,0,1,1,1,1]}},{"__type__":"cc.Node","_name":"prizes_node","_parent":{"__id__":22},"_children":[{"__id__":33},{"__id__":35}],"_components":[{"__type__":"cc.Layout","node":{"__id__":32},"_layoutSize":{"__type__":"cc.Size","width":173,"height":81},"_N$layoutType":3,"_N$spacingX":10}],"_prefab":{"__type__":"cc.PrefabInfo","root":{"__id__":1},"asset":{"__uuid__":"18uu1pvI9HJKugvkKyCEKc"},"fileId":"4bPyepVF1C65+CUkqYDCo2"},"_contentSize":{"__type__":"cc.Size","width":173,"height":81},"_trs":{"__type__":"TypedArray","ctor":"Float64Array","array":[-125.525,-135.773,0,0,0,0,1,1,1,1]}},{"__type__":"cc.Node","_name":"_coins_node","_parent":{"__id__":32},"_children":[{"__id__":34}],"_components":[{"__type__":"cc.Sprite","node":{"__id__":33},"_materials":[{"__uuid__":"ecpdLyjvZBwrvm+cedCcQy"}],"_spriteFrame":{"__uuid__":"85ng3EQetCIa8Rt4lhPLef"},"_sizeMode":2}],"_prefab":{"__type__":"cc.PrefabInfo","root":{"__id__":1},"asset":{"__uuid__":"18uu1pvI9HJKugvkKyCEKc"},"fileId":"77TItWUudOGYeCQGVohblK"},"_contentSize":{"__type__":"cc.Size","width":81,"height":81},"_trs":{"__type__":"TypedArray","ctor":"Float64Array","array":[-46,0,0,0,0,0,1,1,1,1]}},{"__type__":"cc.Node","_name":"_coins_lbl","_parent":{"__id__":33},"_components":[{"__type__":"cc.Label","node":{"__id__":34},"_materials":[{"__uuid__":"ecpdLyjvZBwrvm+cedCcQy"}],"_useOriginalSize":false,"_string":"10","_N$string":"10","_fontSize":15,"_lineHeight":16,"_styleFlags":1,"_N$horizontalAlign":2,"_N$verticalAlign":1},{"__type__":"cc.LabelOutline","node":{"__id__":34},"_color":{"__type__":"cc.Color","r":159,"g":54,"b":40},"_width":3}],"_prefab":{"__type__":"cc.PrefabInfo","root":{"__id__":1},"asset":{"__uuid__":"18uu1pvI9HJKugvkKyCEKc"},"fileId":"359MCKwgRNcpyk50a6oyVh"},"_contentSize":{"__type__":"cc.Size","width":22.68,"height":26.16},"_anchorPoint":{"__type__":"cc.Vec2","x":1,"y":0.5},"_trs":{"__type__":"TypedArray","ctor":"Float64Array","array":[33.463,-24.499,0,0,0,0,1,1,1,1]}},{"__type__":"cc.Node","_name":"_bcoins_node","_parent":{"__id__":32},"_children":[{"__id__":36}],"_components":[{"__type__":"cc.Sprite","node":{"__id__":35},"_materials":[{"__uuid__":"ecpdLyjvZBwrvm+cedCcQy"}],"_spriteFrame":{"__uuid__":"b0I2wTcz9N2q4GL06IM+tE"},"_sizeMode":2}],"_prefab":{"__type__":"cc.PrefabInfo","root":{"__id__":1},"asset":{"__uuid__":"18uu1pvI9HJKugvkKyCEKc"},"fileId":"24fsH/ByxFCJgSTftLSxLU"},"_contentSize":{"__type__":"cc.Size","width":81,"height":81},"_trs":{"__type__":"TypedArray","ctor":"Float64Array","array":[45,0,0,0,0,0,1,1,1,1]}},{"__type__":"cc.Node","_name":"_bcoins_lbl","_parent":{"__id__":35},"_components":[{"__type__":"cc.Label","node":{"__id__":36},"_materials":[{"__uuid__":"ecpdLyjvZBwrvm+cedCcQy"}],"_useOriginalSize":false,"_string":"10","_N$string":"10","_fontSize":15,"_lineHeight":16,"_styleFlags":1,"_N$horizontalAlign":2,"_N$verticalAlign":1},{"__type__":"cc.LabelOutline","node":{"__id__":36},"_color":{"__type__":"cc.Color","r":159,"g":54,"b":40},"_width":3}],"_prefab":{"__type__":"cc.PrefabInfo","root":{"__id__":1},"asset":{"__uuid__":"18uu1pvI9HJKugvkKyCEKc"},"fileId":"33v6Agg0tLvaFsvG/mH4xd"},"_contentSize":{"__type__":"cc.Size","width":22.68,"height":26.16},"_anchorPoint":{"__type__":"cc.Vec2","x":1,"y":0.5},"_trs":{"__type__":"TypedArray","ctor":"Float64Array","array":[33.463,-24.499,0,0,0,0,1,1,1,1]}},{"__type__":"cc.Node","_name":"$role_sp","_parent":{"__id__":4},"_components":[{"__type__":"cc.Sprite","node":{"__id__":37},"_materials":[{"__uuid__":"ecpdLyjvZBwrvm+cedCcQy"}]}],"_prefab":{"__type__":"cc.PrefabInfo","root":{"__id__":1},"asset":{"__uuid__":"18uu1pvI9HJKugvkKyCEKc"},"fileId":"8fXw60ko1GHpaKYgT9hHSM"},"_contentSize":{"__type__":"cc.Size","width":220,"height":289},"_anchorPoint":{"__type__":"cc.Vec2","x":0.5,"y":0.11},"_trs":{"__type__":"TypedArray","ctor":"Float64Array","array":[251.448,-220.914,0,0,0,0,1,1,1,1]}},{"__type__":"cc.Node","_name":"$dan_db","_parent":{"__id__":4},"_components":[{"__type__":"dragonBones.ArmatureDisplay","node":{"__id__":38},"_materials":[{"__uuid__":"ecpdLyjvZBwrvm+cedCcQy"}],"_armatureName":"Armature","_animationName":"hz1","_preCacheMode":0,"_armatureKey":"636ce812-d77f-4c41-ab08-2a8dba220cea#49e58368-c47f-4476-bcad-6329a999921c","_N$dragonAsset":{"__uuid__":"63bOgS139MQasIKo26Igzq"},"_N$dragonAtlasAsset":{"__uuid__":"495YNoxH9EdrytYympmZIc"}}],"_prefab":{"__type__":"cc.PrefabInfo","root":{"__id__":1},"asset":{"__uuid__":"18uu1pvI9HJKugvkKyCEKc"},"fileId":"48ekoYiNxO8oOvy6bhWRQ1"},"_contentSize":{"__type__":"cc.Size","width":291.15,"height":268},"_trs":{"__type__":"TypedArray","ctor":"Float64Array","array":[0,17.107,0,0,0,0,1,1,1,1]}},{"__type__":"cc.Node","_name":"$dan_stars_bg","_parent":{"__id__":4},"_children":[{"__id__":40}],"_prefab":{"__type__":"cc.PrefabInfo","root":{"__id__":1},"asset":{"__uuid__":"18uu1pvI9HJKugvkKyCEKc"},"fileId":"2aGuBMBp9OKqEr2waP/Dxs"},"_trs":{"__type__":"TypedArray","ctor":"Float64Array","array":[0,-41.179,0,0,0,0,1,1,1,1]}},{"__type__":"cc.Node","_name":"model","_parent":{"__id__":39},"_components":[{"__type__":"cc.Sprite","node":{"__id__":40},"_materials":[{"__uuid__":"ecpdLyjvZBwrvm+cedCcQy"}],"_spriteFrame":{"__uuid__":"e9WxRl5nVMY6sfbQO0dnZ7"}}],"_prefab":{"__type__":"cc.PrefabInfo","root":{"__id__":1},"asset":{"__uuid__":"18uu1pvI9HJKugvkKyCEKc"},"fileId":"77O8cF6MlFsod9q4M8piv8"},"_contentSize":{"__type__":"cc.Size","width":47,"height":48},"_trs":{"__type__":"TypedArray","ctor":"Float64Array","array":[0,0,0,0,0,0,1,1,1,1]}},{"__type__":"cc.Node","_name":"$dan_stars","_parent":{"__id__":4},"_children":[{"__id__":42}],"_prefab":{"__type__":"cc.PrefabInfo","root":{"__id__":1},"asset":{"__uuid__":"18uu1pvI9HJKugvkKyCEKc"},"fileId":"feA4TR1g5IdYb4NH779Yvx"},"_trs":{"__type__":"TypedArray","ctor":"Float64Array","array":[0,-41.179,0,0,0,0,1,1,1,1]}},{"__type__":"cc.Node","_name":"model","_parent":{"__id__":41},"_components":[{"__type__":"cc.Sprite","node":{"__id__":42},"_materials":[{"__uuid__":"ecpdLyjvZBwrvm+cedCcQy"}],"_spriteFrame":{"__uuid__":"62q8WjTgVIhKCNgrKCLXFj"}}],"_prefab":{"__type__":"cc.PrefabInfo","root":{"__id__":1},"asset":{"__uuid__":"18uu1pvI9HJKugvkKyCEKc"},"fileId":"91ybDuMDlFtIglqXRvqhoZ"},"_contentSize":{"__type__":"cc.Size","width":47,"height":47},"_trs":{"__type__":"TypedArray","ctor":"Float64Array","array":[0,0,0,0,0,0,1,1,1,1]}},{"__type__":"cc.Node","_name":"btns","_parent":{"__id__":4},"_children":[{"__id__":44},{"__id__":46}],"_components":[{"__type__":"cc.Layout","node":{"__id__":43},"_layoutSize":{"__type__":"cc.Size","width":636},"_resize":1,"_N$layoutType":1,"_N$spacingX":95}],"_prefab":{"__type__":"cc.PrefabInfo","root":{"__id__":1},"asset":{"__uuid__":"18uu1pvI9HJKugvkKyCEKc"},"fileId":"5cxXDQhplAfrv0ykdv0Zvk"},"_contentSize":{"__type__":"cc.Size","width":636},"_trs":{"__type__":"TypedArray","ctor":"Float64Array","array":[0,-288.85,0,0,0,0,1,1,1,1]}},{"__type__":"cc.Node","_name":"$again_btn","_parent":{"__id__":43},"_children":[{"__id__":45}],"_components":[{"__type__":"cc.Sprite","node":{"__id__":44},"_materials":[{"__uuid__":"ecpdLyjvZBwrvm+cedCcQy"}],"_spriteFrame":{"__uuid__":"3bTB0CjtBMBJnaN03lpCh0"},"_sizeMode":0},{"__type__":"cc.Button","node":{"__id__":44},"_normalMaterial":{"__uuid__":"ecpdLyjvZBwrvm+cedCcQy"},"zoomScale":1.1,"clickEvents":[{"__type__":"cc.ClickEvent","target":{"__id__":1},"_componentId":"444c5vpmC5Jg6TByFSAt+FV","handler":"onBtnAgainClick"}],"_N$transition":3,"transition":3}],"_prefab":{"__type__":"cc.PrefabInfo","root":{"__id__":1},"asset":{"__uuid__":"18uu1pvI9HJKugvkKyCEKc"},"fileId":"71n+ybNaNJQbpEqjS+2WdH"},"_contentSize":{"__type__":"cc.Size","width":271,"height":93},"_trs":{"__type__":"TypedArray","ctor":"Float64Array","array":[-182.5,0,0,0,0,0,1,1,1,0]}},{"__type__":"cc.Node","_name":"text","_parent":{"__id__":44},"_components":[{"__type__":"cc.Sprite","node":{"__id__":45},"_materials":[{"__uuid__":"ecpdLyjvZBwrvm+cedCcQy"}],"_spriteFrame":{"__uuid__":"3bTB0CjtBMBJnaN03lpCh0"}}],"_prefab":{"__type__":"cc.PrefabInfo","root":{"__id__":1},"asset":{"__uuid__":"18uu1pvI9HJKugvkKyCEKc"},"fileId":"0eopEYnu5K9IEbhYUwBhO0"},"_contentSize":{"__type__":"cc.Size","width":289,"height":110},"_trs":{"__type__":"TypedArray","ctor":"Float64Array","array":[0,-8,0,0,0,0,1,1,1,1]}},{"__type__":"cc.Node","_name":"$retry_btn","_parent":{"__id__":43},"_children":[{"__id__":47}],"_components":[{"__type__":"cc.Button","node":{"__id__":46},"_normalMaterial":{"__uuid__":"ecpdLyjvZBwrvm+cedCcQy"},"zoomScale":1.1,"clickEvents":[{"__type__":"cc.ClickEvent","target":{"__id__":1},"_componentId":"444c5vpmC5Jg6TByFSAt+FV","handler":"onBtnRetryClick"}],"_N$transition":3,"transition":3}],"_prefab":{"__type__":"cc.PrefabInfo","root":{"__id__":1},"asset":{"__uuid__":"18uu1pvI9HJKugvkKyCEKc"},"fileId":"0cNbHMqGZC57wC5adAUZx2"},"_contentSize":{"__type__":"cc.Size","width":270,"height":90},"_trs":{"__type__":"TypedArray","ctor":"Float64Array","array":[183,0,0,0,0,0,1,1,1,0]}},{"__type__":"cc.Node","_name":"text","_parent":{"__id__":46},"_components":[{"__type__":"cc.Sprite","node":{"__id__":47},"_materials":[{"__uuid__":"ecpdLyjvZBwrvm+cedCcQy"}],"_spriteFrame":{"__uuid__":"6eyaVw/HRMrL88J5cSReSR"}}],"_prefab":{"__type__":"cc.PrefabInfo","root":{"__id__":1},"asset":{"__uuid__":"18uu1pvI9HJKugvkKyCEKc"},"fileId":"23SyDn60BOpatIXkwJbdaM"},"_contentSize":{"__type__":"cc.Size","width":293,"height":111},"_trs":{"__type__":"TypedArray","ctor":"Float64Array","array":[0,-9,0,0,0,0,1,1,1,1]}},{"__type__":"cc.Node","_name":"btns2","_parent":{"__id__":4},"_children":[{"__id__":49},{"__id__":54},{"__id__":58}],"_components":[{"__type__":"cc.Layout","node":{"__id__":48},"_layoutSize":{"__type__":"cc.Size","width":635},"_resize":1,"_N$layoutType":1,"_N$spacingX":95}],"_prefab":{"__type__":"cc.PrefabInfo","root":{"__id__":1},"asset":{"__uuid__":"18uu1pvI9HJKugvkKyCEKc"},"fileId":"98A4LAtq1CCoTpotmst3sR"},"_contentSize":{"__type__":"cc.Size","width":635},"_trs":{"__type__":"TypedArray","ctor":"Float64Array","array":[0,-386,0,0,0,0,1,1,1,1]}},{"__type__":"cc.Node","_name":"$save_star_btn","_parent":{"__id__":48},"_children":[{"__id__":50},{"__id__":51},{"__id__":52},{"__id__":53}],"_components":[{"__type__":"cc.Button","node":{"__id__":49},"_normalMaterial":{"__uuid__":"ecpdLyjvZBwrvm+cedCcQy"},"zoomScale":1.1,"_N$transition":3,"transition":3},{"__type__":"3a0bdMWXApFAIRZFct2j8zt","node":{"__id__":49},"callback":{"__type__":"cc.ClickEvent","target":{"__id__":1},"_componentId":"444c5vpmC5Jg6TByFSAt+FV","handler":"onSaveStarRewardCallback"},"autoRefresh":true}],"_prefab":{"__type__":"cc.PrefabInfo","root":{"__id__":1},"asset":{"__uuid__":"18uu1pvI9HJKugvkKyCEKc"},"fileId":"235lIxG4NHY7N3srMnP3Fe"},"_contentSize":{"__type__":"cc.Size","width":270,"height":90},"_trs":{"__type__":"TypedArray","ctor":"Float64Array","array":[-182.5,0,0,0,0,0,1,1,1,0]}},{"__type__":"cc.Node","_name":"text1","_parent":{"__id__":49},"_components":[{"__type__":"cc.Sprite","node":{"__id__":50},"_materials":[{"__uuid__":"ecpdLyjvZBwrvm+cedCcQy"}],"_spriteFrame":{"__uuid__":"e92QhDxMZDMq+wfFaMlxZ6"}}],"_prefab":{"__type__":"cc.PrefabInfo","root":{"__id__":1},"asset":{"__uuid__":"18uu1pvI9HJKugvkKyCEKc"},"fileId":"29d0ZD/85N6o7fVjs2fHcZ"},"_contentSize":{"__type__":"cc.Size","width":312,"height":122},"_trs":{"__type__":"TypedArray","ctor":"Float64Array","array":[0,-6,0,0,0,0,1,0.9,0.9,1]}},{"__type__":"cc.Node","_name":"text2","_parent":{"__id__":49},"_components":[{"__type__":"cc.Sprite","node":{"__id__":51},"_materials":[{"__uuid__":"ecpdLyjvZBwrvm+cedCcQy"}],"_spriteFrame":{"__uuid__":"1fWNwKm7dLR6FmySGGKG2N"}}],"_prefab":{"__type__":"cc.PrefabInfo","root":{"__id__":1},"asset":{"__uuid__":"18uu1pvI9HJKugvkKyCEKc"},"fileId":"e4a63txs1NtaTJpdsJizci"},"_contentSize":{"__type__":"cc.Size","width":213,"height":60},"_trs":{"__type__":"TypedArray","ctor":"Float64Array","array":[29,3,0,0,0,0,1,0.7,0.7,1]}},{"__type__":"cc.Node","_name":"video","_parent":{"__id__":49},"_components":[{"__type__":"cc.Sprite","node":{"__id__":52},"_materials":[{"__uuid__":"ecpdLyjvZBwrvm+cedCcQy"}],"_spriteFrame":{"__uuid__":"ffT9Y8H7NBRICqTnkuYnFg"}}],"_prefab":{"__type__":"cc.PrefabInfo","root":{"__id__":1},"asset":{"__uuid__":"18uu1pvI9HJKugvkKyCEKc"},"fileId":"45jbJ5xH9GvJKnWLmAYxKW"},"_contentSize":{"__type__":"cc.Size","width":57,"height":43},"_trs":{"__type__":"TypedArray","ctor":"Float64Array","array":[-81.126,3,0,0,0,0,1,1,1,1]}},{"__type__":"cc.Node","_name":"share","_parent":{"__id__":49},"_components":[{"__type__":"cc.Sprite","node":{"__id__":53},"_materials":[{"__uuid__":"ecpdLyjvZBwrvm+cedCcQy"}],"_spriteFrame":{"__uuid__":"536X70hzhHqrF7CSUsSsqS"}}],"_prefab":{"__type__":"cc.PrefabInfo","root":{"__id__":1},"asset":{"__uuid__":"18uu1pvI9HJKugvkKyCEKc"},"fileId":"14kcoS9RxGDYNUrns5QGIz"},"_contentSize":{"__type__":"cc.Size","width":49,"height":51},"_trs":{"__type__":"TypedArray","ctor":"Float64Array","array":[-81.126,3,0,0,0,0,1,1,1,1]}},{"__type__":"cc.Node","_name":"$double_btn","_parent":{"__id__":48},"_children":[{"__id__":55},{"__id__":56},{"__id__":57}],"_active":false,"_components":[{"__type__":"cc.Button","node":{"__id__":54},"_normalMaterial":{"__uuid__":"ecpdLyjvZBwrvm+cedCcQy"},"zoomScale":1.1,"_N$transition":3,"transition":3},{"__type__":"3a0bdMWXApFAIRZFct2j8zt","node":{"__id__":54},"callback":{"__type__":"cc.ClickEvent","target":{"__id__":1},"_componentId":"444c5vpmC5Jg6TByFSAt+FV","handler":"onDoubleRewardCallback"},"autoRefresh":true}],"_prefab":{"__type__":"cc.PrefabInfo","root":{"__id__":1},"asset":{"__uuid__":"18uu1pvI9HJKugvkKyCEKc"},"fileId":"d5acCV4ZBEr6XTtwqFHkq3"},"_contentSize":{"__type__":"cc.Size","width":270,"height":90},"_trs":{"__type__":"TypedArray","ctor":"Float64Array","array":[0,0,0,0,0,0,1,1,1,1]}},{"__type__":"cc.Node","_name":"text","_parent":{"__id__":54},"_components":[{"__type__":"cc.Sprite","node":{"__id__":55},"_materials":[{"__uuid__":"ecpdLyjvZBwrvm+cedCcQy"}],"_spriteFrame":{"__uuid__":"46f8thqWxKiL1PywhnMdab"}}],"_prefab":{"__type__":"cc.PrefabInfo","root":{"__id__":1},"asset":{"__uuid__":"18uu1pvI9HJKugvkKyCEKc"},"fileId":"4eikCIXmxDqqWFABiDEWBz"},"_contentSize":{"__type__":"cc.Size","width":291,"height":112},"_trs":{"__type__":"TypedArray","ctor":"Float64Array","array":[0,-9,0,0,0,0,1,1,1,1]}},{"__type__":"cc.Node","_name":"share","_parent":{"__id__":54},"_active":false,"_components":[{"__type__":"cc.Sprite","node":{"__id__":56},"_materials":[{"__uuid__":"ecpdLyjvZBwrvm+cedCcQy"}],"_spriteFrame":{"__uuid__":"536X70hzhHqrF7CSUsSsqS"}}],"_prefab":{"__type__":"cc.PrefabInfo","root":{"__id__":1},"asset":{"__uuid__":"18uu1pvI9HJKugvkKyCEKc"},"fileId":"dbWKvu4/RED69B3jxSeGmE"},"_contentSize":{"__type__":"cc.Size","width":49,"height":51},"_trs":{"__type__":"TypedArray","ctor":"Float64Array","array":[-85.816,1,0,0,0,0,1,1,1,1]}},{"__type__":"cc.Node","_name":"video","_parent":{"__id__":54},"_components":[{"__type__":"cc.Sprite","node":{"__id__":57},"_materials":[{"__uuid__":"ecpdLyjvZBwrvm+cedCcQy"}],"_spriteFrame":{"__uuid__":"ffT9Y8H7NBRICqTnkuYnFg"}}],"_prefab":{"__type__":"cc.PrefabInfo","root":{"__id__":1},"asset":{"__uuid__":"18uu1pvI9HJKugvkKyCEKc"},"fileId":"3cjiMMrN9I37elr6I8Emp9"},"_contentSize":{"__type__":"cc.Size","width":57,"height":43},"_trs":{"__type__":"TypedArray","ctor":"Float64Array","array":[-85.816,1,0,0,0,0,1,1,1,1]}},{"__type__":"cc.Node","_name":"$share_record_btn","_parent":{"__id__":48},"_children":[{"__id__":59},{"__id__":60}],"_components":[{"__type__":"cc.Button","node":{"__id__":58},"_normalMaterial":{"__uuid__":"ecpdLyjvZBwrvm+cedCcQy"},"zoomScale":1.1,"clickEvents":[{"__type__":"cc.ClickEvent","target":{"__id__":1},"_componentId":"444c5vpmC5Jg6TByFSAt+FV","handler":"onShareRecordBtnClick"}],"_N$transition":3,"transition":3}],"_prefab":{"__type__":"cc.PrefabInfo","root":{"__id__":1},"asset":{"__uuid__":"18uu1pvI9HJKugvkKyCEKc"},"fileId":"10J7YIpdFLlZDlUnVaVvUN"},"_contentSize":{"__type__":"cc.Size","width":270,"height":90},"_trs":{"__type__":"TypedArray","ctor":"Float64Array","array":[182.5,0,0,0,0,0,1,1,1,0]}},{"__type__":"cc.Node","_name":"text","_parent":{"__id__":58},"_components":[{"__type__":"cc.Sprite","node":{"__id__":59},"_materials":[{"__uuid__":"ecpdLyjvZBwrvm+cedCcQy"}],"_spriteFrame":{"__uuid__":"aaVsIXYwFE46VhB2ey2A2G"}}],"_prefab":{"__type__":"cc.PrefabInfo","root":{"__id__":1},"asset":{"__uuid__":"18uu1pvI9HJKugvkKyCEKc"},"fileId":"59k3On6i1OM6wSMwF8kn+2"},"_contentSize":{"__type__":"cc.Size","width":291,"height":112},"_trs":{"__type__":"TypedArray","ctor":"Float64Array","array":[0,-9,0,0,0,0,1,1,1,1]}},{"__type__":"cc.Node","_name":"pop","_parent":{"__id__":58},"_components":[{"__type__":"cc.Sprite","node":{"__id__":60},"_materials":[{"__uuid__":"ecpdLyjvZBwrvm+cedCcQy"}],"_spriteFrame":{"__uuid__":"14t0z0eXxPgqSNQwA6rM55"}}],"_prefab":{"__type__":"cc.PrefabInfo","root":{"__id__":1},"asset":{"__uuid__":"18uu1pvI9HJKugvkKyCEKc"},"fileId":"ffT3fMNTpBb64fetYrBJnl"},"_contentSize":{"__type__":"cc.Size","width":63,"height":72},"_anchorPoint":{"__type__":"cc.Vec2"},"_trs":{"__type__":"TypedArray","ctor":"Float64Array","array":[106,-7.5,0,0,0,0,1,1,1,1]}},{"__type__":"cc.Node","_name":"top","_parent":{"__id__":3},"_children":[{"__id__":62}],"_components":[{"__type__":"cc.Widget","node":{"__id__":61},"_alignFlags":8,"_left":-375,"_top":-1.0349999999999682},{"__type__":"e57e4IZMt1DRIedJi+eZop6","node":{"__id__":61}},{"__type__":"96549DGCmlIcZghb3AfRGQI","node":{"__id__":61}}],"_prefab":{"__type__":"cc.PrefabInfo","root":{"__id__":1},"asset":{"__uuid__":"18uu1pvI9HJKugvkKyCEKc"},"fileId":"0fEstxORlJ8aHmTeMElgqN"},"_trs":{"__type__":"TypedArray","ctor":"Float64Array","array":[-375,668.035,0,0,0,0,1,1,1,1]}},{"__type__":"cc.Node","_name":"money_bar","_parent":{"__id__":61},"_components":[{"__type__":"ade161OMgVMKpmjDqerbeZb","node":{"__id__":62},"_prefab":{"__uuid__":"1b5n6PJYNCKYVt604lwFVW"}}],"_prefab":{"__type__":"cc.PrefabInfo","root":{"__id__":1},"asset":{"__uuid__":"18uu1pvI9HJKugvkKyCEKc"},"fileId":"e10wxKPBFHa5KZKx02zOeE"},"_trs":{"__type__":"TypedArray","ctor":"Float64Array","array":[0,-80,0,0,0,0,1,1,1,1]}},{"__type__":"cc.Node","_name":"$side_ads_btn","_parent":{"__id__":3},"_children":[{"__id__":64}],"_components":[{"__type__":"cc.Sprite","node":{"__id__":63},"_materials":[{"__uuid__":"ecpdLyjvZBwrvm+cedCcQy"}],"_spriteFrame":{"__uuid__":"62G1+1cGxAYZeSUq1jAXo/"}},{"__type__":"cc.Button","node":{"__id__":63},"_normalMaterial":{"__uuid__":"ecpdLyjvZBwrvm+cedCcQy"},"zoomScale":1.1,"clickEvents":[{"__type__":"cc.ClickEvent","target":{"__id__":1},"_componentId":"444c5vpmC5Jg6TByFSAt+FV","handler":"onBtnSideAdsClick"}],"_N$transition":3,"transition":3}],"_prefab":{"__type__":"cc.PrefabInfo","root":{"__id__":1},"asset":{"__uuid__":"18uu1pvI9HJKugvkKyCEKc"},"fileId":"abNbQbB3VA45X5v+8AiRC1"},"_contentSize":{"__type__":"cc.Size","width":180,"height":80},"_anchorPoint":{"__type__":"cc.Vec2","y":0.5},"_trs":{"__type__":"TypedArray","ctor":"Float64Array","array":[-390,14,0,0,0,0,1,1,1,0]}},{"__type__":"cc.Node","_name":"anim","_parent":{"__id__":63},"_children":[{"__id__":65}],"_components":[{"__type__":"cc.Sprite","node":{"__id__":64},"_materials":[{"__uuid__":"ecpdLyjvZBwrvm+cedCcQy"}],"_spriteFrame":{"__uuid__":"62G1+1cGxAYZeSUq1jAXo/"}},{"__type__":"d4448oMF25OlpwxNxYG/5DT","node":{"__id__":64}}],"_prefab":{"__type__":"cc.PrefabInfo","root":{"__id__":1},"asset":{"__uuid__":"18uu1pvI9HJKugvkKyCEKc"},"fileId":"42ArqFX39BEqHjJ+KtaRpB"},"_contentSize":{"__type__":"cc.Size","width":180,"height":80},"_trs":{"__type__":"TypedArray","ctor":"Float64Array","array":[90,0,0,0,0,0,1,1,1,1]}},{"__type__":"cc.Node","_name":"$side_ads_badage","_parent":{"__id__":64},"_components":[{"__type__":"cc.Sprite","node":{"__id__":65},"_materials":[{"__uuid__":"ecpdLyjvZBwrvm+cedCcQy"}],"_spriteFrame":{"__uuid__":"b67gf3BfZD7aFYHOqF+oe9"},"_sizeMode":2}],"_prefab":{"__type__":"cc.PrefabInfo","root":{"__id__":1},"asset":{"__uuid__":"18uu1pvI9HJKugvkKyCEKc"},"fileId":"00Zdy8spxAf5CSyK/aXcKa"},"_contentSize":{"__type__":"cc.Size","width":43,"height":48},"_trs":{"__type__":"TypedArray","ctor":"Float64Array","array":[64.66,29.572,0,0,0,0,1,0.8,0.8,0.8]}},{"__type__":"cc.Node","_name":"banner","_parent":{"__id__":3},"_components":[{"__type__":"ce3f9aG6A1If7y9kH3tgvq2","node":{"__id__":66}}],"_prefab":{"__type__":"cc.PrefabInfo","root":{"__id__":1},"asset":{"__uuid__":"18uu1pvI9HJKugvkKyCEKc"},"fileId":"baUm+0hiNJnZraTn4AM4oF"},"_trs":{"__type__":"TypedArray","ctor":"Float64Array","array":[0,-466.765,0,0,0,0,1,1,1,1]}},{"__type__":"cc.Node","_name":"$vip_fail","_parent":{"__id__":3},"_children":[{"__id__":68},{"__id__":69}],"_active":false,"_prefab":{"__type__":"cc.PrefabInfo","root":{"__id__":1},"asset":{"__uuid__":"18uu1pvI9HJKugvkKyCEKc"},"fileId":"e2sGpb235Dt46TaBJaq9xm"},"_trs":{"__type__":"TypedArray","ctor":"Float64Array","array":[0,0,0,0,0,0,1,1,1,1]}},{"__type__":"cc.Node","_name":"t1","_parent":{"__id__":67},"_components":[{"__type__":"cc.Sprite","node":{"__id__":68},"_materials":[{"__uuid__":"ecpdLyjvZBwrvm+cedCcQy"}],"_spriteFrame":{"__uuid__":"c5NYgRBqRHaYp0tbXRfttx"}}],"_prefab":{"__type__":"cc.PrefabInfo","root":{"__id__":1},"asset":{"__uuid__":"18uu1pvI9HJKugvkKyCEKc"},"fileId":"e33Q/ZzldD0JNhokWC99Du"},"_opacity":88,"_color":{"__type__":"cc.Color"},"_contentSize":{"__type__":"cc.Size","width":291,"height":251},"_trs":{"__type__":"TypedArray","ctor":"Float64Array","array":[10,-20,0,0,0,0,1,1,1,1]}},{"__type__":"cc.Node","_name":"t2","_parent":{"__id__":67},"_components":[{"__type__":"cc.Sprite","node":{"__id__":69},"_materials":[{"__uuid__":"ecpdLyjvZBwrvm+cedCcQy"}],"_spriteFrame":{"__uuid__":"c5NYgRBqRHaYp0tbXRfttx"}}],"_prefab":{"__type__":"cc.PrefabInfo","root":{"__id__":1},"asset":{"__uuid__":"18uu1pvI9HJKugvkKyCEKc"},"fileId":"129UuMY2dAc4DEXbmy/6+r"},"_contentSize":{"__type__":"cc.Size","width":291,"height":251},"_trs":{"__type__":"TypedArray","ctor":"Float64Array","array":[0,0,0,0,0,0,1,1,1,1]}},{"__type__":"cc.Node","_name":"$vip_win","_parent":{"__id__":3},"_children":[{"__id__":71},{"__id__":72}],"_active":false,"_prefab":{"__type__":"cc.PrefabInfo","root":{"__id__":1},"asset":{"__uuid__":"18uu1pvI9HJKugvkKyCEKc"},"fileId":"87MOi5lk9JV4ExvcYf5nm1"},"_trs":{"__type__":"TypedArray","ctor":"Float64Array","array":[0,0,0,0,0,0,1,1,1,1]}},{"__type__":"cc.Node","_name":"t1","_parent":{"__id__":70},"_components":[{"__type__":"cc.Sprite","node":{"__id__":71},"_materials":[{"__uuid__":"ecpdLyjvZBwrvm+cedCcQy"}],"_spriteFrame":{"__uuid__":"39rnpgZM1BoIuFccyBgRIY"}}],"_prefab":{"__type__":"cc.PrefabInfo","root":{"__id__":1},"asset":{"__uuid__":"18uu1pvI9HJKugvkKyCEKc"},"fileId":"733NqF9dtPMpIO30HqF+q4"},"_opacity":88,"_color":{"__type__":"cc.Color"},"_contentSize":{"__type__":"cc.Size","width":291,"height":251},"_trs":{"__type__":"TypedArray","ctor":"Float64Array","array":[10,-20,0,0,0,0,1,1,1,1]}},{"__type__":"cc.Node","_name":"t2","_parent":{"__id__":70},"_components":[{"__type__":"cc.Sprite","node":{"__id__":72},"_materials":[{"__uuid__":"ecpdLyjvZBwrvm+cedCcQy"}],"_spriteFrame":{"__uuid__":"39rnpgZM1BoIuFccyBgRIY"}}],"_prefab":{"__type__":"cc.PrefabInfo","root":{"__id__":1},"asset":{"__uuid__":"18uu1pvI9HJKugvkKyCEKc"},"fileId":"40f/nq2dVCq5r4+v0zhgbR"},"_contentSize":{"__type__":"cc.Size","width":291,"height":251},"_trs":{"__type__":"TypedArray","ctor":"Float64Array","array":[0,0,0,0,0,0,1,1,1,1]}}],{"__type__":"cc.BitmapFont","_name":"yellow","spriteFrame":{"__uuid__":"8efJw3IFlEW6+T5bQv2zKN"},"fontSize":29,"_fntConfig":{"commonHeight":28,"fontSize":29,"atlasName":"yellow_0.png","fontDefDictionary":{"48":{"rect":{"x":0,"y":0,"width":27,"height":29},"xOffset":0,"yOffset":0,"xAdvance":27},"49":{"rect":{"x":28,"y":0,"width":27,"height":29},"xOffset":0,"yOffset":0,"xAdvance":27},"50":{"rect":{"x":56,"y":0,"width":27,"height":29},"xOffset":0,"yOffset":0,"xAdvance":27},"51":{"rect":{"x":84,"y":0,"width":27,"height":29},"xOffset":0,"yOffset":0,"xAdvance":27},"52":{"rect":{"x":0,"y":30,"width":27,"height":29},"xOffset":0,"yOffset":0,"xAdvance":27},"53":{"rect":{"x":28,"y":30,"width":27,"height":29},"xOffset":0,"yOffset":0,"xAdvance":27},"54":{"rect":{"x":56,"y":30,"width":27,"height":29},"xOffset":0,"yOffset":0,"xAdvance":27},"55":{"rect":{"x":84,"y":30,"width":27,"height":29},"xOffset":0,"yOffset":0,"xAdvance":27},"56":{"rect":{"x":0,"y":60,"width":27,"height":29},"xOffset":0,"yOffset":0,"xAdvance":27},"57":{"rect":{"x":28,"y":60,"width":27,"height":29},"xOffset":0,"yOffset":0,"xAdvance":27}},"kerningDict":{}}},{"__type__":"cc.SpriteFrame","content":{"name":"帮我保星","texture":"18d37ab2d","rect":[669,540,213,60],"offset":[0,0],"originalSize":[213,60],"rotated":1,"capInsets":[0,0,0,0]}},{"__type__":"cc.SpriteFrame","content":{"name":"奖励：","texture":"18138cb60","rect":[133,987,62,29],"offset":[0,0],"originalSize":[62,29],"capInsets":[0,0,0,0]}},{"__type__":"cc.SpriteFrame","content":{"name":"VIP卡_02","texture":"1d5cbdd5b","rect":[3,3,291,251],"offset":[0,0],"originalSize":[291,251],"rotated":1,"capInsets":[0,0,0,0]}},{"__type__":"cc.SpriteFrame","content":{"name":"失败_再打一次","texture":"1e23cd0ad","rect":[675,894,289,110],"offset":[0,0],"originalSize":[289,110],"capInsets":[0,0,0,0]}},{"__type__":"cc.SpriteFrame","content":{"name":"排位赛_胜利_底板","texture":"18d37ab2d","rect":[3,3,750,531],"offset":[0,0],"originalSize":[750,531],"capInsets":[0,0,0,0]}},{"__type__":"cc.SpriteFrame","content":{"name":"奖励：","texture":"18138cb60","rect":[201,987,62,29],"offset":[0,0],"originalSize":[62,29],"capInsets":[0,0,0,0]}},{"__type__":"cc.SpriteFrame","content":{"name":"排位赛_胜利_金币","texture":"1e23cd0ad","rect":[887,514,81,80],"offset":[0,0],"originalSize":[81,80],"capInsets":[0,0,0,0]}},{"__type__":"cc.SpriteFrame","content":{"name":"星星1","texture":"1e23cd0ad","rect":[910,154,47,47],"offset":[0,0],"originalSize":[47,47],"capInsets":[0,0,0,0]}},{"__type__":"cc.SpriteFrame","content":{"name":"重新匹配","texture":"18138cb60","rect":[522,910,293,111],"offset":[0,0],"originalSize":[293,111],"capInsets":[0,0,0,0]}},{"__type__":"cc.SpriteFrame","content":{"name":"排位赛_失败_底板","texture":"1e23cd0ad","rect":[3,3,750,531],"offset":[0,0],"originalSize":[750,531],"capInsets":[0,0,0,0]}},{"__type__":"cc.SpriteFrame","content":{"name":"排位赛_失败_金币","texture":"1e23cd0ad","rect":[888,340,81,81],"offset":[0,0],"originalSize":[81,81],"capInsets":[0,0,0,0]}},{"__type__":"cc.SpriteFrame","content":{"name":"yellow_0","texture":"1d5cbdd5b","rect":[3,678,111,89],"offset":[-8.5,19.5],"originalSize":[128,128],"capInsets":[0,0,0,0]}},{"__type__":"cc.SpriteFrame","content":{"name":"光","texture":"18138cb60","rect":[522,120,389,390],"offset":[0,0],"originalSize":[389,390],"rotated":1,"capInsets":[0,0,0,0]}},{"__type__":"cc.SpriteFrame","content":{"name":"排位赛_胜利_建设币","texture":"1e23cd0ad","rect":[887,600,81,80],"offset":[0,0],"originalSize":[81,80],"capInsets":[0,0,0,0]}},{"__type__":"cc.SpriteFrame","content":{"name":"排位赛_失败_建设币","texture":"1e23cd0ad","rect":[888,427,81,81],"offset":[0,0],"originalSize":[81,81],"capInsets":[0,0,0,0]}},{"__type__":"cc.SpriteFrame","content":{"name":"VIP卡_01","texture":"1d5cbdd5b","rect":[3,300,291,251],"offset":[0,0],"originalSize":[291,251],"rotated":1,"capInsets":[0,0,0,0]}},{"__type__":"cc.SpriteFrame","content":{"name":"星星2","texture":"18138cb60","rect":[942,90,47,48],"offset":[0,0],"originalSize":[47,48],"rotated":1,"capInsets":[0,0,0,0]}},{"__type__":"cc.SpriteFrame","content":{"name":"排位赛按钮 - 001","texture":"1e23cd0ad","rect":[759,458,312,122],"offset":[0,0],"originalSize":[312,122],"rotated":1,"capInsets":[0,0,0,0]}},{"__type__":"cc.SpriteFrame","content":{"name":"光","texture":"18138cb60","rect":[522,515,389,390],"offset":[0,0],"originalSize":[389,390],"rotated":1,"capInsets":[0,0,0,0]}}]