[{"__type__":"cc.SpriteFrame","content":{"name":"cue_15","texture":"154da9b31","rect":[460,570,164,1468],"offset":[0,0],"originalSize":[164,1468],"capInsets":[0,0,0,0]}},[{"__type__":"cc.Prefab","_name":"Qiugan_15","data":{"__id__":1}},{"__type__":"cc.Node","_name":"Qiugan_15","_children":[{"__id__":2},{"__id__":3},{"__id__":4}],"_prefab":{"__type__":"cc.PrefabInfo","root":{"__id__":1},"asset":{"__uuid__":"c5ScwGn0VEEbwFYmlT5ps8"},"fileId":"8avTuledlJRp4Raa4AI5Eq"},"_contentSize":{"__type__":"cc.Size","height":1200},"_anchorPoint":{"__type__":"cc.Vec2","x":0.5},"_trs":{"__type__":"TypedArray","ctor":"Float64Array","array":[0,0,0,0,0,0,1,1,1,1]}},{"__type__":"cc.Node","_name":"Ball_yinying","_parent":{"__id__":1},"_components":[{"__type__":"cc.Sprite","node":{"__id__":2},"_materials":[{"__uuid__":"ecpdLyjvZBwrvm+cedCcQy"}],"_spriteFrame":{"__uuid__":"2eiYGVyaNCoKzPwxcwzZY4"},"_sizeMode":0}],"_prefab":{"__type__":"cc.PrefabInfo","root":{"__id__":1},"asset":{"__uuid__":"c5ScwGn0VEEbwFYmlT5ps8"},"fileId":"5eWJ+hjwBKmYubmHXPeg5d"},"_opacity":20,"_color":{"__type__":"cc.Color"},"_contentSize":{"__type__":"cc.Size","width":134,"height":1200},"_anchorPoint":{"__type__":"cc.Vec2","x":0.5},"_trs":{"__type__":"TypedArray","ctor":"Float64Array","array":[-40.491,-20.693,0,0,0,0,1,1,1,1]}},{"__type__":"cc.Node","_name":"Ball_1","_parent":{"__id__":1},"_components":[{"__type__":"cc.Sprite","node":{"__id__":3},"_materials":[{"__uuid__":"ecpdLyjvZBwrvm+cedCcQy"}],"_spriteFrame":{"__uuid__":"2eiYGVyaNCoKzPwxcwzZY4"},"_sizeMode":0}],"_prefab":{"__type__":"cc.PrefabInfo","root":{"__id__":1},"asset":{"__uuid__":"c5ScwGn0VEEbwFYmlT5ps8"},"fileId":"63aqHi/HhCG4LgAlhnhNUv"},"_contentSize":{"__type__":"cc.Size","width":134,"height":1200},"_anchorPoint":{"__type__":"cc.Vec2","x":0.5},"_trs":{"__type__":"TypedArray","ctor":"Float64Array","array":[-2.3,21.835,0,0,0,0,1,1,1,1]}},{"__type__":"cc.Node","_name":"Dot","_parent":{"__id__":1},"_components":[{"__type__":"cc.ParticleSystem","node":{"__id__":4},"_materials":[{"__uuid__":"ecpdLyjvZBwrvm+cedCcQy"}],"_dstBlendFactor":1,"_custom":true,"_file":{"__uuid__":"b2aHrECZ5APKGS/0d2hvT1"},"_spriteFrame":{"__uuid__":"47LfXTNedBhJ5sf0G+5l7j"},"totalParticles":30,"emissionRate":100,"life":0.20000000298023224,"lifeVar":0.5,"_startColor":{"__type__":"cc.Color","r":202,"g":200,"b":86,"a":163},"_startColorVar":{"__type__":"cc.Color","r":202,"g":200,"b":86,"a":163},"_endColor":{"__type__":"cc.Color","r":255,"g":255,"b":255,"a":163},"_endColorVar":{"__type__":"cc.Color","a":163},"angle":360,"angleVar":360,"startSize":10,"startSizeVar":50,"endSize":30.31999969482422,"startSpin":-47.369998931884766,"endSpin":-47.369998931884766,"endSpinVar":-142.11000061035156,"posVar":{"__type__":"cc.Vec2","x":7,"y":15},"_positionType":1,"positionType":1,"gravity":{"__type__":"cc.Vec2","x":0.25,"y":0.8600000143051147},"speed":0,"speedVar":190,"tangentialAccel":-50,"tangentialAccelVar":70,"radialAccel":-650,"radialAccelVar":65}],"_prefab":{"__type__":"cc.PrefabInfo","root":{"__id__":1},"asset":{"__uuid__":"c5ScwGn0VEEbwFYmlT5ps8"},"fileId":"a2YZr8U99PmYqgqK9UtN6L"},"_trs":{"__type__":"TypedArray","ctor":"Float64Array","array":[-2.964,1168.8,0,0,0,0,1,1,1,1]}}]]