[[{"__type__":"cc.Prefab","_name":"challenge_node","data":{"__id__":1}},{"__type__":"cc.Node","_name":"challenge_node","_children":[{"__id__":2},{"__id__":3}],"_components":[{"__type__":"cc.Mask","node":{"__id__":1},"_materials":[{"__uuid__":"ecpdLyjvZBwrvm+cedCcQy"}],"_spriteFrame":{"__uuid__":"fcKJsE46ZPa56UHzrnn9fJ"},"_type":2,"_N$alphaThreshold":0.6}],"_prefab":{"__type__":"cc.PrefabInfo","root":{"__id__":1},"asset":{"__uuid__":"52UpuTuidDpbUUerg/rALX"},"fileId":"dafkaDXYVE2YjOoWQEgBzo"},"_contentSize":{"__type__":"cc.Size","width":513,"height":978},"_trs":{"__type__":"TypedArray","ctor":"Float64Array","array":[1,-6,0,0,0,0,1,1,1,1]}},{"__type__":"cc.Node","_name":"range_bg","_parent":{"__id__":1},"_components":[{"__type__":"cc.Sprite","node":{"__id__":2},"_materials":[{"__uuid__":"ecpdLyjvZBwrvm+cedCcQy"}],"_spriteFrame":{"__uuid__":"e4uL15cAdB1K7HH786nxOn"}}],"_prefab":{"__type__":"cc.PrefabInfo","root":{"__id__":1},"asset":{"__uuid__":"52UpuTuidDpbUUerg/rALX"},"fileId":"aa1/aXYINJZJQzyLqMD4kc"},"_contentSize":{"__type__":"cc.Size","width":257,"height":257},"_trs":{"__type__":"TypedArray","ctor":"Float64Array","array":[48.71,-199.562,0,0,0,0,1,1,1,1]}},{"__type__":"cc.Node","_name":"range","_parent":{"__id__":1},"_components":[{"__type__":"cc.Sprite","node":{"__id__":3},"_materials":[{"__uuid__":"ecpdLyjvZBwrvm+cedCcQy"}],"_spriteFrame":{"__uuid__":"c0biqHUutO/bH36Az1Vwfc"}}],"_prefab":{"__type__":"cc.PrefabInfo","root":{"__id__":1},"asset":{"__uuid__":"52UpuTuidDpbUUerg/rALX"},"fileId":"a1dbKBPN1M/ZJ3wtovf/mI"},"_contentSize":{"__type__":"cc.Size","width":107,"height":107},"_trs":{"__type__":"TypedArray","ctor":"Float64Array","array":[48.71,-199.562,0,0,0,0,1,1,1,1]}}],{"__type__":"cc.SpriteFrame","content":{"name":"区域内","texture":"18138cb60","rect":[821,910,107,107],"offset":[0,0],"originalSize":[107,107],"capInsets":[0,0,0,0]}},{"__type__":"cc.SpriteFrame","content":{"name":"区域外","texture":"18d37ab2d","rect":[759,759,257,257],"offset":[0,0],"originalSize":[257,257],"capInsets":[0,0,0,0]}},{"__type__":"cc.SpriteFrame","content":{"name":"range_mask","texture":"18138cb60","rect":[3,3,513,978],"offset":[0,0],"originalSize":[513,978],"capInsets":[0,0,0,0]}}]