[{"__type__":"cc.SpriteFrame","content":{"name":"e85e78ca-df41-4e98-864b-5699a587232c_13","texture":"1e1af1cd1","rect":[882,849,125,125],"offset":[0,0],"originalSize":[125,125],"capInsets":[0,0,0,0]}},{"__type__":"cc.SpriteFrame","content":{"name":"e85e78ca-df41-4e98-864b-5699a587232c_02","texture":"12c1825a1","rect":[882,848,125,125],"offset":[0,0],"originalSize":[125,125],"capInsets":[0,0,0,0]}},{"__type__":"cc.SpriteFrame","content":{"name":"e85e78ca-df41-4e98-864b-5699a587232c_03","texture":"11f4261cf","rect":[589,847,125,125],"offset":[0,0],"originalSize":[125,125],"capInsets":[0,0,0,0]}},{"__type__":"cc.SpriteFrame","content":{"name":"e85e78ca-df41-4e98-864b-5699a587232c_09","texture":"11f4261cf","rect":[780,296,125,125],"offset":[0,0],"originalSize":[125,125],"capInsets":[0,0,0,0]}},{"__type__":"cc.SpriteFrame","content":{"name":"e85e78ca-df41-4e98-864b-5699a587232c_10","texture":"129f1f205","rect":[129,3,125,125],"offset":[0,0],"originalSize":[125,125],"capInsets":[0,0,0,0]}},{"__type__":"cc.SpriteFrame","content":{"name":"e85e78ca-df41-4e98-864b-5699a587232c_14","texture":"129f1f205","rect":[784,3,125,125],"offset":[0,0],"originalSize":[125,125],"capInsets":[0,0,0,0]}},{"__type__":"cc.SpriteFrame","content":{"name":"e85e78ca-df41-4e98-864b-5699a587232c_08","texture":"129f1f205","rect":[3,134,125,125],"offset":[0,0],"originalSize":[125,125],"capInsets":[0,0,0,0]}},{"__type__":"cc.SpriteFrame","content":{"name":"e85e78ca-df41-4e98-864b-5699a587232c_06","texture":"129f1f205","rect":[134,134,125,125],"offset":[0,0],"originalSize":[125,125],"capInsets":[0,0,0,0]}},{"__type__":"cc.SpriteFrame","content":{"name":"e85e78ca-df41-4e98-864b-5699a587232c_04","texture":"129f1f205","rect":[527,134,125,125],"offset":[0,0],"originalSize":[125,125],"capInsets":[0,0,0,0]}},{"__type__":"cc.SpriteFrame","content":{"name":"e85e78ca-df41-4e98-864b-5699a587232c_05","texture":"129f1f205","rect":[789,134,125,125],"offset":[0,0],"originalSize":[125,125],"capInsets":[0,0,0,0]}},{"__type__":"cc.SpriteFrame","content":{"name":"e85e78ca-df41-4e98-864b-5699a587232c_12","texture":"129f1f205","rect":[3,265,125,125],"offset":[0,0],"originalSize":[125,125],"capInsets":[0,0,0,0]}},{"__type__":"cc.SpriteFrame","content":{"name":"e85e78ca-df41-4e98-864b-5699a587232c_01","texture":"129f1f205","rect":[134,265,125,125],"offset":[0,0],"originalSize":[125,125],"capInsets":[0,0,0,0]}},{"__type__":"cc.SpriteFrame","content":{"name":"e85e78ca-df41-4e98-864b-5699a587232c_11","texture":"129f1f205","rect":[396,265,125,125],"offset":[0,0],"originalSize":[125,125],"capInsets":[0,0,0,0]}},{"__type__":"cc.SpriteFrame","content":{"name":"e85e78ca-df41-4e98-864b-5699a587232c_15","texture":"129f1f205","rect":[3,396,125,125],"offset":[0,0],"originalSize":[125,125],"capInsets":[0,0,0,0]}},{"__type__":"cc.SpriteFrame","content":{"name":"e85e78ca-df41-4e98-864b-5699a587232c_07","texture":"129f1f205","rect":[265,396,125,125],"offset":[0,0],"originalSize":[125,125],"capInsets":[0,0,0,0]}},{"__type__":"cc.SpriteFrame","content":{"name":"e85e78ca-df41-4e98-864b-5699a587232c_16","texture":"129f1f205","rect":[527,396,125,125],"offset":[0,0],"originalSize":[125,125],"capInsets":[0,0,0,0]}}]