[{"__type__":"cc.SpriteFrame","content":{"name":"Qiugan_5_0025","texture":"12c1825a1","rect":[878,589,126,253],"offset":[0,0],"originalSize":[126,253],"capInsets":[0,0,0,0]}},{"__type__":"cc.SpriteFrame","content":{"name":"Qiugan_5_0009","texture":"11f4261cf","rect":[756,775,126,253],"offset":[0,0],"originalSize":[126,253],"rotated":1,"capInsets":[0,0,0,0]}},{"__type__":"cc.SpriteFrame","content":{"name":"Qiugan_5_0055","texture":"170ee17f0","rect":[882,3,126,253],"offset":[0,0],"originalSize":[126,253],"capInsets":[0,0,0,0]}},{"__type__":"cc.SpriteFrame","content":{"name":"Qiugan_5_0015","texture":"170ee17f0","rect":[882,262,126,253],"offset":[0,0],"originalSize":[126,253],"capInsets":[0,0,0,0]}},{"__type__":"cc.SpriteFrame","content":{"name":"Qiugan_5_0021","texture":"170ee17f0","rect":[882,521,126,253],"offset":[0,0],"originalSize":[126,253],"capInsets":[0,0,0,0]}},{"__type__":"cc.SpriteFrame","content":{"name":"Qiugan_5_0053","texture":"129f1f205","rect":[789,396,126,253],"offset":[0,0],"originalSize":[126,253],"capInsets":[0,0,0,0]}},{"__type__":"cc.SpriteFrame","content":{"name":"Qiugan_5_0043","texture":"129f1f205","rect":[3,527,126,253],"offset":[0,0],"originalSize":[126,253],"rotated":1,"capInsets":[0,0,0,0]}},{"__type__":"cc.SpriteFrame","content":{"name":"Qiugan_5_0037","texture":"129f1f205","rect":[262,527,126,253],"offset":[0,0],"originalSize":[126,253],"rotated":1,"capInsets":[0,0,0,0]}},{"__type__":"cc.SpriteFrame","content":{"name":"Qiugan_5_0033","texture":"129f1f205","rect":[521,527,126,253],"offset":[0,0],"originalSize":[126,253],"rotated":1,"capInsets":[0,0,0,0]}},{"__type__":"cc.SpriteFrame","content":{"name":"Qiugan_5_0007","texture":"129f1f205","rect":[3,659,126,253],"offset":[0,0],"originalSize":[126,253],"rotated":1,"capInsets":[0,0,0,0]}},{"__type__":"cc.SpriteFrame","content":{"name":"Qiugan_5_0017","texture":"129f1f205","rect":[262,659,126,253],"offset":[0,0],"originalSize":[126,253],"rotated":1,"capInsets":[0,0,0,0]}},{"__type__":"cc.SpriteFrame","content":{"name":"Qiugan_5_0023","texture":"129f1f205","rect":[521,659,126,253],"offset":[0,0],"originalSize":[126,253],"rotated":1,"capInsets":[0,0,0,0]}},{"__type__":"cc.SpriteFrame","content":{"name":"Qiugan_5_0029","texture":"129f1f205","rect":[780,655,126,253],"offset":[0,0],"originalSize":[126,253],"capInsets":[0,0,0,0]}},{"__type__":"cc.SpriteFrame","content":{"name":"Qiugan_5_0003","texture":"129f1f205","rect":[3,791,126,253],"offset":[0,0],"originalSize":[126,253],"rotated":1,"capInsets":[0,0,0,0]}},{"__type__":"cc.SpriteFrame","content":{"name":"Qiugan_5_0031","texture":"129f1f205","rect":[262,791,126,253],"offset":[0,0],"originalSize":[126,253],"rotated":1,"capInsets":[0,0,0,0]}},{"__type__":"cc.SpriteFrame","content":{"name":"Qiugan_5_0019","texture":"129f1f205","rect":[521,791,126,253],"offset":[0,0],"originalSize":[126,253],"rotated":1,"capInsets":[0,0,0,0]}},{"__type__":"cc.SpriteFrame","content":{"name":"Qiugan_5_0035","texture":"16b407609","rect":[3,775,126,253],"offset":[0,0],"originalSize":[126,253],"rotated":1,"capInsets":[0,0,0,0]}},{"__type__":"cc.SpriteFrame","content":{"name":"Qiugan_5_0011","texture":"16b407609","rect":[262,775,126,253],"offset":[0,0],"originalSize":[126,253],"rotated":1,"capInsets":[0,0,0,0]}},{"__type__":"cc.SpriteFrame","content":{"name":"Qiugan_5_0005","texture":"16b407609","rect":[780,3,126,253],"offset":[0,0],"originalSize":[126,253],"capInsets":[0,0,0,0]}},{"__type__":"cc.SpriteFrame","content":{"name":"Qiugan_5_0001","texture":"16b407609","rect":[780,262,126,253],"offset":[0,0],"originalSize":[126,253],"capInsets":[0,0,0,0]}},{"__type__":"cc.SpriteFrame","content":{"name":"Qiugan_5_0013","texture":"16b407609","rect":[521,775,126,253],"offset":[0,0],"originalSize":[126,253],"rotated":1,"capInsets":[0,0,0,0]}},{"__type__":"cc.SpriteFrame","content":{"name":"Qiugan_5_0027","texture":"16b407609","rect":[780,521,126,253],"offset":[0,0],"originalSize":[126,253],"capInsets":[0,0,0,0]}},{"__type__":"cc.SpriteFrame","content":{"name":"Qiugan_5_0049","texture":"189104332","rect":[3,775,126,253],"offset":[0,0],"originalSize":[126,253],"rotated":1,"capInsets":[0,0,0,0]}},{"__type__":"cc.SpriteFrame","content":{"name":"Qiugan_5_0041","texture":"189104332","rect":[262,775,126,253],"offset":[0,0],"originalSize":[126,253],"rotated":1,"capInsets":[0,0,0,0]}},{"__type__":"cc.SpriteFrame","content":{"name":"Qiugan_5_0045","texture":"189104332","rect":[780,3,126,253],"offset":[0,0],"originalSize":[126,253],"capInsets":[0,0,0,0]}},{"__type__":"cc.SpriteFrame","content":{"name":"Qiugan_5_0051","texture":"189104332","rect":[780,262,126,253],"offset":[0,0],"originalSize":[126,253],"capInsets":[0,0,0,0]}},{"__type__":"cc.SpriteFrame","content":{"name":"Qiugan_5_0039","texture":"189104332","rect":[521,775,126,253],"offset":[0,0],"originalSize":[126,253],"rotated":1,"capInsets":[0,0,0,0]}},{"__type__":"cc.SpriteFrame","content":{"name":"Qiugan_5_0047","texture":"189104332","rect":[780,521,126,253],"offset":[0,0],"originalSize":[126,253],"capInsets":[0,0,0,0]}}]