[{"__type__":"cc.SpriteFrame","content":{"name":"增加按钮","texture":"14c0017fb","rect":[484,927,46,49],"offset":[0,0],"originalSize":[46,49],"rotated":1,"capInsets":[0,0,0,0]}},{"__type__":"cc.SpriteFrame","content":{"name":"建筑币","texture":"14c0017fb","rect":[632,156,51,58],"offset":[0,0],"originalSize":[51,58],"rotated":1,"capInsets":[0,0,0,0]}},{"__type__":"cc.SpriteFrame","content":{"name":"金币","texture":"14c0017fb","rect":[631,270,57,57],"offset":[0,0],"originalSize":[57,57],"capInsets":[0,0,0,0]}},{"__type__":"cc.SpriteFrame","content":{"name":"货币框","texture":"14c0017fb","rect":[109,855,174,41],"offset":[0,0],"originalSize":[174,41],"capInsets":[0,0,0,0]}}]