[{"__type__":"cc.SpriteFrame","content":{"name":"内容","texture":"1ee961467","rect":[3,160,552,244],"offset":[0,0],"originalSize":[552,244],"capInsets":[0,0,0,0]}},{"__type__":"cc.SpriteFrame","content":{"name":"每日挑战","texture":"1ee961467","rect":[292,517,184,48],"offset":[0,0],"originalSize":[184,48],"capInsets":[0,0,0,0]}},{"__type__":"cc.SpriteFrame","content":{"name":"奖励","texture":"13ca4574f","rect":[672,789,71,33],"offset":[0,0],"originalSize":[71,33],"rotated":1,"capInsets":[0,0,0,0]}},{"__type__":"cc.SpriteFrame","content":{"name":"开始挑战2","texture":"1ba580ca6","rect":[640,130,315,121],"offset":[0,0],"originalSize":[315,121],"capInsets":[0,0,0,0]}},{"__type__":"cc.SpriteFrame","content":{"name":"再次挑战","texture":"1ee961467","rect":[588,113,315,121],"offset":[0,0],"originalSize":[315,121],"capInsets":[0,0,0,0]}},[{"__type__":"cc.Prefab","_name":"challengeLayer","data":{"__id__":1}},{"__type__":"cc.Node","_name":"challengeLayer","_children":[{"__id__":2},{"__id__":3}],"_components":[{"__type__":"cc.Widget","node":{"__id__":1},"_alignFlags":45},{"__type__":"cc.BlockInputEvents","node":{"__id__":1}},{"__type__":"a0d35bdHnJF57NkyIFIrOZM","node":{"__id__":1}}],"_prefab":{"__type__":"cc.PrefabInfo","root":{"__id__":1},"asset":{"__uuid__":"adCEjh2wBHl5yzK665wuCm"},"fileId":"b2ZI9uCE5Au74Q/STRz0iL"},"_contentSize":{"__type__":"cc.Size","width":750,"height":1334},"_trs":{"__type__":"TypedArray","ctor":"Float64Array","array":[375,667,0,0,0,0,1,1,1,1]}},{"__type__":"cc.Node","_name":"mask","_parent":{"__id__":1},"_components":[{"__type__":"cc.Sprite","node":{"__id__":2},"_materials":[{"__uuid__":"ecpdLyjvZBwrvm+cedCcQy"}],"_spriteFrame":{"__uuid__":"fdZ+FLNoFGtYmgI6Rsppg4"},"_type":1,"_sizeMode":0,"_isTrimmedMode":false},{"__type__":"cc.Button","node":{"__id__":2},"_N$normalColor":{"__type__":"cc.Color","r":214,"g":214,"b":214},"_N$target":{"__id__":2}},{"__type__":"cc.Widget","node":{"__id__":2},"_alignFlags":45,"_left":-1,"_right":-1,"_top":-1,"_bottom":-1,"_originalWidth":16,"_originalHeight":16}],"_prefab":{"__type__":"cc.PrefabInfo","root":{"__id__":1},"asset":{"__uuid__":"adCEjh2wBHl5yzK665wuCm"},"fileId":"67EbqYNDxBRautS9PwfMF8"},"_opacity":180,"_contentSize":{"__type__":"cc.Size","width":752,"height":1336},"_trs":{"__type__":"TypedArray","ctor":"Float64Array","array":[0,0,0,0,0,0,1,1,1,1]}},{"__type__":"cc.Node","_name":"dialog","_parent":{"__id__":1},"_children":[{"__id__":4},{"__id__":24}],"_components":[{"__type__":"96549DGCmlIcZghb3AfRGQI","node":{"__id__":3}}],"_prefab":{"__type__":"cc.PrefabInfo","root":{"__id__":1},"asset":{"__uuid__":"adCEjh2wBHl5yzK665wuCm"},"fileId":"19pEruYqhJjrAkAknf+vUE"},"_trs":{"__type__":"TypedArray","ctor":"Float64Array","array":[0,0,0,0,0,0,1,1,1,1]}},{"__type__":"cc.Node","_name":"contents","_parent":{"__id__":3},"_children":[{"__id__":5},{"__id__":6},{"__id__":7},{"__id__":8},{"__id__":10},{"__id__":11},{"__id__":12},{"__id__":13},{"__id__":16},{"__id__":18},{"__id__":20}],"_components":[{"__type__":"09bd4f7l0NPfpseMfFdw+uE","node":{"__id__":4}},{"__type__":"cc.BlockInputEvents","node":{"__id__":4}}],"_prefab":{"__type__":"cc.PrefabInfo","root":{"__id__":1},"asset":{"__uuid__":"adCEjh2wBHl5yzK665wuCm"},"fileId":"51qPXPM9RH6blewgAKdmh5"},"_contentSize":{"__type__":"cc.Size","width":625,"height":771},"_trs":{"__type__":"TypedArray","ctor":"Float64Array","array":[0,78.365,0,0,0,0,1,1,1,1]}},{"__type__":"cc.Node","_name":"bg","_parent":{"__id__":4},"_components":[{"__type__":"cc.Sprite","node":{"__id__":5},"_materials":[{"__uuid__":"ecpdLyjvZBwrvm+cedCcQy"}],"_spriteFrame":{"__uuid__":"7eUA/ecqtKJbHxsn0n8WHp"},"_type":1,"_sizeMode":0,"_isTrimmedMode":false}],"_prefab":{"__type__":"cc.PrefabInfo","root":{"__id__":1},"asset":{"__uuid__":"adCEjh2wBHl5yzK665wuCm"},"fileId":"24NmMqu0hBcJJ/rVpJsLQs"},"_contentSize":{"__type__":"cc.Size","width":625,"height":771},"_trs":{"__type__":"TypedArray","ctor":"Float64Array","array":[0,1,0,0,0,0,1,1,1,1]}},{"__type__":"cc.Node","_name":"title_light","_parent":{"__id__":4},"_components":[{"__type__":"ade161OMgVMKpmjDqerbeZb","node":{"__id__":6},"_prefab":{"__uuid__":"a9R2AW7eJGzoql/lnwjPLu"}}],"_prefab":{"__type__":"cc.PrefabInfo","root":{"__id__":1},"asset":{"__uuid__":"adCEjh2wBHl5yzK665wuCm"},"fileId":"a2XYFw2LRMnaimF4lfkvCQ"},"_contentSize":{"__type__":"cc.Size","width":616,"height":104},"_trs":{"__type__":"TypedArray","ctor":"Float64Array","array":[0.9,332,0,0,0,0,1,1,1,1]}},{"__type__":"cc.Node","_name":"title","_parent":{"__id__":4},"_components":[{"__type__":"cc.Sprite","node":{"__id__":7},"_materials":[{"__uuid__":"ecpdLyjvZBwrvm+cedCcQy"}],"_spriteFrame":{"__uuid__":"33m0odTJhJEp8FeQz0CMrO"}}],"_prefab":{"__type__":"cc.PrefabInfo","root":{"__id__":1},"asset":{"__uuid__":"adCEjh2wBHl5yzK665wuCm"},"fileId":"21Hb+rb0hLpYA9tEGXyYBH"},"_contentSize":{"__type__":"cc.Size","width":184,"height":48},"_trs":{"__type__":"TypedArray","ctor":"Float64Array","array":[0,330,0,0,0,0,1,1,1,1]}},{"__type__":"cc.Node","_name":"close_btn","_parent":{"__id__":4},"_children":[{"__id__":9}],"_components":[{"__type__":"cc.Button","node":{"__id__":8},"zoomScale":1.1,"_N$transition":3,"transition":3}],"_prefab":{"__type__":"cc.PrefabInfo","root":{"__id__":1},"asset":{"__uuid__":"adCEjh2wBHl5yzK665wuCm"},"fileId":"d5Ze+wp4dPfKhTKbN9NZ6Y"},"_contentSize":{"__type__":"cc.Size","width":98,"height":98},"_trs":{"__type__":"TypedArray","ctor":"Float64Array","array":[259.748,330,0,0,0,0,1,1,1,0]}},{"__type__":"cc.Node","_name":"text","_parent":{"__id__":8},"_components":[{"__type__":"cc.Sprite","node":{"__id__":9},"_materials":[{"__uuid__":"ecpdLyjvZBwrvm+cedCcQy"}],"_spriteFrame":{"__uuid__":"e2qKO1X95Gk6tYQAVxQ0sN"}}],"_prefab":{"__type__":"cc.PrefabInfo","root":{"__id__":1},"asset":{"__uuid__":"adCEjh2wBHl5yzK665wuCm"},"fileId":"b17NgnN8hIx4Q8QChIMWF/"},"_contentSize":{"__type__":"cc.Size","width":38,"height":38},"_trs":{"__type__":"TypedArray","ctor":"Float64Array","array":[0,0,0,0,0,0,1,1,1,1]}},{"__type__":"cc.Node","_name":"panel_bg","_parent":{"__id__":4},"_components":[{"__type__":"cc.Sprite","node":{"__id__":10},"_materials":[{"__uuid__":"ecpdLyjvZBwrvm+cedCcQy"}],"_spriteFrame":{"__uuid__":"81pgx284hKz4Tlrqr1L8Zo"},"_type":1,"_sizeMode":0}],"_prefab":{"__type__":"cc.PrefabInfo","root":{"__id__":1},"asset":{"__uuid__":"adCEjh2wBHl5yzK665wuCm"},"fileId":"d9SNL59n5DgoWuAZsYuqqi"},"_contentSize":{"__type__":"cc.Size","width":589,"height":492},"_trs":{"__type__":"TypedArray","ctor":"Float64Array","array":[0,13.751,0,0,0,0,1,1,1,1]}},{"__type__":"cc.Node","_name":"内容","_parent":{"__id__":4},"_components":[{"__type__":"cc.Sprite","node":{"__id__":11},"_materials":[{"__uuid__":"ecpdLyjvZBwrvm+cedCcQy"}],"_spriteFrame":{"__uuid__":"22q14C7JpD9JtY6KVLpLiZ"}}],"_prefab":{"__type__":"cc.PrefabInfo","root":{"__id__":1},"asset":{"__uuid__":"adCEjh2wBHl5yzK665wuCm"},"fileId":"8dtUzJcz5IxpohNxggOnE8"},"_contentSize":{"__type__":"cc.Size","width":552,"height":244},"_trs":{"__type__":"TypedArray","ctor":"Float64Array","array":[0,116.094,0,0,0,0,1,1,1,1]}},{"__type__":"cc.Node","_name":"奖励","_parent":{"__id__":4},"_components":[{"__type__":"cc.Sprite","node":{"__id__":12},"_materials":[{"__uuid__":"ecpdLyjvZBwrvm+cedCcQy"}],"_spriteFrame":{"__uuid__":"52u6QQfJpLV4vav3Ac1aPX"}}],"_prefab":{"__type__":"cc.PrefabInfo","root":{"__id__":1},"asset":{"__uuid__":"adCEjh2wBHl5yzK665wuCm"},"fileId":"2fRHHi9LlM05HsAV4a8kk3"},"_contentSize":{"__type__":"cc.Size","width":71,"height":33},"_trs":{"__type__":"TypedArray","ctor":"Float64Array","array":[-234.421,-40.186,0,0,0,0,1,1,1,1]}},{"__type__":"cc.Node","_name":"item_list","_parent":{"__id__":4},"_children":[{"__id__":14}],"_components":[{"__type__":"cc.Layout","node":{"__id__":13},"_layoutSize":{"__type__":"cc.Size","width":122},"_resize":1,"_N$layoutType":1,"_N$spacingX":18},{"__type__":"65bccQ0O1NBZLXfma2oif+T","node":{"__id__":13}}],"_prefab":{"__type__":"cc.PrefabInfo","root":{"__id__":1},"asset":{"__uuid__":"adCEjh2wBHl5yzK665wuCm"},"fileId":"1bjWfcq8RDkqix3m4AQAn5"},"_contentSize":{"__type__":"cc.Size","width":122},"_trs":{"__type__":"TypedArray","ctor":"Float64Array","array":[0,-135.741,0,0,0,0,1,1,1,1]}},{"__type__":"cc.Node","_name":"item","_parent":{"__id__":13},"_children":[{"__id__":15}],"_components":[{"__type__":"cc.Sprite","node":{"__id__":14},"_materials":[{"__uuid__":"ecpdLyjvZBwrvm+cedCcQy"}]},{"__type__":"efef2kaR59F1Ybs0KySzxdi","node":{"__id__":14}}],"_prefab":{"__type__":"cc.PrefabInfo","root":{"__id__":1},"asset":{"__uuid__":"adCEjh2wBHl5yzK665wuCm"},"fileId":"21f7F6rs1JbLAvjpuxxmf8"},"_contentSize":{"__type__":"cc.Size","width":122,"height":112},"_trs":{"__type__":"TypedArray","ctor":"Float64Array","array":[0,0,0,0,0,0,1,1,1,1]}},{"__type__":"cc.Node","_name":"label","_parent":{"__id__":14},"_components":[{"__type__":"cc.Label","node":{"__id__":15},"_materials":[{"__uuid__":"ecpdLyjvZBwrvm+cedCcQy"}],"_useOriginalSize":false,"_string":"2","_N$string":"2","_fontSize":25,"_lineHeight":26,"_N$horizontalAlign":1,"_N$verticalAlign":1},{"__type__":"cc.LabelOutline","node":{"__id__":15},"_color":{"__type__":"cc.Color","r":29,"g":85,"b":124},"_width":2}],"_prefab":{"__type__":"cc.PrefabInfo","root":{"__id__":1},"asset":{"__uuid__":"adCEjh2wBHl5yzK665wuCm"},"fileId":"93QBA00OBFFJ8pDF3kc8KG"},"_contentSize":{"__type__":"cc.Size","width":17.9,"height":36.76},"_trs":{"__type__":"TypedArray","ctor":"Float64Array","array":[39.732,-32.197,0,0,0,0,1,1,1,1]}},{"__type__":"cc.Node","_name":"gray_btn","_parent":{"__id__":4},"_children":[{"__id__":17}],"_components":[{"__type__":"cc.Button","node":{"__id__":16},"_normalMaterial":{"__uuid__":"ecpdLyjvZBwrvm+cedCcQy"},"zoomScale":1.1,"_N$transition":3,"transition":3}],"_prefab":{"__type__":"cc.PrefabInfo","root":{"__id__":1},"asset":{"__uuid__":"adCEjh2wBHl5yzK665wuCm"},"fileId":"7chlhVaKlO2o8oy/ryirQh"},"_contentSize":{"__type__":"cc.Size","width":295,"height":102},"_trs":{"__type__":"TypedArray","ctor":"Float64Array","array":[0,-306.745,0,0,0,0,1,1,1,0]}},{"__type__":"cc.Node","_name":"text","_parent":{"__id__":16},"_components":[{"__type__":"cc.Sprite","node":{"__id__":17},"_materials":[{"__uuid__":"ecpdLyjvZBwrvm+cedCcQy"}],"_spriteFrame":{"__uuid__":"18o75XvZRIm7WgIFMMxQXK"}}],"_prefab":{"__type__":"cc.PrefabInfo","root":{"__id__":1},"asset":{"__uuid__":"adCEjh2wBHl5yzK665wuCm"},"fileId":"8cO7bGHghHS6ZkSU8nmx5d"},"_contentSize":{"__type__":"cc.Size","width":315,"height":121},"_trs":{"__type__":"TypedArray","ctor":"Float64Array","array":[0,-9,0,0,0,0,1,1,1,1]}},{"__type__":"cc.Node","_name":"start_btn","_parent":{"__id__":4},"_children":[{"__id__":19}],"_components":[{"__type__":"cc.Button","node":{"__id__":18},"_normalMaterial":{"__uuid__":"ecpdLyjvZBwrvm+cedCcQy"},"zoomScale":1.1,"clickEvents":[{"__type__":"cc.ClickEvent","target":{"__id__":1},"_componentId":"a0d35bdHnJF57NkyIFIrOZM","handler":"onStartBtnClick"}],"_N$transition":3,"transition":3}],"_prefab":{"__type__":"cc.PrefabInfo","root":{"__id__":1},"asset":{"__uuid__":"adCEjh2wBHl5yzK665wuCm"},"fileId":"9dqcyNb+9NtYVahHFpoM38"},"_contentSize":{"__type__":"cc.Size","width":295,"height":102},"_trs":{"__type__":"TypedArray","ctor":"Float64Array","array":[0,-306.745,0,0,0,0,1,1,1,0]}},{"__type__":"cc.Node","_name":"text","_parent":{"__id__":18},"_components":[{"__type__":"cc.Sprite","node":{"__id__":19},"_materials":[{"__uuid__":"ecpdLyjvZBwrvm+cedCcQy"}],"_spriteFrame":{"__uuid__":"7aikCC2nZCXpnO20DKvBGb"}}],"_prefab":{"__type__":"cc.PrefabInfo","root":{"__id__":1},"asset":{"__uuid__":"adCEjh2wBHl5yzK665wuCm"},"fileId":"51TbGRyctBMZRPFEEX/Rkt"},"_contentSize":{"__type__":"cc.Size","width":315,"height":121},"_trs":{"__type__":"TypedArray","ctor":"Float64Array","array":[0,-9,0,0,0,0,1,1,1,1]}},{"__type__":"cc.Node","_name":"retry_btn","_parent":{"__id__":4},"_children":[{"__id__":21},{"__id__":22},{"__id__":23}],"_components":[{"__type__":"cc.Button","node":{"__id__":20},"_normalMaterial":{"__uuid__":"ecpdLyjvZBwrvm+cedCcQy"},"zoomScale":1.1,"_N$transition":3,"transition":3},{"__type__":"3a0bdMWXApFAIRZFct2j8zt","node":{"__id__":20},"callback":{"__type__":"cc.ClickEvent","target":{"__id__":1},"_componentId":"a0d35bdHnJF57NkyIFIrOZM","handler":"onRewardCallback"},"autoRefresh":true}],"_prefab":{"__type__":"cc.PrefabInfo","root":{"__id__":1},"asset":{"__uuid__":"adCEjh2wBHl5yzK665wuCm"},"fileId":"e5hCodCydPpIxqEB+sTYUm"},"_contentSize":{"__type__":"cc.Size","width":295,"height":102},"_trs":{"__type__":"TypedArray","ctor":"Float64Array","array":[0,-306.745,0,0,0,0,1,1,1,0]}},{"__type__":"cc.Node","_name":"text","_parent":{"__id__":20},"_components":[{"__type__":"cc.Sprite","node":{"__id__":21},"_materials":[{"__uuid__":"ecpdLyjvZBwrvm+cedCcQy"}],"_spriteFrame":{"__uuid__":"aaYZmJfhhMQ5BQk8S91C81"}}],"_prefab":{"__type__":"cc.PrefabInfo","root":{"__id__":1},"asset":{"__uuid__":"adCEjh2wBHl5yzK665wuCm"},"fileId":"3e79QJFy5LOZNWCtUiHDhF"},"_contentSize":{"__type__":"cc.Size","width":315,"height":121},"_trs":{"__type__":"TypedArray","ctor":"Float64Array","array":[0,-9,0,0,0,0,1,1,1,1]}},{"__type__":"cc.Node","_name":"video","_parent":{"__id__":20},"_components":[{"__type__":"cc.Sprite","node":{"__id__":22},"_materials":[{"__uuid__":"ecpdLyjvZBwrvm+cedCcQy"}],"_spriteFrame":{"__uuid__":"88xa0CygVCwohDQQfvmo6K"}}],"_prefab":{"__type__":"cc.PrefabInfo","root":{"__id__":1},"asset":{"__uuid__":"adCEjh2wBHl5yzK665wuCm"},"fileId":"a2UI9Zhy1HU46XjjpNk6JS"},"_contentSize":{"__type__":"cc.Size","width":67,"height":51},"_trs":{"__type__":"TypedArray","ctor":"Float64Array","array":[-80,2,0,0,0,0,1,1,1,1]}},{"__type__":"cc.Node","_name":"share","_parent":{"__id__":20},"_components":[{"__type__":"cc.Sprite","node":{"__id__":23},"_materials":[{"__uuid__":"ecpdLyjvZBwrvm+cedCcQy"}],"_spriteFrame":{"__uuid__":"f8az7Pp3FLwZ4m5/Zn9IpJ"}}],"_prefab":{"__type__":"cc.PrefabInfo","root":{"__id__":1},"asset":{"__uuid__":"adCEjh2wBHl5yzK665wuCm"},"fileId":"1dVbqrA+9E8pnlTazQ733a"},"_contentSize":{"__type__":"cc.Size","width":52,"height":54},"_trs":{"__type__":"TypedArray","ctor":"Float64Array","array":[-80,2,0,0,0,0,1,1,1,1]}},{"__type__":"cc.Node","_name":"banner","_parent":{"__id__":3},"_components":[{"__type__":"ce3f9aG6A1If7y9kH3tgvq2","node":{"__id__":24}}],"_prefab":{"__type__":"cc.PrefabInfo","root":{"__id__":1},"asset":{"__uuid__":"adCEjh2wBHl5yzK665wuCm"},"fileId":"60O8O5aJtI85lKWuytPXmi"},"_trs":{"__type__":"TypedArray","ctor":"Float64Array","array":[0,-305.119,0,0,0,0,1,1,1,1]}}]]