[{"__type__":"cc.Prefab","_name":"moneyBar2","data":{"__id__":1}},{"__type__":"cc.Node","_name":"money_bar","_children":[{"__id__":2},{"__id__":7}],"_components":[{"__type__":"cc833Xw9vVI5KCzwfHBG2zu","node":{"__id__":1}}],"_prefab":{"__type__":"cc.PrefabInfo","root":{"__id__":1},"asset":{"__uuid__":"71ieGPFExOvpvzmNhHnvsL"},"fileId":"0cbvi7QTxILaHj6nbGqrxT"},"_trs":{"__type__":"TypedArray","ctor":"Float64Array","array":[0,0,0,0,0,0,1,1,1,1]}},{"__type__":"cc.Node","_name":"coins_pnl","_parent":{"__id__":1},"_children":[{"__id__":3},{"__id__":4},{"__id__":5},{"__id__":6}],"_components":[{"__type__":"73afbMARxVEF5mMztArz9BT","node":{"__id__":2}},{"__type__":"3b7a9Fziy5HFo4nfnQNFHRb","node":{"__id__":2},"lblNode":{"__id__":5},"increaseAnim":true,"decreaseAnim":true}],"_prefab":{"__type__":"cc.PrefabInfo","root":{"__id__":1},"asset":{"__uuid__":"71ieGPFExOvpvzmNhHnvsL"},"fileId":"b3CTh6/HdO8ax553xlOnY9"},"_contentSize":{"__type__":"cc.Size","width":230,"height":60},"_anchorPoint":{"__type__":"cc.Vec2","y":0.5},"_trs":{"__type__":"TypedArray","ctor":"Float64Array","array":[29,-68,0,0,0,0,1,1,1,1]}},{"__type__":"cc.Node","_name":"bg","_parent":{"__id__":2},"_components":[{"__type__":"cc.Sprite","node":{"__id__":3},"_materials":[{"__uuid__":"ecpdLyjvZBwrvm+cedCcQy"}],"_spriteFrame":{"__uuid__":"c5OLocz01BnJAON9DNUIsq"},"_sizeMode":2}],"_prefab":{"__type__":"cc.PrefabInfo","root":{"__id__":1},"asset":{"__uuid__":"71ieGPFExOvpvzmNhHnvsL"},"fileId":"19zFP1g59NHJpNZSSebCjs"},"_contentSize":{"__type__":"cc.Size","width":174,"height":41},"_trs":{"__type__":"TypedArray","ctor":"Float64Array","array":[117,3,0,0,0,0,1,1,1,1]}},{"__type__":"cc.Node","_name":"icon","_parent":{"__id__":2},"_components":[{"__type__":"cc.Sprite","node":{"__id__":4},"_materials":[{"__uuid__":"ecpdLyjvZBwrvm+cedCcQy"}],"_spriteFrame":{"__uuid__":"79ln/Vcd1Dl5Qa9a2S4ztu"},"_sizeMode":2,"_isTrimmedMode":false}],"_prefab":{"__type__":"cc.PrefabInfo","root":{"__id__":1},"asset":{"__uuid__":"71ieGPFExOvpvzmNhHnvsL"},"fileId":"d8m6Krsx9GrpGr9sSEYeyJ"},"_contentSize":{"__type__":"cc.Size","width":57,"height":57},"_trs":{"__type__":"TypedArray","ctor":"Float64Array","array":[33.296,2.1,0,0,0,0,1,1,1,1]}},{"__type__":"cc.Node","_name":"label","_parent":{"__id__":2},"_components":[{"__type__":"cc.Label","node":{"__id__":5},"_materials":[{"__uuid__":"ecpdLyjvZBwrvm+cedCcQy"}],"_useOriginalSize":false,"_string":"0","_N$string":"0","_fontSize":24,"_lineHeight":26,"_styleFlags":1,"_N$horizontalAlign":1,"_N$verticalAlign":1,"_N$cacheMode":2}],"_prefab":{"__type__":"cc.PrefabInfo","root":{"__id__":1},"asset":{"__uuid__":"71ieGPFExOvpvzmNhHnvsL"},"fileId":"212mpiQa5ERKUbc09BNqxq"},"_contentSize":{"__type__":"cc.Size","width":13.35,"height":26},"_trs":{"__type__":"TypedArray","ctor":"Float64Array","array":[116.15100000000001,5,0,0,0,0,1,1,1,1]}},{"__type__":"cc.Node","_name":"add_btn","_parent":{"__id__":2},"_components":[{"__type__":"cc.Sprite","node":{"__id__":6},"_materials":[{"__uuid__":"ecpdLyjvZBwrvm+cedCcQy"}],"_spriteFrame":{"__uuid__":"5b3pDvhXFNnI9d2qt3fDrC"}},{"__type__":"cc.Button","node":{"__id__":6},"zoomScale":1.1,"clickEvents":[{"__type__":"cc.ClickEvent","target":{"__id__":2},"_componentId":"73afbMARxVEF5mMztArz9BT","handler":"onBtnAddClick"}],"_N$transition":3,"transition":3,"_N$normalColor":{"__type__":"cc.Color","r":214,"g":214,"b":214}}],"_prefab":{"__type__":"cc.PrefabInfo","root":{"__id__":1},"asset":{"__uuid__":"71ieGPFExOvpvzmNhHnvsL"},"fileId":"94vk1CkV1ChKB3IyP1eZnv"},"_contentSize":{"__type__":"cc.Size","width":46,"height":49},"_trs":{"__type__":"TypedArray","ctor":"Float64Array","array":[195,1.6099999999999994,0,0,0,0,1,1,1,0]}},{"__type__":"cc.Node","_name":"bcoins_pnl","_parent":{"__id__":1},"_children":[{"__id__":8},{"__id__":9},{"__id__":10}],"_components":[{"__type__":"3b7a9Fziy5HFo4nfnQNFHRb","node":{"__id__":7},"id":1,"lblNode":{"__id__":10},"increaseAnim":true,"decreaseAnim":true}],"_prefab":{"__type__":"cc.PrefabInfo","root":{"__id__":1},"asset":{"__uuid__":"71ieGPFExOvpvzmNhHnvsL"},"fileId":"2eBn2ob3xDGpjA7ITP1Tag"},"_contentSize":{"__type__":"cc.Size","width":230,"height":60},"_anchorPoint":{"__type__":"cc.Vec2","y":0.5},"_trs":{"__type__":"TypedArray","ctor":"Float64Array","array":[256,-68,0,0,0,0,1,1,1,1]}},{"__type__":"cc.Node","_name":"bg","_parent":{"__id__":7},"_components":[{"__type__":"cc.Sprite","node":{"__id__":8},"_materials":[{"__uuid__":"ecpdLyjvZBwrvm+cedCcQy"}],"_spriteFrame":{"__uuid__":"c5OLocz01BnJAON9DNUIsq"},"_sizeMode":2}],"_prefab":{"__type__":"cc.PrefabInfo","root":{"__id__":1},"asset":{"__uuid__":"71ieGPFExOvpvzmNhHnvsL"},"fileId":"95VEfztzBIbIaP6fKLnPd1"},"_contentSize":{"__type__":"cc.Size","width":174,"height":41},"_trs":{"__type__":"TypedArray","ctor":"Float64Array","array":[117,3,0,0,0,0,1,1,1,1]}},{"__type__":"cc.Node","_name":"icon","_parent":{"__id__":7},"_components":[{"__type__":"cc.Sprite","node":{"__id__":9},"_materials":[{"__uuid__":"ecpdLyjvZBwrvm+cedCcQy"}],"_spriteFrame":{"__uuid__":"63+7TLDp5Hp46+WHsTKuHv"},"_sizeMode":2,"_isTrimmedMode":false}],"_prefab":{"__type__":"cc.PrefabInfo","root":{"__id__":1},"asset":{"__uuid__":"71ieGPFExOvpvzmNhHnvsL"},"fileId":"f9GylQsDFDMpRlGaJK8LUA"},"_contentSize":{"__type__":"cc.Size","width":51,"height":58},"_trs":{"__type__":"TypedArray","ctor":"Float64Array","array":[33.296,2.1,0,0,0,0,1,1,1,1]}},{"__type__":"cc.Node","_name":"label","_parent":{"__id__":7},"_components":[{"__type__":"cc.Label","node":{"__id__":10},"_materials":[{"__uuid__":"ecpdLyjvZBwrvm+cedCcQy"}],"_useOriginalSize":false,"_string":"0","_N$string":"0","_fontSize":24,"_lineHeight":26,"_styleFlags":1,"_N$horizontalAlign":1,"_N$verticalAlign":1,"_N$cacheMode":2}],"_prefab":{"__type__":"cc.PrefabInfo","root":{"__id__":1},"asset":{"__uuid__":"71ieGPFExOvpvzmNhHnvsL"},"fileId":"f8UxgioKdEXK0iHhyJma3S"},"_contentSize":{"__type__":"cc.Size","width":13.35,"height":26},"_trs":{"__type__":"TypedArray","ctor":"Float64Array","array":[124.15100000000001,5,0,0,0,0,1,1,1,1]}}]