[{"__type__":"cc.SpriteFrame","content":{"name":"录屏中","texture":"13ba4cd6d","rect":[384,910,81,70],"offset":[0,0],"originalSize":[81,70],"capInsets":[0,0,0,0]}},{"__type__":"cc.SpriteFrame","content":{"name":"暂停","texture":"13ba4cd6d","rect":[515,870,81,72],"offset":[0,0],"originalSize":[81,72],"rotated":1,"capInsets":[0,0,0,0]}},{"__type__":"cc.SpriteFrame","content":{"name":"禁止","texture":"13ba4cd6d","rect":[320,929,56,56],"offset":[0,0],"originalSize":[56,56],"capInsets":[0,0,0,0]}},{"__type__":"dragonBones.DragonBonesAsset","_name":"effect_zi_ske","_dragonBonesJson":"{\"frameRate\":60,\"isGlobal\":0,\"name\":\"effect_zi\",\"version\":\"4.5\",\"armature\":[{\"skin\":[{\"name\":\"\",\"slot\":[{\"display\":[{\"path\":\"差一点点\",\"type\":\"image\",\"name\":\"差一点点\",\"transform\":{}},{\"path\":\"犯规\",\"type\":\"image\",\"name\":\"犯规\",\"transform\":{}},{\"path\":\"打错球了\",\"type\":\"image\",\"name\":\"打错球了\",\"transform\":{}},{\"path\":\"失败\",\"type\":\"image\",\"name\":\"失败\",\"transform\":{}}],\"name\":\"差一点点\"},{\"display\":[{\"path\":\"令人惊讶\",\"type\":\"image\",\"name\":\"令人惊讶\",\"transform\":{}},{\"path\":\"很好\",\"type\":\"image\",\"name\":\"很好\",\"transform\":{}},{\"path\":\"太棒了！\",\"type\":\"image\",\"name\":\"太棒了！\",\"transform\":{}}],\"name\":\"令人惊讶\"},{\"display\":[{\"path\":\"xingguang1\",\"type\":\"image\",\"name\":\"xingguang1\",\"transform\":{\"scX\":1.15,\"scY\":1.15}}],\"blendMode\":\"add\",\"name\":\"xingguang1\"}]}],\"animation\":[{\"frame\":[{\"tweenEasing\":null,\"duration\":60,\"event\":\"start\"},{\"tweenEasing\":null,\"duration\":0,\"event\":\"end\"}],\"duration\":120,\"ik\":[],\"bone\":[{\"frame\":[{\"duration\":120,\"transform\":{}},{\"duration\":0,\"transform\":{}}],\"name\":\"root\"},{\"frame\":[{\"duration\":120,\"transform\":{}}],\"name\":\"差一点点\"},{\"frame\":[{\"duration\":120,\"transform\":{}}],\"name\":\"bone\"},{\"frame\":[{\"tweenEasing\":0,\"duration\":8,\"transform\":{}},{\"tweenEasing\":0,\"duration\":8,\"transform\":{\"scX\":0.5,\"scY\":0.5}},{\"duration\":24,\"transform\":{\"skY\":10.5321,\"skX\":10.5321}},{\"duration\":80,\"transform\":{\"skY\":42.1285,\"skX\":42.1285}}],\"name\":\"xingguang1\"},{\"frame\":[{\"tweenEasing\":0,\"duration\":8,\"transform\":{\"scX\":0.1,\"scY\":0.1}},{\"tweenEasing\":0,\"duration\":4,\"transform\":{\"scX\":1.2,\"scY\":1.2}},{\"tweenEasing\":0,\"duration\":4,\"transform\":{\"scX\":0.8,\"scY\":0.8}},{\"tweenEasing\":0,\"duration\":24,\"transform\":{}},{\"tweenEasing\":0,\"duration\":6,\"transform\":{}},{\"tweenEasing\":0,\"duration\":4,\"transform\":{\"scX\":0.9,\"scY\":0.9}},{\"tweenEasing\":0,\"duration\":10,\"transform\":{\"scX\":0.9,\"scY\":0.9}},{\"duration\":60,\"transform\":{\"scX\":1.85,\"scY\":1.85}}],\"name\":\"令人惊讶\"}],\"slot\":[{\"frame\":[{\"tweenEasing\":0,\"duration\":50},{\"tweenEasing\":0,\"duration\":10},{\"tweenEasing\":null,\"duration\":60,\"color\":{\"aM\":0}}],\"name\":\"令人惊讶\"},{\"frame\":[{\"tweenEasing\":0,\"duration\":8,\"color\":{\"aM\":0}},{\"tweenEasing\":0,\"duration\":19,\"color\":{\"aM\":0}},{\"tweenEasing\":0,\"duration\":23},{\"tweenEasing\":null,\"duration\":70,\"color\":{\"aM\":0}}],\"name\":\"xingguang1\"}],\"ffd\":[],\"name\":\"lingrenjingya\",\"playTimes\":0},{\"frame\":[{\"tweenEasing\":null,\"duration\":60,\"event\":\"start\"},{\"tweenEasing\":null,\"duration\":0,\"event\":\"end\"}],\"duration\":120,\"ik\":[],\"bone\":[{\"frame\":[{\"duration\":120,\"transform\":{}},{\"duration\":0,\"transform\":{}}],\"name\":\"root\"},{\"frame\":[{\"tweenEasing\":0,\"duration\":10,\"transform\":{}},{\"tweenEasing\":0,\"duration\":2,\"transform\":{}},{\"tweenEasing\":0,\"duration\":4,\"transform\":{\"x\":-5}},{\"tweenEasing\":0,\"duration\":4,\"transform\":{\"x\":5}},{\"tweenEasing\":0,\"duration\":2,\"transform\":{\"x\":-5}},{\"tweenEasing\":0,\"duration\":24,\"transform\":{}},{\"tweenEasing\":0,\"duration\":2,\"transform\":{}},{\"tweenEasing\":0,\"duration\":2,\"transform\":{\"y\":6}},{\"tweenEasing\":0,\"duration\":10,\"transform\":{\"y\":8}},{\"duration\":60,\"transform\":{\"y\":-126.5915}}],\"name\":\"差一点点\"},{\"frame\":[{\"duration\":120,\"transform\":{}}],\"name\":\"bone\"},{\"frame\":[{\"duration\":120,\"transform\":{}}],\"name\":\"xingguang1\"},{\"frame\":[{\"duration\":120,\"transform\":{}}],\"name\":\"令人惊讶\"}],\"slot\":[{\"frame\":[{\"tweenEasing\":null,\"displayIndex\":-1,\"duration\":120}],\"name\":\"令人惊讶\"},{\"frame\":[{\"tweenEasing\":0,\"duration\":10},{\"tweenEasing\":0,\"duration\":42},{\"tweenEasing\":0,\"duration\":8},{\"tweenEasing\":null,\"duration\":60,\"color\":{\"aM\":0}}],\"name\":\"差一点点\"},{\"frame\":[{\"tweenEasing\":null,\"displayIndex\":-1,\"duration\":120}],\"name\":\"xingguang1\"}],\"ffd\":[],\"name\":\"chayidian\",\"playTimes\":0},{\"frame\":[{\"tweenEasing\":null,\"duration\":60,\"event\":\"start\"},{\"tweenEasing\":null,\"duration\":0,\"event\":\"end\"}],\"duration\":120,\"ik\":[],\"bone\":[{\"frame\":[{\"duration\":120,\"transform\":{}},{\"duration\":0,\"transform\":{}}],\"name\":\"root\"},{\"frame\":[{\"duration\":120,\"transform\":{}}],\"name\":\"差一点点\"},{\"frame\":[{\"duration\":120,\"transform\":{}}],\"name\":\"bone\"},{\"frame\":[{\"tweenEasing\":0,\"duration\":8,\"transform\":{}},{\"tweenEasing\":0,\"duration\":8,\"transform\":{\"scX\":0.5,\"scY\":0.5}},{\"duration\":24,\"transform\":{\"skY\":10.5321,\"skX\":10.5321}},{\"duration\":80,\"transform\":{\"skY\":42.1285,\"skX\":42.1285}}],\"name\":\"xingguang1\"},{\"frame\":[{\"tweenEasing\":0,\"duration\":8,\"transform\":{\"scX\":0.1,\"scY\":0.1}},{\"tweenEasing\":0,\"duration\":4,\"transform\":{\"scX\":1.2,\"scY\":1.2}},{\"tweenEasing\":0,\"duration\":4,\"transform\":{\"scX\":0.8,\"scY\":0.8}},{\"tweenEasing\":0,\"duration\":24,\"transform\":{}},{\"tweenEasing\":0,\"duration\":6,\"transform\":{}},{\"tweenEasing\":0,\"duration\":4,\"transform\":{\"scX\":0.9,\"scY\":0.9}},{\"tweenEasing\":0,\"duration\":10,\"transform\":{\"scX\":0.9,\"scY\":0.9}},{\"duration\":60,\"transform\":{\"scX\":1.85,\"scY\":1.85}}],\"name\":\"令人惊讶\"}],\"slot\":[{\"frame\":[{\"tweenEasing\":0,\"displayIndex\":1,\"duration\":50},{\"tweenEasing\":0,\"displayIndex\":1,\"duration\":10},{\"tweenEasing\":null,\"displayIndex\":1,\"duration\":60,\"color\":{\"aM\":0}}],\"name\":\"令人惊讶\"},{\"frame\":[{\"tweenEasing\":0,\"duration\":8,\"color\":{\"aM\":0}},{\"tweenEasing\":0,\"duration\":19,\"color\":{\"aM\":0}},{\"tweenEasing\":0,\"duration\":23},{\"tweenEasing\":null,\"duration\":70,\"color\":{\"aM\":0}}],\"name\":\"xingguang1\"}],\"ffd\":[],\"name\":\"henhao\",\"playTimes\":0},{\"frame\":[{\"tweenEasing\":null,\"duration\":60,\"event\":\"start\"},{\"tweenEasing\":null,\"duration\":0,\"event\":\"end\"}],\"duration\":120,\"ik\":[],\"bone\":[{\"frame\":[{\"duration\":120,\"transform\":{}},{\"duration\":0,\"transform\":{}}],\"name\":\"root\"},{\"frame\":[{\"duration\":120,\"transform\":{}}],\"name\":\"差一点点\"},{\"frame\":[{\"duration\":120,\"transform\":{}}],\"name\":\"bone\"},{\"frame\":[{\"tweenEasing\":0,\"duration\":8,\"transform\":{}},{\"tweenEasing\":0,\"duration\":8,\"transform\":{\"scX\":0.5,\"scY\":0.5}},{\"duration\":24,\"transform\":{\"skY\":10.5321,\"skX\":10.5321}},{\"duration\":80,\"transform\":{\"skY\":42.1285,\"skX\":42.1285}}],\"name\":\"xingguang1\"},{\"frame\":[{\"tweenEasing\":0,\"duration\":8,\"transform\":{\"scX\":0.1,\"scY\":0.1}},{\"tweenEasing\":0,\"duration\":4,\"transform\":{\"scX\":1.2,\"scY\":1.2}},{\"tweenEasing\":0,\"duration\":4,\"transform\":{\"scX\":0.8,\"scY\":0.8}},{\"tweenEasing\":0,\"duration\":24,\"transform\":{}},{\"tweenEasing\":0,\"duration\":6,\"transform\":{}},{\"tweenEasing\":0,\"duration\":4,\"transform\":{\"scX\":0.9,\"scY\":0.9}},{\"tweenEasing\":0,\"duration\":10,\"transform\":{\"scX\":0.9,\"scY\":0.9}},{\"duration\":60,\"transform\":{\"scX\":1.85,\"scY\":1.85}}],\"name\":\"令人惊讶\"}],\"slot\":[{\"frame\":[{\"tweenEasing\":0,\"displayIndex\":2,\"duration\":50},{\"tweenEasing\":0,\"displayIndex\":2,\"duration\":10},{\"tweenEasing\":null,\"displayIndex\":2,\"duration\":60,\"color\":{\"aM\":0}}],\"name\":\"令人惊讶\"},{\"frame\":[{\"tweenEasing\":0,\"duration\":8,\"color\":{\"aM\":0}},{\"tweenEasing\":0,\"duration\":19,\"color\":{\"aM\":0}},{\"tweenEasing\":0,\"duration\":23},{\"tweenEasing\":null,\"duration\":70,\"color\":{\"aM\":0}}],\"name\":\"xingguang1\"}],\"ffd\":[],\"name\":\"taibangle\",\"playTimes\":0},{\"frame\":[{\"tweenEasing\":null,\"duration\":60,\"event\":\"start\"},{\"tweenEasing\":null,\"duration\":0,\"event\":\"end\"}],\"duration\":120,\"ik\":[],\"bone\":[{\"frame\":[{\"duration\":120,\"transform\":{}},{\"duration\":0,\"transform\":{}}],\"name\":\"root\"},{\"frame\":[{\"tweenEasing\":0,\"duration\":10,\"transform\":{}},{\"tweenEasing\":0,\"duration\":2,\"transform\":{}},{\"tweenEasing\":0,\"duration\":4,\"transform\":{\"x\":-5}},{\"tweenEasing\":0,\"duration\":4,\"transform\":{\"x\":5}},{\"tweenEasing\":0,\"duration\":2,\"transform\":{\"x\":-5}},{\"tweenEasing\":0,\"duration\":24,\"transform\":{}},{\"tweenEasing\":0,\"duration\":2,\"transform\":{}},{\"tweenEasing\":0,\"duration\":2,\"transform\":{\"y\":6}},{\"tweenEasing\":0,\"duration\":10,\"transform\":{\"y\":8}},{\"duration\":60,\"transform\":{\"y\":-126.5915}}],\"name\":\"差一点点\"},{\"frame\":[{\"duration\":120,\"transform\":{}}],\"name\":\"bone\"},{\"frame\":[{\"duration\":120,\"transform\":{}}],\"name\":\"xingguang1\"},{\"frame\":[{\"duration\":120,\"transform\":{}}],\"name\":\"令人惊讶\"}],\"slot\":[{\"frame\":[{\"tweenEasing\":null,\"displayIndex\":-1,\"duration\":120}],\"name\":\"令人惊讶\"},{\"frame\":[{\"tweenEasing\":0,\"displayIndex\":2,\"duration\":10},{\"tweenEasing\":0,\"displayIndex\":2,\"duration\":42},{\"tweenEasing\":0,\"displayIndex\":2,\"duration\":8},{\"tweenEasing\":null,\"displayIndex\":2,\"duration\":60,\"color\":{\"aM\":0}}],\"name\":\"差一点点\"},{\"frame\":[{\"tweenEasing\":null,\"displayIndex\":-1,\"duration\":120}],\"name\":\"xingguang1\"}],\"ffd\":[],\"name\":\"dacuoqiule\",\"playTimes\":0},{\"frame\":[{\"tweenEasing\":null,\"duration\":60,\"event\":\"start\"},{\"tweenEasing\":null,\"duration\":0,\"event\":\"end\"}],\"duration\":120,\"ik\":[],\"bone\":[{\"frame\":[{\"duration\":120,\"transform\":{}},{\"duration\":0,\"transform\":{}}],\"name\":\"root\"},{\"frame\":[{\"tweenEasing\":0,\"duration\":10,\"transform\":{}},{\"tweenEasing\":0,\"duration\":2,\"transform\":{}},{\"tweenEasing\":0,\"duration\":4,\"transform\":{\"x\":-5}},{\"tweenEasing\":0,\"duration\":4,\"transform\":{\"x\":5}},{\"tweenEasing\":0,\"duration\":2,\"transform\":{\"x\":-5}},{\"tweenEasing\":0,\"duration\":24,\"transform\":{}},{\"tweenEasing\":0,\"duration\":2,\"transform\":{}},{\"tweenEasing\":0,\"duration\":2,\"transform\":{\"y\":6}},{\"tweenEasing\":0,\"duration\":10,\"transform\":{\"y\":8}},{\"duration\":60,\"transform\":{\"y\":-126.5915}}],\"name\":\"差一点点\"},{\"frame\":[{\"duration\":120,\"transform\":{}}],\"name\":\"bone\"},{\"frame\":[{\"duration\":120,\"transform\":{}}],\"name\":\"xingguang1\"},{\"frame\":[{\"duration\":120,\"transform\":{}}],\"name\":\"令人惊讶\"}],\"slot\":[{\"frame\":[{\"tweenEasing\":null,\"displayIndex\":-1,\"duration\":120}],\"name\":\"令人惊讶\"},{\"frame\":[{\"tweenEasing\":0,\"displayIndex\":1,\"duration\":10},{\"tweenEasing\":0,\"displayIndex\":1,\"duration\":42},{\"tweenEasing\":0,\"displayIndex\":1,\"duration\":8},{\"tweenEasing\":null,\"displayIndex\":1,\"duration\":60,\"color\":{\"aM\":0}}],\"name\":\"差一点点\"},{\"frame\":[{\"tweenEasing\":null,\"displayIndex\":-1,\"duration\":120}],\"name\":\"xingguang1\"}],\"ffd\":[],\"name\":\"fangui\",\"playTimes\":0},{\"frame\":[{\"tweenEasing\":null,\"duration\":60,\"event\":\"start\"},{\"tweenEasing\":null,\"duration\":0,\"event\":\"end\"}],\"duration\":120,\"ik\":[],\"bone\":[{\"frame\":[{\"duration\":120,\"transform\":{}},{\"duration\":0,\"transform\":{}}],\"name\":\"root\"},{\"frame\":[{\"tweenEasing\":0,\"duration\":10,\"transform\":{}},{\"tweenEasing\":0,\"duration\":2,\"transform\":{}},{\"tweenEasing\":0,\"duration\":4,\"transform\":{\"x\":-5}},{\"tweenEasing\":0,\"duration\":4,\"transform\":{\"x\":5}},{\"tweenEasing\":0,\"duration\":2,\"transform\":{\"x\":-5}},{\"tweenEasing\":0,\"duration\":24,\"transform\":{}},{\"tweenEasing\":0,\"duration\":2,\"transform\":{}},{\"tweenEasing\":0,\"duration\":2,\"transform\":{\"y\":6}},{\"tweenEasing\":0,\"duration\":10,\"transform\":{\"y\":8}},{\"duration\":60,\"transform\":{\"y\":-126.5915}}],\"name\":\"差一点点\"},{\"frame\":[{\"duration\":120,\"transform\":{}}],\"name\":\"bone\"},{\"frame\":[{\"duration\":120,\"transform\":{}}],\"name\":\"xingguang1\"},{\"frame\":[{\"duration\":120,\"transform\":{}}],\"name\":\"令人惊讶\"}],\"slot\":[{\"frame\":[{\"tweenEasing\":null,\"displayIndex\":-1,\"duration\":120}],\"name\":\"令人惊讶\"},{\"frame\":[{\"tweenEasing\":0,\"displayIndex\":3,\"duration\":10},{\"tweenEasing\":0,\"displayIndex\":3,\"duration\":42},{\"tweenEasing\":0,\"displayIndex\":3,\"duration\":8},{\"tweenEasing\":null,\"displayIndex\":3,\"duration\":60,\"color\":{\"aM\":0}}],\"name\":\"差一点点\"},{\"frame\":[{\"tweenEasing\":null,\"displayIndex\":-1,\"duration\":120}],\"name\":\"xingguang1\"}],\"ffd\":[],\"name\":\"shibai\",\"playTimes\":0}],\"ik\":[],\"name\":\"Armature\",\"defaultActions\":[{\"gotoAndPlay\":\"taibangle\"}],\"bone\":[{\"name\":\"root\",\"transform\":{}},{\"length\":61,\"transform\":{\"scX\":0.8,\"scY\":0.8},\"parent\":\"root\",\"name\":\"bone\"},{\"length\":38,\"transform\":{},\"parent\":\"bone\",\"name\":\"xingguang1\"},{\"length\":51,\"transform\":{},\"parent\":\"bone\",\"name\":\"令人惊讶\"},{\"length\":51,\"transform\":{},\"parent\":\"bone\",\"name\":\"差一点点\"}],\"aabb\":{\"width\":167,\"y\":-61.5,\"height\":123,\"x\":-83.5},\"slot\":[{\"displayIndex\":2,\"name\":\"令人惊讶\",\"parent\":\"令人惊讶\",\"color\":{}},{\"displayIndex\":-1,\"z\":1,\"name\":\"差一点点\",\"parent\":\"差一点点\",\"color\":{}},{\"blendMode\":\"add\",\"z\":2,\"parent\":\"xingguang1\",\"name\":\"xingguang1\",\"color\":{}}],\"type\":\"Armature\",\"frameRate\":60}]}"},{"__type__":"cc.SpriteFrame","content":{"name":"背景","texture":"13ba4cd6d","rect":[447,3,188,334],"offset":[0,0],"originalSize":[188,334],"rotated":1,"capInsets":[0,0,0,0]}},[{"__type__":"cc.Prefab","_name":"game2Scene","data":{"__id__":1},"asyncLoadAssets":true},{"__type__":"cc.Node","_name":"Game2Scene","_objFlags":512,"_children":[{"__id__":2},{"__id__":3},{"__id__":26},{"__id__":27},{"__id__":28}],"_components":[{"__type__":"f25594xZ01CdawYJCnV1rkB","node":{"__id__":1}},{"__type__":"cc.Widget","node":{"__id__":1},"_alignFlags":45,"_originalWidth":720,"_originalHeight":1280},{"__type__":"cc.BlockInputEvents","node":{"__id__":1}}],"_prefab":{"__type__":"cc.PrefabInfo","root":{"__id__":1},"asset":{"__uuid__":"89z0nuOztJvY+ULQmxw/Uo"},"fileId":"c8xGlodShGAq4YVUxTYnNJ"},"_contentSize":{"__type__":"cc.Size","width":750,"height":1334},"_trs":{"__type__":"TypedArray","ctor":"Float64Array","array":[375,667,0,0,0,0,1,1,1,1]}},{"__type__":"cc.Node","_name":"bg","_parent":{"__id__":1},"_components":[{"__type__":"cc.Sprite","node":{"__id__":2},"_materials":[{"__uuid__":"ecpdLyjvZBwrvm+cedCcQy"}],"_spriteFrame":{"__uuid__":"41B/8Te4RDVrspD5W3bbWo"},"_sizeMode":0},{"__type__":"cc.Widget","node":{"__id__":2},"_alignFlags":45,"_originalWidth":375,"_originalHeight":667}],"_prefab":{"__type__":"cc.PrefabInfo","root":{"__id__":1},"asset":{"__uuid__":"89z0nuOztJvY+ULQmxw/Uo"},"fileId":"c6XvLJ5tNAcKmhwuk+w6it"},"_contentSize":{"__type__":"cc.Size","width":750,"height":1334},"_trs":{"__type__":"TypedArray","ctor":"Float64Array","array":[0,0,0,0,0,0,1,1,1,1]}},{"__type__":"cc.Node","_name":"hud","_parent":{"__id__":1},"_children":[{"__id__":4}],"_prefab":{"__type__":"cc.PrefabInfo","root":{"__id__":1},"asset":{"__uuid__":"89z0nuOztJvY+ULQmxw/Uo"},"fileId":"f8av5wc15Ioo7BBFCFhHoG"},"_trs":{"__type__":"TypedArray","ctor":"Float64Array","array":[0,0,0,0,0,0,1,1,1,1]}},{"__type__":"cc.Node","_name":"center","_parent":{"__id__":3},"_children":[{"__id__":5}],"_components":[{"__type__":"96549DGCmlIcZghb3AfRGQI","node":{"__id__":4}},{"__type__":"2fcbeGhVEBNqKdqPyHvxt/T","node":{"__id__":4},"stageNode":{"__id__":5}}],"_prefab":{"__type__":"cc.PrefabInfo","root":{"__id__":1},"asset":{"__uuid__":"89z0nuOztJvY+ULQmxw/Uo"},"fileId":"2bQir1v3VHoKoQg6ZjiS3O"},"_trs":{"__type__":"TypedArray","ctor":"Float64Array","array":[0,0,0,0,0,0,1,1,1,1]}},{"__type__":"cc.Node","_name":"stage","_parent":{"__id__":4},"_children":[{"__id__":6},{"__id__":17},{"__id__":18}],"_prefab":{"__type__":"cc.PrefabInfo","root":{"__id__":1},"asset":{"__uuid__":"89z0nuOztJvY+ULQmxw/Uo"},"fileId":"38O9vfBe1GXbK7UB0kmVCR"},"_contentSize":{"__type__":"cc.Size","width":750,"height":1280},"_trs":{"__type__":"TypedArray","ctor":"Float64Array","array":[0,0,0,0,0,0,1,1,1,1]}},{"__type__":"cc.Node","_name":"pool_stage","_parent":{"__id__":5},"_children":[{"__id__":7},{"__id__":10},{"__id__":11},{"__id__":12},{"__id__":13},{"__id__":14},{"__id__":15},{"__id__":16}],"_components":[{"__type__":"b1507fLaHZHfJRYHSkYKMWP","node":{"__id__":6}}],"_prefab":{"__type__":"cc.PrefabInfo","root":{"__id__":1},"asset":{"__uuid__":"89z0nuOztJvY+ULQmxw/Uo"},"fileId":"d5t4vWY+dFOKGUttBDy14h"},"_trs":{"__type__":"TypedArray","ctor":"Float64Array","array":[0,0,0,0,0,0,1,1,1,1]}},{"__type__":"cc.Node","_name":"stage_node","_parent":{"__id__":6},"_children":[{"__id__":8},{"__id__":9}],"_components":[{"__type__":"ade161OMgVMKpmjDqerbeZb","node":{"__id__":7},"_prefab":{"__uuid__":"9aqCoGkxpKMqo1ZNWk/j44"},"_zIndex":19},{"__type__":"ade161OMgVMKpmjDqerbeZb","node":{"__id__":7},"_prefab":{"__uuid__":"6fSdMryJNCYo3XFr84f2b3"},"_zIndex":11},{"__type__":"9be1aSzs7FIibSRTUNkNp7C","node":{"__id__":7}},{"__type__":"16eb42tg9RBfqiQFYiyUsc/","node":{"__id__":7}},{"__type__":"dd038kgiYFEALxjswdPjBZr","node":{"__id__":7},"tipsPrefab":{"__uuid__":"8fT8vnkSFDG4+xKvaqhjjc"}},{"__type__":"c6339NZDwZNAYQDLMuylBBE","node":{"__id__":7}},{"__type__":"1e820TeSgZMpLnz0H1vZMwx","node":{"__id__":7}},{"__type__":"f8e46RMjjpIh73kYuRojYc9","node":{"__id__":7}}],"_prefab":{"__type__":"cc.PrefabInfo","root":{"__id__":1},"asset":{"__uuid__":"89z0nuOztJvY+ULQmxw/Uo"},"fileId":"da1uhOgpNILKNArGidDAPJ"},"_contentSize":{"__type__":"cc.Size","width":468,"height":934},"_trs":{"__type__":"TypedArray","ctor":"Float64Array","array":[-60,8,0,0,0,0,1,1,1,1]}},{"__type__":"cc.Node","_name":"forbid_node","_parent":{"__id__":7},"_components":[{"__type__":"cc.Sprite","node":{"__id__":8},"_materials":[{"__uuid__":"ecpdLyjvZBwrvm+cedCcQy"}],"_spriteFrame":{"__uuid__":"2c+slBuQxBbKbymUOP69ib"}},{"__type__":"d4448oMF25OlpwxNxYG/5DT","node":{"__id__":8},"zoom":1.2}],"_prefab":{"__type__":"cc.PrefabInfo","root":{"__id__":1},"asset":{"__uuid__":"89z0nuOztJvY+ULQmxw/Uo"},"fileId":"22xYLU7edGZKkDYZhggh4+"},"_contentSize":{"__type__":"cc.Size","width":56,"height":56},"_trs":{"__type__":"TypedArray","ctor":"Float64Array","array":[0,0,0,0,0,0,1,1,1,1]}},{"__type__":"cc.Node","_name":"draw_node","_parent":{"__id__":7},"_components":[{"__type__":"cc.Graphics","node":{"__id__":9},"_materials":[{"__uuid__":"6fgBCSDDdPMInvyNlggls2"}],"_lineWidth":1}],"_prefab":{"__type__":"cc.PrefabInfo","root":{"__id__":1},"asset":{"__uuid__":"89z0nuOztJvY+ULQmxw/Uo"},"fileId":"ecIRVSQnRK35Qyq9GaD04S"},"_trs":{"__type__":"TypedArray","ctor":"Float64Array","array":[0,0,0,0,0,0,1,1,1,1]}},{"__type__":"cc.Node","_name":"level_node","_parent":{"__id__":6},"_components":[{"__type__":"ade161OMgVMKpmjDqerbeZb","node":{"__id__":10},"_prefab":{"__uuid__":"773BMFuChAs6txeXUCwPEL"}}],"_prefab":{"__type__":"cc.PrefabInfo","root":{"__id__":1},"asset":{"__uuid__":"89z0nuOztJvY+ULQmxw/Uo"},"fileId":"0dCu2IoiBNkJnubqUrnXw1"},"_trs":{"__type__":"TypedArray","ctor":"Float64Array","array":[310,511.703,0,0,0,0,1,1,1,1]}},{"__type__":"cc.Node","_name":"objects_panel","_parent":{"__id__":6},"_components":[{"__type__":"ade161OMgVMKpmjDqerbeZb","node":{"__id__":11},"_prefab":{"__uuid__":"a4k3QlPX9GyoadJTSSTiW9"}}],"_prefab":{"__type__":"cc.PrefabInfo","root":{"__id__":1},"asset":{"__uuid__":"89z0nuOztJvY+ULQmxw/Uo"},"fileId":"a3Vgg8rVhF04kG7rhCR4X2"},"_trs":{"__type__":"TypedArray","ctor":"Float64Array","array":[310,335.722,0,0,0,0,1,1,1,1]}},{"__type__":"cc.Node","_name":"tuning_bar","_parent":{"__id__":6},"_components":[{"__type__":"ade161OMgVMKpmjDqerbeZb","node":{"__id__":12},"_prefab":{"__uuid__":"44tCZoJutBaIC7X7Mdbvwf"}}],"_prefab":{"__type__":"cc.PrefabInfo","root":{"__id__":1},"asset":{"__uuid__":"89z0nuOztJvY+ULQmxw/Uo"},"fileId":"08m6W7PUFCF5VaFxZXTxaB"},"_trs":{"__type__":"TypedArray","ctor":"Float64Array","array":[-60,-598,0,0,0,0,1,1,1,1]}},{"__type__":"cc.Node","_name":"shoot_point_btn","_parent":{"__id__":6},"_components":[{"__type__":"ade161OMgVMKpmjDqerbeZb","node":{"__id__":13},"_prefab":{"__uuid__":"83+Ht93cxOfrLnS901I33D"}}],"_prefab":{"__type__":"cc.PrefabInfo","root":{"__id__":1},"asset":{"__uuid__":"89z0nuOztJvY+ULQmxw/Uo"},"fileId":"faKyuyEHRFTZkBJIUuP4u9"},"_trs":{"__type__":"TypedArray","ctor":"Float64Array","array":[309,158.666,0,0,0,0,1,1,1,1]}},{"__type__":"cc.Node","_name":"item_node","_parent":{"__id__":6},"_components":[{"__type__":"ade161OMgVMKpmjDqerbeZb","node":{"__id__":14},"_prefab":{"__uuid__":"64grthic1Pw6sLxbbDDzyo"}}],"_prefab":{"__type__":"cc.PrefabInfo","root":{"__id__":1},"asset":{"__uuid__":"89z0nuOztJvY+ULQmxw/Uo"},"fileId":"2ckXHYy69IXYecGWABH8W3"},"_trs":{"__type__":"TypedArray","ctor":"Float64Array","array":[310,-598,0,0,0,0,1,1,1,1]}},{"__type__":"cc.Node","_name":"force_bar","_parent":{"__id__":6},"_components":[{"__type__":"ade161OMgVMKpmjDqerbeZb","node":{"__id__":15},"_prefab":{"__uuid__":"50e/uCTI1Hv5sv3e3zmir4"}}],"_prefab":{"__type__":"cc.PrefabInfo","root":{"__id__":1},"asset":{"__uuid__":"89z0nuOztJvY+ULQmxw/Uo"},"fileId":"c1fzkq0bZGg7asLZjC3Bo+"},"_trs":{"__type__":"TypedArray","ctor":"Float64Array","array":[310,-209.158,0,0,0,0,1,1,1,1]}},{"__type__":"cc.Node","_name":"ads_btn","_parent":{"__id__":6},"_components":[{"__type__":"cc.Sprite","node":{"__id__":16},"_materials":[{"__uuid__":"ecpdLyjvZBwrvm+cedCcQy"}],"_spriteFrame":{"__uuid__":"d09qjVpOpOXZjj+7YxxLYh"}},{"__type__":"cc.Button","node":{"__id__":16},"_normalMaterial":{"__uuid__":"ecpdLyjvZBwrvm+cedCcQy"},"zoomScale":1.1,"clickEvents":[{"__type__":"cc.ClickEvent","target":{"__id__":1},"_componentId":"f25594xZ01CdawYJCnV1rkB","handler":"onBtnAdsClick"}],"_N$transition":3,"transition":3}],"_prefab":{"__type__":"cc.PrefabInfo","root":{"__id__":1},"asset":{"__uuid__":"89z0nuOztJvY+ULQmxw/Uo"},"fileId":"baG/rKeZ1It56MVPAxorsq"},"_contentSize":{"__type__":"cc.Size","width":84,"height":79},"_trs":{"__type__":"TypedArray","ctor":"Float64Array","array":[-326,-598,0,0,0,0,1,1,1,0]}},{"__type__":"cc.Node","_name":"pool_effect","_parent":{"__id__":5},"_components":[{"__type__":"595b5BjlY1CnJh4SNyVnCkH","node":{"__id__":17}}],"_prefab":{"__type__":"cc.PrefabInfo","root":{"__id__":1},"asset":{"__uuid__":"89z0nuOztJvY+ULQmxw/Uo"},"fileId":"a5+g9bemZMzqIWTsyOpo5g"},"_trs":{"__type__":"TypedArray","ctor":"Float64Array","array":[0,0,0,0,0,0,1,1,1,1]}},{"__type__":"cc.Node","_name":"left","_parent":{"__id__":5},"_children":[{"__id__":19},{"__id__":21},{"__id__":22},{"__id__":23}],"_components":[{"__type__":"cc.Widget","node":{"__id__":18},"_target":{"__id__":1},"_alignFlags":8}],"_prefab":{"__type__":"cc.PrefabInfo","root":{"__id__":1},"asset":{"__uuid__":"89z0nuOztJvY+ULQmxw/Uo"},"fileId":"fbu8BbBrxDsKjOlPXtsJxh"},"_trs":{"__type__":"TypedArray","ctor":"Float64Array","array":[-375,736,0,0,0,0,1,1,1,1]}},{"__type__":"cc.Node","_name":"pause_btn","_parent":{"__id__":18},"_children":[{"__id__":20}],"_components":[{"__type__":"cc.Button","node":{"__id__":19},"zoomScale":1.1,"clickEvents":[{"__type__":"cc.ClickEvent","target":{"__id__":1},"_componentId":"f25594xZ01CdawYJCnV1rkB","handler":"onBtnPauseClick"}],"_N$transition":3,"transition":3},{"__type__":"71b7f8KgINGb7GAti+S0ZRO","node":{"__id__":19}}],"_prefab":{"__type__":"cc.PrefabInfo","root":{"__id__":1},"asset":{"__uuid__":"89z0nuOztJvY+ULQmxw/Uo"},"fileId":"82xmuCaYhNOb/SQDbiKXSj"},"_contentSize":{"__type__":"cc.Size","width":100,"height":100},"_trs":{"__type__":"TypedArray","ctor":"Float64Array","array":[85.016,-145.332,0,0,0,0,1,1,1,0]}},{"__type__":"cc.Node","_name":"text","_parent":{"__id__":19},"_components":[{"__type__":"cc.Sprite","node":{"__id__":20},"_materials":[{"__uuid__":"ecpdLyjvZBwrvm+cedCcQy"}],"_spriteFrame":{"__uuid__":"27U2xTfDdJ7qFe1H9/ocXr"}}],"_prefab":{"__type__":"cc.PrefabInfo","root":{"__id__":1},"asset":{"__uuid__":"89z0nuOztJvY+ULQmxw/Uo"},"fileId":"beaHIA/4hHOaLFtKgKa9vZ"},"_contentSize":{"__type__":"cc.Size","width":81,"height":72},"_trs":{"__type__":"TypedArray","ctor":"Float64Array","array":[0,0,0,0,0,0,1,1,1,1]}},{"__type__":"cc.Node","_name":"task_btn","_parent":{"__id__":18},"_components":[{"__type__":"cc.Sprite","node":{"__id__":21},"_materials":[{"__uuid__":"ecpdLyjvZBwrvm+cedCcQy"}],"_spriteFrame":{"__uuid__":"e3vrrdIilMEKpYlC/c20+H"}},{"__type__":"f3be8AKGBRENI6ML9KZVABc","node":{"__id__":21}},{"__type__":"cc.Button","node":{"__id__":21},"_normalMaterial":{"__uuid__":"ecpdLyjvZBwrvm+cedCcQy"},"zoomScale":1.1,"clickEvents":[{"__type__":"cc.ClickEvent","target":{"__id__":21},"_componentId":"f3be8AKGBRENI6ML9KZVABc","handler":"onClick"}],"_N$transition":3,"transition":3}],"_prefab":{"__type__":"cc.PrefabInfo","root":{"__id__":1},"asset":{"__uuid__":"89z0nuOztJvY+ULQmxw/Uo"},"fileId":"f1ulEBM2xLFJlQ9gw3Qupx"},"_contentSize":{"__type__":"cc.Size","width":109,"height":112},"_trs":{"__type__":"TypedArray","ctor":"Float64Array","array":[197.449,-145.332,0,0,0,0,1,1,1,0]}},{"__type__":"cc.Node","_name":"beyond_node","_parent":{"__id__":18},"_components":[{"__type__":"cc.Sprite","node":{"__id__":22},"_materials":[{"__uuid__":"ecpdLyjvZBwrvm+cedCcQy"}],"_sizeMode":0,"_isTrimmedMode":false},{"__type__":"8ec48xsmOFI/rQ+nKXypgpG","node":{"__id__":22}},{"__type__":"d4fabeYo85K2b9U1bTyRwfU","node":{"__id__":22}}],"_prefab":{"__type__":"cc.PrefabInfo","root":{"__id__":1},"asset":{"__uuid__":"89z0nuOztJvY+ULQmxw/Uo"},"fileId":"33vQi4OrlIs5+y+T/O+li0"},"_contentSize":{"__type__":"cc.Size","width":233,"height":81},"_trs":{"__type__":"TypedArray","ctor":"Float64Array","array":[389,-145,0,0,0,0,1,1,1,1]}},{"__type__":"cc.Node","_name":"record_btn","_parent":{"__id__":18},"_children":[{"__id__":24},{"__id__":25}],"_components":[{"__type__":"64ec4FegidF2o9jfv1teJKV","node":{"__id__":23}},{"__type__":"cc.Button","node":{"__id__":23},"zoomScale":1.1,"clickEvents":[{"__type__":"cc.ClickEvent","target":{"__id__":23},"_componentId":"64ec4FegidF2o9jfv1teJKV","handler":"onClick"}],"_N$transition":3,"transition":3}],"_prefab":{"__type__":"cc.PrefabInfo","root":{"__id__":1},"asset":{"__uuid__":"89z0nuOztJvY+ULQmxw/Uo"},"fileId":"b1oGbR62ZJYIMcmPdqFNDp"},"_contentSize":{"__type__":"cc.Size","width":85,"height":85},"_trs":{"__type__":"TypedArray","ctor":"Float64Array","array":[316,-145,0,0,0,0,1,1,1,0]}},{"__type__":"cc.Node","_name":"recording","_parent":{"__id__":23},"_components":[{"__type__":"cc.Sprite","node":{"__id__":24},"_materials":[{"__uuid__":"ecpdLyjvZBwrvm+cedCcQy"}],"_spriteFrame":{"__uuid__":"01fov7ntNNKJIqZcXF6Ug7"}}],"_prefab":{"__type__":"cc.PrefabInfo","root":{"__id__":1},"asset":{"__uuid__":"89z0nuOztJvY+ULQmxw/Uo"},"fileId":"04Ou0Wh2RONZSuo2sBKgxx"},"_contentSize":{"__type__":"cc.Size","width":81,"height":70},"_trs":{"__type__":"TypedArray","ctor":"Float64Array","array":[0,0,0,0,0,0,1,1,1,1]}},{"__type__":"cc.Node","_name":"normal","_parent":{"__id__":23},"_components":[{"__type__":"cc.Sprite","node":{"__id__":25},"_materials":[{"__uuid__":"ecpdLyjvZBwrvm+cedCcQy"}],"_spriteFrame":{"__uuid__":"f0rJjURSNDaInZx+0RvELv"}}],"_prefab":{"__type__":"cc.PrefabInfo","root":{"__id__":1},"asset":{"__uuid__":"89z0nuOztJvY+ULQmxw/Uo"},"fileId":"b9zqkYD8BHBKaZDLbIm/zn"},"_contentSize":{"__type__":"cc.Size","width":81,"height":70},"_trs":{"__type__":"TypedArray","ctor":"Float64Array","array":[0,0,0,0,0,0,1,1,1,1]}},{"__type__":"cc.Node","_name":"touch_screen","_parent":{"__id__":1},"_components":[{"__type__":"cc.Widget","node":{"__id__":26},"_alignFlags":45,"_originalWidth":375,"_originalHeight":667}],"_prefab":{"__type__":"cc.PrefabInfo","root":{"__id__":1},"asset":{"__uuid__":"89z0nuOztJvY+ULQmxw/Uo"},"fileId":"27QJPkJAZNraaU5afYaOBY"},"_contentSize":{"__type__":"cc.Size","width":750,"height":1334},"_trs":{"__type__":"TypedArray","ctor":"Float64Array","array":[0,0,0,0,0,0,1,1,1,1]}},{"__type__":"cc.Node","_name":"color","_parent":{"__id__":1},"_active":false,"_components":[{"__type__":"cc.Sprite","node":{"__id__":27},"_materials":[{"__uuid__":"ecpdLyjvZBwrvm+cedCcQy"}],"_srcBlendFactor":0,"_dstBlendFactor":768,"_spriteFrame":{"__uuid__":"b2JODQBwdEu6xw9GscnaRD"},"_type":1,"_sizeMode":0},{"__type__":"cc.Widget","node":{"__id__":27},"_alignFlags":45,"_originalWidth":375,"_originalHeight":667}],"_prefab":{"__type__":"cc.PrefabInfo","root":{"__id__":1},"asset":{"__uuid__":"89z0nuOztJvY+ULQmxw/Uo"},"fileId":"99M0dKFctH54FyPZHlOwJo"},"_color":{"__type__":"cc.Color","r":255,"g":255,"b":222},"_contentSize":{"__type__":"cc.Size","width":750,"height":1334},"_trs":{"__type__":"TypedArray","ctor":"Float64Array","array":[0,0,0,0,0,0,1,1,1,1]}},{"__type__":"cc.Node","_name":"effect_zi_ske","_parent":{"__id__":1},"_components":[{"__type__":"dragonBones.ArmatureDisplay","node":{"__id__":28},"_materials":[{"__uuid__":"ecpdLyjvZBwrvm+cedCcQy"}],"_armatureName":"Armature","_N$dragonAsset":{"__uuid__":"34yy0sOJ5DlZHRIoXFEaWG"}}],"_prefab":{"__type__":"cc.PrefabInfo","root":{"__id__":1},"asset":{"__uuid__":"89z0nuOztJvY+ULQmxw/Uo"},"fileId":"60mJxdekZGx72kWkugWTxo"},"_trs":{"__type__":"TypedArray","ctor":"Float64Array","array":[0,0,0,0,0,0,1,1,1,1]}}],[{"__type__":"cc.Prefab","_name":"ball_cue","data":{"__id__":1}},{"__type__":"cc.Node","_name":"ball_cue","_children":[{"__id__":2}],"_components":[{"__type__":"9244dFpFjdFz6RR/ctEitfd","node":{"__id__":1}}],"_prefab":{"__type__":"cc.PrefabInfo","root":{"__id__":1},"asset":{"__id__":0},"fileId":"82PvB6DM5Okp0nq0sGkmER"},"_trs":{"__type__":"TypedArray","ctor":"Float64Array","array":[0,0,0,0,0,0,1,1,1,1]}},{"__type__":"cc.Node","_name":"rotater","_parent":{"__id__":1},"_children":[{"__id__":3}],"_prefab":{"__type__":"cc.PrefabInfo","root":{"__id__":1},"asset":{"__id__":0},"fileId":"542RbXdRdEK7uCtW+iNZKe"},"_trs":{"__type__":"TypedArray","ctor":"Float64Array","array":[0,0,0,0,0,-0.7071067811865475,0.7071067811865476,1,1,1]},"_eulerAngles":{"__type__":"cc.Vec3","z":-90}},{"__type__":"cc.Node","_name":"transformer","_parent":{"__id__":2},"_children":[{"__id__":4}],"_prefab":{"__type__":"cc.PrefabInfo","root":{"__id__":1},"asset":{"__id__":0},"fileId":"ae6fP9doxD0q3F0zW5Ghs6"},"_trs":{"__type__":"TypedArray","ctor":"Float64Array","array":[0,0,0,0,0,0,1,1,1,1]}},{"__type__":"cc.Node","_name":"cue","_parent":{"__id__":3},"_components":[{"__type__":"9c121H9IsJA1bpbswJLwu8H","node":{"__id__":4}}],"_prefab":{"__type__":"cc.PrefabInfo","root":{"__id__":1},"asset":{"__id__":0},"fileId":"92dBMUrrBAXYAT6i5oHjaq"},"_trs":{"__type__":"TypedArray","ctor":"Float64Array","array":[9.496,0,0,0,0,-0.7071067811865475,0.7071067811865476,0.6,0.6,1]},"_eulerAngles":{"__type__":"cc.Vec3","z":-90}}],{"__type__":"cc.SpriteFrame","content":{"name":"返回","texture":"13ba4cd6d","rect":[235,865,84,79],"offset":[0,0],"originalSize":[84,79],"rotated":1,"capInsets":[0,0,0,0]}},{"__type__":"cc.SpriteFrame","content":{"name":"额外任务图标","texture":"13ba4cd6d","rect":[3,786,109,112],"offset":[0,0],"originalSize":[109,112],"rotated":1,"capInsets":[0,0,0,0]}},{"__type__":"cc.SpriteFrame","content":{"name":"录屏","texture":"13ba4cd6d","rect":[688,806,81,70],"offset":[0,0],"originalSize":[81,70],"rotated":1,"capInsets":[0,0,0,0]}}]