[{"__type__":"cc.SpriteFrame","content":{"name":"八球规则","texture":"1e97745c7","rect":[944,194,184,47],"offset":[0,0],"originalSize":[184,47],"rotated":1,"capInsets":[0,0,0,0]}},{"__type__":"cc.SpriteFrame","content":{"name":"内容","texture":"1e97745c7","rect":[3,3,589,697],"offset":[0,0],"originalSize":[589,697],"capInsets":[0,0,0,0]}},[{"__type__":"cc.Prefab","_name":"helpLayer","data":{"__id__":1}},{"__type__":"cc.Node","_name":"helpLayer","_children":[{"__id__":2},{"__id__":3}],"_components":[{"__type__":"cc.Widget","node":{"__id__":1},"_alignFlags":45},{"__type__":"cc.BlockInputEvents","node":{"__id__":1}},{"__type__":"86a5992OoZP0KPumEkwJ+pY","node":{"__id__":1}}],"_prefab":{"__type__":"cc.PrefabInfo","root":{"__id__":1},"asset":{"__uuid__":"7cz/uQoUVNtp8JvUa+IVcP"},"fileId":"b2ZI9uCE5Au74Q/STRz0iL"},"_contentSize":{"__type__":"cc.Size","width":750,"height":1334},"_trs":{"__type__":"TypedArray","ctor":"Float64Array","array":[375,667,0,0,0,0,1,1,1,1]}},{"__type__":"cc.Node","_name":"mask","_parent":{"__id__":1},"_components":[{"__type__":"cc.Sprite","node":{"__id__":2},"_materials":[{"__uuid__":"ecpdLyjvZBwrvm+cedCcQy"}],"_spriteFrame":{"__uuid__":"fdZ+FLNoFGtYmgI6Rsppg4"},"_type":1,"_sizeMode":0,"_isTrimmedMode":false},{"__type__":"cc.Button","node":{"__id__":2},"_N$normalColor":{"__type__":"cc.Color","r":214,"g":214,"b":214},"_N$target":{"__id__":2}},{"__type__":"cc.Widget","node":{"__id__":2},"_alignFlags":45,"_left":-1,"_right":-1,"_top":-1,"_bottom":-1,"_originalWidth":16,"_originalHeight":16}],"_prefab":{"__type__":"cc.PrefabInfo","root":{"__id__":1},"asset":{"__uuid__":"7cz/uQoUVNtp8JvUa+IVcP"},"fileId":"67EbqYNDxBRautS9PwfMF8"},"_opacity":180,"_contentSize":{"__type__":"cc.Size","width":752,"height":1336},"_trs":{"__type__":"TypedArray","ctor":"Float64Array","array":[0,0,0,0,0,0,1,1,1,1]}},{"__type__":"cc.Node","_name":"dialog","_parent":{"__id__":1},"_children":[{"__id__":4},{"__id__":11}],"_components":[{"__type__":"96549DGCmlIcZghb3AfRGQI","node":{"__id__":3}}],"_prefab":{"__type__":"cc.PrefabInfo","root":{"__id__":1},"asset":{"__uuid__":"7cz/uQoUVNtp8JvUa+IVcP"},"fileId":"87Xr/N+zZGBaYhLqoX+z6f"},"_trs":{"__type__":"TypedArray","ctor":"Float64Array","array":[0,0,0,0,0,0,1,1,1,1]}},{"__type__":"cc.Node","_name":"contents","_parent":{"__id__":3},"_children":[{"__id__":5},{"__id__":6},{"__id__":7},{"__id__":9},{"__id__":10}],"_components":[{"__type__":"09bd4f7l0NPfpseMfFdw+uE","node":{"__id__":4}},{"__type__":"cc.BlockInputEvents","node":{"__id__":4}}],"_prefab":{"__type__":"cc.PrefabInfo","root":{"__id__":1},"asset":{"__uuid__":"7cz/uQoUVNtp8JvUa+IVcP"},"fileId":"a2JJE9KxhMKrt7khqrUk1P"},"_contentSize":{"__type__":"cc.Size","width":625,"height":851},"_trs":{"__type__":"TypedArray","ctor":"Float64Array","array":[0,0,0,0,0,0,1,1,1,1]}},{"__type__":"cc.Node","_name":"bg","_parent":{"__id__":4},"_components":[{"__type__":"cc.Sprite","node":{"__id__":5},"_materials":[{"__uuid__":"ecpdLyjvZBwrvm+cedCcQy"}],"_spriteFrame":{"__uuid__":"7eUA/ecqtKJbHxsn0n8WHp"},"_type":1,"_sizeMode":0,"_isTrimmedMode":false}],"_prefab":{"__type__":"cc.PrefabInfo","root":{"__id__":1},"asset":{"__uuid__":"7cz/uQoUVNtp8JvUa+IVcP"},"fileId":"18lR0fI4dJlZPYlCb9r+Lw"},"_contentSize":{"__type__":"cc.Size","width":625,"height":851},"_trs":{"__type__":"TypedArray","ctor":"Float64Array","array":[0,0,0,0,0,0,1,1,1,1]}},{"__type__":"cc.Node","_name":"title_light","_parent":{"__id__":4},"_components":[{"__type__":"ade161OMgVMKpmjDqerbeZb","node":{"__id__":6},"_prefab":{"__uuid__":"a9R2AW7eJGzoql/lnwjPLu"}}],"_prefab":{"__type__":"cc.PrefabInfo","root":{"__id__":1},"asset":{"__uuid__":"7cz/uQoUVNtp8JvUa+IVcP"},"fileId":"9bMhhZHR5KTJMLYrOXvVNA"},"_contentSize":{"__type__":"cc.Size","width":618,"height":104},"_trs":{"__type__":"TypedArray","ctor":"Float64Array","array":[0,370,0,0,0,0,1,1,1,1]}},{"__type__":"cc.Node","_name":"close_btn","_parent":{"__id__":4},"_children":[{"__id__":8}],"_components":[{"__type__":"cc.Button","node":{"__id__":7},"zoomScale":1.1,"_N$transition":3,"transition":3}],"_prefab":{"__type__":"cc.PrefabInfo","root":{"__id__":1},"asset":{"__uuid__":"7cz/uQoUVNtp8JvUa+IVcP"},"fileId":"9bUUDn2aFNhbQhvaeH36Z8"},"_contentSize":{"__type__":"cc.Size","width":98,"height":98},"_trs":{"__type__":"TypedArray","ctor":"Float64Array","array":[260.181,367,0,0,0,0,1,1,1,1]}},{"__type__":"cc.Node","_name":"text","_parent":{"__id__":7},"_components":[{"__type__":"cc.Sprite","node":{"__id__":8},"_materials":[{"__uuid__":"ecpdLyjvZBwrvm+cedCcQy"}],"_spriteFrame":{"__uuid__":"e2qKO1X95Gk6tYQAVxQ0sN"}}],"_prefab":{"__type__":"cc.PrefabInfo","root":{"__id__":1},"asset":{"__uuid__":"7cz/uQoUVNtp8JvUa+IVcP"},"fileId":"3eYodhW8xPVbaFF4UxheVw"},"_contentSize":{"__type__":"cc.Size","width":38,"height":38},"_trs":{"__type__":"TypedArray","ctor":"Float64Array","array":[0,0,0,0,0,0,1,1,1,1]}},{"__type__":"cc.Node","_name":"title","_parent":{"__id__":4},"_components":[{"__type__":"cc.Sprite","node":{"__id__":9},"_materials":[{"__uuid__":"ecpdLyjvZBwrvm+cedCcQy"}],"_spriteFrame":{"__uuid__":"406M/pVntMKrzONKc8mFA5"}}],"_prefab":{"__type__":"cc.PrefabInfo","root":{"__id__":1},"asset":{"__uuid__":"7cz/uQoUVNtp8JvUa+IVcP"},"fileId":"e1K/YFdpNAuqjsfzpClW9N"},"_contentSize":{"__type__":"cc.Size","width":184,"height":47},"_trs":{"__type__":"TypedArray","ctor":"Float64Array","array":[0,367,0,0,0,0,1,1,1,1]}},{"__type__":"cc.Node","_name":"内容","_parent":{"__id__":4},"_components":[{"__type__":"cc.Sprite","node":{"__id__":10},"_materials":[{"__uuid__":"ecpdLyjvZBwrvm+cedCcQy"}],"_spriteFrame":{"__uuid__":"64vPWC7qhFyrsDSgHLskD6"}}],"_prefab":{"__type__":"cc.PrefabInfo","root":{"__id__":1},"asset":{"__uuid__":"7cz/uQoUVNtp8JvUa+IVcP"},"fileId":"907JWKhNJC/at1PhEmassG"},"_contentSize":{"__type__":"cc.Size","width":589,"height":697},"_trs":{"__type__":"TypedArray","ctor":"Float64Array","array":[0,-47.522,0,0,0,0,1,1,1,1]}},{"__type__":"cc.Node","_name":"banner","_parent":{"__id__":3},"_components":[{"__type__":"ce3f9aG6A1If7y9kH3tgvq2","node":{"__id__":11}}],"_prefab":{"__type__":"cc.PrefabInfo","root":{"__id__":1},"asset":{"__uuid__":"7cz/uQoUVNtp8JvUa+IVcP"},"fileId":"2b3ctF8FZDzbuyObwPfoe+"},"_trs":{"__type__":"TypedArray","ctor":"Float64Array","array":[0,-431.055,0,0,0,0,1,1,1,1]}}]]