[[{"__type__":"cc.Prefab","_name":"force_bar","data":{"__id__":1}},{"__type__":"cc.Node","_name":"force_bar","_children":[{"__id__":2},{"__id__":3},{"__id__":7},{"__id__":8}],"_components":[{"__type__":"fedd6W0EFxIE40xSlzdHBAt","node":{"__id__":1}},{"__type__":"0ea66QfO5RM25WBXIFxT2lo","node":{"__id__":1}}],"_prefab":{"__type__":"cc.PrefabInfo","root":{"__id__":1},"asset":{"__uuid__":"50e/uCTI1Hv5sv3e3zmir4"},"fileId":"115KjqV3ZMrJhP7yDSdU5u"},"_contentSize":{"__type__":"cc.Size","width":94,"height":642},"_trs":{"__type__":"TypedArray","ctor":"Float64Array","array":[0,0,0,0,0,0,1,1,1,1]}},{"__type__":"cc.Node","_name":"back","_parent":{"__id__":1},"_components":[{"__type__":"cc.Sprite","node":{"__id__":2},"_materials":[{"__uuid__":"ecpdLyjvZBwrvm+cedCcQy"}],"_spriteFrame":{"__uuid__":"952JYleFxDho768WvIzxDE"}}],"_prefab":{"__type__":"cc.PrefabInfo","root":{"__id__":1},"asset":{"__uuid__":"50e/uCTI1Hv5sv3e3zmir4"},"fileId":"49elur0kBJbq8QEnjEKvfx"},"_contentSize":{"__type__":"cc.Size","width":71,"height":621},"_trs":{"__type__":"TypedArray","ctor":"Float64Array","array":[0,0,0,0,0,0,1,1,1,1]}},{"__type__":"cc.Node","_name":"mask","_parent":{"__id__":1},"_children":[{"__id__":4}],"_components":[{"__type__":"cc.Mask","node":{"__id__":3},"_materials":[{"__uuid__":"ecpdLyjvZBwrvm+cedCcQy"}]}],"_prefab":{"__type__":"cc.PrefabInfo","root":{"__id__":1},"asset":{"__uuid__":"50e/uCTI1Hv5sv3e3zmir4"},"fileId":"05AlN1ZxhDXIHHzZjcMlc+"},"_contentSize":{"__type__":"cc.Size","width":54,"height":612},"_anchorPoint":{"__type__":"cc.Vec2","x":0.5,"y":1},"_trs":{"__type__":"TypedArray","ctor":"Float64Array","array":[0,306,0,0,0,0,1,1,1,1]}},{"__type__":"cc.Node","_name":"cue","_parent":{"__id__":3},"_children":[{"__id__":5},{"__id__":6}],"_prefab":{"__type__":"cc.PrefabInfo","root":{"__id__":1},"asset":{"__uuid__":"50e/uCTI1Hv5sv3e3zmir4"},"fileId":"93XZBh5+xBRqCqRX3HZVTn"},"_trs":{"__type__":"TypedArray","ctor":"Float64Array","array":[0,0,0,0,0,-1,6.123233995736766e-17,1,1,1]},"_eulerAngles":{"__type__":"cc.Vec3","z":-180}},{"__type__":"cc.Node","_name":"arrow","_parent":{"__id__":4},"_components":[{"__type__":"cc.Sprite","node":{"__id__":5},"_materials":[{"__uuid__":"ecpdLyjvZBwrvm+cedCcQy"}],"_spriteFrame":{"__uuid__":"ecCOC4sDpLg7MDq6Lr6wO9"}}],"_prefab":{"__type__":"cc.PrefabInfo","root":{"__id__":1},"asset":{"__uuid__":"50e/uCTI1Hv5sv3e3zmir4"},"fileId":"5dVEIjStNPna66iFNj56+P"},"_contentSize":{"__type__":"cc.Size","width":63,"height":612},"_anchorPoint":{"__type__":"cc.Vec2","x":0.5},"_trs":{"__type__":"TypedArray","ctor":"Float64Array","array":[0,0,0,0,0,1,6.123233995736766e-17,1,1,1]},"_eulerAngles":{"__type__":"cc.Vec3","z":180}},{"__type__":"cc.Node","_name":"sp","_parent":{"__id__":4},"_components":[{"__type__":"cc.Sprite","node":{"__id__":6},"_materials":[{"__uuid__":"ecpdLyjvZBwrvm+cedCcQy"}],"_sizeMode":2,"_isTrimmedMode":false}],"_prefab":{"__type__":"cc.PrefabInfo","root":{"__id__":1},"asset":{"__uuid__":"50e/uCTI1Hv5sv3e3zmir4"},"fileId":"271HzBqChL3qSgKp6jcYx7"},"_anchorPoint":{"__type__":"cc.Vec2","x":0.5},"_trs":{"__type__":"TypedArray","ctor":"Float64Array","array":[0,16,0,0,0,0,1,0.6,0.6,1]}},{"__type__":"cc.Node","_name":"halo","_parent":{"__id__":1},"_components":[{"__type__":"cc.Sprite","node":{"__id__":7},"_materials":[{"__uuid__":"ecpdLyjvZBwrvm+cedCcQy"}],"_spriteFrame":{"__uuid__":"dda4/qrsFKmoPGp5Px9FaG"}}],"_prefab":{"__type__":"cc.PrefabInfo","root":{"__id__":1},"asset":{"__uuid__":"50e/uCTI1Hv5sv3e3zmir4"},"fileId":"4cKOLGKKVPJLi1Z3kBq5rm"},"_contentSize":{"__type__":"cc.Size","width":215,"height":215},"_trs":{"__type__":"TypedArray","ctor":"Float64Array","array":[0,-280.36,0,0,0,0,1,1,1,1]}},{"__type__":"cc.Node","_name":"lbl","_parent":{"__id__":1},"_active":false,"_components":[{"__type__":"cc.Label","node":{"__id__":8},"_materials":[{"__uuid__":"ecpdLyjvZBwrvm+cedCcQy"}],"_string":"100","_N$string":"100","_N$file":{"__uuid__":"5d74f7zCFDGIcIGB+4vLJX"},"_isSystemFontUsed":false,"_spacingX":-7,"_N$horizontalAlign":2,"_N$verticalAlign":1}],"_prefab":{"__type__":"cc.PrefabInfo","root":{"__id__":1},"asset":{"__uuid__":"50e/uCTI1Hv5sv3e3zmir4"},"fileId":"c2M7Q6xZ5Amb+gpgBqqZaB"},"_contentSize":{"__type__":"cc.Size","width":91,"height":40},"_anchorPoint":{"__type__":"cc.Vec2","x":1,"y":0.5},"_trs":{"__type__":"TypedArray","ctor":"Float64Array","array":[-49.115,287.266,0,0,0,0,1,1,1,1]}}],{"__type__":"cc.SpriteFrame","content":{"name":"力度","texture":"13ba4cd6d","rect":[3,447,71,621],"offset":[0,0],"originalSize":[71,621],"rotated":1,"capInsets":[0,0,0,0]}},{"__type__":"cc.SpriteFrame","content":{"name":"拖到力量条光圈@2x","texture":"13ba4cd6d","rect":[265,524,215,215],"offset":[0,0],"originalSize":[215,215],"capInsets":[0,0,0,0]}},{"__type__":"cc.SpriteFrame","content":{"name":"拉力度","texture":"13ba4cd6d","rect":[886,197,63,612],"offset":[0,0],"originalSize":[63,612],"capInsets":[0,0,0,0]}}]