{"__type__":"cc.AnimationClip","_name":"Smoke_2","_duration":0.8,"sample":20,"wrapMode":2,"curveData":{"comps":{"cc.Sprite":{"spriteFrame":[{"frame":0,"value":{"__uuid__":"4avPax3OVDipnaHx10Fink"}},{"frame":0.05,"value":{"__uuid__":"50DDyBDgRFg4ANKWL5FU+Q"}},{"frame":0.1,"value":{"__uuid__":"9dFszfkSpNvq0yTrPvcxTn"}},{"frame":0.15,"value":{"__uuid__":"e0ezgWsDBLpYJFUI9omtCw"}},{"frame":0.2,"value":{"__uuid__":"3a5XZs9u9K0rVMh/hgOSxq"}},{"frame":0.25,"value":{"__uuid__":"62/GRUwitGHpPAqMoXga84"}},{"frame":0.3,"value":{"__uuid__":"e7EtNktxJGfrpxkKW4Mwz8"}},{"frame":0.35,"value":{"__uuid__":"d7336FMbVIb7N872n/RY/s"}},{"frame":0.4,"value":{"__uuid__":"8bcxOf0HFAmIR2ZZ8bbKk9"}},{"frame":0.45,"value":{"__uuid__":"dccrIg8StLzqcjUvQhP67U"}},{"frame":0.5,"value":{"__uuid__":"27U2sRFsRHlK5bZsZJu2RG"}},{"frame":0.55,"value":{"__uuid__":"75K/viOnxCtpss9d42hHF/"}},{"frame":0.6,"value":{"__uuid__":"e2Tey489RJYZ/vjkefuZCG"}},{"frame":0.65,"value":{"__uuid__":"1ezDJr2iNHUbGT81iwRzi5"}},{"frame":0.7,"value":{"__uuid__":"815D2cQn9MN49FgXDqH8Pm"}},{"frame":0.75,"value":{"__uuid__":"e7tP3Nz3tHNq1NlEtkgeGd"}}]}}}}