[{"__type__":"cc.SpriteFrame","content":{"name":"标题_璀璨钻石","texture":"1b5eece6f","rect":[826,373,190,50],"offset":[0,0],"originalSize":[190,50],"capInsets":[0,0,0,0]}},{"__type__":"cc.SpriteFrame","content":{"name":"红包奖励","texture":"19a7fd3ab","rect":[200,794,79,72],"offset":[0,0],"originalSize":[79,72],"capInsets":[0,0,0,0]}},{"__type__":"cc.SpriteFrame","content":{"name":"礼包奖励","texture":"19a7fd3ab","rect":[3,769,79,72],"offset":[0,0],"originalSize":[79,72],"capInsets":[0,0,0,0]}},{"__type__":"cc.SpriteFrame","content":{"name":"88","texture":"19a7fd3ab","rect":[88,795,75,58],"offset":[0,0],"originalSize":[75,58],"capInsets":[0,0,0,0]}},{"__type__":"cc.SpriteFrame","content":{"name":"888","texture":"1298ae8a0","rect":[441,559,112,58],"offset":[0,0],"originalSize":[112,58],"capInsets":[0,0,0,0]}},{"__type__":"cc.SpriteFrame","content":{"name":"距离大赛结束","texture":"1298ae8a0","rect":[323,559,112,60],"offset":[0,0],"originalSize":[112,60],"capInsets":[0,0,0,0]}},[{"__type__":"cc.Prefab","_name":"worldMatchPrizeWxLayer","data":{"__id__":1}},{"__type__":"cc.Node","_name":"worldMatchPrizeLayer","_children":[{"__id__":2},{"__id__":3}],"_components":[{"__type__":"cc.Widget","node":{"__id__":1},"_alignFlags":45},{"__type__":"cc.BlockInputEvents","node":{"__id__":1}},{"__type__":"a9fcagIISdCab9BB6ziyHCu","node":{"__id__":1}}],"_prefab":{"__type__":"cc.PrefabInfo","root":{"__id__":1},"asset":{"__uuid__":"968+++SMxHRZiIE1aEhrSd"},"fileId":"b2ZI9uCE5Au74Q/STRz0iL"},"_contentSize":{"__type__":"cc.Size","width":750,"height":1334},"_trs":{"__type__":"TypedArray","ctor":"Float64Array","array":[375,667,0,0,0,0,1,1,1,1]}},{"__type__":"cc.Node","_name":"mask","_parent":{"__id__":1},"_components":[{"__type__":"cc.Sprite","node":{"__id__":2},"_materials":[{"__uuid__":"ecpdLyjvZBwrvm+cedCcQy"}],"_spriteFrame":{"__uuid__":"fdZ+FLNoFGtYmgI6Rsppg4"},"_type":1,"_sizeMode":0,"_isTrimmedMode":false},{"__type__":"cc.Button","node":{"__id__":2},"_N$normalColor":{"__type__":"cc.Color","r":214,"g":214,"b":214},"_N$target":{"__id__":2}},{"__type__":"cc.Widget","node":{"__id__":2},"_alignFlags":45,"_left":-1,"_right":-1,"_top":-1,"_bottom":-1,"_originalWidth":16,"_originalHeight":16}],"_prefab":{"__type__":"cc.PrefabInfo","root":{"__id__":1},"asset":{"__uuid__":"968+++SMxHRZiIE1aEhrSd"},"fileId":"67EbqYNDxBRautS9PwfMF8"},"_opacity":180,"_contentSize":{"__type__":"cc.Size","width":752,"height":1336},"_trs":{"__type__":"TypedArray","ctor":"Float64Array","array":[0,0,0,0,0,0,1,1,1,1]}},{"__type__":"cc.Node","_name":"dialog","_parent":{"__id__":1},"_children":[{"__id__":4},{"__id__":49}],"_components":[{"__type__":"96549DGCmlIcZghb3AfRGQI","node":{"__id__":3}}],"_prefab":{"__type__":"cc.PrefabInfo","root":{"__id__":1},"asset":{"__uuid__":"968+++SMxHRZiIE1aEhrSd"},"fileId":"19pEruYqhJjrAkAknf+vUE"},"_trs":{"__type__":"TypedArray","ctor":"Float64Array","array":[0,0,0,0,0,0,1,1,1,1]}},{"__type__":"cc.Node","_name":"contents","_parent":{"__id__":3},"_children":[{"__id__":5},{"__id__":6},{"__id__":7},{"__id__":12},{"__id__":13},{"__id__":14},{"__id__":15},{"__id__":16},{"__id__":25},{"__id__":32}],"_components":[{"__type__":"09bd4f7l0NPfpseMfFdw+uE","node":{"__id__":4}},{"__type__":"cc.BlockInputEvents","node":{"__id__":4}}],"_prefab":{"__type__":"cc.PrefabInfo","root":{"__id__":1},"asset":{"__uuid__":"968+++SMxHRZiIE1aEhrSd"},"fileId":"51qPXPM9RH6blewgAKdmh5"},"_contentSize":{"__type__":"cc.Size","width":587,"height":978},"_trs":{"__type__":"TypedArray","ctor":"Float64Array","array":[0,30,0,0,0,0,1,1,1,1]}},{"__type__":"cc.Node","_name":"bg","_parent":{"__id__":4},"_components":[{"__type__":"cc.Sprite","node":{"__id__":5},"_materials":[{"__uuid__":"ecpdLyjvZBwrvm+cedCcQy"}],"_spriteFrame":{"__uuid__":"7eUA/ecqtKJbHxsn0n8WHp"},"_type":1,"_sizeMode":0,"_isTrimmedMode":false},{"__type__":"cc.Widget","node":{"__id__":5},"_alignFlags":45,"_originalWidth":625,"_originalHeight":771}],"_prefab":{"__type__":"cc.PrefabInfo","root":{"__id__":1},"asset":{"__uuid__":"968+++SMxHRZiIE1aEhrSd"},"fileId":"24NmMqu0hBcJJ/rVpJsLQs"},"_contentSize":{"__type__":"cc.Size","width":587,"height":978},"_trs":{"__type__":"TypedArray","ctor":"Float64Array","array":[0,0,0,0,0,0,1,1,1,1]}},{"__type__":"cc.Node","_name":"footer_bg","_parent":{"__id__":4},"_components":[{"__type__":"cc.Sprite","node":{"__id__":6},"_materials":[{"__uuid__":"ecpdLyjvZBwrvm+cedCcQy"}],"_spriteFrame":{"__uuid__":"52wL4V059D3Ih+eqEe4GG2"}}],"_prefab":{"__type__":"cc.PrefabInfo","root":{"__id__":1},"asset":{"__uuid__":"968+++SMxHRZiIE1aEhrSd"},"fileId":"fb94togG1Ov5PjleqTU3Iq"},"_contentSize":{"__type__":"cc.Size","width":587,"height":71},"_trs":{"__type__":"TypedArray","ctor":"Float64Array","array":[0,-453.5,0,0,0,0,1,1,1,1]}},{"__type__":"cc.Node","_name":"title_node","_parent":{"__id__":4},"_children":[{"__id__":8},{"__id__":9},{"__id__":10}],"_components":[{"__type__":"cc.Widget","node":{"__id__":7},"_alignFlags":1,"_top":53.5}],"_prefab":{"__type__":"cc.PrefabInfo","root":{"__id__":1},"asset":{"__uuid__":"968+++SMxHRZiIE1aEhrSd"},"fileId":"62SMrziwNOs4wB9o5cdGUN"},"_trs":{"__type__":"TypedArray","ctor":"Float64Array","array":[0.9,435.5,0,0,0,0,1,1,1,1]}},{"__type__":"cc.Node","_name":"title_light","_parent":{"__id__":7},"_components":[{"__type__":"ade161OMgVMKpmjDqerbeZb","node":{"__id__":8},"_prefab":{"__uuid__":"a9R2AW7eJGzoql/lnwjPLu"}}],"_prefab":{"__type__":"cc.PrefabInfo","root":{"__id__":1},"asset":{"__uuid__":"968+++SMxHRZiIE1aEhrSd"},"fileId":"b0Ke+vpQtPIIuFpKXf24xd"},"_contentSize":{"__type__":"cc.Size","width":579,"height":104},"_trs":{"__type__":"TypedArray","ctor":"Float64Array","array":[0,-2,0,0,0,0,1,1,1,1]}},{"__type__":"cc.Node","_name":"title","_parent":{"__id__":7},"_components":[{"__type__":"cc.Sprite","node":{"__id__":9},"_materials":[{"__uuid__":"ecpdLyjvZBwrvm+cedCcQy"}],"_spriteFrame":{"__uuid__":"3bB0JRmPhAvaZFPj9PRe46"}}],"_prefab":{"__type__":"cc.PrefabInfo","root":{"__id__":1},"asset":{"__uuid__":"968+++SMxHRZiIE1aEhrSd"},"fileId":"b4Ya8XymNBEJ2bskbfLXlc"},"_contentSize":{"__type__":"cc.Size","width":232,"height":47},"_trs":{"__type__":"TypedArray","ctor":"Float64Array","array":[-0.9,-2,0,0,0,0,1,1,1,1]}},{"__type__":"cc.Node","_name":"close_btn","_parent":{"__id__":7},"_children":[{"__id__":11}],"_components":[{"__type__":"cc.Button","node":{"__id__":10},"zoomScale":1.1,"_N$transition":3,"transition":3}],"_prefab":{"__type__":"cc.PrefabInfo","root":{"__id__":1},"asset":{"__uuid__":"968+++SMxHRZiIE1aEhrSd"},"fileId":"6eMST/MkZFXb7kfqlskNlM"},"_contentSize":{"__type__":"cc.Size","width":98,"height":98},"_trs":{"__type__":"TypedArray","ctor":"Float64Array","array":[237.848,-2,0,0,0,0,1,1,1,0]}},{"__type__":"cc.Node","_name":"text","_parent":{"__id__":10},"_components":[{"__type__":"cc.Sprite","node":{"__id__":11},"_materials":[{"__uuid__":"ecpdLyjvZBwrvm+cedCcQy"}],"_spriteFrame":{"__uuid__":"e2qKO1X95Gk6tYQAVxQ0sN"}}],"_prefab":{"__type__":"cc.PrefabInfo","root":{"__id__":1},"asset":{"__uuid__":"968+++SMxHRZiIE1aEhrSd"},"fileId":"ddesDk+AZKlZhevmGMCWLf"},"_contentSize":{"__type__":"cc.Size","width":38,"height":38},"_trs":{"__type__":"TypedArray","ctor":"Float64Array","array":[0,0,0,0,0,0,1,1,1,1]}},{"__type__":"cc.Node","_name":"$count_down_lbl","_parent":{"__id__":4},"_components":[{"__type__":"cc.Label","node":{"__id__":12},"_materials":[{"__uuid__":"ecpdLyjvZBwrvm+cedCcQy"}],"_useOriginalSize":false,"_string":"大赛结束还有：7天12小时","_N$string":"大赛结束还有：7天12小时","_fontSize":28,"_lineHeight":28,"_styleFlags":1,"_N$horizontalAlign":1,"_N$verticalAlign":1},{"__type__":"cc.LabelOutline","node":{"__id__":12},"_color":{"__type__":"cc.Color","r":213,"g":234,"b":247},"_width":2}],"_prefab":{"__type__":"cc.PrefabInfo","root":{"__id__":1},"asset":{"__uuid__":"968+++SMxHRZiIE1aEhrSd"},"fileId":"8eZwD0XzRElY7VRfRD6L5n"},"_color":{"__type__":"cc.Color","r":27,"g":123,"b":179},"_contentSize":{"__type__":"cc.Size","width":330.72,"height":39.28},"_trs":{"__type__":"TypedArray","ctor":"Float64Array","array":[0,-452.84,0,0,0,0,1,1,1,1]}},{"__type__":"cc.Node","_name":"bg1","_parent":{"__id__":4},"_components":[{"__type__":"cc.Sprite","node":{"__id__":13},"_materials":[{"__uuid__":"ecpdLyjvZBwrvm+cedCcQy"}],"_spriteFrame":{"__uuid__":"bdOmacuCFIZq8RIWKHTaFp"}}],"_prefab":{"__type__":"cc.PrefabInfo","root":{"__id__":1},"asset":{"__uuid__":"968+++SMxHRZiIE1aEhrSd"},"fileId":"8a/xsMBfBLq5gHJhlPSiDt"},"_contentSize":{"__type__":"cc.Size","width":556,"height":164},"_trs":{"__type__":"TypedArray","ctor":"Float64Array","array":[0,284.223,0,0,0,0,1,1,1,1]}},{"__type__":"cc.Node","_name":"header1","_parent":{"__id__":4},"_components":[{"__type__":"cc.Sprite","node":{"__id__":14},"_materials":[{"__uuid__":"ecpdLyjvZBwrvm+cedCcQy"}],"_spriteFrame":{"__uuid__":"ddCg8q1WVArIBWYlgM4KuW"}}],"_prefab":{"__type__":"cc.PrefabInfo","root":{"__id__":1},"asset":{"__uuid__":"968+++SMxHRZiIE1aEhrSd"},"fileId":"7eS8safPBGZa/Qt5Xw+ABt"},"_contentSize":{"__type__":"cc.Size","width":51,"height":25},"_trs":{"__type__":"TypedArray","ctor":"Float64Array","array":[-187.646,175.871,0,0,0,0,1,1,1,1]}},{"__type__":"cc.Node","_name":"header2","_parent":{"__id__":4},"_components":[{"__type__":"cc.Sprite","node":{"__id__":15},"_materials":[{"__uuid__":"ecpdLyjvZBwrvm+cedCcQy"}],"_spriteFrame":{"__uuid__":"5dDz+DVGVLOrBf5jRSz9ng"}}],"_prefab":{"__type__":"cc.PrefabInfo","root":{"__id__":1},"asset":{"__uuid__":"968+++SMxHRZiIE1aEhrSd"},"fileId":"1fa7BdM/ZDDZFhpKut4AxS"},"_contentSize":{"__type__":"cc.Size","width":102,"height":26},"_trs":{"__type__":"TypedArray","ctor":"Float64Array","array":[80,175.87099999999998,0,0,0,0,1,1,1,1]}},{"__type__":"cc.Node","_name":"$scrollview_node","_parent":{"__id__":4},"_children":[{"__id__":17}],"_components":[{"__type__":"cc.ScrollView","node":{"__id__":16},"horizontal":false,"cancelInnerEvents":false,"_N$content":{"__id__":18},"content":{"__id__":18}}],"_prefab":{"__type__":"cc.PrefabInfo","root":{"__id__":1},"asset":{"__uuid__":"968+++SMxHRZiIE1aEhrSd"},"fileId":"faUWO5aixMhJT1I/yBkVgw"},"_contentSize":{"__type__":"cc.Size","width":514,"height":567},"_anchorPoint":{"__type__":"cc.Vec2","x":0.5,"y":1},"_trs":{"__type__":"TypedArray","ctor":"Float64Array","array":[0,152.77,0,0,0,0,1,1,1,1]}},{"__type__":"cc.Node","_name":"view","_parent":{"__id__":16},"_children":[{"__id__":18}],"_components":[{"__type__":"cc.Mask","node":{"__id__":17},"_materials":[{"__uuid__":"ecpdLyjvZBwrvm+cedCcQy"}]}],"_prefab":{"__type__":"cc.PrefabInfo","root":{"__id__":1},"asset":{"__uuid__":"968+++SMxHRZiIE1aEhrSd"},"fileId":"5bGkANmENMxJP52NOb36a3"},"_contentSize":{"__type__":"cc.Size","width":514,"height":567},"_anchorPoint":{"__type__":"cc.Vec2","x":0.5,"y":1},"_trs":{"__type__":"TypedArray","ctor":"Float64Array","array":[0,0,0,0,0,0,1,1,1,1]}},{"__type__":"cc.Node","_name":"$dan_list_node","_parent":{"__id__":17},"_children":[{"__id__":19}],"_components":[{"__type__":"cc.Layout","node":{"__id__":18},"_layoutSize":{"__type__":"cc.Size","width":514,"height":738},"_N$layoutType":3,"_N$startAxis":1,"_N$spacingY":12}],"_prefab":{"__type__":"cc.PrefabInfo","root":{"__id__":1},"asset":{"__uuid__":"968+++SMxHRZiIE1aEhrSd"},"fileId":"beWfO3uCdE7p9tj3MRtI3t"},"_contentSize":{"__type__":"cc.Size","width":514,"height":738},"_anchorPoint":{"__type__":"cc.Vec2","x":0.5,"y":1},"_trs":{"__type__":"TypedArray","ctor":"Float64Array","array":[0,0,0,0,0,0,1,1,1,1]}},{"__type__":"cc.Node","_name":"item","_parent":{"__id__":18},"_children":[{"__id__":20},{"__id__":21},{"__id__":24}],"_components":[{"__type__":"cc.Sprite","node":{"__id__":19},"_materials":[{"__uuid__":"ecpdLyjvZBwrvm+cedCcQy"}],"_spriteFrame":{"__uuid__":"1efAotcOBEx4kI73xzWgu0"},"_type":1,"_sizeMode":0}],"_prefab":{"__type__":"cc.PrefabInfo","root":{"__id__":1},"asset":{"__uuid__":"968+++SMxHRZiIE1aEhrSd"},"fileId":"50Gf33QEJMLJjft+2niBo9"},"_contentSize":{"__type__":"cc.Size","width":514,"height":95},"_trs":{"__type__":"TypedArray","ctor":"Float64Array","array":[0,-47.5,0,0,0,0,1,1,1,1]}},{"__type__":"cc.Node","_name":"_dan_sp","_parent":{"__id__":19},"_components":[{"__type__":"cc.Sprite","node":{"__id__":20},"_materials":[{"__uuid__":"ecpdLyjvZBwrvm+cedCcQy"}],"_spriteFrame":{"__uuid__":"05Ed9py8hJe6RMDKmdkXwG"}}],"_prefab":{"__type__":"cc.PrefabInfo","root":{"__id__":1},"asset":{"__uuid__":"968+++SMxHRZiIE1aEhrSd"},"fileId":"edRqdjJTNG25Hr5gYLHkOv"},"_contentSize":{"__type__":"cc.Size","width":253,"height":191},"_trs":{"__type__":"TypedArray","ctor":"Float64Array","array":[-188.514,0,0,0,0,0,1,0.45,0.45,1]}},{"__type__":"cc.Node","_name":"item_list","_parent":{"__id__":19},"_children":[{"__id__":22},{"__id__":23}],"_components":[{"__type__":"cc.Layout","node":{"__id__":21},"_layoutSize":{"__type__":"cc.Size","width":300,"height":72},"_resize":1,"_N$layoutType":3,"_N$spacingX":17}],"_prefab":{"__type__":"cc.PrefabInfo","root":{"__id__":1},"asset":{"__uuid__":"968+++SMxHRZiIE1aEhrSd"},"fileId":"7d5VKMUBpNEr60afUBSTpK"},"_contentSize":{"__type__":"cc.Size","width":300,"height":72},"_anchorPoint":{"__type__":"cc.Vec2","y":0.5},"_trs":{"__type__":"TypedArray","ctor":"Float64Array","array":[-94.346,0,0,0,0,0,1,1,1,1]}},{"__type__":"cc.Node","_name":"_redpacket_item","_parent":{"__id__":21},"_components":[{"__type__":"cc.Sprite","node":{"__id__":22},"_materials":[{"__uuid__":"ecpdLyjvZBwrvm+cedCcQy"}],"_spriteFrame":{"__uuid__":"5c0ilfcLVJG5S6ygjkOAQO"}},{"__type__":"efef2kaR59F1Ybs0KySzxdi","node":{"__id__":22}}],"_prefab":{"__type__":"cc.PrefabInfo","root":{"__id__":1},"asset":{"__uuid__":"968+++SMxHRZiIE1aEhrSd"},"fileId":"eauELBdaZF2b7Lnvsi9HjL"},"_contentSize":{"__type__":"cc.Size","width":79,"height":72},"_trs":{"__type__":"TypedArray","ctor":"Float64Array","array":[39.5,0,0,0,0,0,1,1,1,1]}},{"__type__":"cc.Node","_name":"_prize_item","_parent":{"__id__":21},"_components":[{"__type__":"cc.Sprite","node":{"__id__":23},"_materials":[{"__uuid__":"ecpdLyjvZBwrvm+cedCcQy"}],"_spriteFrame":{"__uuid__":"75ejBC43dFK4E61zgbr4pd"}},{"__type__":"efef2kaR59F1Ybs0KySzxdi","node":{"__id__":23}}],"_prefab":{"__type__":"cc.PrefabInfo","root":{"__id__":1},"asset":{"__uuid__":"968+++SMxHRZiIE1aEhrSd"},"fileId":"cdNlVLVwBGL4J7EzgiAmAJ"},"_contentSize":{"__type__":"cc.Size","width":79,"height":72},"_trs":{"__type__":"TypedArray","ctor":"Float64Array","array":[135.5,0,0,0,0,0,1,1,1,1]}},{"__type__":"cc.Node","_name":"_honor_title_sp","_parent":{"__id__":19},"_components":[{"__type__":"cc.Sprite","node":{"__id__":24},"_materials":[{"__uuid__":"ecpdLyjvZBwrvm+cedCcQy"}],"_spriteFrame":{"__uuid__":"49oNcQuRlCbYFQIOTbZaDt"}}],"_prefab":{"__type__":"cc.PrefabInfo","root":{"__id__":1},"asset":{"__uuid__":"968+++SMxHRZiIE1aEhrSd"},"fileId":"4bwk1Lly9HuKwCssV3lSjh"},"_contentSize":{"__type__":"cc.Size","width":269,"height":122},"_trs":{"__type__":"TypedArray","ctor":"Float64Array","array":[174.662,-3,0,0,0,0,1,0.55,0.55,1]}},{"__type__":"cc.Node","_name":"New Node","_parent":{"__id__":4},"_children":[{"__id__":26}],"_prefab":{"__type__":"cc.PrefabInfo","root":{"__id__":1},"asset":{"__uuid__":"968+++SMxHRZiIE1aEhrSd"},"fileId":"b1SvZWC1tN2ZeVZHKpuvPO"},"_trs":{"__type__":"TypedArray","ctor":"Float64Array","array":[0,152.77,0,0,0,0,1,1,1,1]}},{"__type__":"cc.Node","_name":"$prize_node","_parent":{"__id__":25},"_children":[{"__id__":27}],"_active":false,"_components":[{"__type__":"cc.Sprite","node":{"__id__":26},"_materials":[{"__uuid__":"ecpdLyjvZBwrvm+cedCcQy"}],"_spriteFrame":{"__uuid__":"aaE2iEE0hKtaomFCp8MjdJ"}}],"_prefab":{"__type__":"cc.PrefabInfo","root":{"__id__":1},"asset":{"__uuid__":"968+++SMxHRZiIE1aEhrSd"},"fileId":"aaTW8q9MVAeonhWIP/FfRP"},"_contentSize":{"__type__":"cc.Size","width":141,"height":70},"_anchorPoint":{"__type__":"cc.Vec2","x":0.5},"_trs":{"__type__":"TypedArray","ctor":"Float64Array","array":[42,-19,0,0,0,0,1,1,1,1]}},{"__type__":"cc.Node","_name":"$prize_list_node","_parent":{"__id__":26},"_children":[{"__id__":28},{"__id__":30}],"_components":[{"__type__":"cc.Layout","node":{"__id__":27},"_layoutSize":{"__type__":"cc.Size","width":161.4,"height":56},"_resize":1,"_N$layoutType":1,"_N$spacingX":15,"_N$affectedByScale":true},{"__type__":"65bccQ0O1NBZLXfma2oif+T","node":{"__id__":27}}],"_prefab":{"__type__":"cc.PrefabInfo","root":{"__id__":1},"asset":{"__uuid__":"968+++SMxHRZiIE1aEhrSd"},"fileId":"b0/3LPHRBDHZL56LyzU1OB"},"_contentSize":{"__type__":"cc.Size","width":161.4,"height":56},"_trs":{"__type__":"TypedArray","ctor":"Float64Array","array":[0,39,0,0,0,0,1,0.7,0.7,0.7]}},{"__type__":"cc.Node","_name":"item","_parent":{"__id__":27},"_children":[{"__id__":29}],"_components":[{"__type__":"cc.Sprite","node":{"__id__":28},"_materials":[{"__uuid__":"ecpdLyjvZBwrvm+cedCcQy"}],"_spriteFrame":{"__uuid__":"c3S23L9yxB7qvcm4mpyg+H"}},{"__type__":"efef2kaR59F1Ybs0KySzxdi","node":{"__id__":28}}],"_prefab":{"__type__":"cc.PrefabInfo","root":{"__id__":1},"asset":{"__uuid__":"968+++SMxHRZiIE1aEhrSd"},"fileId":"07zfyNLtFMhLJLPjm/y8hY"},"_contentSize":{"__type__":"cc.Size","width":122,"height":112},"_trs":{"__type__":"TypedArray","ctor":"Float64Array","array":[-44.1,0,0,0,0,0,1,0.6,0.6,1]}},{"__type__":"cc.Node","_name":"label","_parent":{"__id__":28},"_components":[{"__type__":"cc.Label","node":{"__id__":29},"_materials":[{"__uuid__":"ecpdLyjvZBwrvm+cedCcQy"}],"_useOriginalSize":false,"_string":"2","_N$string":"2","_fontSize":25,"_lineHeight":26,"_N$horizontalAlign":1,"_N$verticalAlign":1},{"__type__":"cc.LabelOutline","node":{"__id__":29},"_color":{"__type__":"cc.Color","r":29,"g":85,"b":124},"_width":2}],"_prefab":{"__type__":"cc.PrefabInfo","root":{"__id__":1},"asset":{"__uuid__":"968+++SMxHRZiIE1aEhrSd"},"fileId":"0fgdd1UoRB358lm42qqYZX"},"_contentSize":{"__type__":"cc.Size","width":17.9,"height":36.76},"_trs":{"__type__":"TypedArray","ctor":"Float64Array","array":[39.732,-32.197,0,0,0,0,1,1,1,1]}},{"__type__":"cc.Node","_name":"item","_parent":{"__id__":27},"_children":[{"__id__":31}],"_components":[{"__type__":"cc.Sprite","node":{"__id__":30},"_materials":[{"__uuid__":"ecpdLyjvZBwrvm+cedCcQy"}],"_spriteFrame":{"__uuid__":"c3S23L9yxB7qvcm4mpyg+H"}},{"__type__":"efef2kaR59F1Ybs0KySzxdi","node":{"__id__":30}}],"_prefab":{"__type__":"cc.PrefabInfo","root":{"__id__":1},"asset":{"__uuid__":"968+++SMxHRZiIE1aEhrSd"},"fileId":"ca9xyTaEtHSL+7h6wU12xL"},"_contentSize":{"__type__":"cc.Size","width":122,"height":112},"_trs":{"__type__":"TypedArray","ctor":"Float64Array","array":[44.1,0,0,0,0,0,1,0.6,0.6,1]}},{"__type__":"cc.Node","_name":"label","_parent":{"__id__":30},"_components":[{"__type__":"cc.Label","node":{"__id__":31},"_materials":[{"__uuid__":"ecpdLyjvZBwrvm+cedCcQy"}],"_useOriginalSize":false,"_string":"2","_N$string":"2","_fontSize":25,"_lineHeight":26,"_N$horizontalAlign":1,"_N$verticalAlign":1},{"__type__":"cc.LabelOutline","node":{"__id__":31},"_color":{"__type__":"cc.Color","r":29,"g":85,"b":124},"_width":2}],"_prefab":{"__type__":"cc.PrefabInfo","root":{"__id__":1},"asset":{"__uuid__":"968+++SMxHRZiIE1aEhrSd"},"fileId":"cb3h5kHH9PT4wZu4ibbRUc"},"_contentSize":{"__type__":"cc.Size","width":17.9,"height":36.76},"_trs":{"__type__":"TypedArray","ctor":"Float64Array","array":[39.732,-32.197,0,0,0,0,1,1,1,1]}},{"__type__":"cc.Node","_name":"$redpacket_node","_parent":{"__id__":4},"_children":[{"__id__":33},{"__id__":34}],"_active":false,"_prefab":{"__type__":"cc.PrefabInfo","root":{"__id__":1},"asset":{"__uuid__":"968+++SMxHRZiIE1aEhrSd"},"fileId":"bdUg3r3dhOJJNIxtxQ8idI"},"_trs":{"__type__":"TypedArray","ctor":"Float64Array","array":[0,0,0,0,0,0,1,1,1,1]}},{"__type__":"cc.Node","_name":"mask","_parent":{"__id__":32},"_components":[{"__type__":"cc.Sprite","node":{"__id__":33},"_materials":[{"__uuid__":"ecpdLyjvZBwrvm+cedCcQy"}],"_spriteFrame":{"__uuid__":"fdZ+FLNoFGtYmgI6Rsppg4"},"_type":1,"_sizeMode":0,"_isTrimmedMode":false},{"__type__":"cc.Button","node":{"__id__":33},"clickEvents":[{"__type__":"cc.ClickEvent","target":{"__id__":1},"_componentId":"a9fcagIISdCab9BB6ziyHCu","handler":"onRedpacketCloseClick"}],"_N$normalColor":{"__type__":"cc.Color","r":214,"g":214,"b":214},"_N$target":{"__id__":33}},{"__type__":"809c4SzpK1OEIh/WEmlQyJb","node":{"__id__":33}}],"_prefab":{"__type__":"cc.PrefabInfo","root":{"__id__":1},"asset":{"__uuid__":"968+++SMxHRZiIE1aEhrSd"},"fileId":"cbRiXTPlVD9blVdRqEueFT"},"_opacity":120,"_contentSize":{"__type__":"cc.Size","width":2,"height":2},"_trs":{"__type__":"TypedArray","ctor":"Float64Array","array":[0,0,0,0,0,0,1,1,1,1]}},{"__type__":"cc.Node","_name":"layer","_parent":{"__id__":32},"_children":[{"__id__":35},{"__id__":36},{"__id__":40},{"__id__":47},{"__id__":48}],"_components":[{"__type__":"cc.Sprite","node":{"__id__":34},"_materials":[{"__uuid__":"ecpdLyjvZBwrvm+cedCcQy"}],"_spriteFrame":{"__uuid__":"d0aAb2EFVKtJB3k1P0KKmW"},"_type":1,"_sizeMode":0}],"_prefab":{"__type__":"cc.PrefabInfo","root":{"__id__":1},"asset":{"__uuid__":"968+++SMxHRZiIE1aEhrSd"},"fileId":"6cTVAzWLlLT6rcyDaoAvuo"},"_contentSize":{"__type__":"cc.Size","width":623,"height":934},"_trs":{"__type__":"TypedArray","ctor":"Float64Array","array":[0,0,0,0,0,0,1,1,1,1]}},{"__type__":"cc.Node","_name":"title_bg","_parent":{"__id__":34},"_components":[{"__type__":"cc.Sprite","node":{"__id__":35},"_materials":[{"__uuid__":"ecpdLyjvZBwrvm+cedCcQy"}],"_spriteFrame":{"__uuid__":"baEDT1mXhFBLENkmq5BMG+"}}],"_prefab":{"__type__":"cc.PrefabInfo","root":{"__id__":1},"asset":{"__uuid__":"968+++SMxHRZiIE1aEhrSd"},"fileId":"76IBY++iFMX4k7xTK/JISl"},"_contentSize":{"__type__":"cc.Size","width":348,"height":96},"_trs":{"__type__":"TypedArray","ctor":"Float64Array","array":[0,437.564,0,0,0,0,1,1,1,1]}},{"__type__":"cc.Node","_name":"$redpacket_title_node","_parent":{"__id__":34},"_children":[{"__id__":37},{"__id__":38},{"__id__":39}],"_prefab":{"__type__":"cc.PrefabInfo","root":{"__id__":1},"asset":{"__uuid__":"968+++SMxHRZiIE1aEhrSd"},"fileId":"efjEk/QzxADZd/4NGuHGCx"},"_trs":{"__type__":"TypedArray","ctor":"Float64Array","array":[0,437.564,0,0,0,0,1,1,1,1]}},{"__type__":"cc.Node","_name":"4","_parent":{"__id__":36},"_components":[{"__type__":"cc.Sprite","node":{"__id__":37},"_materials":[{"__uuid__":"ecpdLyjvZBwrvm+cedCcQy"}],"_spriteFrame":{"__uuid__":"55Gyy51BFOjpcReXkD1sDz"}}],"_prefab":{"__type__":"cc.PrefabInfo","root":{"__id__":1},"asset":{"__uuid__":"968+++SMxHRZiIE1aEhrSd"},"fileId":"14aPRrzaBM0KoYMjuH1LSM"},"_contentSize":{"__type__":"cc.Size","width":190,"height":50},"_trs":{"__type__":"TypedArray","ctor":"Float64Array","array":[0,0,0,0,0,0,1,1,1,1]}},{"__type__":"cc.Node","_name":"5","_parent":{"__id__":36},"_active":false,"_components":[{"__type__":"cc.Sprite","node":{"__id__":38},"_materials":[{"__uuid__":"ecpdLyjvZBwrvm+cedCcQy"}],"_spriteFrame":{"__uuid__":"b7lyEZ2rBEroB6V50cQIPD"}}],"_prefab":{"__type__":"cc.PrefabInfo","root":{"__id__":1},"asset":{"__uuid__":"968+++SMxHRZiIE1aEhrSd"},"fileId":"a8NtcRnwlA+a6493rNMunQ"},"_contentSize":{"__type__":"cc.Size","width":189,"height":50},"_trs":{"__type__":"TypedArray","ctor":"Float64Array","array":[0,0,0,0,0,0,1,1,1,1]}},{"__type__":"cc.Node","_name":"6","_parent":{"__id__":36},"_active":false,"_components":[{"__type__":"cc.Sprite","node":{"__id__":39},"_materials":[{"__uuid__":"ecpdLyjvZBwrvm+cedCcQy"}],"_spriteFrame":{"__uuid__":"d09oGYrh1Cj6gS4KT8RBV+"}}],"_prefab":{"__type__":"cc.PrefabInfo","root":{"__id__":1},"asset":{"__uuid__":"968+++SMxHRZiIE1aEhrSd"},"fileId":"720a7wMuVB5L2SpZ1EuzRB"},"_contentSize":{"__type__":"cc.Size","width":187,"height":50},"_trs":{"__type__":"TypedArray","ctor":"Float64Array","array":[0,0,0,0,0,0,1,1,1,1]}},{"__type__":"cc.Node","_name":"layout","_parent":{"__id__":34},"_children":[{"__id__":41},{"__id__":42},{"__id__":46}],"_components":[{"__type__":"cc.Layout","node":{"__id__":40},"_layoutSize":{"__type__":"cc.Size","width":424},"_resize":1,"_N$layoutType":1}],"_prefab":{"__type__":"cc.PrefabInfo","root":{"__id__":1},"asset":{"__uuid__":"968+++SMxHRZiIE1aEhrSd"},"fileId":"1auu5HvBdNN62XskAp5QbM"},"_contentSize":{"__type__":"cc.Size","width":424},"_trs":{"__type__":"TypedArray","ctor":"Float64Array","array":[0,122.04500000000002,0,0,0,0,1,1,1,1]}},{"__type__":"cc.Node","_name":"t1","_parent":{"__id__":40},"_components":[{"__type__":"cc.Sprite","node":{"__id__":41},"_materials":[{"__uuid__":"ecpdLyjvZBwrvm+cedCcQy"}],"_spriteFrame":{"__uuid__":"aei4dihiBFBLW76J1bWuFy"}}],"_prefab":{"__type__":"cc.PrefabInfo","root":{"__id__":1},"asset":{"__uuid__":"968+++SMxHRZiIE1aEhrSd"},"fileId":"042vFFYMlKu67Oc3Ez6xrh"},"_contentSize":{"__type__":"cc.Size","width":139,"height":70},"_trs":{"__type__":"TypedArray","ctor":"Float64Array","array":[-142.5,0,0,0,0,0,1,1,1,1]}},{"__type__":"cc.Node","_name":"$redpacket_value_node","_parent":{"__id__":40},"_children":[{"__id__":43},{"__id__":44},{"__id__":45}],"_components":[{"__type__":"cc.Layout","node":{"__id__":42},"_layoutSize":{"__type__":"cc.Size","width":148},"_resize":1,"_N$layoutType":1}],"_prefab":{"__type__":"cc.PrefabInfo","root":{"__id__":1},"asset":{"__uuid__":"968+++SMxHRZiIE1aEhrSd"},"fileId":"742N3q6S5K/5/rGPnb0qSv"},"_contentSize":{"__type__":"cc.Size","width":148},"_trs":{"__type__":"TypedArray","ctor":"Float64Array","array":[1,0,0,0,0,0,1,1,1,1]}},{"__type__":"cc.Node","_name":"6","_parent":{"__id__":42},"_components":[{"__type__":"cc.Sprite","node":{"__id__":43},"_materials":[{"__uuid__":"ecpdLyjvZBwrvm+cedCcQy"}],"_spriteFrame":{"__uuid__":"dfMD3kPexOnIDnwDUUQUHZ"}}],"_prefab":{"__type__":"cc.PrefabInfo","root":{"__id__":1},"asset":{"__uuid__":"968+++SMxHRZiIE1aEhrSd"},"fileId":"9f3vfiSa1L2bHGfYjQFAOu"},"_contentSize":{"__type__":"cc.Size","width":148,"height":58},"_trs":{"__type__":"TypedArray","ctor":"Float64Array","array":[0,0,0,0,0,0,1,1,1,1]}},{"__type__":"cc.Node","_name":"5","_parent":{"__id__":42},"_active":false,"_components":[{"__type__":"cc.Sprite","node":{"__id__":44},"_materials":[{"__uuid__":"ecpdLyjvZBwrvm+cedCcQy"}],"_spriteFrame":{"__uuid__":"8cAb782nxD7Ll9jDQplcta"}}],"_prefab":{"__type__":"cc.PrefabInfo","root":{"__id__":1},"asset":{"__uuid__":"968+++SMxHRZiIE1aEhrSd"},"fileId":"cd2t5pGV1CUIQQ70WStnBn"},"_contentSize":{"__type__":"cc.Size","width":112,"height":58},"_trs":{"__type__":"TypedArray","ctor":"Float64Array","array":[74,0,0,0,0,0,1,1,1,1]}},{"__type__":"cc.Node","_name":"4","_parent":{"__id__":42},"_active":false,"_components":[{"__type__":"cc.Sprite","node":{"__id__":45},"_materials":[{"__uuid__":"ecpdLyjvZBwrvm+cedCcQy"}],"_spriteFrame":{"__uuid__":"88F/dwRJROiap936x3sK1f"}}],"_prefab":{"__type__":"cc.PrefabInfo","root":{"__id__":1},"asset":{"__uuid__":"968+++SMxHRZiIE1aEhrSd"},"fileId":"bcOh4bl71IO5OCM3AZWn6D"},"_contentSize":{"__type__":"cc.Size","width":75,"height":58},"_trs":{"__type__":"TypedArray","ctor":"Float64Array","array":[0,0,0,0,0,0,1,1,1,1]}},{"__type__":"cc.Node","_name":"t2","_parent":{"__id__":40},"_components":[{"__type__":"cc.Sprite","node":{"__id__":46},"_materials":[{"__uuid__":"ecpdLyjvZBwrvm+cedCcQy"}],"_spriteFrame":{"__uuid__":"ebLQQu4WBElIuMftThWDcg"}}],"_prefab":{"__type__":"cc.PrefabInfo","root":{"__id__":1},"asset":{"__uuid__":"968+++SMxHRZiIE1aEhrSd"},"fileId":"720sO/IIlPFb1VF3KcL5i+"},"_contentSize":{"__type__":"cc.Size","width":137,"height":70},"_trs":{"__type__":"TypedArray","ctor":"Float64Array","array":[143.5,0,0,0,0,0,1,1,1,1]}},{"__type__":"cc.Node","_name":"t3","_parent":{"__id__":34},"_components":[{"__type__":"cc.Sprite","node":{"__id__":47},"_materials":[{"__uuid__":"ecpdLyjvZBwrvm+cedCcQy"}],"_spriteFrame":{"__uuid__":"95OuLZ7qJM+Y+PgxScaYHs"}}],"_prefab":{"__type__":"cc.PrefabInfo","root":{"__id__":1},"asset":{"__uuid__":"968+++SMxHRZiIE1aEhrSd"},"fileId":"34/QDppytLFo2E48mEReJd"},"_contentSize":{"__type__":"cc.Size","width":112,"height":60},"_trs":{"__type__":"TypedArray","ctor":"Float64Array","array":[0,-176.665,0,0,0,0,1,1,1,1]}},{"__type__":"cc.Node","_name":"$redpacket_count_down_lbl","_parent":{"__id__":34},"_components":[{"__type__":"cc.Label","node":{"__id__":48},"_materials":[{"__uuid__":"ecpdLyjvZBwrvm+cedCcQy"}],"_useOriginalSize":false,"_string":"7天12小时","_N$string":"7天12小时","_fontSize":28,"_lineHeight":28,"_styleFlags":1,"_N$horizontalAlign":1,"_N$verticalAlign":1},{"__type__":"cc.LabelOutline","node":{"__id__":48},"_color":{"__type__":"cc.Color","r":200,"g":134,"b":28},"_width":3}],"_prefab":{"__type__":"cc.PrefabInfo","root":{"__id__":1},"asset":{"__uuid__":"968+++SMxHRZiIE1aEhrSd"},"fileId":"d03CSrRm9B6Iug7i8+OZ4P"},"_color":{"__type__":"cc.Color","r":255,"g":241,"b":224},"_contentSize":{"__type__":"cc.Size","width":136.72,"height":41.28},"_trs":{"__type__":"TypedArray","ctor":"Float64Array","array":[0,-229.058,0,0,0,0,1,1,1,1]}},{"__type__":"cc.Node","_name":"banner","_parent":{"__id__":3},"_components":[{"__type__":"ce3f9aG6A1If7y9kH3tgvq2","node":{"__id__":49}}],"_prefab":{"__type__":"cc.PrefabInfo","root":{"__id__":1},"asset":{"__uuid__":"968+++SMxHRZiIE1aEhrSd"},"fileId":"60O8O5aJtI85lKWuytPXmi"},"_trs":{"__type__":"TypedArray","ctor":"Float64Array","array":[0,-463,0,0,0,0,1,1,1,1]}}],{"__type__":"cc.SpriteFrame","content":{"name":"段位_礼包奖励框","texture":"1298ae8a0","rect":[951,782,141,70],"offset":[0,0],"originalSize":[141,70],"rotated":1,"capInsets":[0,0,0,0]}},{"__type__":"cc.SpriteFrame","content":{"name":"瓜分","texture":"1298ae8a0","rect":[677,852,139,70],"offset":[0,0],"originalSize":[139,70],"capInsets":[0,0,0,0]}},{"__type__":"cc.SpriteFrame","content":{"name":"标题_超凡大师","texture":"16b10d60f","rect":[666,959,189,50],"offset":[0,0],"originalSize":[189,50],"capInsets":[0,0,0,0]}},{"__type__":"cc.SpriteFrame","content":{"name":"大红包_标题","texture":"181f0e3b5","rect":[759,568,348,96],"offset":[0,0],"originalSize":[348,96],"rotated":1,"capInsets":[0,0,0,0]}},{"__type__":"cc.SpriteFrame","content":{"name":"段位_瓜分红包","texture":"1b5eece6f","rect":[847,465,556,164],"offset":[0,0],"originalSize":[556,164],"rotated":1,"capInsets":[0,0,0,0]}},{"__type__":"cc.SpriteFrame","content":{"name":"奖励1","texture":"1b756766c","rect":[3,549,122,112],"offset":[0,0],"originalSize":[122,112],"capInsets":[0,0,0,0]}},{"__type__":"cc.SpriteFrame","content":{"name":"标题_最强王者","texture":"1298ae8a0","rect":[967,427,187,50],"offset":[0,0],"originalSize":[187,50],"rotated":1,"capInsets":[0,0,0,0]}},{"__type__":"cc.SpriteFrame","content":{"name":"2888","texture":"1298ae8a0","rect":[613,870,148,58],"offset":[0,0],"originalSize":[148,58],"rotated":1,"capInsets":[0,0,0,0]}},{"__type__":"cc.SpriteFrame","content":{"name":"红包","texture":"19a7fd3ab","rect":[126,480,137,70],"offset":[0,0],"originalSize":[137,70],"rotated":1,"capInsets":[0,0,0,0]}}]