[{"__type__":"cc.SpriteFrame","content":{"name":"球杆框","texture":"16b10d60f","rect":[3,657,673,253],"offset":[0,0],"originalSize":[673,253],"capInsets":[0,0,0,0]}},[{"__type__":"cc.Prefab","_name":"skinItemForCue","data":{"__id__":1}},{"__type__":"cc.Node","_name":"skinItem","_children":[{"__id__":2},{"__id__":3},{"__id__":5},{"__id__":6},{"__id__":7},{"__id__":8},{"__id__":9},{"__id__":10}],"_components":[{"__type__":"2e075Y1KyZF95whHM1DaO0E","node":{"__id__":1}}],"_prefab":{"__type__":"cc.PrefabInfo","root":{"__id__":1},"asset":{"__uuid__":"ccSXIXtFlM4bXgllG3gtJy"},"fileId":"3evgOT2I5N3oc2H+sBXp9A"},"_contentSize":{"__type__":"cc.Size","width":670,"height":290},"_trs":{"__type__":"TypedArray","ctor":"Float64Array","array":[75.5,0,0,0,0,0,1,1,1,1]}},{"__type__":"cc.Node","_name":"bg","_parent":{"__id__":1},"_components":[{"__type__":"cc.Sprite","node":{"__id__":2},"_materials":[{"__uuid__":"ecpdLyjvZBwrvm+cedCcQy"}],"_spriteFrame":{"__uuid__":"780d39oT9O36BRuBskZryK"},"_sizeMode":0}],"_prefab":{"__type__":"cc.PrefabInfo","root":{"__id__":1},"asset":{"__uuid__":"ccSXIXtFlM4bXgllG3gtJy"},"fileId":"95/OMhYIZOTa3UnW+13V6E"},"_contentSize":{"__type__":"cc.Size","width":666,"height":253},"_trs":{"__type__":"TypedArray","ctor":"Float64Array","array":[0,7,0,0,0,0,1,1,1,1]}},{"__type__":"cc.Node","_name":"mask","_parent":{"__id__":1},"_children":[{"__id__":4}],"_components":[{"__type__":"cc.Mask","node":{"__id__":3},"_materials":[{"__uuid__":"ecpdLyjvZBwrvm+cedCcQy"}]}],"_prefab":{"__type__":"cc.PrefabInfo","root":{"__id__":1},"asset":{"__uuid__":"ccSXIXtFlM4bXgllG3gtJy"},"fileId":"c2ZIFfEklKP7cFI3MFmqcO"},"_contentSize":{"__type__":"cc.Size","width":670,"height":247},"_trs":{"__type__":"TypedArray","ctor":"Float64Array","array":[0,7,0,0,0,0,1,1,1,1]}},{"__type__":"cc.Node","_name":"#_sp","_parent":{"__id__":3},"_components":[{"__type__":"cc.Sprite","node":{"__id__":4},"_materials":[{"__uuid__":"ecpdLyjvZBwrvm+cedCcQy"}],"_sizeMode":0},{"__type__":"cc.Layout","node":{"__id__":4},"_layoutSize":{"__type__":"cc.Size","width":100,"height":1200},"_resize":1,"_N$layoutType":2}],"_prefab":{"__type__":"cc.PrefabInfo","root":{"__id__":1},"asset":{"__uuid__":"ccSXIXtFlM4bXgllG3gtJy"},"fileId":"f6Gm9DH8dMpLm46EooVnHV"},"_contentSize":{"__type__":"cc.Size","width":100,"height":1200},"_trs":{"__type__":"TypedArray","ctor":"Float64Array","array":[-16.982,1.1,0,0,0,-0.6087614290087207,0.7933533402912352,0.5,0.5,1]},"_eulerAngles":{"__type__":"cc.Vec3","z":-75}},{"__type__":"cc.Node","_name":"#selected_node","_parent":{"__id__":1},"_components":[{"__type__":"cc.Sprite","node":{"__id__":5},"_materials":[{"__uuid__":"ecpdLyjvZBwrvm+cedCcQy"}]}],"_prefab":{"__type__":"cc.PrefabInfo","root":{"__id__":1},"asset":{"__uuid__":"ccSXIXtFlM4bXgllG3gtJy"},"fileId":"328Ara+CRILpXNBGKrKBtt"},"_contentSize":{"__type__":"cc.Size","width":213,"height":253},"_trs":{"__type__":"TypedArray","ctor":"Float64Array","array":[0,7,0,0,0,0,1,1,1,1]}},{"__type__":"cc.Node","_name":"#has_node","_parent":{"__id__":1},"_active":false,"_components":[{"__type__":"cc.Sprite","node":{"__id__":6},"_materials":[{"__uuid__":"ecpdLyjvZBwrvm+cedCcQy"}],"_spriteFrame":{"__uuid__":"808WywuG5CtZajv2ywc/Kv"}}],"_prefab":{"__type__":"cc.PrefabInfo","root":{"__id__":1},"asset":{"__uuid__":"ccSXIXtFlM4bXgllG3gtJy"},"fileId":"56LSG5GUJM87q9rJYp5NGY"},"_contentSize":{"__type__":"cc.Size","width":206,"height":36},"_trs":{"__type__":"TypedArray","ctor":"Float64Array","array":[0,-98,0,0,0,0,1,1,1,1]}},{"__type__":"cc.Node","_name":"#cue_level_sp","_parent":{"__id__":1},"_components":[{"__type__":"cc.Sprite","node":{"__id__":7},"_materials":[{"__uuid__":"ecpdLyjvZBwrvm+cedCcQy"}]}],"_prefab":{"__type__":"cc.PrefabInfo","root":{"__id__":1},"asset":{"__uuid__":"ccSXIXtFlM4bXgllG3gtJy"},"fileId":"32uI5IwrtHgY4lt+2vSNRu"},"_contentSize":{"__type__":"cc.Size","width":66,"height":36},"_trs":{"__type__":"TypedArray","ctor":"Float64Array","array":[-174.372,98.914,0,0,0,0,1,1,1,1]}},{"__type__":"cc.Node","_name":"#cue_desc_lbl","_parent":{"__id__":1},"_components":[{"__type__":"cc.Label","node":{"__id__":8},"_materials":[{"__uuid__":"ecpdLyjvZBwrvm+cedCcQy"}],"_useOriginalSize":false,"_string":"解锁皮肤","_N$string":"解锁皮肤","_fontSize":20,"_lineHeight":22,"_N$verticalAlign":1}],"_prefab":{"__type__":"cc.PrefabInfo","root":{"__id__":1},"asset":{"__uuid__":"ccSXIXtFlM4bXgllG3gtJy"},"fileId":"e0QBLFKuVGoKhJGOMBVFU/"},"_color":{"__type__":"cc.Color","r":236,"g":247,"b":255},"_contentSize":{"__type__":"cc.Size","width":80,"height":27.72},"_anchorPoint":{"__type__":"cc.Vec2","y":0.5},"_trs":{"__type__":"TypedArray","ctor":"Float64Array","array":[-319.024,56.72,0,0,0,0,1,1,1,1]}},{"__type__":"cc.Node","_name":"#cue_attr_lbl","_parent":{"__id__":1},"_components":[{"__type__":"cc.Label","node":{"__id__":9},"_materials":[{"__uuid__":"ecpdLyjvZBwrvm+cedCcQy"}],"_useOriginalSize":false,"_string":"闯关\n瞄准线+100","_N$string":"闯关\n瞄准线+100","_fontSize":21,"_lineHeight":26,"_N$verticalAlign":1},{"__type__":"cc.LabelOutline","node":{"__id__":9},"_color":{"__type__":"cc.Color","r":35,"g":131,"b":185},"_width":2}],"_prefab":{"__type__":"cc.PrefabInfo","root":{"__id__":1},"asset":{"__uuid__":"ccSXIXtFlM4bXgllG3gtJy"},"fileId":"67ISvUyBRKNao9ifWOhaeW"},"_contentSize":{"__type__":"cc.Size","width":114.3,"height":62.76},"_anchorPoint":{"__type__":"cc.Vec2","y":0.5},"_trs":{"__type__":"TypedArray","ctor":"Float64Array","array":[180.724,-64.17699999999999,0,0,0,0,1,1,1,1]}},{"__type__":"cc.Node","_name":"#_btn","_parent":{"__id__":1},"_children":[{"__id__":11},{"__id__":12}],"_components":[{"__type__":"cc.Button","node":{"__id__":10}}],"_prefab":{"__type__":"cc.PrefabInfo","root":{"__id__":1},"asset":{"__uuid__":"ccSXIXtFlM4bXgllG3gtJy"},"fileId":"d7DY3nAXdHDpAUbmWsCDC1"},"_contentSize":{"__type__":"cc.Size","width":181,"height":72},"_trs":{"__type__":"TypedArray","ctor":"Float64Array","array":[0,-98,0,0,0,0,1,1,1,1]}},{"__type__":"cc.Node","_name":"bg","_parent":{"__id__":10},"_components":[{"__type__":"cc.Sprite","node":{"__id__":11},"_materials":[{"__uuid__":"ecpdLyjvZBwrvm+cedCcQy"}],"_spriteFrame":{"__uuid__":"9b89m0eKlJS4GrqlFTmHsX"},"_sizeMode":0}],"_prefab":{"__type__":"cc.PrefabInfo","root":{"__id__":1},"asset":{"__uuid__":"ccSXIXtFlM4bXgllG3gtJy"},"fileId":"bdFlGfGlFPe4DF7m8S3ETz"},"_contentSize":{"__type__":"cc.Size","width":181,"height":72},"_trs":{"__type__":"TypedArray","ctor":"Float64Array","array":[0,0,0,0,0,0,1,1,1,1]}},{"__type__":"cc.Node","_name":"#layout","_parent":{"__id__":10},"_children":[{"__id__":13},{"__id__":14},{"__id__":15},{"__id__":16},{"__id__":17},{"__id__":18},{"__id__":19},{"__id__":20},{"__id__":21}],"_components":[{"__type__":"cc.Layout","node":{"__id__":12},"_layoutSize":{"__type__":"cc.Size","width":103.30000000000001,"height":72},"_resize":1,"_N$layoutType":1,"_N$spacingX":10}],"_prefab":{"__type__":"cc.PrefabInfo","root":{"__id__":1},"asset":{"__uuid__":"ccSXIXtFlM4bXgllG3gtJy"},"fileId":"d6707GMrdLD7YEwrG2MnYl"},"_contentSize":{"__type__":"cc.Size","width":103.30000000000001,"height":72},"_trs":{"__type__":"TypedArray","ctor":"Float64Array","array":[0,0,0,0,0,0,1,1,1,1]}},{"__type__":"cc.Node","_name":"#locked_node","_parent":{"__id__":12},"_active":false,"_components":[{"__type__":"cc.Sprite","node":{"__id__":13},"_materials":[{"__uuid__":"ecpdLyjvZBwrvm+cedCcQy"}],"_spriteFrame":{"__uuid__":"85P3Eaw21EuoB5JkdIV5vO"}}],"_prefab":{"__type__":"cc.PrefabInfo","root":{"__id__":1},"asset":{"__uuid__":"ccSXIXtFlM4bXgllG3gtJy"},"fileId":"ebMkanhYtK2ZTZbUd0wAzx"},"_contentSize":{"__type__":"cc.Size","width":87,"height":30},"_trs":{"__type__":"TypedArray","ctor":"Float64Array","array":[90.5,0,0,0,0,0,1,1,1,1]}},{"__type__":"cc.Node","_name":"#use_node","_parent":{"__id__":12},"_active":false,"_components":[{"__type__":"cc.Sprite","node":{"__id__":14},"_materials":[{"__uuid__":"ecpdLyjvZBwrvm+cedCcQy"}],"_spriteFrame":{"__uuid__":"3abf7IA5ZIwarmB3ibNUqV"}}],"_prefab":{"__type__":"cc.PrefabInfo","root":{"__id__":1},"asset":{"__uuid__":"ccSXIXtFlM4bXgllG3gtJy"},"fileId":"9416YRRVNIMrneFPDLpGZQ"},"_contentSize":{"__type__":"cc.Size","width":58,"height":31},"_trs":{"__type__":"TypedArray","ctor":"Float64Array","array":[90.5,0,0,0,0,0,1,1,1,1]}},{"__type__":"cc.Node","_name":"#using_node","_parent":{"__id__":12},"_active":false,"_components":[{"__type__":"cc.Sprite","node":{"__id__":15},"_materials":[{"__uuid__":"ecpdLyjvZBwrvm+cedCcQy"}],"_spriteFrame":{"__uuid__":"0awJd695xHE6KbAUVBmbo5"}}],"_prefab":{"__type__":"cc.PrefabInfo","root":{"__id__":1},"asset":{"__uuid__":"ccSXIXtFlM4bXgllG3gtJy"},"fileId":"00CVDLb2VHEYX175yD9SmL"},"_contentSize":{"__type__":"cc.Size","width":86,"height":31},"_trs":{"__type__":"TypedArray","ctor":"Float64Array","array":[90.5,0,0,0,0,0,1,1,1,1]}},{"__type__":"cc.Node","_name":"#invite_node","_parent":{"__id__":12},"_active":false,"_components":[{"__type__":"cc.Sprite","node":{"__id__":16},"_materials":[{"__uuid__":"ecpdLyjvZBwrvm+cedCcQy"}],"_spriteFrame":{"__uuid__":"f8az7Pp3FLwZ4m5/Zn9IpJ"},"_sizeMode":0}],"_prefab":{"__type__":"cc.PrefabInfo","root":{"__id__":1},"asset":{"__uuid__":"ccSXIXtFlM4bXgllG3gtJy"},"fileId":"c1bM/A3aNAdJPIDq39GoQq"},"_contentSize":{"__type__":"cc.Size","width":41.6,"height":43.2},"_trs":{"__type__":"TypedArray","ctor":"Float64Array","array":[-54.150000000000006,0,0,0,0,0,1,1,1,1]}},{"__type__":"cc.Node","_name":"#fragment_node","_parent":{"__id__":12},"_active":false,"_components":[{"__type__":"cc.Sprite","node":{"__id__":17},"_materials":[{"__uuid__":"ecpdLyjvZBwrvm+cedCcQy"}],"_spriteFrame":{"__uuid__":"77P3pVGTVLS4ah+ly17PoS"}}],"_prefab":{"__type__":"cc.PrefabInfo","root":{"__id__":1},"asset":{"__uuid__":"ccSXIXtFlM4bXgllG3gtJy"},"fileId":"0810YpoKhM8Jt4TcDrZ73/"},"_contentSize":{"__type__":"cc.Size","width":58,"height":31},"_trs":{"__type__":"TypedArray","ctor":"Float64Array","array":[-26.35,0,0,0,0,0,1,1,1,1]}},{"__type__":"cc.Node","_name":"#exchange_node","_parent":{"__id__":12},"_active":false,"_components":[{"__type__":"cc.Sprite","node":{"__id__":18},"_materials":[{"__uuid__":"ecpdLyjvZBwrvm+cedCcQy"}],"_spriteFrame":{"__uuid__":"f1CuddhEdM9LrgFAFKQNin"}}],"_prefab":{"__type__":"cc.PrefabInfo","root":{"__id__":1},"asset":{"__uuid__":"ccSXIXtFlM4bXgllG3gtJy"},"fileId":"8fvxXFb2NIRZvWr7tkFpRk"},"_contentSize":{"__type__":"cc.Size","width":87,"height":31},"_trs":{"__type__":"TypedArray","ctor":"Float64Array","array":[-25.849999999999994,0,0,0,0,0,1,1,1,1]}},{"__type__":"cc.Node","_name":"#video_node","_parent":{"__id__":12},"_active":false,"_components":[{"__type__":"cc.Sprite","node":{"__id__":19},"_materials":[{"__uuid__":"ecpdLyjvZBwrvm+cedCcQy"}],"_spriteFrame":{"__uuid__":"88xa0CygVCwohDQQfvmo6K"},"_sizeMode":0}],"_prefab":{"__type__":"cc.PrefabInfo","root":{"__id__":1},"asset":{"__uuid__":"ccSXIXtFlM4bXgllG3gtJy"},"fileId":"78xwQgu7FPOo7EDVe5e22c"},"_contentSize":{"__type__":"cc.Size","width":53.6,"height":40.8},"_trs":{"__type__":"TypedArray","ctor":"Float64Array","array":[4.149999999999995,0,0,0,0,0,1,1,1,1]}},{"__type__":"cc.Node","_name":"#coins_node","_parent":{"__id__":12},"_components":[{"__type__":"cc.Sprite","node":{"__id__":20},"_materials":[{"__uuid__":"ecpdLyjvZBwrvm+cedCcQy"}],"_spriteFrame":{"__uuid__":"79ln/Vcd1Dl5Qa9a2S4ztu"},"_sizeMode":0}],"_prefab":{"__type__":"cc.PrefabInfo","root":{"__id__":1},"asset":{"__uuid__":"ccSXIXtFlM4bXgllG3gtJy"},"fileId":"cd263mzbBMyp/vX7LYZgq/"},"_contentSize":{"__type__":"cc.Size","width":45.6,"height":45.6},"_trs":{"__type__":"TypedArray","ctor":"Float64Array","array":[-28.85000000000001,0,0,0,0,0,1,1,1,1]}},{"__type__":"cc.Node","_name":"#_lbl","_parent":{"__id__":12},"_components":[{"__type__":"cc.Label","node":{"__id__":21},"_materials":[{"__uuid__":"ecpdLyjvZBwrvm+cedCcQy"}],"_useOriginalSize":false,"_string":"0/5","_N$string":"0/5","_fontSize":30,"_lineHeight":32,"_N$horizontalAlign":1,"_N$verticalAlign":1},{"__type__":"cc.LabelOutline","node":{"__id__":21},"_color":{"__type__":"cc.Color","r":200,"g":134,"b":32},"_width":3}],"_prefab":{"__type__":"cc.PrefabInfo","root":{"__id__":1},"asset":{"__uuid__":"ccSXIXtFlM4bXgllG3gtJy"},"fileId":"b3B2RDJQ1Mpb4/Ac5Obyr8"},"_contentSize":{"__type__":"cc.Size","width":47.7,"height":46.32},"_trs":{"__type__":"TypedArray","ctor":"Float64Array","array":[27.799999999999994,0,0,0,0,0,1,1,1,1]}}]]