[[{"__type__":"cc.Prefab","_name":"skinTables","data":{"__id__":1}},{"__type__":"cc.Node","_name":"$skin_tables","_children":[{"__id__":2}],"_components":[{"__type__":"cc.Layout","node":{"__id__":1},"_layoutSize":{"__type__":"cc.Size","width":750},"_N$layoutType":1,"_N$paddingLeft":12,"_N$spacingX":8},{"__type__":"61be5LbMIVJVaGSVLoxIH3K","node":{"__id__":1}}],"_prefab":{"__type__":"cc.PrefabInfo","root":{"__id__":1},"asset":{"__uuid__":"a6NoJiyadAd7zlVU1cMAnn"},"fileId":"d3VMg1HJVMGKUHxP9HXeiV"},"_contentSize":{"__type__":"cc.Size","width":750},"_trs":{"__type__":"TypedArray","ctor":"Float64Array","array":[0,0,0,0,0,0,1,1,1,1]}},{"__type__":"cc.Node","_name":"table_btn","_parent":{"__id__":1},"_children":[{"__id__":3},{"__id__":4},{"__id__":5},{"__id__":6}],"_components":[{"__type__":"cc.Button","node":{"__id__":2},"clickEvents":[{"__type__":"cc.ClickEvent","_componentId":"9140bPquR1H5IsU+x3Lj7Wd","handler":"onBtnTableClick","customEventData":"1"}]}],"_prefab":{"__type__":"cc.PrefabInfo","root":{"__id__":1},"asset":{"__uuid__":"a6NoJiyadAd7zlVU1cMAnn"},"fileId":"d0rQPgkLpJ1YcNI8LnNqGx"},"_contentSize":{"__type__":"cc.Size","width":113,"height":75},"_trs":{"__type__":"TypedArray","ctor":"Float64Array","array":[-306.5,3,0,0,0,0,1,1,1,1]}},{"__type__":"cc.Node","_name":"gray","_parent":{"__id__":2},"_components":[{"__type__":"cc.Sprite","node":{"__id__":3},"_materials":[{"__uuid__":"ecpdLyjvZBwrvm+cedCcQy"}],"_spriteFrame":{"__uuid__":"75eWw9Cx9CRbDnYTmVV0CW"},"_sizeMode":2,"_isTrimmedMode":false}],"_prefab":{"__type__":"cc.PrefabInfo","root":{"__id__":1},"asset":{"__uuid__":"a6NoJiyadAd7zlVU1cMAnn"},"fileId":"b18dRf4vNKn7vfD10IqIF/"},"_contentSize":{"__type__":"cc.Size","width":113,"height":75},"_trs":{"__type__":"TypedArray","ctor":"Float64Array","array":[0,0,0,0,0,0,1,1,1,1]}},{"__type__":"cc.Node","_name":"bright","_parent":{"__id__":2},"_components":[{"__type__":"cc.Sprite","node":{"__id__":4},"_materials":[{"__uuid__":"ecpdLyjvZBwrvm+cedCcQy"}],"_spriteFrame":{"__uuid__":"fexlzrXhlLTYcjNe9k/Dg4"},"_sizeMode":2,"_isTrimmedMode":false}],"_prefab":{"__type__":"cc.PrefabInfo","root":{"__id__":1},"asset":{"__uuid__":"a6NoJiyadAd7zlVU1cMAnn"},"fileId":"a6TURpXFJHqJu4LIBaGUoL"},"_contentSize":{"__type__":"cc.Size","width":113,"height":75},"_trs":{"__type__":"TypedArray","ctor":"Float64Array","array":[0,0,0,0,0,0,1,1,1,1]}},{"__type__":"cc.Node","_name":"icon","_parent":{"__id__":2},"_components":[{"__type__":"cc.Sprite","node":{"__id__":5},"_materials":[{"__uuid__":"ecpdLyjvZBwrvm+cedCcQy"}],"_spriteFrame":{"__uuid__":"aenZNAyiFMxKK7IQZIuFux"}}],"_prefab":{"__type__":"cc.PrefabInfo","root":{"__id__":1},"asset":{"__uuid__":"a6NoJiyadAd7zlVU1cMAnn"},"fileId":"76LRCZ1ZxMerd/T3sg+gyp"},"_contentSize":{"__type__":"cc.Size","width":31,"height":39},"_trs":{"__type__":"TypedArray","ctor":"Float64Array","array":[0,0,0,0,0,0,1,1,1,1]}},{"__type__":"cc.Node","_name":"badage","_parent":{"__id__":2},"_active":false,"_components":[{"__type__":"cc.Sprite","node":{"__id__":6},"_materials":[{"__uuid__":"ecpdLyjvZBwrvm+cedCcQy"}],"_spriteFrame":{"__uuid__":"a4fXshnzVEB6julN2gjHNb"}}],"_prefab":{"__type__":"cc.PrefabInfo","root":{"__id__":1},"asset":{"__uuid__":"a6NoJiyadAd7zlVU1cMAnn"},"fileId":"0agiQFV5VMyZO/lzg7BBnH"},"_contentSize":{"__type__":"cc.Size","width":24,"height":25},"_trs":{"__type__":"TypedArray","ctor":"Float64Array","array":[47.041,22.816,0,0,0,0,1,1,1,1]}}],{"__type__":"cc.SpriteFrame","content":{"name":"图标_角色","texture":"17fc0178b","rect":[632,165,31,39],"offset":[0.5,0],"originalSize":[68,65],"rotated":1,"capInsets":[0,0,0,0]}}]