{"__type__":"dragonBones.DragonBonesAtlasAsset","_name":"pipei_Project_tex","_atlasJson":"{\"width\":1019,\"SubTexture\":[{\"width\":750,\"y\":1,\"height\":135,\"name\":\"VS\",\"x\":1},{\"width\":136,\"y\":163,\"height\":135,\"name\":\"saoguang\",\"x\":881},{\"width\":124,\"y\":1,\"height\":160,\"name\":\"v\",\"x\":881},{\"width\":109,\"y\":138,\"height\":139,\"name\":\"vguang\",\"x\":113},{\"width\":126,\"y\":1,\"height\":173,\"name\":\"s\",\"x\":753},{\"width\":110,\"y\":138,\"height\":153,\"name\":\"Sguang\",\"x\":1}],\"height\":300,\"name\":\"pipei_Project\",\"imagePath\":\"pipei_Project_tex.png\"}","_texture":{"__uuid__":"12Moa9/RpLA4OMc4DMCzTi"},"texture":{"__uuid__":"12Moa9/RpLA4OMc4DMCzTi"}}