[[{"__type__":"cc.Prefab","_name":"Qiugan_18","data":{"__id__":1}},{"__type__":"cc.Node","_name":"Qiugan_18","_children":[{"__id__":2},{"__id__":3},{"__id__":4}],"_prefab":{"__type__":"cc.PrefabInfo","root":{"__id__":1},"asset":{"__uuid__":"447p3tsxhPVr0SEnivlH5R"},"fileId":"8535oGZjtGC68cp5AXk1DK"},"_contentSize":{"__type__":"cc.Size","height":1200},"_anchorPoint":{"__type__":"cc.Vec2","x":0.5},"_trs":{"__type__":"TypedArray","ctor":"Float64Array","array":[0,0,0,0,0,0,1,1,1,1]}},{"__type__":"cc.Node","_name":"Ball_yinying","_parent":{"__id__":1},"_components":[{"__type__":"cc.Sprite","node":{"__id__":2},"_materials":[{"__uuid__":"ecpdLyjvZBwrvm+cedCcQy"}],"_spriteFrame":{"__uuid__":"4bv8k6Z0JBJqrk7/ahc6rj"},"_sizeMode":0}],"_prefab":{"__type__":"cc.PrefabInfo","root":{"__id__":1},"asset":{"__uuid__":"447p3tsxhPVr0SEnivlH5R"},"fileId":"11h5ouiC1HQp9S7Tq+cMox"},"_opacity":20,"_color":{"__type__":"cc.Color"},"_contentSize":{"__type__":"cc.Size","width":142,"height":1200},"_anchorPoint":{"__type__":"cc.Vec2","x":0.5},"_trs":{"__type__":"TypedArray","ctor":"Float64Array","array":[-18.491,-20.693,0,0,0,0,1,1,1,1]}},{"__type__":"cc.Node","_name":"Ball_1","_parent":{"__id__":1},"_components":[{"__type__":"cc.Sprite","node":{"__id__":3},"_materials":[{"__uuid__":"ecpdLyjvZBwrvm+cedCcQy"}],"_spriteFrame":{"__uuid__":"4bv8k6Z0JBJqrk7/ahc6rj"},"_sizeMode":0}],"_prefab":{"__type__":"cc.PrefabInfo","root":{"__id__":1},"asset":{"__uuid__":"447p3tsxhPVr0SEnivlH5R"},"fileId":"85lOOkochHlqgkH9T97uY1"},"_contentSize":{"__type__":"cc.Size","width":142,"height":1200},"_anchorPoint":{"__type__":"cc.Vec2","x":0.5},"_trs":{"__type__":"TypedArray","ctor":"Float64Array","array":[19.7,21.835,0,0,0,0,1,1,1,1]}},{"__type__":"cc.Node","_name":"Effect","_parent":{"__id__":1},"_children":[{"__id__":5},{"__id__":6},{"__id__":7},{"__id__":8},{"__id__":9},{"__id__":10},{"__id__":11},{"__id__":12},{"__id__":13},{"__id__":14},{"__id__":15}],"_components":[{"__type__":"cc.Animation","node":{"__id__":4},"_defaultClip":{"__uuid__":"4aCYAOZvdO/pZgZI/0icCx"},"_clips":[{"__uuid__":"4aCYAOZvdO/pZgZI/0icCx"}],"playOnLoad":true}],"_prefab":{"__type__":"cc.PrefabInfo","root":{"__id__":1},"asset":{"__uuid__":"447p3tsxhPVr0SEnivlH5R"},"fileId":"cfJ4XTIlZDubucmgOC8WIy"},"_trs":{"__type__":"TypedArray","ctor":"Float64Array","array":[22,0,0,0,0,0,1,1,1,1]}},{"__type__":"cc.Node","_name":"Other_6","_parent":{"__id__":4},"_components":[{"__type__":"cc.Sprite","node":{"__id__":5},"_materials":[{"__uuid__":"ecpdLyjvZBwrvm+cedCcQy"}],"_dstBlendFactor":1,"_spriteFrame":{"__uuid__":"18INIZT+RDOKR2zCgyoANh"}}],"_prefab":{"__type__":"cc.PrefabInfo","root":{"__id__":1},"asset":{"__uuid__":"447p3tsxhPVr0SEnivlH5R"},"fileId":"e8F21oyeREI5QbRkknFIxL"},"_opacity":127.5,"_color":{"__type__":"cc.Color","r":255,"g":236,"b":160},"_contentSize":{"__type__":"cc.Size","width":111,"height":43},"_trs":{"__type__":"TypedArray","ctor":"Float64Array","array":[22.977,967.139,0,0,0,0,1,0.818,0.818,0.818]}},{"__type__":"cc.Node","_name":"Other_5","_parent":{"__id__":4},"_components":[{"__type__":"cc.Sprite","node":{"__id__":6},"_materials":[{"__uuid__":"ecpdLyjvZBwrvm+cedCcQy"}],"_dstBlendFactor":1,"_spriteFrame":{"__uuid__":"caW9H2xGdD2rIplu0uFu4W"}}],"_prefab":{"__type__":"cc.PrefabInfo","root":{"__id__":1},"asset":{"__uuid__":"447p3tsxhPVr0SEnivlH5R"},"fileId":"1dRwU4sw5BYbIgQzf2gZpa"},"_opacity":127.5,"_color":{"__type__":"cc.Color","r":255,"g":236,"b":160},"_contentSize":{"__type__":"cc.Size","width":85,"height":35},"_trs":{"__type__":"TypedArray","ctor":"Float64Array","array":[27.017,927.29,0,0,0,0,1,0.818,0.818,0.818]}},{"__type__":"cc.Node","_name":"Other_3","_parent":{"__id__":4},"_components":[{"__type__":"cc.Sprite","node":{"__id__":7},"_materials":[{"__uuid__":"ecpdLyjvZBwrvm+cedCcQy"}],"_dstBlendFactor":1,"_spriteFrame":{"__uuid__":"82JGJBz2FKAIMcXw+mTQvJ"}}],"_prefab":{"__type__":"cc.PrefabInfo","root":{"__id__":1},"asset":{"__uuid__":"447p3tsxhPVr0SEnivlH5R"},"fileId":"e0A7dbiFRJrKplFZeFUONw"},"_opacity":127.5,"_color":{"__type__":"cc.Color","r":255,"g":236,"b":160},"_contentSize":{"__type__":"cc.Size","width":81,"height":34},"_trs":{"__type__":"TypedArray","ctor":"Float64Array","array":[27.285,890.113,0,0,0,0,1,0.818,0.818,0.818]}},{"__type__":"cc.Node","_name":"Other_7","_parent":{"__id__":4},"_components":[{"__type__":"cc.Sprite","node":{"__id__":8},"_materials":[{"__uuid__":"ecpdLyjvZBwrvm+cedCcQy"}],"_dstBlendFactor":1,"_spriteFrame":{"__uuid__":"373ecrUN5NPoCtNKZtuS9f"}}],"_prefab":{"__type__":"cc.PrefabInfo","root":{"__id__":1},"asset":{"__uuid__":"447p3tsxhPVr0SEnivlH5R"},"fileId":"a8200vqiJE8pJMiDIOhBxK"},"_opacity":127.5,"_color":{"__type__":"cc.Color","r":255,"g":236,"b":160},"_contentSize":{"__type__":"cc.Size","width":37,"height":56},"_trs":{"__type__":"TypedArray","ctor":"Float64Array","array":[-22.977,1123.934,0,0,0,0,1,0.818,0.818,0.818]}},{"__type__":"cc.Node","_name":"Other_4","_parent":{"__id__":4},"_components":[{"__type__":"cc.Sprite","node":{"__id__":9},"_materials":[{"__uuid__":"ecpdLyjvZBwrvm+cedCcQy"}],"_dstBlendFactor":1,"_spriteFrame":{"__uuid__":"bc7dpOK15PGogj7jN8ueoe"}}],"_prefab":{"__type__":"cc.PrefabInfo","root":{"__id__":1},"asset":{"__uuid__":"447p3tsxhPVr0SEnivlH5R"},"fileId":"32oADk5R9LOYNyH+GYTlts"},"_color":{"__type__":"cc.Color","r":128,"g":204,"b":255},"_contentSize":{"__type__":"cc.Size","width":21,"height":40},"_trs":{"__type__":"TypedArray","ctor":"Float64Array","array":[12.976,781.973,0,0,0,0,1,0.818,0.818,0.818]}},{"__type__":"cc.Node","_name":"Other_4 copy","_parent":{"__id__":4},"_components":[{"__type__":"cc.Sprite","node":{"__id__":10},"_materials":[{"__uuid__":"ecpdLyjvZBwrvm+cedCcQy"}],"_dstBlendFactor":1,"_spriteFrame":{"__uuid__":"bc7dpOK15PGogj7jN8ueoe"}}],"_prefab":{"__type__":"cc.PrefabInfo","root":{"__id__":1},"asset":{"__uuid__":"447p3tsxhPVr0SEnivlH5R"},"fileId":"756ysU7VRK7Z9xyHh6wcv0"},"_color":{"__type__":"cc.Color","r":128,"g":204,"b":255},"_contentSize":{"__type__":"cc.Size","width":21,"height":40},"_trs":{"__type__":"TypedArray","ctor":"Float64Array","array":[7.446,548.217,0,0,0,0.17589936787939878,0.9844081533488169,0.818,0.818,0.818]},"_eulerAngles":{"__type__":"cc.Vec3","z":20.262}},{"__type__":"cc.Node","_name":"Other_8","_parent":{"__id__":4},"_components":[{"__type__":"cc.Sprite","node":{"__id__":11},"_materials":[{"__uuid__":"ecpdLyjvZBwrvm+cedCcQy"}],"_dstBlendFactor":1,"_spriteFrame":{"__uuid__":"4baCwpuutEQK7CwrmARqho"}}],"_prefab":{"__type__":"cc.PrefabInfo","root":{"__id__":1},"asset":{"__uuid__":"447p3tsxhPVr0SEnivlH5R"},"fileId":"36H7iGW+tGJrjtxD9GReUp"},"_opacity":127.5,"_color":{"__type__":"cc.Color","r":255,"g":236,"b":160},"_contentSize":{"__type__":"cc.Size","width":71,"height":58},"_trs":{"__type__":"TypedArray","ctor":"Float64Array","array":[0.619,690.375,0,0,0,0,1,0.818,0.818,0.818]}},{"__type__":"cc.Node","_name":"Other_8 copy","_parent":{"__id__":4},"_components":[{"__type__":"cc.Sprite","node":{"__id__":12},"_materials":[{"__uuid__":"ecpdLyjvZBwrvm+cedCcQy"}],"_dstBlendFactor":1,"_spriteFrame":{"__uuid__":"4baCwpuutEQK7CwrmARqho"}}],"_prefab":{"__type__":"cc.PrefabInfo","root":{"__id__":1},"asset":{"__uuid__":"447p3tsxhPVr0SEnivlH5R"},"fileId":"7ePiBoaWJGOp1zcoM7I0O3"},"_opacity":127.5,"_color":{"__type__":"cc.Color","r":255,"g":236,"b":160},"_contentSize":{"__type__":"cc.Size","width":71,"height":58},"_trs":{"__type__":"TypedArray","ctor":"Float64Array","array":[1.731,607.485,0,0,0,-0.9993908270190958,0.03489949670250108,0.818,0.818,0.818]},"_eulerAngles":{"__type__":"cc.Vec3","z":-176}},{"__type__":"cc.Node","_name":"Other_9","_parent":{"__id__":4},"_components":[{"__type__":"cc.Sprite","node":{"__id__":13},"_materials":[{"__uuid__":"ecpdLyjvZBwrvm+cedCcQy"}],"_dstBlendFactor":1,"_spriteFrame":{"__uuid__":"09JtMQ4eZHJ7TnsUur4tDn"}}],"_prefab":{"__type__":"cc.PrefabInfo","root":{"__id__":1},"asset":{"__uuid__":"447p3tsxhPVr0SEnivlH5R"},"fileId":"b8/9ZCU4FCQLGgG9D2nNxx"},"_opacity":128,"_color":{"__type__":"cc.Color","r":95,"g":191,"b":255},"_contentSize":{"__type__":"cc.Size","width":37,"height":37},"_trs":{"__type__":"TypedArray","ctor":"Float64Array","array":[3.825,157.482,0,0,0,0,1,0.818,0.818,0.818]}},{"__type__":"cc.Node","_name":"Glow_2","_parent":{"__id__":4},"_components":[{"__type__":"cc.Sprite","node":{"__id__":14},"_materials":[{"__uuid__":"ecpdLyjvZBwrvm+cedCcQy"}],"_dstBlendFactor":1,"_spriteFrame":{"__uuid__":"7bvnYrahdIPbhlRXFOVlJw"}}],"_prefab":{"__type__":"cc.PrefabInfo","root":{"__id__":1},"asset":{"__uuid__":"447p3tsxhPVr0SEnivlH5R"},"fileId":"a8pJzZHAFNzrcOo5Ce3CQM"},"_color":{"__type__":"cc.Color","r":252,"g":144,"b":144},"_contentSize":{"__type__":"cc.Size","width":128,"height":120},"_trs":{"__type__":"TypedArray","ctor":"Float64Array","array":[-24.108,62.485,0,0,0,0,1,0.513,0.513,0.513]}},{"__type__":"cc.Node","_name":"Glow_1","_parent":{"__id__":4},"_components":[{"__type__":"cc.Sprite","node":{"__id__":15},"_materials":[{"__uuid__":"ecpdLyjvZBwrvm+cedCcQy"}],"_dstBlendFactor":1,"_spriteFrame":{"__uuid__":"7bvnYrahdIPbhlRXFOVlJw"}}],"_prefab":{"__type__":"cc.PrefabInfo","root":{"__id__":1},"asset":{"__uuid__":"447p3tsxhPVr0SEnivlH5R"},"fileId":"b5vrQvsgFCbZVLFBK/cPec"},"_color":{"__type__":"cc.Color","r":252,"g":144,"b":144},"_contentSize":{"__type__":"cc.Size","width":128,"height":120},"_trs":{"__type__":"TypedArray","ctor":"Float64Array","array":[-22.415,1192.059,0,0,0,0,1,0.513,0.513,0.513]}}],{"__type__":"cc.SpriteFrame","content":{"name":"cue_18","texture":"154da9b31","rect":[280,570,174,1468],"offset":[0,0],"originalSize":[174,1468],"capInsets":[0,0,0,0]}}]