[{"__type__":"cc.SpriteFrame","content":{"name":"表情_小弹窗","texture":"18584f08b","rect":[87,750,154,111],"offset":[0,-0.5],"originalSize":[154,112],"capInsets":[39,37.5,102,53.5]}},{"__type__":"cc.SpriteFrame","content":{"name":"视频 播放 影片 2 拷贝","texture":"18584f08b","rect":[460,807,33,29],"offset":[0,0],"originalSize":[33,29],"capInsets":[0,0,0,0]}},[{"__type__":"cc.Prefab","_name":"emoji_node","data":{"__id__":1}},{"__type__":"cc.Node","_name":"emoji_node","_children":[{"__id__":2},{"__id__":3},{"__id__":4}],"_components":[{"__type__":"f8fb2pkmaVGHbpSJQY3ip9r","node":{"__id__":1}}],"_prefab":{"__type__":"cc.PrefabInfo","root":{"__id__":1},"asset":{"__uuid__":"a3Ydo+VI9MX57GZKY9w9Kt"},"fileId":"2fm4qdIf1MKb2oiBkRBnoT"},"_trs":{"__type__":"TypedArray","ctor":"Float64Array","array":[0,0,0,0,0,0,1,1,1,1]}},{"__type__":"cc.Node","_name":"#enter_btn","_parent":{"__id__":1},"_components":[{"__type__":"cc.Sprite","node":{"__id__":2},"_materials":[{"__uuid__":"ecpdLyjvZBwrvm+cedCcQy"}],"_spriteFrame":{"__uuid__":"c3NXms0IVExqcsGcTKKqxb"}},{"__type__":"cc.Button","node":{"__id__":2},"zoomScale":1.1,"_N$transition":3,"transition":3}],"_prefab":{"__type__":"cc.PrefabInfo","root":{"__id__":1},"asset":{"__uuid__":"a3Ydo+VI9MX57GZKY9w9Kt"},"fileId":"85AF+CNjJOzbJcQa08fX7h"},"_contentSize":{"__type__":"cc.Size","width":82,"height":82},"_trs":{"__type__":"TypedArray","ctor":"Float64Array","array":[0,5,0,0,0,0,1,1,1,0]}},{"__type__":"cc.Node","_name":"#mask_btn","_parent":{"__id__":1},"_components":[{"__type__":"809c4SzpK1OEIh/WEmlQyJb","node":{"__id__":3}},{"__type__":"cc.Button","node":{"__id__":3}}],"_prefab":{"__type__":"cc.PrefabInfo","root":{"__id__":1},"asset":{"__uuid__":"a3Ydo+VI9MX57GZKY9w9Kt"},"fileId":"e9+AGWC6FBsIJPGLdKSfXg"},"_contentSize":{"__type__":"cc.Size","width":16,"height":16},"_trs":{"__type__":"TypedArray","ctor":"Float64Array","array":[0,0,0,0,0,0,1,1,1,1]}},{"__type__":"cc.Node","_name":"#dialog","_parent":{"__id__":1},"_children":[{"__id__":5},{"__id__":10}],"_components":[{"__type__":"cc.Sprite","node":{"__id__":4},"_materials":[{"__uuid__":"ecpdLyjvZBwrvm+cedCcQy"}],"_spriteFrame":{"__uuid__":"78gicf33hGDoXguyieBNp3"},"_type":1,"_sizeMode":0}],"_prefab":{"__type__":"cc.PrefabInfo","root":{"__id__":1},"asset":{"__uuid__":"a3Ydo+VI9MX57GZKY9w9Kt"},"fileId":"9a/csgV51PApQd6+Gse5J4"},"_contentSize":{"__type__":"cc.Size","width":357,"height":296},"_anchorPoint":{"__type__":"cc.Vec2","x":0.8},"_trs":{"__type__":"TypedArray","ctor":"Float64Array","array":[-69.649,-4.354,0,0,0,0,1,1,1,1]}},{"__type__":"cc.Node","_name":"#layout","_parent":{"__id__":4},"_children":[{"__id__":6}],"_components":[{"__type__":"cc.Layout","node":{"__id__":5},"_layoutSize":{"__type__":"cc.Size","width":312,"height":230},"_N$layoutType":3}],"_prefab":{"__type__":"cc.PrefabInfo","root":{"__id__":1},"asset":{"__uuid__":"a3Ydo+VI9MX57GZKY9w9Kt"},"fileId":"10eExGvL9EVYbugc89qnxb"},"_contentSize":{"__type__":"cc.Size","width":312,"height":230},"_trs":{"__type__":"TypedArray","ctor":"Float64Array","array":[-106.651,157.8,0,0,0,0,1,1,1,1]}},{"__type__":"cc.Node","_name":"item","_parent":{"__id__":5},"_children":[{"__id__":7},{"__id__":8},{"__id__":9}],"_components":[{"__type__":"2a6773YNtBL6byBCUSqF+o6","node":{"__id__":6}},{"__type__":"cc.Button","node":{"__id__":6},"zoomScale":0.9,"_N$transition":3,"transition":3},{"__type__":"3a0bdMWXApFAIRZFct2j8zt","node":{"__id__":6},"callback":{"__type__":"cc.ClickEvent","target":{"__id__":1},"_componentId":"f8fb2pkmaVGHbpSJQY3ip9r","handler":"onRewardCallback"},"autoRefresh":true}],"_prefab":{"__type__":"cc.PrefabInfo","root":{"__id__":1},"asset":{"__uuid__":"a3Ydo+VI9MX57GZKY9w9Kt"},"fileId":"0e1QeIWLxMZJWaoVwqWjbW"},"_contentSize":{"__type__":"cc.Size","width":100,"height":115},"_trs":{"__type__":"TypedArray","ctor":"Float64Array","array":[-106,57.5,0,0,0,0,1,1,1,0]}},{"__type__":"cc.Node","_name":"_emoji_sp","_parent":{"__id__":6},"_components":[{"__type__":"cc.Sprite","node":{"__id__":7},"_materials":[{"__uuid__":"ecpdLyjvZBwrvm+cedCcQy"}]}],"_prefab":{"__type__":"cc.PrefabInfo","root":{"__id__":1},"asset":{"__uuid__":"a3Ydo+VI9MX57GZKY9w9Kt"},"fileId":"a5wDsF74xFB5bBrfVg2JiP"},"_contentSize":{"__type__":"cc.Size","width":91,"height":101},"_trs":{"__type__":"TypedArray","ctor":"Float64Array","array":[0,0,0,0,0,0,1,1,1,1]}},{"__type__":"cc.Node","_name":"_locked","_parent":{"__id__":6},"_components":[{"__type__":"cc.Sprite","node":{"__id__":8},"_materials":[{"__uuid__":"ecpdLyjvZBwrvm+cedCcQy"}],"_spriteFrame":{"__uuid__":"d3VeHWxzFPpoqdmonEcROA"}}],"_prefab":{"__type__":"cc.PrefabInfo","root":{"__id__":1},"asset":{"__uuid__":"a3Ydo+VI9MX57GZKY9w9Kt"},"fileId":"04GXKO4d1H4q24zz+uJ3bH"},"_contentSize":{"__type__":"cc.Size","width":97,"height":97},"_trs":{"__type__":"TypedArray","ctor":"Float64Array","array":[0,0,0,0,0,0,1,1,1,1]}},{"__type__":"cc.Node","_name":"video_icon","_parent":{"__id__":6},"_components":[{"__type__":"cc.Sprite","node":{"__id__":9},"_materials":[{"__uuid__":"ecpdLyjvZBwrvm+cedCcQy"}],"_spriteFrame":{"__uuid__":"8bme/ylHRJNbygivMQh6Xt"}}],"_prefab":{"__type__":"cc.PrefabInfo","root":{"__id__":1},"asset":{"__uuid__":"a3Ydo+VI9MX57GZKY9w9Kt"},"fileId":"79n+ooUaxLa6wExPLAAkVi"},"_contentSize":{"__type__":"cc.Size","width":33,"height":29},"_trs":{"__type__":"TypedArray","ctor":"Float64Array","array":[31.353,-33.176,0,0,0,0,1,1,1,1]}},{"__type__":"cc.Node","_name":"#close_btn","_parent":{"__id__":4},"_children":[{"__id__":11}],"_components":[{"__type__":"cc.Button","node":{"__id__":10},"zoomScale":1.1,"_N$transition":3,"transition":3}],"_prefab":{"__type__":"cc.PrefabInfo","root":{"__id__":1},"asset":{"__uuid__":"a3Ydo+VI9MX57GZKY9w9Kt"},"fileId":"dcjbX5/QhKSL6FN7SYZuMd"},"_contentSize":{"__type__":"cc.Size","width":80,"height":80},"_trs":{"__type__":"TypedArray","ctor":"Float64Array","array":[51.149,293.011,0,0,0,0,1,1,1,0]}},{"__type__":"cc.Node","_name":"text","_parent":{"__id__":10},"_components":[{"__type__":"cc.Sprite","node":{"__id__":11},"_materials":[{"__uuid__":"ecpdLyjvZBwrvm+cedCcQy"}],"_spriteFrame":{"__uuid__":"e1Q/bWAZpMPLoHgb1iN4lP"}}],"_prefab":{"__type__":"cc.PrefabInfo","root":{"__id__":1},"asset":{"__uuid__":"a3Ydo+VI9MX57GZKY9w9Kt"},"fileId":"4diwEOmsNKQ4BqChcYvkAg"},"_contentSize":{"__type__":"cc.Size","width":52,"height":52},"_trs":{"__type__":"TypedArray","ctor":"Float64Array","array":[0,0,0,0,0,0,1,1,1,1]}}],{"__type__":"cc.SpriteFrame","content":{"name":"表情按钮","texture":"18584f08b","rect":[247,750,82,82],"offset":[0,0],"originalSize":[82,82],"capInsets":[0,0,0,0]}},{"__type__":"cc.SpriteFrame","content":{"name":"未解锁","texture":"18584f08b","rect":[335,697,97,97],"offset":[0,0],"originalSize":[97,97],"capInsets":[0,0,0,0]}},{"__type__":"cc.SpriteFrame","content":{"name":"表情_小弹窗_关闭","texture":"18584f08b","rect":[261,685,52,52],"offset":[0,0],"originalSize":[52,52],"capInsets":[0,0,0,0]}}]