[{"__type__":"cc.SpriteFrame","content":{"name":"cue_4","texture":"154da9b31","rect":[1495,3,351,1485],"offset":[0,0],"originalSize":[351,1485],"capInsets":[0,0,0,0]}},[{"__type__":"cc.Prefab","_name":"Qiugan_4","data":{"__id__":1}},{"__type__":"cc.Node","_name":"Qiugan_4","_children":[{"__id__":2},{"__id__":3},{"__id__":4},{"__id__":5}],"_prefab":{"__type__":"cc.PrefabInfo","root":{"__id__":1},"asset":{"__uuid__":"2cHDa++sFGB7ZVZ1/JYXF6"},"fileId":"89hKrGkTlMXbEIvBqYwEDG"},"_contentSize":{"__type__":"cc.Size","height":1150},"_anchorPoint":{"__type__":"cc.Vec2","x":0.5},"_trs":{"__type__":"TypedArray","ctor":"Float64Array","array":[0,0,0,0,0,0,1,1,1,1]}},{"__type__":"cc.Node","_name":"Ball_yinying","_parent":{"__id__":1},"_components":[{"__type__":"cc.Sprite","node":{"__id__":2},"_materials":[{"__uuid__":"ecpdLyjvZBwrvm+cedCcQy"}],"_spriteFrame":{"__uuid__":"04ZFxvlu5FCYIp0v3/r+xV"},"_sizeMode":0}],"_prefab":{"__type__":"cc.PrefabInfo","root":{"__id__":1},"asset":{"__uuid__":"2cHDa++sFGB7ZVZ1/JYXF6"},"fileId":"12bMyTOBBBmKHYX9UxJXKe"},"_opacity":20,"_color":{"__type__":"cc.Color"},"_contentSize":{"__type__":"cc.Size","width":272,"height":1150},"_anchorPoint":{"__type__":"cc.Vec2","x":0.5},"_trs":{"__type__":"TypedArray","ctor":"Float64Array","array":[-40.491,-20.693,0,0,0,0,1,1,1,1]}},{"__type__":"cc.Node","_name":"Smoke","_parent":{"__id__":1},"_components":[{"__type__":"cc.Sprite","node":{"__id__":3},"_materials":[{"__uuid__":"ecpdLyjvZBwrvm+cedCcQy"}],"_dstBlendFactor":1,"_spriteFrame":{"__uuid__":"e0ezgWsDBLpYJFUI9omtCw"}},{"__type__":"cc.Animation","node":{"__id__":3},"_defaultClip":{"__uuid__":"72zSA1unZIRqLtdClmznN3"},"_clips":[{"__uuid__":"72zSA1unZIRqLtdClmznN3"}],"playOnLoad":true}],"_prefab":{"__type__":"cc.PrefabInfo","root":{"__id__":1},"asset":{"__uuid__":"2cHDa++sFGB7ZVZ1/JYXF6"},"fileId":"ccsBAQAydEjLXu7+2NyNu3"},"_contentSize":{"__type__":"cc.Size","width":253,"height":253},"_trs":{"__type__":"TypedArray","ctor":"Float64Array","array":[8.164,1131.263,0,0,0,0,1,1.216,1.216,1.216]}},{"__type__":"cc.Node","_name":"Ball_1","_parent":{"__id__":1},"_components":[{"__type__":"cc.Sprite","node":{"__id__":4},"_materials":[{"__uuid__":"ecpdLyjvZBwrvm+cedCcQy"}],"_spriteFrame":{"__uuid__":"04ZFxvlu5FCYIp0v3/r+xV"},"_sizeMode":0}],"_prefab":{"__type__":"cc.PrefabInfo","root":{"__id__":1},"asset":{"__uuid__":"2cHDa++sFGB7ZVZ1/JYXF6"},"fileId":"9cHtBheChEsq4cCOSl9Zkl"},"_contentSize":{"__type__":"cc.Size","width":272,"height":1150},"_anchorPoint":{"__type__":"cc.Vec2","x":0.5},"_trs":{"__type__":"TypedArray","ctor":"Float64Array","array":[-2.309,21.835,0,0,0,0,1,1,1,1]}},{"__type__":"cc.Node","_name":"Dot","_parent":{"__id__":1},"_components":[{"__type__":"cc.ParticleSystem","node":{"__id__":5},"_materials":[{"__uuid__":"ecpdLyjvZBwrvm+cedCcQy"}],"_dstBlendFactor":1,"_custom":true,"_file":{"__uuid__":"b2aHrECZ5APKGS/0d2hvT1"},"_spriteFrame":{"__uuid__":"47LfXTNedBhJ5sf0G+5l7j"},"totalParticles":50,"emissionRate":20,"life":2.5,"lifeVar":0.5,"_startColor":{"__type__":"cc.Color","r":202,"g":86,"b":202,"a":163},"_startColorVar":{"__type__":"cc.Color","r":212,"g":75,"b":255,"a":198},"_endColor":{"__type__":"cc.Color","r":114,"g":21,"b":122,"a":214},"_endColorVar":{"__type__":"cc.Color","r":103,"g":28,"b":138,"a":188},"angleVar":0,"startSize":3.369999885559082,"startSizeVar":50,"endSize":30.31999969482422,"startSpin":-47.369998931884766,"endSpin":-47.369998931884766,"endSpinVar":-142.11000061035156,"posVar":{"__type__":"cc.Vec2","x":7},"_positionType":1,"positionType":1,"gravity":{"__type__":"cc.Vec2","x":0.25,"y":0.8600000143051147},"speed":50,"speedVar":30,"tangentialAccel":0}],"_prefab":{"__type__":"cc.PrefabInfo","root":{"__id__":1},"asset":{"__uuid__":"2cHDa++sFGB7ZVZ1/JYXF6"},"fileId":"24kFV0WTNCVIH0vMCPxn2Q"},"_trs":{"__type__":"TypedArray","ctor":"Float64Array","array":[0,367.327,0,0,0,0,1,1,1,1]}}]]