{"__type__":"dragonBones.DragonBonesAtlasAsset","_name":"effect_zi_tex","_atlasJson":"{\"width\":247,\"imagePath\":\"effect_zi_tex.png\",\"height\":415,\"name\":\"effect_zi\",\"SubTexture\":[{\"width\":193,\"y\":126,\"height\":60,\"name\":\"令人惊讶\",\"x\":1},{\"width\":121,\"y\":1,\"height\":60,\"name\":\"很好\",\"x\":124},{\"width\":167,\"y\":243,\"height\":60,\"name\":\"太棒了！\",\"x\":1},{\"width\":188,\"y\":305,\"height\":53,\"name\":\"差一点点\",\"x\":1},{\"width\":100,\"y\":63,\"height\":53,\"name\":\"失败\",\"x\":124},{\"width\":97,\"y\":360,\"height\":53,\"name\":\"犯规\",\"x\":1},{\"width\":190,\"y\":188,\"height\":53,\"name\":\"打错球了\",\"x\":1},{\"width\":121,\"y\":1,\"height\":123,\"name\":\"xingguang1\",\"x\":1}]}","_texture":{"__uuid__":"abuogt049GF6jP2BQ78UrW"},"texture":{"__uuid__":"abuogt049GF6jP2BQ78UrW"}}