[{"__type__":"cc.SpriteFrame","content":{"name":"core03_anim_03","texture":"123739ffb","rect":[521,296,125,125],"offset":[0,0],"originalSize":[125,125],"capInsets":[0,0,0,0]}},{"__type__":"cc.SpriteFrame","content":{"name":"core03_anim_13","texture":"170ee17f0","rect":[882,780,125,125],"offset":[0,0],"originalSize":[125,125],"capInsets":[0,0,0,0]}},{"__type__":"cc.SpriteFrame","content":{"name":"core03_anim_05","texture":"129f1f205","rect":[260,3,125,125],"offset":[0,0],"originalSize":[125,125],"capInsets":[0,0,0,0]}},{"__type__":"cc.SpriteFrame","content":{"name":"core03_anim_08","texture":"129f1f205","rect":[391,3,125,125],"offset":[0,0],"originalSize":[125,125],"capInsets":[0,0,0,0]}},{"__type__":"cc.SpriteFrame","content":{"name":"core03_anim_10","texture":"129f1f205","rect":[522,3,125,125],"offset":[0,0],"originalSize":[125,125],"capInsets":[0,0,0,0]}},{"__type__":"cc.SpriteFrame","content":{"name":"core03_anim_06","texture":"129f1f205","rect":[653,3,125,125],"offset":[0,0],"originalSize":[125,125],"capInsets":[0,0,0,0]}},{"__type__":"cc.SpriteFrame","content":{"name":"core03_anim_09","texture":"129f1f205","rect":[265,134,125,125],"offset":[0,0],"originalSize":[125,125],"capInsets":[0,0,0,0]}},{"__type__":"cc.SpriteFrame","content":{"name":"core03_anim_14","texture":"129f1f205","rect":[396,134,125,125],"offset":[0,0],"originalSize":[125,125],"capInsets":[0,0,0,0]}},{"__type__":"cc.SpriteFrame","content":{"name":"core03_anim_11","texture":"129f1f205","rect":[658,134,125,125],"offset":[0,0],"originalSize":[125,125],"capInsets":[0,0,0,0]}},{"__type__":"cc.SpriteFrame","content":{"name":"core03_anim_07","texture":"129f1f205","rect":[265,265,125,125],"offset":[0,0],"originalSize":[125,125],"capInsets":[0,0,0,0]}},{"__type__":"cc.SpriteFrame","content":{"name":"core03_anim_04","texture":"129f1f205","rect":[527,265,125,125],"offset":[0,0],"originalSize":[125,125],"capInsets":[0,0,0,0]}},{"__type__":"cc.SpriteFrame","content":{"name":"core03_anim_01","texture":"129f1f205","rect":[658,265,125,125],"offset":[0,0],"originalSize":[125,125],"capInsets":[0,0,0,0]}},{"__type__":"cc.SpriteFrame","content":{"name":"core03_anim_15","texture":"129f1f205","rect":[789,265,125,125],"offset":[0,0],"originalSize":[125,125],"capInsets":[0,0,0,0]}},{"__type__":"cc.SpriteFrame","content":{"name":"core03_anim_02","texture":"129f1f205","rect":[134,396,125,125],"offset":[0,0],"originalSize":[125,125],"capInsets":[0,0,0,0]}},{"__type__":"cc.SpriteFrame","content":{"name":"core03_anim_12","texture":"129f1f205","rect":[396,396,125,125],"offset":[0,0],"originalSize":[125,125],"capInsets":[0,0,0,0]}},{"__type__":"cc.SpriteFrame","content":{"name":"core03_anim_16","texture":"129f1f205","rect":[658,396,125,125],"offset":[0,0],"originalSize":[125,125],"capInsets":[0,0,0,0]}}]