[{"__type__":"cc.SpriteFrame","content":{"name":"cue_3","texture":"154da9b31","rect":[1193,570,294,1449],"offset":[0,0],"originalSize":[294,1449],"capInsets":[0,0,0,0]}},[{"__type__":"cc.Prefab","_name":"Qiugan_3","data":{"__id__":1}},{"__type__":"cc.Node","_name":"Qiugan_3","_children":[{"__id__":2},{"__id__":3},{"__id__":4},{"__id__":5},{"__id__":6}],"_prefab":{"__type__":"cc.PrefabInfo","root":{"__id__":1},"asset":{"__uuid__":"dbPtMRwyJFZrEf6z+CYrWk"},"fileId":"b2kGQwyFNEV7OSvE6rrYqi"},"_contentSize":{"__type__":"cc.Size","height":1070},"_anchorPoint":{"__type__":"cc.Vec2","x":0.5},"_trs":{"__type__":"TypedArray","ctor":"Float64Array","array":[0,0,0,0,0,0,1,1,1,1]}},{"__type__":"cc.Node","_name":"Ball_yinying","_parent":{"__id__":1},"_components":[{"__type__":"cc.Sprite","node":{"__id__":2},"_materials":[{"__uuid__":"ecpdLyjvZBwrvm+cedCcQy"}],"_spriteFrame":{"__uuid__":"85qyWUnwlH7Jb12Uys5Ku1"},"_sizeMode":0}],"_prefab":{"__type__":"cc.PrefabInfo","root":{"__id__":1},"asset":{"__uuid__":"dbPtMRwyJFZrEf6z+CYrWk"},"fileId":"448O84tFtCdKC8Bhrig6AY"},"_opacity":20,"_color":{"__type__":"cc.Color"},"_contentSize":{"__type__":"cc.Size","width":217,"height":1070},"_anchorPoint":{"__type__":"cc.Vec2","x":0.5},"_trs":{"__type__":"TypedArray","ctor":"Float64Array","array":[-40.491,-20.693,0,0,0,0,1,1,1,1]}},{"__type__":"cc.Node","_name":"Ball_1","_parent":{"__id__":1},"_components":[{"__type__":"cc.Sprite","node":{"__id__":3},"_materials":[{"__uuid__":"ecpdLyjvZBwrvm+cedCcQy"}],"_spriteFrame":{"__uuid__":"85qyWUnwlH7Jb12Uys5Ku1"},"_sizeMode":0}],"_prefab":{"__type__":"cc.PrefabInfo","root":{"__id__":1},"asset":{"__uuid__":"dbPtMRwyJFZrEf6z+CYrWk"},"fileId":"0fiXeFSMxGvJwPuC1ZKrMc"},"_contentSize":{"__type__":"cc.Size","width":217,"height":1070},"_anchorPoint":{"__type__":"cc.Vec2","x":0.5},"_trs":{"__type__":"TypedArray","ctor":"Float64Array","array":[-2.309,21.835,0,0,0,0,1,1,1,1]}},{"__type__":"cc.Node","_name":"Smoke","_parent":{"__id__":1},"_components":[{"__type__":"cc.Sprite","node":{"__id__":4},"_materials":[{"__uuid__":"ecpdLyjvZBwrvm+cedCcQy"}],"_dstBlendFactor":1,"_spriteFrame":{"__uuid__":"bdCESoy4hO86kr+hJYfUir"}},{"__type__":"cc.Animation","node":{"__id__":4},"_defaultClip":{"__uuid__":"64rOCapfRIGbLEoy5qF+F3"},"_clips":[{"__uuid__":"64rOCapfRIGbLEoy5qF+F3"}],"playOnLoad":true}],"_prefab":{"__type__":"cc.PrefabInfo","root":{"__id__":1},"asset":{"__uuid__":"dbPtMRwyJFZrEf6z+CYrWk"},"fileId":"cdavVAzrJF1Y/Hkr5iToTw"},"_color":{"__type__":"cc.Color","r":42,"g":247,"b":116},"_contentSize":{"__type__":"cc.Size","width":125,"height":125},"_trs":{"__type__":"TypedArray","ctor":"Float64Array","array":[-22.348,1033.442,0,0,0,0,1,0.95,0.95,0.95]}},{"__type__":"cc.Node","_name":"Smoke_1","_parent":{"__id__":1},"_components":[{"__type__":"cc.Sprite","node":{"__id__":5},"_materials":[{"__uuid__":"ecpdLyjvZBwrvm+cedCcQy"}],"_dstBlendFactor":1,"_spriteFrame":{"__uuid__":"bdCESoy4hO86kr+hJYfUir"}},{"__type__":"cc.Animation","node":{"__id__":5},"_defaultClip":{"__uuid__":"64rOCapfRIGbLEoy5qF+F3"},"_clips":[{"__uuid__":"64rOCapfRIGbLEoy5qF+F3"}],"playOnLoad":true}],"_prefab":{"__type__":"cc.PrefabInfo","root":{"__id__":1},"asset":{"__uuid__":"dbPtMRwyJFZrEf6z+CYrWk"},"fileId":"6aJTULFBlMMqZXGFFmm2QT"},"_color":{"__type__":"cc.Color","r":42,"g":247,"b":116},"_contentSize":{"__type__":"cc.Size","width":125,"height":125},"_trs":{"__type__":"TypedArray","ctor":"Float64Array","array":[24.621,1033.442,0,0,0,0,1,0.95,0.95,0.95]}},{"__type__":"cc.Node","_name":"Dot","_parent":{"__id__":1},"_components":[{"__type__":"cc.ParticleSystem","node":{"__id__":6},"_materials":[{"__uuid__":"ecpdLyjvZBwrvm+cedCcQy"}],"_dstBlendFactor":1,"_custom":true,"_file":{"__uuid__":"b2aHrECZ5APKGS/0d2hvT1"},"_spriteFrame":{"__uuid__":"47LfXTNedBhJ5sf0G+5l7j"},"totalParticles":200,"emissionRate":100,"life":4,"lifeVar":1,"_startColor":{"__type__":"cc.Color","r":64,"g":172,"b":43,"a":163},"_startColorVar":{"__type__":"cc.Color","r":38,"g":155,"b":38,"a":0},"_endColor":{"__type__":"cc.Color","r":37,"g":105,"b":20,"a":214},"_endColorVar":{"__type__":"cc.Color","r":27,"g":122,"b":27,"a":0},"angle":-90,"angleVar":0,"startSize":5,"startSizeVar":50,"endSize":30,"endSizeVar":10,"startSpin":-47.369998931884766,"endSpin":-47.369998931884766,"endSpinVar":-142.11000061035156,"posVar":{"__type__":"cc.Vec2","x":30},"_positionType":1,"positionType":1,"gravity":{"__type__":"cc.Vec2","x":0.25,"y":0.8600000143051147},"speed":100,"tangentialAccel":0,"radialAccel":-10}],"_prefab":{"__type__":"cc.PrefabInfo","root":{"__id__":1},"asset":{"__uuid__":"dbPtMRwyJFZrEf6z+CYrWk"},"fileId":"70Rmd9BuZPzr7hk/PYvozg"},"_trs":{"__type__":"TypedArray","ctor":"Float64Array","array":[0,778.165,0,0,0,0,1,1,1,1]}}]]