[{"__type__":"cc.SpriteFrame","content":{"name":"2","texture":"15919ee06","rect":[3,842,503,28],"offset":[0,0],"originalSize":[503,28],"capInsets":[0,0,0,0]}},[{"__type__":"cc.SceneAsset","_name":"gameScene","scene":{"__id__":1},"asyncLoadAssets":null},{"__type__":"cc.Scene","_name":"New Node","_children":[{"__id__":2}],"_active":false,"_anchorPoint":{"__type__":"cc.Vec2"},"_trs":{"__type__":"TypedArray","ctor":"Float64Array","array":[0,0,0,0,0,0,1,1,1,1]},"autoReleaseAssets":false},{"__type__":"cc.Node","_name":"game","_objFlags":512,"_parent":{"__id__":1},"_children":[{"__id__":3},{"__id__":4},{"__id__":15},{"__id__":16},{"__id__":17},{"__id__":18},{"__type__":"cc.Node","_name":"text_tips_root","_parent":{"__id__":2},"_trs":{"__type__":"TypedArray","ctor":"Float64Array","array":[0,0,0,0,0,0,1,1,1,1]}}],"_components":[{"__type__":"cc.Canvas","node":{"__id__":2},"_designResolution":{"__type__":"cc.Size","width":750,"height":1334},"_fitWidth":true,"_fitHeight":false},{"__type__":"eb0dcenBaFLh7a3bGdWT5cW","node":{"__id__":2},"sceneRoot":{"__id__":4},"layerRoot":{"__id__":15},"tipsPrefab":{"__uuid__":"1304YEsWVKD6yY2p+N82LR"}},{"__type__":"354d1w6TbBPsZcqmnGJPkrn","node":{"__id__":2},"effectPnl":{"__id__":16},"moneyAnimPnl":{"__id__":17},"itemAnimPnl":{"__id__":18}},{"__type__":"cc.Widget","node":{"__id__":2},"_alignFlags":45}],"_contentSize":{"__type__":"cc.Size","width":750,"height":1334},"_trs":{"__type__":"TypedArray","ctor":"Float64Array","array":[375,667,0,0,0,0,1,1,1,1]},"_id":"c8xGlodShGAq4YVUxTYnNJ"},{"__type__":"cc.Node","_name":"Main Camera","_parent":{"__id__":2},"_components":[{"__type__":"cc.Camera","node":{"__id__":3},"_clearFlags":7,"_depth":-1}],"_trs":{"__type__":"TypedArray","ctor":"Float64Array","array":[0,0,411.36286564695723,0,0,0,1,1,1,1]}},{"__type__":"cc.Node","_name":"scene_root","_parent":{"__id__":2},"_children":[{"__id__":5}],"_components":[{"__type__":"cc.Widget","node":{"__id__":4},"_alignFlags":45}],"_contentSize":{"__type__":"cc.Size","width":750,"height":1334},"_trs":{"__type__":"TypedArray","ctor":"Float64Array","array":[0,0,0,0,0,0,1,1,1,1]}},{"__type__":"cc.Node","_name":"loadingScene","_objFlags":512,"_parent":{"__id__":4},"_children":[{"__id__":6},{"__id__":7},{"__id__":8}],"_components":[{"__type__":"cc.Widget","node":{"__id__":5},"_alignFlags":45},{"__type__":"cc.BlockInputEvents","node":{"__id__":5}},{"__type__":"43c09zQ5AtOeZ+xEKM98h1D","node":{"__id__":5},"progress":{"__id__":12},"progressLbl":{"__id__":14}}],"_prefab":{"__type__":"cc.PrefabInfo","root":{"__id__":5},"asset":{"__uuid__":"98bFPoHu1Nh6T5WFDKefyQ"},"fileId":"22eoSV+pdOxpoRzNadfcHl"},"_contentSize":{"__type__":"cc.Size","width":750,"height":1334},"_trs":{"__type__":"TypedArray","ctor":"Float64Array","array":[0,0,0,0,0,0,1,1,1,1]}},{"__type__":"cc.Node","_name":"bg","_parent":{"__id__":5},"_components":[{"__type__":"cc.Sprite","node":{"__id__":6},"_materials":[{"__uuid__":"ecpdLyjvZBwrvm+cedCcQy"}],"_spriteFrame":{"__uuid__":"eekKuZdQpDSqbTr0TTtZoB"},"_sizeMode":0,"_isTrimmedMode":false},{"__type__":"cc.Widget","node":{"__id__":6},"_alignFlags":40,"_top":27,"_originalWidth":720,"_originalHeight":1280}],"_prefab":{"__type__":"cc.PrefabInfo","root":{"__id__":5},"asset":{"__uuid__":"98bFPoHu1Nh6T5WFDKefyQ"},"fileId":"98pI4h30xOo4r+MraQJFfe"},"_contentSize":{"__type__":"cc.Size","width":750,"height":1666},"_trs":{"__type__":"TypedArray","ctor":"Float64Array","array":[0,0,0,0,0,0,1,1,1,1]}},{"__type__":"cc.Node","_name":"logo","_parent":{"__id__":5},"_components":[{"__type__":"cc.Sprite","node":{"__id__":7},"_materials":[{"__uuid__":"ecpdLyjvZBwrvm+cedCcQy"}],"_spriteFrame":{"__uuid__":"f64+Yio2ZLrJHoZ7q8yC0j"}}],"_prefab":{"__type__":"cc.PrefabInfo","root":{"__id__":5},"asset":{"__uuid__":"98bFPoHu1Nh6T5WFDKefyQ"},"fileId":"dbWT/HsTFC35jeUEclQW1U"},"_contentSize":{"__type__":"cc.Size","width":494,"height":204},"_trs":{"__type__":"TypedArray","ctor":"Float64Array","array":[0,254.785,0,0,0,0,1,1,1,1]}},{"__type__":"cc.Node","_name":"progress_pnl","_parent":{"__id__":5},"_children":[{"__id__":9},{"__id__":13}],"_components":[{"__type__":"cc.Widget","node":{"__id__":8},"_bottom":0.26798050974512744,"_isAbsBottom":false}],"_prefab":{"__type__":"cc.PrefabInfo","root":{"__id__":5},"asset":{"__uuid__":"98bFPoHu1Nh6T5WFDKefyQ"},"fileId":"e1cht5+eJFmK0Fi2cWFG7i"},"_trs":{"__type__":"TypedArray","ctor":"Float64Array","array":[0,-12.526,0,0,0,0,1,1,1,1]}},{"__type__":"cc.Node","_name":"progress","_parent":{"__id__":8},"_children":[{"__id__":10}],"_components":[{"__type__":"cc.Sprite","node":{"__id__":9},"_materials":[{"__uuid__":"ecpdLyjvZBwrvm+cedCcQy"}],"_spriteFrame":{"__uuid__":"45hbLsQrFEZ5flWPZbL1J8"},"_sizeMode":2,"_isTrimmedMode":false},{"__id__":12}],"_prefab":{"__type__":"cc.PrefabInfo","root":{"__id__":5},"asset":{"__uuid__":"98bFPoHu1Nh6T5WFDKefyQ"},"fileId":"23FDRWHFtOSJwsSACTo6KJ"},"_contentSize":{"__type__":"cc.Size","width":503,"height":28},"_trs":{"__type__":"TypedArray","ctor":"Float64Array","array":[0,0,0,0,0,0,1,1,1,1]}},{"__type__":"cc.Node","_name":"bar","_parent":{"__id__":9},"_components":[{"__id__":11}],"_prefab":{"__type__":"cc.PrefabInfo","root":{"__id__":5},"asset":{"__uuid__":"98bFPoHu1Nh6T5WFDKefyQ"},"fileId":"5fLpV9s4RO/6wLXTx8op8K"},"_contentSize":{"__type__":"cc.Size","width":503,"height":28},"_anchorPoint":{"__type__":"cc.Vec2","y":0.5},"_trs":{"__type__":"TypedArray","ctor":"Float64Array","array":[-251.5,0,0,0,0,0,1,1,1,1]}},{"__type__":"cc.Sprite","node":{"__id__":10},"_materials":[{"__uuid__":"ecpdLyjvZBwrvm+cedCcQy"}],"_spriteFrame":{"__uuid__":"017Bn88ghM3oVWq+cIZOre"},"_type":3,"_sizeMode":2,"_isTrimmedMode":false},{"__type__":"cc.ProgressBar","node":{"__id__":9},"_N$barSprite":{"__id__":11},"_N$mode":2,"_N$progress":0},{"__type__":"cc.Node","_name":"lbl","_parent":{"__id__":8},"_components":[{"__id__":14}],"_prefab":{"__type__":"cc.PrefabInfo","root":{"__id__":5},"asset":{"__uuid__":"98bFPoHu1Nh6T5WFDKefyQ"},"fileId":"8dph9sfJxBybN7nEDKU0r7"},"_contentSize":{"__type__":"cc.Size","width":165,"height":40.32},"_trs":{"__type__":"TypedArray","ctor":"Float64Array","array":[0,46.782,0,0,0,0,1,1,1,1]}},{"__type__":"cc.Label","node":{"__id__":13},"_materials":[{"__uuid__":"ecpdLyjvZBwrvm+cedCcQy"}],"_useOriginalSize":false,"_string":"载入中...0%","_N$string":"载入中...0%","_fontSize":30,"_lineHeight":32,"_N$horizontalAlign":1,"_N$verticalAlign":1,"_N$fontFamily":"Simhei"},{"__type__":"cc.Node","_name":"layers_root","_parent":{"__id__":2},"_components":[{"__type__":"cc.Widget","node":{"__id__":15},"_alignFlags":45}],"_contentSize":{"__type__":"cc.Size","width":750,"height":1334},"_trs":{"__type__":"TypedArray","ctor":"Float64Array","array":[0,0,0,0,0,0,1,1,1,1]}},{"__type__":"cc.Node","_name":"effect_root","_parent":{"__id__":2},"_trs":{"__type__":"TypedArray","ctor":"Float64Array","array":[0,0,0,0,0,0,1,1,1,1]}},{"__type__":"cc.Node","_name":"money_anim_root","_parent":{"__id__":2},"_trs":{"__type__":"TypedArray","ctor":"Float64Array","array":[0,0,0,0,0,0,1,1,1,1]}},{"__type__":"cc.Node","_name":"item_anim_root","_parent":{"__id__":2},"_trs":{"__type__":"TypedArray","ctor":"Float64Array","array":[0,0,0,0,0,0,1,1,1,1]}}],{"__type__":"cc.SpriteFrame","content":{"name":"提示框","texture":"152e8d7e0","rect":[207,543,42,42],"offset":[0,0],"originalSize":[42,42],"capInsets":[13,11,12,12]}},[{"__type__":"cc.Prefab","_name":"toastTips","data":{"__id__":1}},{"__type__":"cc.Node","_name":"tips","_children":[{"__id__":2},{"__id__":3}],"_components":[{"__type__":"28865iZr7xCHpFmdnFzP5Gm","node":{"__id__":1},"bg":{"__id__":2},"label":{"__id__":4}}],"_prefab":{"__type__":"cc.PrefabInfo","root":{"__id__":1},"asset":{"__uuid__":"1304YEsWVKD6yY2p+N82LR"},"fileId":"4fvhPAePBIprvluxteMOFI"},"_trs":{"__type__":"TypedArray","ctor":"Float64Array","array":[0,0,0,0,0,0,1,1,1,1]}},{"__type__":"cc.Node","_name":"bg","_parent":{"__id__":1},"_components":[{"__type__":"cc.Sprite","node":{"__id__":2},"_materials":[{"__uuid__":"ecpdLyjvZBwrvm+cedCcQy"}],"_spriteFrame":{"__uuid__":"0aZecIa8NAyJiY+ANvVSpK"},"_type":1,"_sizeMode":0,"_isTrimmedMode":false}],"_prefab":{"__type__":"cc.PrefabInfo","root":{"__id__":1},"asset":{"__uuid__":"1304YEsWVKD6yY2p+N82LR"},"fileId":"a9KIFqcIFF57lXiCRQlcDI"},"_color":{"__type__":"cc.Color","r":240,"g":240,"b":240},"_contentSize":{"__type__":"cc.Size","width":158,"height":97.96},"_trs":{"__type__":"TypedArray","ctor":"Float64Array","array":[0,0,0,0,0,0,1,1,1,1]}},{"__type__":"cc.Node","_name":"label","_parent":{"__id__":1},"_components":[{"__id__":4}],"_prefab":{"__type__":"cc.PrefabInfo","root":{"__id__":1},"asset":{"__uuid__":"1304YEsWVKD6yY2p+N82LR"},"fileId":"bfWPsImdpGC7JKJgTZAdAy"},"_contentSize":{"__type__":"cc.Size","width":98,"height":57.96},"_trs":{"__type__":"TypedArray","ctor":"Float64Array","array":[0,0,0,0,0,0,1,1,1,1]}},{"__type__":"cc.Label","node":{"__id__":3},"_materials":[{"__uuid__":"ecpdLyjvZBwrvm+cedCcQy"}],"_useOriginalSize":false,"_string":"Label","_N$string":"Label","_fontSize":26,"_lineHeight":46,"_styleFlags":1,"_N$horizontalAlign":1,"_N$verticalAlign":1,"_N$fontFamily":"Simhei","_N$overflow":3}],{"__type__":"cc.SpriteFrame","content":{"name":"1","texture":"15919ee06","rect":[3,876,503,28],"offset":[0,0],"originalSize":[503,28],"capInsets":[0,0,0,0]}},[{"__type__":"cc.Prefab","_name":"loadingScene","data":{"__id__":1}},{"__type__":"cc.Node","_name":"LoadingScene","_children":[{"__id__":2},{"__id__":3},{"__id__":4}],"_components":[{"__type__":"cc.Widget","node":{"__id__":1},"_alignFlags":45},{"__type__":"cc.BlockInputEvents","node":{"__id__":1}},{"__type__":"43c09zQ5AtOeZ+xEKM98h1D","node":{"__id__":1},"progress":{"__id__":8},"progressLbl":{"__id__":10}}],"_prefab":{"__type__":"cc.PrefabInfo","root":{"__id__":1},"asset":{"__uuid__":"98bFPoHu1Nh6T5WFDKefyQ"},"fileId":"22eoSV+pdOxpoRzNadfcHl"},"_contentSize":{"__type__":"cc.Size","width":750,"height":1334},"_trs":{"__type__":"TypedArray","ctor":"Float64Array","array":[375,667,0,0,0,0,1,1,1,1]}},{"__type__":"cc.Node","_name":"bg","_parent":{"__id__":1},"_components":[{"__type__":"cc.Sprite","node":{"__id__":2},"_materials":[{"__uuid__":"ecpdLyjvZBwrvm+cedCcQy"}],"_spriteFrame":{"__uuid__":"eekKuZdQpDSqbTr0TTtZoB"},"_sizeMode":0,"_isTrimmedMode":false},{"__type__":"cc.Widget","node":{"__id__":2},"_alignFlags":40,"_top":27,"_originalWidth":720,"_originalHeight":1280}],"_prefab":{"__type__":"cc.PrefabInfo","root":{"__id__":1},"asset":{"__uuid__":"98bFPoHu1Nh6T5WFDKefyQ"},"fileId":"98pI4h30xOo4r+MraQJFfe"},"_contentSize":{"__type__":"cc.Size","width":750,"height":1666},"_trs":{"__type__":"TypedArray","ctor":"Float64Array","array":[0,0,0,0,0,0,1,1,1,1]}},{"__type__":"cc.Node","_name":"logo","_parent":{"__id__":1},"_components":[{"__type__":"cc.Sprite","node":{"__id__":3},"_materials":[{"__uuid__":"ecpdLyjvZBwrvm+cedCcQy"}],"_spriteFrame":{"__uuid__":"f64+Yio2ZLrJHoZ7q8yC0j"}}],"_prefab":{"__type__":"cc.PrefabInfo","root":{"__id__":1},"asset":{"__uuid__":"98bFPoHu1Nh6T5WFDKefyQ"},"fileId":"dbWT/HsTFC35jeUEclQW1U"},"_contentSize":{"__type__":"cc.Size","width":494,"height":204},"_trs":{"__type__":"TypedArray","ctor":"Float64Array","array":[0,254.785,0,0,0,0,1,1,1,1]}},{"__type__":"cc.Node","_name":"progress_pnl","_parent":{"__id__":1},"_children":[{"__id__":5},{"__id__":9}],"_components":[{"__type__":"cc.Widget","node":{"__id__":4},"_enabled":false,"_bottom":0.26798050974512744,"_isAbsBottom":false}],"_prefab":{"__type__":"cc.PrefabInfo","root":{"__id__":1},"asset":{"__uuid__":"98bFPoHu1Nh6T5WFDKefyQ"},"fileId":"e1cht5+eJFmK0Fi2cWFG7i"},"_trs":{"__type__":"TypedArray","ctor":"Float64Array","array":[0,-12.526,0,0,0,0,1,1,1,1]}},{"__type__":"cc.Node","_name":"progress","_parent":{"__id__":4},"_children":[{"__id__":6}],"_components":[{"__type__":"cc.Sprite","node":{"__id__":5},"_materials":[{"__uuid__":"ecpdLyjvZBwrvm+cedCcQy"}],"_spriteFrame":{"__uuid__":"45hbLsQrFEZ5flWPZbL1J8"},"_sizeMode":2,"_isTrimmedMode":false},{"__id__":8}],"_prefab":{"__type__":"cc.PrefabInfo","root":{"__id__":1},"asset":{"__uuid__":"98bFPoHu1Nh6T5WFDKefyQ"},"fileId":"23FDRWHFtOSJwsSACTo6KJ"},"_contentSize":{"__type__":"cc.Size","width":503,"height":28},"_trs":{"__type__":"TypedArray","ctor":"Float64Array","array":[0,0,0,0,0,0,1,1,1,1]}},{"__type__":"cc.Node","_name":"bar","_parent":{"__id__":5},"_components":[{"__id__":7}],"_prefab":{"__type__":"cc.PrefabInfo","root":{"__id__":1},"asset":{"__uuid__":"98bFPoHu1Nh6T5WFDKefyQ"},"fileId":"5fLpV9s4RO/6wLXTx8op8K"},"_contentSize":{"__type__":"cc.Size","width":503,"height":28},"_anchorPoint":{"__type__":"cc.Vec2","y":0.5},"_trs":{"__type__":"TypedArray","ctor":"Float64Array","array":[-251.5,0,0,0,0,0,1,1,1,1]}},{"__type__":"cc.Sprite","node":{"__id__":6},"_materials":[{"__uuid__":"ecpdLyjvZBwrvm+cedCcQy"}],"_spriteFrame":{"__uuid__":"017Bn88ghM3oVWq+cIZOre"},"_type":3,"_sizeMode":2,"_isTrimmedMode":false},{"__type__":"cc.ProgressBar","node":{"__id__":5},"_N$barSprite":{"__id__":7},"_N$mode":2,"_N$progress":0},{"__type__":"cc.Node","_name":"lbl","_parent":{"__id__":4},"_components":[{"__id__":10}],"_prefab":{"__type__":"cc.PrefabInfo","root":{"__id__":1},"asset":{"__uuid__":"98bFPoHu1Nh6T5WFDKefyQ"},"fileId":"8dph9sfJxBybN7nEDKU0r7"},"_contentSize":{"__type__":"cc.Size","width":165,"height":40.32},"_trs":{"__type__":"TypedArray","ctor":"Float64Array","array":[0,46.782,0,0,0,0,1,1,1,1]}},{"__type__":"cc.Label","node":{"__id__":9},"_materials":[{"__uuid__":"ecpdLyjvZBwrvm+cedCcQy"}],"_useOriginalSize":false,"_string":"载入中...0%","_N$string":"载入中...0%","_fontSize":30,"_lineHeight":32,"_N$horizontalAlign":1,"_N$verticalAlign":1,"_N$fontFamily":"Simhei"}],{"__type__":"cc.SpriteFrame","content":{"name":"加载页(适配)D","texture":"15919ee06","rect":[3,3,375,833],"offset":[0,0],"originalSize":[375,833],"capInsets":[0,0,0,0]}},{"__type__":"cc.SpriteFrame","content":{"name":"logo","texture":"15919ee06","rect":[0,0,0,0],"offset":[0,0],"originalSize":[494,204],"rotated":1,"capInsets":[0,0,0,0]}}]