[{"__type__":"cc.SpriteFrame","content":{"name":"sight_light_aim","texture":"13ba4cd6d","rect":[206,955,67,64],"offset":[0,0],"originalSize":[67,64],"capInsets":[1,0,63,0]}},{"__type__":"cc.SpriteFrame","content":{"name":"sight_light_reflect","texture":"13ba4cd6d","rect":[700,272,123,64],"offset":[0,0],"originalSize":[123,64],"capInsets":[32.5,0,0,0]}},{"__type__":"cc.SpriteFrame","content":{"name":"颜色","texture":"13ba4cd6d","rect":[605,358,152,48],"offset":[0,0],"originalSize":[152,48],"capInsets":[33,0,0,0]}},[{"__type__":"cc.Prefab","_name":"sight_line","data":{"__id__":1}},{"__type__":"cc.Node","_name":"sight_line","_children":[{"__id__":2},{"__id__":3},{"__id__":4},{"__id__":5}],"_components":[{"__type__":"223d9VrXktLE7rIJwXegiZF","node":{"__id__":1}}],"_prefab":{"__type__":"cc.PrefabInfo","root":{"__id__":1},"asset":{"__id__":0},"fileId":"a85/itdxtI3IZ3CqCazvMg"},"_trs":{"__type__":"TypedArray","ctor":"Float64Array","array":[0,0,0,0,0,0,1,1,1,1]}},{"__type__":"cc.Node","_name":"reflect_line","_parent":{"__id__":1},"_components":[{"__type__":"cc.Sprite","node":{"__id__":2},"_materials":[{"__uuid__":"ecpdLyjvZBwrvm+cedCcQy"}],"_spriteFrame":{"__uuid__":"3aVabfOAND+6iO072hznje"},"_type":1,"_sizeMode":0,"_isTrimmedMode":false}],"_prefab":{"__type__":"cc.PrefabInfo","root":{"__id__":1},"asset":{"__id__":0},"fileId":"afvUPxB7NKuohJnRDjptSi"},"_contentSize":{"__type__":"cc.Size","width":123,"height":64},"_anchorPoint":{"__type__":"cc.Vec2","x":0.25,"y":0.5},"_trs":{"__type__":"TypedArray","ctor":"Float64Array","array":[32,0,0,0,0,0,1,1,1,1]}},{"__type__":"cc.Node","_name":"aim_line","_parent":{"__id__":1},"_components":[{"__type__":"cc.Sprite","node":{"__id__":3},"_materials":[{"__uuid__":"ecpdLyjvZBwrvm+cedCcQy"}],"_spriteFrame":{"__uuid__":"0fsaUtyYdEgoc7qRBbUPJN"},"_type":1,"_sizeMode":0}],"_prefab":{"__type__":"cc.PrefabInfo","root":{"__id__":1},"asset":{"__id__":0},"fileId":"86Cu6jFuxId6RER4Kk2FdL"},"_contentSize":{"__type__":"cc.Size","width":64,"height":64},"_anchorPoint":{"__type__":"cc.Vec2","y":0.5},"_trs":{"__type__":"TypedArray","ctor":"Float64Array","array":[0,0,0,0,0,0,1,1,1,1]}},{"__type__":"cc.Node","_name":"aim_circle","_parent":{"__id__":1},"_components":[{"__type__":"cc.Sprite","node":{"__id__":4},"_materials":[{"__uuid__":"ecpdLyjvZBwrvm+cedCcQy"}],"_spriteFrame":{"__uuid__":"9eBUmHIJBLxq1u1BzsH7wA"}}],"_prefab":{"__type__":"cc.PrefabInfo","root":{"__id__":1},"asset":{"__id__":0},"fileId":"86xcOYSNZC0bkB0PwZPJkE"},"_contentSize":{"__type__":"cc.Size","width":60,"height":60},"_trs":{"__type__":"TypedArray","ctor":"Float64Array","array":[32,0,0,0,0,0,1,1,1,1]}},{"__type__":"cc.Node","_name":"object_line","_parent":{"__id__":1},"_children":[{"__id__":6}],"_components":[{"__type__":"cc.Sprite","node":{"__id__":5},"_materials":[{"__uuid__":"ecpdLyjvZBwrvm+cedCcQy"}],"_spriteFrame":{"__uuid__":"687PG952tNToEn+x/b5ODA"},"_type":1,"_sizeMode":0,"_isTrimmedMode":false}],"_prefab":{"__type__":"cc.PrefabInfo","root":{"__id__":1},"asset":{"__id__":0},"fileId":"57OXPKRmBL0oFWYYNzxFwR"},"_opacity":230,"_contentSize":{"__type__":"cc.Size","width":152,"height":48},"_anchorPoint":{"__type__":"cc.Vec2","y":0.5},"_trs":{"__type__":"TypedArray","ctor":"Float64Array","array":[32,0,0,0,0,0,1,1,1,1]}},{"__type__":"cc.Node","_name":"edge","_parent":{"__id__":5},"_components":[{"__type__":"cc.Sprite","node":{"__id__":6},"_materials":[{"__uuid__":"ecpdLyjvZBwrvm+cedCcQy"}],"_spriteFrame":{"__uuid__":"84ioTQPeJAWIvvm56OU6Fo"},"_sizeMode":2,"_isTrimmedMode":false}],"_prefab":{"__type__":"cc.PrefabInfo","root":{"__id__":1},"asset":{"__id__":0},"fileId":"2bQDj2NM1Kt6BSR2dTkF4e"},"_contentSize":{"__type__":"cc.Size","width":152,"height":56},"_anchorPoint":{"__type__":"cc.Vec2","y":0.5},"_trs":{"__type__":"TypedArray","ctor":"Float64Array","array":[0,0,0,0,0,0,1,1,1,1]}}],{"__type__":"cc.SpriteFrame","content":{"name":"边缘","texture":"13ba4cd6d","rect":[447,358,152,56],"offset":[0,0],"originalSize":[152,56],"capInsets":[0,0,56,0]}},{"__type__":"cc.SpriteFrame","content":{"name":"sight_light_circle","texture":"13ba4cd6d","rect":[725,693,60,60],"offset":[0,0],"originalSize":[60,60],"capInsets":[0,0,0,0]}}]