{"__type__":"dragonBones.DragonBonesAsset","_name":"effect_jiqiu_ske","_dragonBonesJson":"{\"armature\":[{\"animation\":[{\"bone\":[{\"translateFrame\":[{\"tweenEasing\":0,\"duration\":24},{\"duration\":0}],\"rotateFrame\":[{\"tweenEasing\":0,\"duration\":24},{\"duration\":0}],\"scaleFrame\":[{\"tweenEasing\":0,\"duration\":24},{\"duration\":0}],\"name\":\"root\"}],\"ffd\":[],\"duration\":24,\"playTimes\":0,\"frame\":[],\"slot\":[{\"colorFrame\":[],\"name\":\"dianji\",\"displayFrame\":[{\"value\":-1,\"duration\":24}]},{\"colorFrame\":[],\"name\":\"huoyan\",\"displayFrame\":[{\"value\":-1,\"duration\":24}]},{\"colorFrame\":[],\"name\":\"shui\",\"displayFrame\":[{\"actions\":[{\"gotoAndPlay\":\"newAnimation\"}],\"duration\":24},{\"value\":-1,\"duration\":0}]}],\"ik\":[],\"name\":\"jiqiu_shui\"},{\"bone\":[{\"translateFrame\":[{\"tweenEasing\":0,\"duration\":24},{\"duration\":0}],\"rotateFrame\":[{\"tweenEasing\":0,\"duration\":24},{\"duration\":0}],\"scaleFrame\":[{\"tweenEasing\":0,\"duration\":24},{\"duration\":0}],\"name\":\"root\"}],\"ffd\":[],\"duration\":24,\"playTimes\":0,\"frame\":[],\"slot\":[{\"colorFrame\":[],\"name\":\"dianji\",\"displayFrame\":[{\"actions\":[{\"gotoAndPlay\":\"newAnimation\"}],\"duration\":24},{\"value\":-1,\"duration\":0}]},{\"colorFrame\":[],\"name\":\"huoyan\",\"displayFrame\":[{\"value\":-1,\"duration\":24}]},{\"colorFrame\":[],\"name\":\"shui\",\"displayFrame\":[{\"value\":-1,\"duration\":24},{\"value\":-1,\"duration\":0}]}],\"ik\":[],\"name\":\"jiqiu_dianji\"},{\"bone\":[{\"translateFrame\":[{\"tweenEasing\":0,\"duration\":24},{\"duration\":0}],\"rotateFrame\":[{\"tweenEasing\":0,\"duration\":24},{\"duration\":0}],\"scaleFrame\":[{\"tweenEasing\":0,\"duration\":24},{\"duration\":0}],\"name\":\"root\"}],\"ffd\":[],\"duration\":24,\"playTimes\":0,\"frame\":[],\"slot\":[{\"colorFrame\":[],\"name\":\"dianji\",\"displayFrame\":[{\"value\":-1,\"duration\":24},{\"value\":-1,\"duration\":0}]},{\"colorFrame\":[],\"name\":\"huoyan\",\"displayFrame\":[{\"actions\":[{\"gotoAndPlay\":\"newAnimation\"}],\"duration\":20},{\"value\":-1,\"duration\":4},{\"value\":-1,\"duration\":0}]},{\"colorFrame\":[],\"name\":\"shui\",\"displayFrame\":[{\"value\":-1,\"duration\":24},{\"value\":-1,\"duration\":0}]}],\"ik\":[],\"name\":\"jiqiu_huoyan\"}],\"aabb\":{\"width\":207.10000000000002,\"y\":-104,\"height\":208,\"x\":-103.55000000000001},\"skin\":[{\"name\":\"\",\"slot\":[{\"display\":[{\"path\":\"huoyan\",\"type\":\"armature\",\"name\":\"huoyan\",\"transform\":{},\"filterType\":\"armature\"}],\"name\":\"huoyan\"},{\"display\":[{\"path\":\"shui\",\"type\":\"armature\",\"name\":\"shui\",\"transform\":{},\"filterType\":\"armature\"}],\"name\":\"shui\"},{\"display\":[{\"path\":\"dianji\",\"type\":\"armature\",\"name\":\"dianji\",\"transform\":{},\"filterType\":\"armature\"}],\"name\":\"dianji\"}]}],\"type\":\"Armature\",\"name\":\"Armature\",\"defaultActions\":[{\"gotoAndPlay\":\"jiqiu_shui\"}],\"bone\":[{\"name\":\"root\",\"transform\":{}}],\"slot\":[{\"name\":\"dianji\",\"parent\":\"root\",\"color\":{}},{\"z\":1,\"name\":\"huoyan\",\"parent\":\"root\",\"color\":{}},{\"z\":2,\"name\":\"shui\",\"parent\":\"root\",\"color\":{}}],\"ik\":[],\"frameRate\":24},{\"animation\":[{\"bone\":[{\"translateFrame\":[],\"rotateFrame\":[{\"duration\":24,\"rotate\":69.28}],\"scaleFrame\":[{\"tweenEasing\":0,\"y\":1.1,\"duration\":24,\"x\":1.1},{\"duration\":0}],\"name\":\"shui1\"},{\"translateFrame\":[],\"rotateFrame\":[],\"scaleFrame\":[],\"name\":\"root\"}],\"ffd\":[],\"duration\":24,\"playTimes\":0,\"frame\":[],\"slot\":[{\"colorFrame\":[],\"name\":\"dianji1\",\"displayFrame\":[{\"duration\":2},{\"value\":8,\"duration\":2},{\"value\":7,\"duration\":2},{\"value\":6,\"duration\":2},{\"value\":5,\"duration\":2},{\"value\":4,\"duration\":2},{\"value\":3,\"duration\":2},{\"value\":2,\"duration\":2},{\"value\":1,\"duration\":2},{\"value\":9,\"duration\":2},{\"value\":-1,\"duration\":4}]},{\"colorFrame\":[{\"tweenEasing\":0,\"duration\":2,\"color\":{\"aM\":30}},{\"tweenEasing\":0,\"duration\":4,\"color\":{\"aM\":50}},{\"tweenEasing\":0,\"duration\":4,\"color\":{\"aM\":30}},{\"tweenEasing\":0,\"duration\":8,\"color\":{\"aM\":50}},{\"duration\":6,\"color\":{\"aM\":0}}],\"name\":\"dianying\",\"displayFrame\":[{\"duration\":24}]},{\"colorFrame\":[{\"tweenEasing\":0,\"duration\":2,\"color\":{\"aM\":30}},{\"tweenEasing\":0,\"duration\":4,\"color\":{\"aM\":50}},{\"tweenEasing\":0,\"duration\":4,\"color\":{\"aM\":20}},{\"tweenEasing\":0,\"duration\":4,\"color\":{\"aM\":20}},{\"tweenEasing\":0,\"duration\":6,\"color\":{\"aM\":40}},{\"duration\":4,\"color\":{\"aM\":0}}],\"name\":\"dianying1\",\"displayFrame\":[{\"duration\":24}]}],\"ik\":[],\"name\":\"newAnimation\"}],\"aabb\":{\"width\":102,\"y\":-43.8204,\"height\":82,\"x\":-51.1899},\"skin\":[{\"name\":\"\",\"slot\":[{\"display\":[{\"path\":\"dianying\",\"type\":\"image\",\"name\":\"dianying\",\"transform\":{\"y\":16.58,\"x\":17.76}}],\"blendMode\":\"add\",\"name\":\"dianying1\"},{\"display\":[{\"path\":\"dianying\",\"type\":\"image\",\"name\":\"dianying\",\"transform\":{\"y\":-11.45,\"scX\":1.5,\"scY\":1.5,\"x\":-13.36}}],\"blendMode\":\"add\",\"name\":\"dianying\"},{\"display\":[{\"path\":\"电击/dianji1\",\"type\":\"image\",\"name\":\"电击/dianji1\",\"transform\":{}},{\"path\":\"电击/dianji9\",\"type\":\"image\",\"name\":\"电击/dianji9\",\"transform\":{}},{\"path\":\"电击/dianji8\",\"type\":\"image\",\"name\":\"电击/dianji8\",\"transform\":{}},{\"path\":\"电击/dianji7\",\"type\":\"image\",\"name\":\"电击/dianji7\",\"transform\":{}},{\"path\":\"电击/dianji6\",\"type\":\"image\",\"name\":\"电击/dianji6\",\"transform\":{}},{\"path\":\"电击/dianji5\",\"type\":\"image\",\"name\":\"电击/dianji5\",\"transform\":{}},{\"path\":\"电击/dianji4\",\"type\":\"image\",\"name\":\"电击/dianji4\",\"transform\":{}},{\"path\":\"电击/dianji3\",\"type\":\"image\",\"name\":\"电击/dianji3\",\"transform\":{}},{\"path\":\"电击/dianji2\",\"type\":\"image\",\"name\":\"电击/dianji2\",\"transform\":{}},{\"path\":\"电击/dianji10\",\"type\":\"image\",\"name\":\"电击/dianji10\",\"transform\":{}}],\"name\":\"dianji1\"}]}],\"type\":\"Armature\",\"name\":\"dianji\",\"defaultActions\":[{\"gotoAndPlay\":\"newAnimation\"}],\"bone\":[{\"name\":\"root\",\"transform\":{}},{\"length\":25,\"transform\":{\"y\":-2.8204,\"x\":-0.1899},\"parent\":\"root\",\"name\":\"shui1\"}],\"slot\":[{\"blendMode\":\"add\",\"parent\":\"root\",\"displayIndex\":-1,\"name\":\"dianying\",\"color\":{}},{\"blendMode\":\"add\",\"z\":1,\"parent\":\"root\",\"displayIndex\":-1,\"name\":\"dianying1\",\"color\":{}},{\"z\":2,\"name\":\"dianji1\",\"parent\":\"shui1\",\"color\":{}}],\"ik\":[],\"frameRate\":30},{\"animation\":[{\"bone\":[{\"translateFrame\":[],\"rotateFrame\":[{\"duration\":20,\"rotate\":90}],\"scaleFrame\":[],\"name\":\"shui1\"},{\"translateFrame\":[],\"rotateFrame\":[],\"scaleFrame\":[],\"name\":\"root\"}],\"ffd\":[],\"duration\":20,\"playTimes\":0,\"frame\":[],\"slot\":[{\"colorFrame\":[],\"name\":\"huo1\",\"displayFrame\":[{\"duration\":2},{\"value\":8,\"duration\":2},{\"value\":7,\"duration\":2},{\"value\":6,\"duration\":2},{\"value\":5,\"duration\":2},{\"value\":4,\"duration\":2},{\"value\":3,\"duration\":2},{\"value\":2,\"duration\":2},{\"value\":1,\"duration\":2},{\"value\":9,\"duration\":2},{\"value\":-1,\"duration\":0}]},{\"colorFrame\":[{\"tweenEasing\":0,\"duration\":4,\"color\":{\"aM\":0}},{\"tweenEasing\":0,\"duration\":4},{\"tweenEasing\":0,\"duration\":10},{\"duration\":2,\"color\":{\"aM\":0}}],\"name\":\"huoying\",\"displayFrame\":[]}],\"ik\":[],\"name\":\"newAnimation\"}],\"aabb\":{\"width\":120.14,\"y\":-94,\"height\":188,\"x\":-58},\"skin\":[{\"name\":\"\",\"slot\":[{\"display\":[{\"path\":\"huoying\",\"type\":\"image\",\"name\":\"huoying\",\"transform\":{\"skY\":90,\"y\":-4.71,\"scX\":2,\"scY\":2,\"skX\":90,\"x\":10.14}}],\"blendMode\":\"add\",\"name\":\"huoying\"},{\"display\":[{\"path\":\"火焰/huo1\",\"type\":\"image\",\"name\":\"火焰/huo1\",\"transform\":{}},{\"path\":\"火焰/huo9\",\"type\":\"image\",\"name\":\"火焰/huo9\",\"transform\":{}},{\"path\":\"火焰/huo8\",\"type\":\"image\",\"name\":\"火焰/huo8\",\"transform\":{}},{\"path\":\"火焰/huo7\",\"type\":\"image\",\"name\":\"火焰/huo7\",\"transform\":{}},{\"path\":\"火焰/huo6\",\"type\":\"image\",\"name\":\"火焰/huo6\",\"transform\":{}},{\"path\":\"火焰/huo5\",\"type\":\"image\",\"name\":\"火焰/huo5\",\"transform\":{}},{\"path\":\"火焰/huo4\",\"type\":\"image\",\"name\":\"火焰/huo4\",\"transform\":{}},{\"path\":\"火焰/huo3\",\"type\":\"image\",\"name\":\"火焰/huo3\",\"transform\":{}},{\"path\":\"火焰/huo2\",\"type\":\"image\",\"name\":\"火焰/huo2\",\"transform\":{}},{\"path\":\"火焰/huo10\",\"type\":\"image\",\"name\":\"火焰/huo10\",\"transform\":{}}],\"name\":\"huo1\"}]}],\"type\":\"Armature\",\"name\":\"huoyan\",\"defaultActions\":[{\"gotoAndPlay\":\"newAnimation\"}],\"bone\":[{\"name\":\"root\",\"transform\":{}},{\"length\":25,\"transform\":{},\"parent\":\"root\",\"name\":\"shui1\"}],\"slot\":[{\"blendMode\":\"add\",\"parent\":\"root\",\"name\":\"huoying\",\"color\":{}},{\"z\":1,\"displayIndex\":9,\"name\":\"huo1\",\"parent\":\"shui1\",\"color\":{}}],\"ik\":[],\"frameRate\":30},{\"animation\":[{\"bone\":[{\"translateFrame\":[{\"tweenEasing\":0,\"duration\":24},{\"duration\":0}],\"rotateFrame\":[{\"tweenEasing\":0,\"duration\":24},{\"duration\":0}],\"scaleFrame\":[{\"tweenEasing\":0,\"duration\":24},{\"duration\":0}],\"name\":\"root\"},{\"translateFrame\":[],\"rotateFrame\":[],\"scaleFrame\":[],\"name\":\"shui1\"}],\"ffd\":[],\"duration\":24,\"playTimes\":0,\"frame\":[],\"slot\":[{\"colorFrame\":[],\"name\":\"shui1\",\"displayFrame\":[{\"duration\":1},{\"value\":8,\"duration\":1},{\"value\":7,\"duration\":1},{\"value\":6,\"duration\":1},{\"value\":5,\"duration\":1},{\"value\":4,\"duration\":1},{\"value\":3,\"duration\":1},{\"value\":2,\"duration\":1},{\"value\":1,\"duration\":1},{\"value\":12,\"duration\":1},{\"value\":11,\"duration\":1},{\"value\":10,\"duration\":1},{\"value\":9,\"duration\":1},{\"value\":-1,\"duration\":11}]},{\"colorFrame\":[{\"tweenEasing\":0,\"duration\":6,\"color\":{\"aM\":25}},{\"tweenEasing\":0,\"duration\":4},{\"duration\":14,\"color\":{\"aM\":0}}],\"name\":\"dianying\",\"displayFrame\":[{\"duration\":24}]}],\"ik\":[],\"name\":\"newAnimation\"}],\"aabb\":{\"width\":145,\"y\":-54,\"height\":108,\"x\":-72.5},\"skin\":[{\"name\":\"\",\"slot\":[{\"display\":[{\"path\":\"dianying\",\"type\":\"image\",\"name\":\"dianying\",\"transform\":{\"y\":-5.06,\"scX\":1.4,\"scY\":1.4,\"x\":-1.95}}],\"name\":\"dianying\"},{\"display\":[{\"path\":\"击中水/shui1\",\"type\":\"image\",\"name\":\"击中水/shui1\",\"transform\":{}},{\"path\":\"击中水/shui9\",\"type\":\"image\",\"name\":\"击中水/shui9\",\"transform\":{}},{\"path\":\"击中水/shui8\",\"type\":\"image\",\"name\":\"击中水/shui8\",\"transform\":{}},{\"path\":\"击中水/shui7\",\"type\":\"image\",\"name\":\"击中水/shui7\",\"transform\":{}},{\"path\":\"击中水/shui6\",\"type\":\"image\",\"name\":\"击中水/shui6\",\"transform\":{}},{\"path\":\"击中水/shui5\",\"type\":\"image\",\"name\":\"击中水/shui5\",\"transform\":{}},{\"path\":\"击中水/shui4\",\"type\":\"image\",\"name\":\"击中水/shui4\",\"transform\":{}},{\"path\":\"击中水/shui3\",\"type\":\"image\",\"name\":\"击中水/shui3\",\"transform\":{}},{\"path\":\"击中水/shui2\",\"type\":\"image\",\"name\":\"击中水/shui2\",\"transform\":{}},{\"path\":\"击中水/shui13\",\"type\":\"image\",\"name\":\"击中水/shui13\",\"transform\":{}},{\"path\":\"击中水/shui12\",\"type\":\"image\",\"name\":\"击中水/shui12\",\"transform\":{}},{\"path\":\"击中水/shui11\",\"type\":\"image\",\"name\":\"击中水/shui11\",\"transform\":{}},{\"path\":\"击中水/shui10\",\"type\":\"image\",\"name\":\"击中水/shui10\",\"transform\":{}}],\"name\":\"shui1\"}]}],\"type\":\"Armature\",\"name\":\"shui\",\"defaultActions\":[{\"gotoAndPlay\":\"newAnimation\"}],\"bone\":[{\"name\":\"root\",\"transform\":{}},{\"length\":25,\"transform\":{},\"parent\":\"root\",\"name\":\"shui1\"}],\"slot\":[{\"displayIndex\":-1,\"name\":\"dianying\",\"parent\":\"root\",\"color\":{}},{\"z\":1,\"name\":\"shui1\",\"parent\":\"shui1\",\"color\":{}}],\"ik\":[],\"frameRate\":30}],\"frameRate\":24,\"name\":\"effect_jiqiu\",\"version\":\"5.5\",\"isGlobal\":0}"}