{"__type__":"dragonBones.DragonBonesAtlasAsset","_name":"pipeizhong_Project_tex","_atlasJson":"{\"width\":439,\"SubTexture\":[{\"width\":289,\"y\":1,\"height\":63,\"name\":\"搜索对手中\",\"x\":1},{\"width\":128,\"y\":1,\"height\":126,\"name\":\"搜索1\",\"x\":292},{\"width\":15,\"y\":1,\"height\":15,\"name\":\"dian\",\"x\":422}],\"height\":129,\"name\":\"pipeizhong_Project\",\"imagePath\":\"pipeizhong_Project_tex.png\"}","_texture":{"__uuid__":"71PF+2RJBKFJaMEnS/a0g+"},"texture":{"__uuid__":"71PF+2RJBKFJaMEnS/a0g+"}}