[[{"__type__":"cc.Prefab","_name":"doubleItemLayer","data":{"__id__":1}},{"__type__":"cc.Node","_name":"doubleItemLayer","_children":[{"__id__":2},{"__id__":3}],"_components":[{"__type__":"cc.Widget","node":{"__id__":1},"_alignFlags":45},{"__type__":"cc.BlockInputEvents","node":{"__id__":1}},{"__type__":"343b7MtmVlKBqfhtin4rQJ4","node":{"__id__":1}}],"_prefab":{"__type__":"cc.PrefabInfo","root":{"__id__":1},"asset":{"__uuid__":"1bptBofoBID4WUs4W49GoE"},"fileId":"b2ZI9uCE5Au74Q/STRz0iL"},"_contentSize":{"__type__":"cc.Size","width":750,"height":1334},"_trs":{"__type__":"TypedArray","ctor":"Float64Array","array":[375,667,0,0,0,0,1,1,1,1]}},{"__type__":"cc.Node","_name":"mask","_parent":{"__id__":1},"_components":[{"__type__":"cc.Sprite","node":{"__id__":2},"_materials":[{"__uuid__":"ecpdLyjvZBwrvm+cedCcQy"}],"_spriteFrame":{"__uuid__":"fdZ+FLNoFGtYmgI6Rsppg4"},"_type":1,"_sizeMode":0,"_isTrimmedMode":false},{"__type__":"cc.Button","node":{"__id__":2},"_N$normalColor":{"__type__":"cc.Color","r":214,"g":214,"b":214},"_N$target":{"__id__":2}},{"__type__":"cc.Widget","node":{"__id__":2},"_alignFlags":45,"_left":-1,"_right":-1,"_top":-1,"_bottom":-1,"_originalWidth":16,"_originalHeight":16}],"_prefab":{"__type__":"cc.PrefabInfo","root":{"__id__":1},"asset":{"__uuid__":"1bptBofoBID4WUs4W49GoE"},"fileId":"67EbqYNDxBRautS9PwfMF8"},"_opacity":180,"_contentSize":{"__type__":"cc.Size","width":752,"height":1336},"_trs":{"__type__":"TypedArray","ctor":"Float64Array","array":[0,0,0,0,0,0,1,1,1,1]}},{"__type__":"cc.Node","_name":"dialog","_parent":{"__id__":1},"_children":[{"__id__":4},{"__id__":29},{"__id__":31}],"_components":[{"__type__":"96549DGCmlIcZghb3AfRGQI","node":{"__id__":3}}],"_prefab":{"__type__":"cc.PrefabInfo","root":{"__id__":1},"asset":{"__uuid__":"1bptBofoBID4WUs4W49GoE"},"fileId":"6b4qQDzRFM7YPZkb6R2dIb"},"_trs":{"__type__":"TypedArray","ctor":"Float64Array","array":[0,0,0,0,0,0,1,1,1,1]}},{"__type__":"cc.Node","_name":"contents","_parent":{"__id__":3},"_children":[{"__id__":5},{"__id__":6},{"__id__":7},{"__id__":8},{"__id__":11},{"__id__":18}],"_components":[{"__type__":"09bd4f7l0NPfpseMfFdw+uE","node":{"__id__":4}},{"__type__":"cc.BlockInputEvents","node":{"__id__":4}}],"_prefab":{"__type__":"cc.PrefabInfo","root":{"__id__":1},"asset":{"__uuid__":"1bptBofoBID4WUs4W49GoE"},"fileId":"13z53l6thCfoA2uo+Tw0ax"},"_contentSize":{"__type__":"cc.Size","width":625,"height":466},"_trs":{"__type__":"TypedArray","ctor":"Float64Array","array":[0,158,0,0,0,0,1,1,1,1]}},{"__type__":"cc.Node","_name":"bg","_parent":{"__id__":4},"_components":[{"__type__":"cc.Sprite","node":{"__id__":5},"_materials":[{"__uuid__":"ecpdLyjvZBwrvm+cedCcQy"}],"_spriteFrame":{"__uuid__":"7eUA/ecqtKJbHxsn0n8WHp"},"_type":1,"_sizeMode":0,"_isTrimmedMode":false}],"_prefab":{"__type__":"cc.PrefabInfo","root":{"__id__":1},"asset":{"__uuid__":"1bptBofoBID4WUs4W49GoE"},"fileId":"d0/HqcFxNLH4vu1t5StP8f"},"_contentSize":{"__type__":"cc.Size","width":625,"height":466},"_trs":{"__type__":"TypedArray","ctor":"Float64Array","array":[0,0,0,0,0,0,1,1,1,1]}},{"__type__":"cc.Node","_name":"title_light","_parent":{"__id__":4},"_components":[{"__type__":"ade161OMgVMKpmjDqerbeZb","node":{"__id__":6},"_prefab":{"__uuid__":"a9R2AW7eJGzoql/lnwjPLu"}}],"_prefab":{"__type__":"cc.PrefabInfo","root":{"__id__":1},"asset":{"__uuid__":"1bptBofoBID4WUs4W49GoE"},"fileId":"5bhM+z//ZPDbgviBOSLF70"},"_contentSize":{"__type__":"cc.Size","width":618,"height":104},"_trs":{"__type__":"TypedArray","ctor":"Float64Array","array":[0,178,0,0,0,0,1,1,1,1]}},{"__type__":"cc.Node","_name":"title","_parent":{"__id__":4},"_components":[{"__type__":"cc.Sprite","node":{"__id__":7},"_materials":[{"__uuid__":"ecpdLyjvZBwrvm+cedCcQy"}],"_spriteFrame":{"__uuid__":"9759vLRHxE/ra1OsyRQ6Eq"}}],"_prefab":{"__type__":"cc.PrefabInfo","root":{"__id__":1},"asset":{"__uuid__":"1bptBofoBID4WUs4W49GoE"},"fileId":"d4magC/xFPA5OfjMqXsLO+"},"_contentSize":{"__type__":"cc.Size","width":92,"height":47},"_trs":{"__type__":"TypedArray","ctor":"Float64Array","array":[0,175,0,0,0,0,1,1,1,1]}},{"__type__":"cc.Node","_name":"item_list","_parent":{"__id__":4},"_children":[{"__id__":9}],"_components":[{"__type__":"cc.Layout","node":{"__id__":8},"_layoutSize":{"__type__":"cc.Size","width":122},"_resize":1,"_N$layoutType":1,"_N$spacingX":18},{"__type__":"65bccQ0O1NBZLXfma2oif+T","node":{"__id__":8}}],"_prefab":{"__type__":"cc.PrefabInfo","root":{"__id__":1},"asset":{"__uuid__":"1bptBofoBID4WUs4W49GoE"},"fileId":"b1s5mwldVDVoiJLrvhQr+Z"},"_contentSize":{"__type__":"cc.Size","width":122},"_trs":{"__type__":"TypedArray","ctor":"Float64Array","array":[0,30.862,0,0,0,0,1,1,1,1]}},{"__type__":"cc.Node","_name":"item","_parent":{"__id__":8},"_children":[{"__id__":10}],"_components":[{"__type__":"cc.Sprite","node":{"__id__":9},"_materials":[{"__uuid__":"ecpdLyjvZBwrvm+cedCcQy"}],"_spriteFrame":{"__uuid__":"27yS/FuRtMhYw5tw0VvUf9"}},{"__type__":"efef2kaR59F1Ybs0KySzxdi","node":{"__id__":9}}],"_prefab":{"__type__":"cc.PrefabInfo","root":{"__id__":1},"asset":{"__uuid__":"1bptBofoBID4WUs4W49GoE"},"fileId":"d6xFY81FNH6qV8Mk4U17VQ"},"_contentSize":{"__type__":"cc.Size","width":122,"height":112},"_trs":{"__type__":"TypedArray","ctor":"Float64Array","array":[0,0,0,0,0,0,1,1,1,1]}},{"__type__":"cc.Node","_name":"label","_parent":{"__id__":9},"_components":[{"__type__":"cc.Label","node":{"__id__":10},"_materials":[{"__uuid__":"ecpdLyjvZBwrvm+cedCcQy"}],"_useOriginalSize":false,"_string":"2","_N$string":"2","_fontSize":25,"_lineHeight":26,"_N$horizontalAlign":1,"_N$verticalAlign":1},{"__type__":"cc.LabelOutline","node":{"__id__":10},"_color":{"__type__":"cc.Color","r":29,"g":85,"b":124},"_width":2}],"_prefab":{"__type__":"cc.PrefabInfo","root":{"__id__":1},"asset":{"__uuid__":"1bptBofoBID4WUs4W49GoE"},"fileId":"6cGOVkUXJCdLx62nOMKss8"},"_contentSize":{"__type__":"cc.Size","width":17.9,"height":36.76},"_trs":{"__type__":"TypedArray","ctor":"Float64Array","array":[39.732,-32.197,0,0,0,0,1,1,1,1]}},{"__type__":"cc.Node","_name":"$old_mode_node","_parent":{"__id__":4},"_children":[{"__id__":12},{"__id__":16}],"_active":false,"_prefab":{"__type__":"cc.PrefabInfo","root":{"__id__":1},"asset":{"__uuid__":"1bptBofoBID4WUs4W49GoE"},"fileId":"d0WCc8T5hPOpGulBRQavxi"},"_trs":{"__type__":"TypedArray","ctor":"Float64Array","array":[0,-137.824,0,0,0,0,1,1,1,1]}},{"__type__":"cc.Node","_name":"receive_btn","_parent":{"__id__":11},"_children":[{"__id__":13},{"__id__":14},{"__id__":15}],"_components":[{"__type__":"cc.Button","node":{"__id__":12},"_normalMaterial":{"__uuid__":"ecpdLyjvZBwrvm+cedCcQy"},"zoomScale":1.1,"_N$transition":3,"transition":3},{"__type__":"3a0bdMWXApFAIRZFct2j8zt","node":{"__id__":12},"callback":{"__type__":"cc.ClickEvent","target":{"__id__":1},"_componentId":"343b7MtmVlKBqfhtin4rQJ4","handler":"onRewardCallback"},"autoRefresh":true}],"_prefab":{"__type__":"cc.PrefabInfo","root":{"__id__":1},"asset":{"__uuid__":"1bptBofoBID4WUs4W49GoE"},"fileId":"4a985Y5aVGSJdbnjVEZKqc"},"_contentSize":{"__type__":"cc.Size","width":295,"height":100},"_trs":{"__type__":"TypedArray","ctor":"Float64Array","array":[0,11.194,0,0,0,0,1,1,1,1]}},{"__type__":"cc.Node","_name":"text","_parent":{"__id__":12},"_components":[{"__type__":"cc.Sprite","node":{"__id__":13},"_materials":[{"__uuid__":"ecpdLyjvZBwrvm+cedCcQy"}],"_spriteFrame":{"__uuid__":"c788zn6qlNe7kuH2j5tXLG"}}],"_prefab":{"__type__":"cc.PrefabInfo","root":{"__id__":1},"asset":{"__uuid__":"1bptBofoBID4WUs4W49GoE"},"fileId":"b22IzuobxIrZGnLaBWKgny"},"_contentSize":{"__type__":"cc.Size","width":315,"height":121},"_trs":{"__type__":"TypedArray","ctor":"Float64Array","array":[0,-11,0,0,0,0,1,1,1,1]}},{"__type__":"cc.Node","_name":"video","_parent":{"__id__":12},"_components":[{"__type__":"cc.Sprite","node":{"__id__":14},"_materials":[{"__uuid__":"ecpdLyjvZBwrvm+cedCcQy"}],"_spriteFrame":{"__uuid__":"88xa0CygVCwohDQQfvmo6K"}}],"_prefab":{"__type__":"cc.PrefabInfo","root":{"__id__":1},"asset":{"__uuid__":"1bptBofoBID4WUs4W49GoE"},"fileId":"9fTUTg5PdHmrxX+BxEikLM"},"_contentSize":{"__type__":"cc.Size","width":67,"height":51},"_trs":{"__type__":"TypedArray","ctor":"Float64Array","array":[-97.421,0,0,0,0,0,1,1,1,1]}},{"__type__":"cc.Node","_name":"share","_parent":{"__id__":12},"_components":[{"__type__":"cc.Sprite","node":{"__id__":15},"_materials":[{"__uuid__":"ecpdLyjvZBwrvm+cedCcQy"}],"_spriteFrame":{"__uuid__":"f8az7Pp3FLwZ4m5/Zn9IpJ"}}],"_prefab":{"__type__":"cc.PrefabInfo","root":{"__id__":1},"asset":{"__uuid__":"1bptBofoBID4WUs4W49GoE"},"fileId":"d6cXGDmj9J75lTZcxtzQWB"},"_contentSize":{"__type__":"cc.Size","width":52,"height":54},"_trs":{"__type__":"TypedArray","ctor":"Float64Array","array":[-97.421,0,0,0,0,0,1,1,1,1]}},{"__type__":"cc.Node","_name":"close_btn","_parent":{"__id__":11},"_children":[{"__id__":17}],"_components":[{"__type__":"cc.Button","node":{"__id__":16},"_normalMaterial":{"__uuid__":"ecpdLyjvZBwrvm+cedCcQy"},"zoomScale":1.1,"_N$transition":3,"transition":3}],"_prefab":{"__type__":"cc.PrefabInfo","root":{"__id__":1},"asset":{"__uuid__":"1bptBofoBID4WUs4W49GoE"},"fileId":"71dy+dMD9Jt4RVSTd6uRdf"},"_contentSize":{"__type__":"cc.Size","width":140,"height":70},"_trs":{"__type__":"TypedArray","ctor":"Float64Array","array":[0,-139.317,0,0,0,0,1,1,1,1]}},{"__type__":"cc.Node","_name":"text","_parent":{"__id__":16},"_components":[{"__type__":"cc.Sprite","node":{"__id__":17},"_materials":[{"__uuid__":"ecpdLyjvZBwrvm+cedCcQy"}],"_spriteFrame":{"__uuid__":"3842sN9LNLEZvMw5MOVWO+"}}],"_prefab":{"__type__":"cc.PrefabInfo","root":{"__id__":1},"asset":{"__uuid__":"1bptBofoBID4WUs4W49GoE"},"fileId":"8flKPNBmND+a/lNOOYT+28"},"_contentSize":{"__type__":"cc.Size","width":130,"height":37},"_trs":{"__type__":"TypedArray","ctor":"Float64Array","array":[0,0,0,0,0,0,1,1,1,1]}},{"__type__":"cc.Node","_name":"$toggle_mode_node","_parent":{"__id__":4},"_children":[{"__id__":19}],"_prefab":{"__type__":"cc.PrefabInfo","root":{"__id__":1},"asset":{"__uuid__":"1bptBofoBID4WUs4W49GoE"},"fileId":"fb8bapYoZAMoVe4rnir6ah"},"_trs":{"__type__":"TypedArray","ctor":"Float64Array","array":[0,-137.824,0,0,0,0,1,1,1,1]}},{"__type__":"cc.Node","_name":"receive_btn","_parent":{"__id__":18},"_children":[{"__id__":20},{"__id__":22},{"__id__":23},{"__id__":24},{"__id__":28}],"_components":[{"__type__":"cc.Button","node":{"__id__":19},"_normalMaterial":{"__uuid__":"ecpdLyjvZBwrvm+cedCcQy"},"zoomScale":1.1,"_N$transition":3,"transition":3,"_N$target":{"__id__":20}},{"__type__":"75611o3I/hBfKfKH2C0AOKA","node":{"__id__":19},"callback":{"__type__":"cc.ClickEvent","target":{"__id__":1},"_componentId":"343b7MtmVlKBqfhtin4rQJ4","handler":"onRewardCallback"},"autoRefresh":true}],"_prefab":{"__type__":"cc.PrefabInfo","root":{"__id__":1},"asset":{"__uuid__":"1bptBofoBID4WUs4W49GoE"},"fileId":"43XJLEvE1DLrjYkdI7FVzP"},"_contentSize":{"__type__":"cc.Size","width":295,"height":102},"_trs":{"__type__":"TypedArray","ctor":"Float64Array","array":[0,29.459,0,0,0,0,1,1,1,1]}},{"__type__":"cc.Node","_name":"text","_parent":{"__id__":19},"_children":[{"__id__":21}],"_prefab":{"__type__":"cc.PrefabInfo","root":{"__id__":1},"asset":{"__uuid__":"1bptBofoBID4WUs4W49GoE"},"fileId":"9buVh+GOlCupzzf6xQyqmL"},"_contentSize":{"__type__":"cc.Size","width":293,"height":103},"_trs":{"__type__":"TypedArray","ctor":"Float64Array","array":[0,-10,0,0,0,0,1,1,1,0]}},{"__type__":"cc.Node","_name":"text","_parent":{"__id__":20},"_components":[{"__type__":"cc.Sprite","node":{"__id__":21},"_materials":[{"__uuid__":"ecpdLyjvZBwrvm+cedCcQy"}],"_spriteFrame":{"__uuid__":"46qU+g3v1OSoPEDf/cshFN"}}],"_prefab":{"__type__":"cc.PrefabInfo","root":{"__id__":1},"asset":{"__uuid__":"1bptBofoBID4WUs4W49GoE"},"fileId":"ddl2Ha2LtOX4LYrGxCX6aE"},"_contentSize":{"__type__":"cc.Size","width":315,"height":121},"_trs":{"__type__":"TypedArray","ctor":"Float64Array","array":[0,0,0,0,0,0,1,1,1,0]}},{"__type__":"cc.Node","_name":"video","_parent":{"__id__":19},"_components":[{"__type__":"cc.Label","node":{"__id__":22},"_materials":[{"__uuid__":"ecpdLyjvZBwrvm+cedCcQy"}],"_useOriginalSize":false,"_string":"观看视频领双倍奖励","_N$string":"观看视频领双倍奖励","_fontSize":28,"_lineHeight":30,"_styleFlags":1,"_N$horizontalAlign":1,"_N$verticalAlign":1}],"_prefab":{"__type__":"cc.PrefabInfo","root":{"__id__":1},"asset":{"__uuid__":"1bptBofoBID4WUs4W49GoE"},"fileId":"16qi72/IBKv7dqhx9nORPl"},"_color":{"__type__":"cc.Color","r":100,"g":134,"b":156},"_contentSize":{"__type__":"cc.Size","width":252,"height":37.8},"_trs":{"__type__":"TypedArray","ctor":"Float64Array","array":[20.907,-93.298,0,0,0,0,1,1,1,1]}},{"__type__":"cc.Node","_name":"share","_parent":{"__id__":19},"_active":false,"_components":[{"__type__":"cc.Label","node":{"__id__":23},"_materials":[{"__uuid__":"ecpdLyjvZBwrvm+cedCcQy"}],"_useOriginalSize":false,"_string":"分享到群领双倍奖励","_N$string":"分享到群领双倍奖励","_fontSize":28,"_lineHeight":30,"_styleFlags":1,"_N$horizontalAlign":1,"_N$verticalAlign":1}],"_prefab":{"__type__":"cc.PrefabInfo","root":{"__id__":1},"asset":{"__uuid__":"1bptBofoBID4WUs4W49GoE"},"fileId":"63Wh5LkbJIe66myU1/JTdN"},"_color":{"__type__":"cc.Color","r":100,"g":134,"b":156},"_contentSize":{"__type__":"cc.Size","width":252,"height":37.8},"_trs":{"__type__":"TypedArray","ctor":"Float64Array","array":[20.907,-93.298,0,0,0,0,1,1,1,1]}},{"__type__":"cc.Node","_name":"reward","_parent":{"__id__":19},"_children":[{"__id__":25},{"__id__":26}],"_components":[{"__type__":"cc.Toggle","node":{"__id__":24},"_N$transition":3,"transition":3,"_N$normalColor":{"__type__":"cc.Color","r":214,"g":214,"b":214},"_N$target":{"__id__":25},"checkMark":{"__id__":27}}],"_prefab":{"__type__":"cc.PrefabInfo","root":{"__id__":1},"asset":{"__uuid__":"1bptBofoBID4WUs4W49GoE"},"fileId":"ceGvRiXLJLSad0h4nA5hII"},"_contentSize":{"__type__":"cc.Size","width":60,"height":60},"_trs":{"__type__":"TypedArray","ctor":"Float64Array","array":[-135.407,-94.618,0,0,0,0,1,1,1,1]}},{"__type__":"cc.Node","_name":"bg","_parent":{"__id__":24},"_components":[{"__type__":"cc.Sprite","node":{"__id__":25},"_materials":[{"__uuid__":"ecpdLyjvZBwrvm+cedCcQy"}],"_spriteFrame":{"__uuid__":"e5AkHAYsVCU4mxKFR9UiZF"}}],"_prefab":{"__type__":"cc.PrefabInfo","root":{"__id__":1},"asset":{"__uuid__":"1bptBofoBID4WUs4W49GoE"},"fileId":"f50ByMm99DqY2PUk7XNg5D"},"_contentSize":{"__type__":"cc.Size","width":31,"height":31},"_trs":{"__type__":"TypedArray","ctor":"Float64Array","array":[0,0,0,0,0,0,1,1,1,0]}},{"__type__":"cc.Node","_name":"checkmark","_parent":{"__id__":24},"_components":[{"__id__":27}],"_prefab":{"__type__":"cc.PrefabInfo","root":{"__id__":1},"asset":{"__uuid__":"1bptBofoBID4WUs4W49GoE"},"fileId":"a6+PgjM79DQ7DGR1V8BhYm"},"_contentSize":{"__type__":"cc.Size","width":37,"height":32},"_trs":{"__type__":"TypedArray","ctor":"Float64Array","array":[0,0,0,0,0,0,1,1,1,1]}},{"__type__":"cc.Sprite","node":{"__id__":26},"_materials":[{"__uuid__":"ecpdLyjvZBwrvm+cedCcQy"}],"_spriteFrame":{"__uuid__":"edX9Nw33ZPWqvI2dlNBsg/"},"_sizeMode":2,"_isTrimmedMode":false},{"__type__":"cc.Node","_name":"toggle_text_btn","_parent":{"__id__":19},"_components":[{"__type__":"cc.Button","node":{"__id__":28},"clickEvents":[{"__type__":"cc.ClickEvent","_componentId":"2c30crbzt1NHYuLzwfljcgE","handler":"onToggleTextClick"}]}],"_prefab":{"__type__":"cc.PrefabInfo","root":{"__id__":1},"asset":{"__uuid__":"1bptBofoBID4WUs4W49GoE"},"fileId":"7c+yxmaldPVpgMPO4kAlvc"},"_contentSize":{"__type__":"cc.Size","width":254,"height":60},"_trs":{"__type__":"TypedArray","ctor":"Float64Array","array":[20.907,-93.298,0,0,0,0,1,1,1,1]}},{"__type__":"cc.Node","_name":"top","_parent":{"__id__":3},"_children":[{"__id__":30}],"_components":[{"__type__":"cc.Widget","node":{"__id__":29},"_alignFlags":8,"_left":-375,"_top":-1.0349999999999682},{"__type__":"e57e4IZMt1DRIedJi+eZop6","node":{"__id__":29}},{"__type__":"96549DGCmlIcZghb3AfRGQI","node":{"__id__":29}}],"_prefab":{"__type__":"cc.PrefabInfo","root":{"__id__":1},"asset":{"__uuid__":"1bptBofoBID4WUs4W49GoE"},"fileId":"89Snul3LJKGbPRJg811V/Y"},"_trs":{"__type__":"TypedArray","ctor":"Float64Array","array":[-375,668.035,0,0,0,0,1,1,1,1]}},{"__type__":"cc.Node","_name":"money_bar","_parent":{"__id__":29},"_components":[{"__type__":"ade161OMgVMKpmjDqerbeZb","node":{"__id__":30},"_prefab":{"__uuid__":"1b5n6PJYNCKYVt604lwFVW"}}],"_prefab":{"__type__":"cc.PrefabInfo","root":{"__id__":1},"asset":{"__uuid__":"1bptBofoBID4WUs4W49GoE"},"fileId":"18B2sif7FIHpDEtRqI8+Hf"},"_trs":{"__type__":"TypedArray","ctor":"Float64Array","array":[0,-80,0,0,0,0,1,1,1,1]}},{"__type__":"cc.Node","_name":"banner","_parent":{"__id__":3},"_components":[{"__type__":"ce3f9aG6A1If7y9kH3tgvq2","node":{"__id__":31}}],"_prefab":{"__type__":"cc.PrefabInfo","root":{"__id__":1},"asset":{"__uuid__":"1bptBofoBID4WUs4W49GoE"},"fileId":"9ex767541P6ILyPBqnO1L1"},"_trs":{"__type__":"TypedArray","ctor":"Float64Array","array":[0,-167.395,0,0,0,0,1,1,1,1]}}],{"__type__":"cc.SpriteFrame","content":{"name":"直接领取","texture":"14c0017fb","rect":[571,735,130,37],"offset":[0,0],"originalSize":[130,37],"capInsets":[0,0,0,0]}},{"__type__":"cc.SpriteFrame","content":{"name":"奖励_直接领取","texture":"14c0017fb","rect":[3,300,315,121],"offset":[0,0],"originalSize":[315,121],"capInsets":[0,0,0,0]}},{"__type__":"cc.SpriteFrame","content":{"name":"奖励_标题","texture":"14c0017fb","rect":[3,663,92,47],"offset":[0,0],"originalSize":[92,47],"capInsets":[0,0,0,0]}},{"__type__":"cc.SpriteFrame","content":{"name":"双倍领取","texture":"14c0017fb","rect":[324,430,315,121],"offset":[0,0],"originalSize":[315,121],"capInsets":[0,0,0,0]}},{"__type__":"cc.SpriteFrame","content":{"name":"奖励_打勾框","texture":"14c0017fb","rect":[649,932,31,31],"offset":[0,0],"originalSize":[31,31],"capInsets":[0,0,0,0]}},{"__type__":"cc.SpriteFrame","content":{"name":"奖励_打勾","texture":"14c0017fb","rect":[571,557,37,32],"offset":[0,0],"originalSize":[37,32],"capInsets":[0,0,0,0]}}]