[{"__type__":"cc.Prefab","_name":"ballTargetHint","data":{"__id__":1}},{"__type__":"cc.Node","_name":"ballTargetHint","_children":[{"__id__":2}],"_prefab":{"__type__":"cc.PrefabInfo","root":{"__id__":1},"asset":{"__uuid__":"a4Lg3bF3RBfL1l/8KqtVNv"},"fileId":"67Pq9Lwk1OTrumEQg89z0O"},"_trs":{"__type__":"TypedArray","ctor":"Float64Array","array":[0,0,0,0,0,0,1,1,1,1]}},{"__type__":"cc.Node","_name":"sprite","_parent":{"__id__":1},"_components":[{"__type__":"cc.Sprite","node":{"__id__":2},"_materials":[{"__uuid__":"ecpdLyjvZBwrvm+cedCcQy"}],"_spriteFrame":{"__uuid__":"49+rm1Yr9Atpl9eJUcrZ3B"},"_sizeMode":0},{"__type__":"23c1dyi9YBGF78AyeTo54MW","node":{"__id__":2},"targetNode":{"__id__":2},"propName":"scale","changeList":[{"__type__":"ActionTweenItem","value":{"__type__":"cc.Vec4","x":1.2},"duration":1,"easing":"sineInOut"},{"__type__":"ActionTweenItem","value":{"__type__":"cc.Vec4","x":1},"duration":1,"easing":"sineInOut"}],"repeat":-1}],"_prefab":{"__type__":"cc.PrefabInfo","root":{"__id__":1},"asset":{"__uuid__":"a4Lg3bF3RBfL1l/8KqtVNv"},"fileId":"b0/FjLV3lKuLFR6n4zclrL"},"_contentSize":{"__type__":"cc.Size","width":43,"height":43},"_trs":{"__type__":"TypedArray","ctor":"Float64Array","array":[0,0,0,0,0,0,1,1,1,1]}}]