{"paths":{"0":["pack/db/meiri_Project_tex",3],"1":["dynamic/db/renwu1_3_tex",3],"2":["pack/db/pipei_Project_tex",3],"3":["dynamic/db/renwu1_2_tex",3],"4":["pack/db/cao_Project_tex",3],"5":["dynamic/db/renwu1_5_tex",3],"6":["dynamic/db/renwu1_4_tex",3],"7":["pack/db/pipeizhong_Project_tex",3],"8":["dynamic/db/renwu1_1_tex",3],"9":["dynamic/db/renwu1_6_tex",3],"10":["pack/界面1/主界面/bj",3],"11":["pack/db/sjjdt_Project_tex",3],"12":["pack/db/sjjdt_jiantou_tex",3],"13":["dynamic/db/renwu1_7_tex",3],"14":["dynamic/db/effect_shengji_tex",3],"15":["dynamic/altas/段位图标/段位3_大",1,1],"16":["dynamic/altas/upgrade_thumb/role_2_gray",1,1],"17":["dynamic/layer/upgrade3Layer",5],"18":["pack/界面1/主界面3/免费试玩",1,1],"19":["pack/界面1/设置界面/开",1,1],"20":["prefab_static/dailyTaskItem",5],"21":["pack/界面1/主界面5/主界面_邀请有礼",1,1],"22":["pack/界面1/升级3/页签_水池_暗",1,1],"23":["pack/界面1/试玩界面/试玩",1,1],"24":["pack/db/pipei_Project_tex",4],"25":["pack/界面1/称号界面/切换称号_选择_打勾_框",1,1],"26":["pack/界面2/红包/彩带_04",1,1],"27":["dynamic/altas/段位图标/段位1_大",1,1],"28":["pack/界面1/转盘/大量体力",1,1],"29":["dynamic/db/effect_shengji_tex",1,1],"30":["pack/界面1/转盘/奖励1",1,1],"31":["pack/界面2/任务/任务_去完成",1,1],"32":["pack/界面1/银行/银行",1,1],"33":["pack/界面2/排位开启/排位赛已开启！前往挑战！ 拷贝",1,1],"34":["dynamic/db/renwu1_3_ske",2],"35":["pack/界面1/排行榜/排位赛",1,1],"36":["pack/界面1/转盘/奖励2",1,1],"37":["pack/界面2/换衣间/按钮/使用中",1,1],"38":["pack/界面1/主界面/气泡(1)",1,1],"39":["pack/db/sjjdt_Project_tex",1,1],"40":["pack/界面2/AutoAtlas",0],"41":["pack/界面2/超级VIP/VIP卡_小框",1,1],"42":["pack/界面1/转盘/转盘_打勾框",1,1],"43":["pack/界面2/气泡，菜单/菜单",1,1],"44":["pack/界面1/称号界面/切换称号_选择_框",1,1],"45":["dynamic/altas/pvp_role_thumb/轮到_角色_6",1,1],"46":["dynamic/db/renwu1_6_ske",2],"47":["pack/界面2/任务/任务",1,1],"48":["pack/界面1/转盘/免费+1",1,1],"49":["dynamic/altas/upgrade_thumb/role_5",1,1],"50":["pack/db/pipeizhong_Project_ske",2],"51":["pack/界面2/新手特效大礼包/底框",1,1],"52":["dynamic/altas/upgrade/car_1",1,1],"53":["dynamic/layer/honorTitleLayer",5],"54":["pack/界面2/红包/排行榜_分割线",1,1],"55":["pack/界面2/换衣间/按钮/按钮_灰",1,1],"56":["pack/界面2/新手特效大礼包/奖励背景",1,1],"57":["pack/界面2/换衣间/矩形_02",1,1],"60":["pack/界面1/转盘/少量体力",1,1],"61":["pack/界面1/匹配界面/匹配_对手方",1,1],"63":["pack/界面1/气球/恭喜获得",1,1],"64":["pack/界面1/升级3/页签_房子_暗",1,1],"67":["dynamic/db/renwu1_7_tex",1,1],"68":["pack/界面2/超级VIP/超级VIP卡_标题",1,1],"70":["pack/界面1/气球/随机奖励，金币，体力，道具",1,1],"71":["prefab_static/bankItem",5],"74":["pack/界面1/每日挑战界面/明日再来",1,1],"75":["pack/界面2/红包/提现说明",1,1],"77":["pack/界面1/邀请有礼/邀请有礼_文本2",1,1],"78":["pack/界面2/换衣间/翻页_01",1,1],"84":["pack/界面2/气泡，菜单/金币气泡",1,1],"85":["pack/界面2/消耗金币，最强王者/yellow",6],"86":["dynamic/altas/upgrade/building_3",1,1],"87":["pack/db/pipeizhong_Project_tex",4],"90":["pack/界面1/气球/幸运气球",1,1],"91":["pack/db/meiri_Project_tex",1,1],"92":["pack/界面1/比赛奖励/奖励框",1,1],"93":["dynamic/altas/upgrade_thumb/car_1_gray",1,1],"94":["pack/界面1/排位赛/排位_金币",1,1],"96":["pack/界面1/签到/勾",1,1],"98":["pack/界面2/超级VIP/VIP卡_文字",1,1],"99":["pack/界面1/超级辅助线/超级辅助线_试用",1,1],"100":["pack/界面2/任务/任务_礼包打勾",1,1],"101":["pack/界面1/签到/签 到",1,1],"103":["pack/界面1/表情/个性表情包_标题",1,1],"104":["dynamic/altas/upgrade/car_3",1,1],"105":["pack/界面1/主界面/排行榜",1,1],"106":["pack/界面1/超级辅助线/超级辅助线_图片",1,1],"107":["pack/界面2/提现/联系客服_图标",1,1],"108":["dynamic/layer/balanceLayer",5],"109":["pack/界面1/银行/金币",1,1],"110":["pack/界面1/每日挑战界面/内容",1,1],"111":["pack/界面1/新手活动/新手活动_离结束还有",1,1],"112":["dynamic/layer/settingLayer",5],"113":["pack/界面2/任务/礼包_待领取",1,1],"114":["pack/界面1/升级3/炫耀一下",1,1],"115":["dynamic/db/renwu1_3_tex",1,1],"116":["pack/界面2/换衣间/特效框",1,1],"117":["dynamic/altas/upgrade_thumb/car_5",1,1],"118":["pack/界面2/超级VIP/持续15分钟",1,1],"119":["pack/界面2/排位开启/暂时不",1,1],"120":["pack/界面1/签到/每日签到",1,1],"121":["pack/界面1/排位赛/排位_底板1",1,1],"122":["pack/界面2/换衣间/称号_替换",1,1],"123":["pack/界面1/转盘/转盘_打勾",1,1],"124":["pack/界面2/红包/奖励查看",1,1],"125":["dynamic/altas/upgrade_thumb/car_5_gray",1,1],"126":["dynamic/altas/upgrade_thumb/garden_1_gray",1,1],"127":["pack/界面1/主界面3/每日挑战",1,1],"128":["pack/界面1/排行榜/第1名",1,1],"129":["pack/界面1/排位赛/星星2",1,1],"130":["pack/界面1/爆款游戏推荐/爆款游戏推荐标题",1,1],"131":["dynamic/prefab_item/skinNodeForCue",5],"132":["dynamic/altas/特效大/大_进球-龙卷风",1,1],"133":["pack/界面2/任务/任务_进度条_02",1,1],"134":["pack/界面1/排位赛/光",1,1],"135":["pack/界面1/新手活动/新手活动_标题",1,1],"136":["pack/db/sjjdt_jiantou_tex",1,1],"137":["pack/界面2/提现/余额明细_图标",1,1],"138":["pack/db/sjjdt_jiantou_ske",2],"139":["dynamic/altas/pvp_role_thumb/轮到_角色_7",1,1],"140":["dynamic/layer/worldMatchPrizeLayer",5],"141":["pack/界面1/主界面/闯关按钮",1,1],"142":["pack/界面1/每日挑战界面/每日挑战",1,1],"143":["pack/界面1/主界面/云朵2@2x",1,1],"144":["pack/界面1/银行/领取拷贝",1,1],"145":["pack/界面1/主界面5/主界面_商店",1,1],"146":["pack/界面1/排位赛/搜索2",1,1],"147":["pack/界面1/转盘/幸运转盘",1,1],"148":["dynamic/scene/homeScene",5],"149":["pack/界面1/气球/免费领取",1,1],"150":["dynamic/db/renwu1_6_tex",1,1],"151":["pack/界面1/邀请有礼/邀请有礼_文本1",1,1],"152":["pack/界面2/瞄准线，加塞，力度/加塞-----Assistor",1,1],"153":["pack/界面1/设置界面/圆角矩行",1,1],"154":["pack/界面1/签到/圆角矩形 796",1,1],"155":["dynamic/layer/wheelLayer",5],"156":["pack/界面1/排行榜/昵称",1,1],"157":["pack/界面2/新手特效大礼包/进球-龙卷风",1,1],"158":["dynamic/layer/doubleUpgradeLayer",5],"159":["pack/界面1/匹配界面/匹配_对手方1",1,1],"160":["pack/界面2/超级VIP/VIP卡_02",1,1],"161":["pack/界面2/换衣间/按钮/使用",1,1],"162":["dynamic/altas/upgrade_thumb/role_1",1,1],"163":["pack/界面2/红包/彩带_02",1,1],"164":["pack/界面1/比赛奖励/排行榜标题",1,1],"165":["dynamic/altas/upgrade_thumb/car_1",1,1],"166":["prefab_static/upgradeAttrItem",5],"167":["dynamic/db/renwu1_2_ske",2],"168":["pack/db/meiri_Project_ske",2],"169":["pack/界面2/新手特效大礼包/新手特效大礼包",1,1],"170":["pack/界面1/转盘/中心",1,1],"171":["dynamic/altas/upgrade/car_2",1,1],"172":["pack/界面1/排位赛/取消匹配",1,1],"173":["pack/界面2/气泡，菜单/箭头1",1,1],"174":["pack/界面2/提现/￥",1,1],"175":["pack/界面1/主界面_4期/弹出按钮右  - 副本",1,1],"176":["pack/界面2/换衣间/背景",1,1],"177":["pack/db/pipei_Project_tex",1,1],"178":["pack/界面2/提现/观看视频",1,1],"179":["pack/界面2/任务/每周任务2",1,1],"180":["dynamic/altas/upgrade_thumb/garden_1",1,1],"181":["dynamic/layer/trialAdsLayer",5],"182":["pack/界面1/签到/对号",1,1],"183":["pack/界面2/提现/tixian",6],"184":["dynamic/layer/vipLayer",5],"185":["pack/界面1/气球/光",1,1],"186":["pack/界面1/转盘/GO",1,1],"187":["pack/界面1/称号界面/切换称号_确定",1,1],"188":["pack/界面1/超级辅助线/超级辅助线_标题",1,1],"189":["dynamic/layer/inviteLayer",5],"190":["pack/界面2/任务/活跃值框",1,1],"191":["pack/界面2/瞄准线，加塞，力度/瞄准线-----Assistor",1,1],"192":["dynamic/altas/upgrade/building_4",1,1],"193":["pack/界面2/换球杆/换球杆",1,1],"194":["pack/界面2/红包/开始排位",1,1],"195":["pack/界面1/排位赛/奖励查看",1,1],"196":["dynamic/altas/upgrade/garden_5",1,1],"197":["pack/界面1/主界面5/主界面_客服",1,1],"198":["pack/界面2/瞄准线，加塞，力度/升级",1,1],"199":["pack/界面2/提现/我的余额",1,1],"200":["dynamic/altas/称号/称号_01",1,1],"201":["pack/界面1/排行榜/好友排行",1,1],"202":["pack/界面2/红包/打开大红包",1,1],"203":["dynamic/altas/upgrade/car_0",1,1],"204":["prefab_static/skinItemForEffect",5],"205":["pack/界面1/表情/个性表情包_锁_底板",1,1],"206":["pack/界面1/主界面/升级按钮",1,1],"207":["pack/界面1/排行榜/关卡数",1,1],"208":["pack/界面1/主界面/云朵1@2x",1,1],"209":["pack/界面1/每日挑战界面/奖励",1,1],"210":["pack/界面1/比赛奖励/段位与奖励_弹窗",1,1],"211":["pack/界面1/转盘/转盘1",1,1],"212":["pack/界面2/提现/我的余额_标题",1,1],"213":["pack/界面2/瞄准线，加塞，力度/加塞",1,1],"214":["pack/界面1/主界面3/换衣间",1,1],"215":["pack/界面1/气球/每日领取次数越多奖励越高",1,1],"216":["pack/界面1/主界面_4期/球杆商店",1,1],"217":["pack/界面2/红包/标题_璀璨钻石",1,1],"218":["dynamic/altas/upgrade_thumb/building_4_gray",1,1],"219":["pack/界面2/提现/余额明细",1,1],"220":["pack/界面1/超级辅助线/超级辅助线_累积可用次",1,1],"221":["pack/界面1/邀请有礼/邀请有礼_球杆级别：",1,1],"222":["dynamic/layer/superLineLayer",5],"223":["pack/界面1/称号界面/切换称号_选择_打勾",1,1],"224":["pack/界面2/提现/说明",1,1],"225":["pack/界面2/任务/任务_标签页_01",1,1],"226":["dynamic/altas/特效大/大_进球-礼花",1,1],"227":["pack/界面2/瞄准线，加塞，力度/当前加成 ",1,1],"228":["pack/界面1/新手活动/主界面_圆角矩形",1,1],"229":["pack/界面1/超级辅助线/超级辅助线_试用几次",1,1],"230":["pack/界面2/排位开启/马上前往",1,1],"231":["dynamic/prefab_item/skinNodeForEffect",5],"232":["pack/界面1/主界面3/排行榜",1,1],"233":["pack/界面2/换衣间/矩形_01",1,1],"234":["pack/界面2/红包/红包奖励",1,1],"235":["pack/界面1/比赛奖励/结算奖励",1,1],"236":["dynamic/altas/换衣间/图标_击球",1,1],"237":["dynamic/altas/upgrade_thumb/building_1_gray",1,1],"238":["pack/界面1/转盘/奖励3",1,1],"239":["pack/界面1/排行榜/icon",1,1],"240":["dynamic/altas/段位图标/段位5_大",1,1],"241":["dynamic/altas/pvp_role_thumb/轮到_角色_1",1,1],"242":["pack/界面1/签到/圆角矩形 a",1,1],"243":["dynamic/altas/换衣间/图标_头像框",1,1],"244":["dynamic/altas/称号/称号_03",1,1],"245":["dynamic/db/renwu1_2_tex",1,1],"246":["dynamic/altas/特效大/大_进球-烟花",1,1],"247":["pack/界面1/转盘/分享",1,1],"248":["dynamic/db/renwu1_1_tex",1,1],"249":["dynamic/altas/upgrade_thumb/building_1",1,1],"250":["pack/界面1/匹配界面/匹配_我方",1,1],"251":["pack/界面2/提现/tixian_0",1,1],"252":["dynamic/altas/upgrade/building_2",1,1],"253":["dynamic/altas/段位图标/段位2_大",1,1],"254":["dynamic/altas/pvp_role_thumb/轮到_角色_2",1,1],"255":["pack/界面1/设置界面/设置",1,1],"256":["dynamic/layer/matchSuccessLayer",5],"257":["pack/界面1/新手活动/新手活动_按钮",1,1],"258":["dynamic/altas/upgrade/car_5",1,1],"259":["dynamic/layer/worldMatchLayer",5],"260":["pack/界面1/转盘/分享到群转动转盘",1,1],"261":["dynamic/altas/upgrade/building_0",1,1],"262":["pack/界面1/银行/下次金币产出时间：",1,1],"263":["pack/db/cao_Project_tex",4],"264":["pack/界面2/气泡，菜单/箭头2",1,1],"265":["pack/界面2/超级VIP/VIP卡_进度_01",1,1],"266":["dynamic/altas/upgrade_thumb/garden_5",1,1],"267":["pack/界面2/提现/返回",1,1],"268":["dynamic/altas/特效大/大_击球-水",1,1],"269":["pack/界面1/主界面_4期/设置",1,1],"270":["pack/界面1/联系我们/联系我们_文本2",1,1],"271":["dynamic/layer/contactUsLayer",5],"272":["pack/界面2/换衣间/选中",1,1],"273":["pack/界面1/主界面_4期/弹出按钮下 拷贝",1,1],"274":["pack/界面1/表情/个性表情包_表情框",1,1],"275":["pack/界面1/主界面3/幸运转盘",1,1],"276":["dynamic/altas/upgrade_thumb/building_2",1,1],"277":["pack/界面2/任务/礼包_已领取",1,1],"278":["pack/db/cao_Project_tex",1,1],"279":["pack/界面2/瞄准线，加塞，力度/黄按钮",1,1],"280":["pack/界面2/红包/礼包奖励",1,1],"281":["dynamic/altas/换衣间/图标_表情",1,1],"282":["pack/界面2/超级VIP/VIP卡_视频激活",1,1],"283":["dynamic/layer/balloonLayer",5],"284":["pack/界面2/任务/每日任务1",1,1],"285":["pack/界面1/试玩界面/有奖试玩标题",1,1],"286":["pack/界面1/排行榜/底",1,1],"287":["dynamic/db/renwu1_3_tex",4],"288":["pack/db/sjjdt_Project_ske",2],"289":["pack/界面2/任务/活跃值小框",1,1],"290":["pack/界面1/主界面/排位赛",1,1],"291":["pack/界面2/换衣间/按钮/碎片",1,1],"292":["pack/界面2/瞄准线，加塞，力度/进度条底",1,1],"293":["dynamic/layer/newbieGiftLayer",5],"294":["pack/界面2/换衣间/球杆框",1,1],"295":["pack/界面1/升级进度翻倍/领取1倍",1,1],"296":["pack/界面2/任务/每日任务2",1,1],"297":["pack/界面1/签到/合层输出",1,1],"298":["pack/界面1/每日挑战界面/开始挑战2",1,1],"299":["pack/界面1/设置界面/开3",1,1],"300":["dynamic/layer/redpacketLayer",5],"301":["pack/界面1/升级3/未解锁",1,1],"302":["pack/界面2/超级VIP/VIP卡_进度_02",1,1],"303":["dynamic/altas/特效大/大_击球-火",1,1],"304":["pack/界面1/排行榜/世界排行",1,1],"305":["pack/界面1/转盘/碎片X",1,1],"306":["pack/界面1/转盘/转盘X",1,1],"307":["pack/界面1/联系我们/联系我们_文本1",1,1],"308":["dynamic/altas/段位图标/段位7_大",1,1],"309":["pack/界面1/排行榜/排行榜",1,1],"310":["pack/界面2/换衣间/已拥有",1,1],"311":["dynamic/layer/emojiLayer",5],"312":["dynamic/layer/skin2Layer",5],"313":["pack/界面1/银行/邀请好友打工，增加金币产出",1,1],"314":["pack/界面2/瞄准线，加塞，力度/绿按钮",1,1],"315":["pack/界面1/气球/气球",1,1],"316":["pack/界面2/换衣间/按钮/未解锁",1,1],"317":["pack/db/sjjdt_jiantou_tex",4],"318":["pack/界面1/主界面3/猜你喜欢",1,1],"319":["pack/界面2/任务/礼包_未解锁",1,1],"320":["pack/界面1/新手活动/新手活动_视频",1,1],"321":["pack/界面1/匹配界面/提示图标",1,1],"322":["pack/界面1/银行/领取",1,1],"323":["pack/界面2/红包/88",1,1],"324":["pack/界面1/转盘/关闭",1,1],"325":["pack/界面1/联系我们/联系我们_标题",1,1],"326":["pack/界面2/红包/888",1,1],"327":["dynamic/altas/upgrade_thumb/garden_3_gray",1,1],"328":["pack/界面1/主界面_4期/透明弹窗 - 副本",1,1],"329":["pack/界面2/消耗金币，最强王者/yellow_0",1,1],"330":["dynamic/db/renwu1_4_tex",4],"331":["pack/界面2/红包/提现",1,1],"332":["pack/界面1/设置界面/关",1,1],"333":["pack/界面1/排位赛/光效",1,1],"334":["dynamic/altas/upgrade/garden_3",1,1],"335":["pack/界面1/设置界面/音效",1,1],"336":["pack/界面1/转盘/奖励4",1,1],"337":["pack/界面2/红包/彩带_03",1,1],"338":["pack/界面1/升级进度翻倍/确定",1,1],"339":["dynamic/layer/newbieEffectLayer",5],"340":["pack/界面1/匹配界面/匹配_我方1",1,1],"341":["pack/界面2/任务/任务_标题",1,1],"342":["pack/界面1/转盘/大量建设币",1,1],"343":["pack/界面2/红包/距离大赛结束",1,1],"344":["pack/界面1/银行/免费金币",1,1],"345":["dynamic/altas/upgrade_thumb/car_3_gray",1,1],"346":["pack/界面2/换衣间/按钮/解锁",1,1],"347":["pack/界面2/瞄准线，加塞，力度/金币 拷贝",1,1],"348":["pack/界面2/超级VIP/挂机产出速度",1,1],"349":["pack/界面2/换衣间/按钮_未解锁",1,1],"350":["dynamic/layer/worldMatchPrizeWxLayer",5],"351":["pack/界面2/任务/任务_标签页_02",1,1],"352":["dynamic/altas/upgrade/building_1",1,1],"353":["dynamic/altas/段位图标/段位6_大",1,1],"354":["pack/界面1/转盘/建筑币",1,1],"355":["pack/界面2/排位开启/1",1,1],"356":["pack/界面2/任务/任务_进度条_01",1,1],"357":["pack/界面2/换衣间/翻页_02",1,1],"358":["dynamic/altas/AutoAtlas",0],"359":["pack/界面1/匹配界面/提示框",1,1],"360":["dynamic/altas/upgrade_thumb/building_2_gray",1,1],"361":["pack/界面1/主界面/bj",1,1],"362":["pack/界面2/换衣间/按钮/按钮",1,1],"363":["pack/界面1/排行榜/段位",1,1],"364":["dynamic/db/renwu1_1_ske",2],"365":["dynamic/altas/upgrade_thumb/building_3_gray",1,1],"366":["pack/界面1/排位赛/搜索1",1,1],"367":["pack/界面2/瞄准线，加塞，力度/力度------Assistor",1,1],"368":["pack/界面1/转盘/大按钮",1,1],"369":["pack/界面1/设置界面/声音图标",1,1],"370":["pack/界面2/换球杆/换球框",1,1],"371":["dynamic/db/renwu1_4_tex",1,1],"372":["dynamic/altas/upgrade_thumb/role_5_gray",1,1],"373":["dynamic/prefab_item/skinNodeForAvatarBorder",5],"374":["dynamic/altas/upgrade_thumb/role_2",1,1],"375":["prefab_static/skinTables",5],"376":["pack/db/meiri_Project_tex",4],"377":["pack/界面1/升级3/页签_车_亮",1,1],"378":["pack/界面1/升级3/页签_车_暗",1,1],"379":["dynamic/altas/upgrade_thumb/car_4_gray",1,1],"380":["pack/界面1/排位赛/星星1",1,1],"381":["dynamic/altas/upgrade_thumb/building_5",1,1],"382":["pack/界面2/红包/段位_礼包奖励框",1,1],"383":["pack/界面1/转盘/道具X",1,1],"384":["pack/界面1/每日挑战界面/再次挑战",1,1],"385":["prefab_static/skinMainNode",5],"386":["pack/界面2/新手特效大礼包/后可领取",1,1],"387":["dynamic/db/renwu1_1_tex",4],"388":["dynamic/altas/upgrade/garden_0",1,1],"389":["dynamic/prefab_item/skinNodeForEmoji",5],"390":["dynamic/layer/challengeLayer",5],"391":["pack/界面2/红包/瓜分",1,1],"392":["dynamic/altas/换衣间/图标_角色",1,1],"393":["dynamic/layer/pvpOpenLayer",5],"394":["pack/db/pipeizhong_Project_tex",1,1],"395":["pack/db/cao_Project_ske",2],"396":["pack/界面1/联系我们/联系我们_头像",1,1],"397":["pack/界面1/转盘/少量建设币",1,1],"398":["pack/界面1/银行/银行图片",1,1],"399":["pack/界面1/升级3/页签_角色_亮",1,1],"400":["pack/界面1/称号界面/切换称号_标题",1,1],"401":["pack/界面1/银行/距离下班还有：",1,1],"402":["dynamic/prefab_item/skinNodeForRole",5],"403":["dynamic/altas/换衣间/图标_进球",1,1],"404":["dynamic/db/renwu1_4_ske",2],"405":["pack/界面2/瞄准线，加塞，力度/等级 ",1,1],"406":["pack/界面2/提现/立即提现1",1,1],"407":["pack/界面1/主界面_4期/主界面_气泡",1,1],"408":["pack/界面1/新手活动/新手限时超值豪礼！观看视频即免费解锁酷炫球杆！",1,1],"409":["dynamic/db/renwu1_6_tex",4],"410":["pack/界面2/红包/标题_超凡大师",1,1],"411":["pack/界面2/任务/日活跃值",1,1],"412":["pack/界面1/主界面/设置",1,1],"413":["prefab_static/vipInviteItem",5],"414":["pack/界面2/红包/冲击瓜分",1,1],"415":["pack/界面2/红包/大红包_标题",1,1],"416":["dynamic/altas/upgrade_thumb/role_3",1,1],"417":["dynamic/layer/cashoutLayer",5],"418":["pack/界面1/主界面/幸运转盘",1,1],"419":["pack/界面2/瞄准线，加塞，力度/储量-----Assistor",1,1],"420":["pack/界面2/红包/段位_瓜分红包",1,1],"421":["dynamic/db/renwu1_7_ske",2],"422":["pack/界面2/瞄准线，加塞，力度/属性加成只作用于排位赛 ",1,1],"423":["dynamic/altas/段位图标/段位4_大",1,1],"424":["pack/界面1/邀请有礼/邀请有礼_标题",1,1],"425":["pack/界面2/超级VIP/VIP卡_时钟",1,1],"426":["pack/界面1/升级3/锤子",1,1],"427":["dynamic/altas/upgrade/garden_1",1,1],"428":["pack/界面1/匹配界面/双方扣除金币进入比赛",1,1],"429":["pack/界面2/换衣间/称号框",1,1],"430":["dynamic/altas/upgrade_thumb/garden_2_gray",1,1],"431":["dynamic/altas/upgrade/garden_2",1,1],"432":["dynamic/altas/upgrade_thumb/car_4",1,1],"433":["pack/界面1/主界面/帮助1",1,1],"434":["prefab_static/trialAdsItem",5],"435":["pack/界面2/超级VIP/VIP卡_01",1,1],"436":["pack/界面2/瞄准线，加塞，力度/矩形底框",1,1],"437":["pack/界面2/超级VIP/超级VIP卡",1,1],"438":["dynamic/altas/upgrade_thumb/garden_4",1,1],"439":["pack/界面2/排位开启/排位",1,1],"440":["pack/界面2/红包/帮助图标",1,1],"441":["pack/界面2/提现/不足0.30元无法提现",1,1],"442":["pack/界面1/表情/个性表情包_随机解锁",1,1],"443":["dynamic/altas/upgrade_thumb/car_2_gray",1,1],"444":["pack/db/sjjdt_Project_tex",4],"445":["pack/界面1/排位赛/组1",1,1],"446":["dynamic/altas/upgrade_thumb/building_5_gray",1,1],"447":["pack/界面2/换衣间/按钮_使用",1,1],"448":["pack/界面1/银行/银行_下班时间框",1,1],"449":["dynamic/altas/upgrade_thumb/role_3_gray",1,1],"450":["pack/界面1/主界面/排位赛按钮",1,1],"451":["dynamic/altas/upgrade/garden_4",1,1],"452":["pack/界面1/主界面3/银行",1,1],"453":["prefab_static/skinItemForCue",5],"454":["pack/界面1/设置界面/震动图标",1,1],"455":["pack/界面2/排位开启/排位赛开启",1,1],"456":["pack/界面1/排位赛/开始匹配",1,1],"457":["dynamic/layer/dailyTaskLayer",5],"458":["pack/界面1/转盘/转盘2",1,1],"459":["dynamic/layer/worldMatchWxLayer",5],"460":["pack/界面2/瞄准线，加塞，力度/力度",1,1],"461":["dynamic/db/renwu1_2_tex",4],"462":["dynamic/altas/upgrade_thumb/car_3",1,1],"463":["pack/界面2/任务/礼包_底框",1,1],"464":["pack/界面2/超级VIP/VIP卡_邀请",1,1],"465":["pack/界面1/升级3/页签_角色_暗",1,1],"466":["prefab_static/rankItem",5],"467":["pack/界面2/瞄准线，加塞，力度/产出-----Assistor",1,1],"468":["pack/界面1/气球/不了,谢谢",1,1],"469":["pack/界面2/红包/大红包",1,1],"470":["pack/界面1/主界面3/设置",1,1],"471":["pack/界面2/红包/标题_最强王者",1,1],"472":["pack/界面1/主界面/意见反馈",1,1],"473":["pack/界面1/转盘/大量金币",1,1],"474":["pack/界面2/任务/周活跃值",1,1],"475":["pack/界面1/设置界面/关2",1,1],"476":["pack/界面1/转盘/转盘_观看视频转动转盘",1,1],"477":["dynamic/altas/upgrade/car_4",1,1],"478":["pack/界面1/AutoAtlas",0],"479":["pack/界面1/排位赛/排位赛-表情框",1,1],"480":["dynamic/altas/upgrade_thumb/role_1_gray",1,1],"481":["dynamic/altas/特效大/大_击球-电",1,1],"482":["pack/界面1/升级3/页签_房子_亮",1,1],"483":["pack/界面1/银行/头像1",1,1],"484":["pack/界面2/红包/彩带_01",1,1],"485":["dynamic/db/effect_shengji_ske",2],"486":["dynamic/db/renwu1_5_tex",4],"487":["pack/界面1/邀请有礼/邀请有礼_级别框",1,1],"488":["dynamic/layer/signInLayer",5],"489":["pack/界面1/新手活动/新手活动_底板2",1,1],"490":["pack/界面1/排行榜/第2名",1,1],"491":["pack/界面1/比赛奖励/段位",1,1],"492":["dynamic/altas/称号/称号_02",1,1],"493":["pack/界面2/换衣间/角色框",1,1],"494":["pack/db/pipei_Project_ske",2],"495":["pack/界面2/红包/2888",1,1],"496":["prefab_static/skinItemForRole",5],"497":["pack/界面1/主界面3/每日挑战_底板",1,1],"498":["dynamic/altas/pvp_role_thumb/轮到_角色_4",1,1],"499":["pack/界面1/新手活动/主界面_新手活动",1,1],"500":["pack/界面1/主界面5/主界面_超级辅助线",1,1],"501":["pack/界面1/银行/头像",1,1],"502":["pack/界面2/任务/任务_领取",1,1],"503":["pack/界面1/邀请有礼/邀请有礼_底板2",1,1],"504":["pack/界面1/排行榜/名次",1,1],"505":["pack/界面1/邀请有礼/邀请有礼_邀请",1,1],"506":["pack/界面1/超级辅助线/超级辅助线_增加1次",1,1],"507":["pack/界面2/瞄准线，加塞，力度/购买经验",1,1],"508":["pack/界面2/任务/每周任务1",1,1],"509":["pack/界面1/转盘/视频",1,1],"510":["pack/界面2/消耗金币，最强王者/最强王者 拷贝",1,1],"511":["dynamic/altas/upgrade_thumb/role_4_gray",1,1],"512":["prefab_static/skinItemForEmoji",5],"513":["prefab_static/balanceItem",5],"514":["pack/界面1/排位赛/世界公开赛",1,1],"515":["dynamic/altas/换衣间/图标_球杆",1,1],"516":["dynamic/altas/upgrade_thumb/garden_4_gray",1,1],"517":["pack/界面1/主界面3/更多按钮",1,1],"518":["dynamic/layer/sideAdsLayer",5],"519":["pack/界面1/表情/个性表情包_锁",1,1],"520":["pack/界面2/红包/红包",1,1],"521":["pack/界面2/气泡，菜单/MAX气泡",1,1],"522":["dynamic/altas/upgrade_thumb/garden_5_gray",1,1],"523":["prefab_static/skinStatusBar",5],"524":["pack/界面1/升级3/标题升级",1,1],"525":["dynamic/layer/rankLayer",5],"526":["dynamic/altas/upgrade_thumb/car_2",1,1],"527":["prefab_static/pvp_guide_tips",5],"528":["pack/界面1/转盘/碎片图标",1,1],"529":["pack/界面1/转盘/少量金币",1,1],"530":["pack/界面1/新手活动/新手活动_图标_时钟",1,1],"531":["pack/界面2/换衣间/-即将更新-",1,1],"532":["dynamic/altas/upgrade_thumb/role_4",1,1],"533":["dynamic/altas/upgrade_thumb/building_4",1,1],"534":["dynamic/db/renwu1_5_tex",1,1],"535":["pack/界面1/银行/邀请",1,1],"536":["pack/界面1/排位赛/排行榜",1,1],"537":["dynamic/altas/upgrade_thumb/building_3",1,1],"538":["pack/界面1/转盘/转盘下",1,1],"539":["dynamic/db/effect_shengji_tex",4],"540":["pack/界面2/换衣间/按钮/可兑换",1,1],"541":["pack/界面1/排位赛/排位_底板2",1,1],"542":["dynamic/db/renwu1_5_ske",2],"543":["dynamic/layer/bankLayer",5],"544":["pack/界面2/红包/排位赛规则框",1,1],"545":["dynamic/altas/upgrade_thumb/garden_2",1,1],"546":["pack/界面1/排行榜/第3名",1,1],"547":["pack/界面1/排行榜/头像",1,1],"548":["pack/界面2/换衣间/按钮_金币按钮",1,1],"549":["pack/界面2/新手特效大礼包/击球-电",1,1],"550":["pack/界面1/称号界面/切换称号_选择_框1",1,1],"551":["pack/界面2/排位开启/2",1,1],"552":["pack/界面2/瞄准线，加塞，力度/瞄准线",1,1],"553":["pack/界面1/签到/圆角矩形 b",1,1],"554":["dynamic/db/renwu1_7_tex",4],"555":["pack/界面2/换衣间/关闭",1,1],"556":["pack/界面2/新手特效大礼包/好的",1,1],"557":["pack/界面2/换衣间/视频解锁",1,1],"558":["pack/界面1/试玩界面/领取",1,1],"559":["pack/界面1/升级3/页签_水池_亮",1,1],"560":["pack/界面2/瞄准线，加塞，力度/进度条",1,1],"561":["dynamic/altas/upgrade/building_5",1,1],"562":["prefab_static/rankMineItem",5],"563":["pack/界面1/联系我们/联系我们_复制群号",1,1],"564":["dynamic/altas/pvp_role_thumb/轮到_角色_5",1,1],"565":["pack/界面1/转盘/灯1",1,1],"566":["dynamic/altas/upgrade_thumb/garden_3",1,1],"567":["dynamic/altas/pvp_role_thumb/轮到_角色_3",1,1],"568":["pack/界面1/主界面_4期/每日签到",1,1]},"types":["cc.SpriteAtlas","cc.SpriteFrame","dragonBones.DragonBonesAsset","cc.Texture2D","dragonBones.DragonBonesAtlasAsset","cc.Prefab","cc.BitmapFont"],"uuids":["090MIjwfVJ0JbCPVIk31jl","10JQzXaOtLWKSjpMgh+O3e","12Moa9/RpLA4OMc4DMCzTi","17C+AZvdNMdY/s2/vlzxc9","38vxOIE1JHGbUyNZENi6Bo","42Qi4k1SxLxa7qsLT6ZVR/","457DBO7URNv6aROct/KhJV","71PF+2RJBKFJaMEnS/a0g+","882b3+B+1ETY7JMyxMQ7ik","92rTuWRXVNh5AJtuFTp7li","96XFDbqY1A4q97qyail0iA","a2HgdAYJZG3L0lgK2vdODy","bcCtHOZhZHCrlRppBBdWW5","c3t1UGiuJMCK3uJDcm4O7d","deXYeF8edK4K7TgSzbfPUx","00Qur+PyRI15dFGX+Vthyp","01FDjoz4NHErtnK0/Vjw51","01On6PfVFCM4KHR3OWrwBW","01U6b+ZqFC3qVo8Rl9p+xp","02xiU/Q3xGq6hAhodA0zui","03GGcXsJtEEbJziGPQCjNz","03dbisXxZH44vnSQF8JS+1","03oTNxdJ9Kt4lqjDc9OIw/","03vDjAtDxPj45Jde7Oh06b","030PdPe85MAL/YkRozxVhx","034v/SCIBPHaVPdXSMV3E8","04CmTfmapMEZpLvQ4MqFvg","05Ed9py8hJe6RMDKmdkXwG","05mB9DTatAYZ9lSaXwJFU6","05mJaoBoBB6ITZYmAKwji7","05uPYnkMBNTZ+W6qXhlEk9","06kufaUTVAhpX4rLoOwZ6v","07n8KbXulAj7HH4c04XHMT","077HlCBqNN+oBpXAG95LnQ","08J+LGma1Dc4PsuhAd9XNS","081ohx4gVJYpYDqo0PB4AL","089FWdLSBDa44txbTLKZTO","0awJd695xHE6KbAUVBmbo5","0a7Om1T9JDPbjzjeXAhXeX","0bZGKbOZhHNpdRw6YUheQL","0cJW5D1rpJIpzVG5vn5Tuk","0ce2k5cLBIib352GIGITBW","0dauubmXBKRIIIHlQmPRkY","0dyJ4Q3cBL873lUKc9A+Pb","0d/by0onFO7Ka5lUypYB+s","0eFGB4CQtANpXqmK0S9pow","0eYDnHuUVOLZtYuwCDX4Oy","0fJkC9m9dODpeqDwDaAl4Z","0fOP2b+BRA8rA+Y/GAXXUZ","0fv25x6JxCsrvIs03TR02D","10RxNonb5Kz7HJW37I4MDt","10VwbyZElO4YcL7vjkJpcv","11R6jUPj1N7bRK8mNXZyDP","11gEZKp3ROPb85LYKX5dLQ","11kPqhu3RCcLSt2G7qAYYv","11vP/ZTqJDmqcjZZWGklcp","113kMS1EtFWq0q05NnsE+J","12N//4GRZCBYEFMDLApJ9Q","1265070b2","1298ae8a0","12wgRxJUVHDrPrIosr9Tbo","13lXLGnNdJE6b2LkIYWZ3Y","13ca4574f","14F5IsnjJIKqxH1odWPA3j","14SOxJfBBAIJmLWQyCW5O5","15339b09a","15b69bd44","16C+MnIT9PMZYbl8fK6omy","16Vp3v+tVFi43tSMd5s9zt","16b10d60f","17JVY75MdAqI91WJ+pCDMa","17yy0FYndDfLRGVQhAcf0I","17fc0178b","181f0e3b5","18o75XvZRIm7WgIFMMxQXK","19gpwMHW9OFJp9snQBycty","19a7fd3ab","193Z8cX+hGGojgdEZG8EQi","1aUSBvvXxGb7eBp5junk0n","1a9be45a0","1b3c442bf","1b5eece6f","1b756766c","1ba580ca6","1ccWQVPY9I9qeRdV2oh7kH","1ceL1xDY5Lup09gRgq2vbc","1cik8PHiZBuLYToPQvAOyk","1cwvFVXxNNEbYgjwYdXeaC","1d1fa178d","1d9c727ec","1dreSzG6NEDpjthm5f/zfH","1eGPt5whVGtbnF21mn6zZw","1efAotcOBEx4kI73xzWgu0","1ei4FRQvJIWr+FsznaEPdF","1elDCsvc9GfIOcgf36Mui/","1ea0cd8dd","1eyV23R3lLU5IdFR3Io567","1ee961467","1e6pCSMoxF1LXHQH40llSk","1fEe1B3DlDoLodax9CrIpT","1fSoXbKWlMo5dJrC1QVFGP","1fWEQneg5NEbLMZgCd6jYc","1f7175f61","20SpWaLutHfqCU90r/TLml","20pfWZDFRFK4zzXgBUcYBZ","20xXC41jZEQ5N8YqAnGb9i","21wK7SNTlGhqrOJLyzDgOA","22cUr3mmpBxpKdU8HpKN7C","22iKiQi01CypTZImzcGZBT","22jVks2+pGR7VL/3mkfbeu","22q14C7JpD9JtY6KVLpLiZ","22z5mCD6NBArLkPba8nDbP","24gqfccXJEnZMhTMkouCfu","24s7G5HFpL9Lvl2jQK5Bm+","244Z73hB1JYozRsazchxwP","25fGyuwplHR6UZIZ9rW7Z/","25sZ6a+H5PB7jRfiy883Y5","27B7cM/OFNzYEbPF+lDSL/","27uxK5A+RBoKv5kh40bsvD","27+l8agtZDgZytzJVBJIyR","28EZMXQ9RI8LtKT22H2xmR","28QVDg/aNOzKFIRD4YiA+8","28f44amA5IPLV0So8JMAup","29c1EZICFAIo889TyIa+zb","2a+uFJlw9EXJg482X8TExQ","2bj/ml8h1DvpicgdbKRUeV","2cPU87KrpDuZdt7YOqbW3S","2d3yey+LxDj627TGmSQTVP","2eivPTDtJLTrbMHQPCq410","2fDviuC2FIm7L7JKmZhjqc","2fKhyvvqlPzKPPUfN/r7qJ","2fQovZyaZMQYsC29r+1Acu","2fbsabKqlO9pycG0NYiNAd","30XhE6+HdJ2JdD7DgphTbS","30qTIBQQ1MQJr8SvNjGLfS","309VHmS4ROqK7aSAOCcOgB","31kFGncrxPNKwfcy+sWpY6","31utEGOHxLE6LNrG5MEchN","31y7UZjTRMKIdT4TjWKx2U","311AqkO3tE8rPR//f5eFjc","33fHcdMANEiZYWQDhNv98B","33g7/YflVAI5nRTjvIIdZC","33m0odTJhJEp8FeQz0CMrO","33wz97i5xNU5CWkTNuXH2R","34fWc6qJdEy4DwOJGFqXs0","345F+k8N5AUblkt33prXeJ","35Cz9o8IZM27lIdq454mQQ","35IDttqC1PIrHtJNzMe8Tq","35ot1LfwVH7pPzlaanPoTQ","357I7OFHVCc62oW5DuzfbM","36NM9TKC5MBbDC4HOq43yT","36vnAM1IhOp4vE7NoeKa+U","37ddrKRghK7LhvHRHGwKy5","37ikxS3zRGPbLxt2xT8nGG","37lIRhnCtIb7fGu+nU0pjk","376E9A4mVH45Bq95LVaYRo","38I180o/xDq74jGRLoji7W","38KVuhWppDy73n1dE9iMJU","38PVf8QghHF54ToGxuXmOO","39Nbr/8GFLuIP2m2ifxbsV","39rnpgZM1BoIuFccyBgRIY","3abf7IA5ZIwarmB3ibNUqV","3aytSdWJ5GtaNOd34LmDD1","3a3OxhPNZCq5toz125JpjT","3bB0JRmPhAvaZFPj9PRe46","3bO0AcYgFP+6R6TXCk/mR7","3cKSu/R2hBNJ0DUpPyklQ8","3cOYuB1zFKtLfeG40kqHIU","3cY5ZiiDdL0YnEbjQg5Aqe","3chLQt0zhE5owJUzD8LXXp","3cy80EYGNI96ksuHu0Adpi","3dOEynUORAEoCQ2ZBJ9i4V","3eDJu3saNKTrF6kDtiYoEy","3e6wta3XRMOZfvK55GbNxE","3fDeErGFxDeIiQJMRTuXaq","3fV3ODz5ZDMKkTOkqHaxtZ","3fYD6A3c1E3KFEpAQ5L9sJ","3fzFPpfXpPlLTvlhR3sv2h","40TBaRclZK5o2p5vn7ECOc","41KwtQFmhIi7xCkujoBh95","427P8iy2dP365rIHB5NUTu","43ogV8QLBIsa9+nbxfij2C","44fwVl351P1Ju+KnUati5U","44tMf6fttAnIcvF2eNdRx4","44zQ3QXPNAeJzOCHrZFelc","45Ab59fudL6pJNmzhUN++p","45h2wPK7NHZIqB0YLnKF13","45ugAXQslGeozK4Bnu8CZ8","46J+sQnERNIbueUqyuf/cQ","46me0NT/RO66PQYx8QT/kM","46qoobMQxGnapwjDEgGlIb","467UVUXMtMApE65cGLYf7C","47aA87CzJCebThW/nqjCGS","47iVbpZLxOLK0RTMLnGuNb","472SHtoNtKz7UyQGIv8lWX","47/ndMnyxB07luiuMJsG9u","48C2Bs3A9KAp4ri/C/yNom","48LBz98SFMULNUzmS1vjIl","48eX+c11FDeoOQ8hdbnvUR","48wfLJOUdCp457lTe9fYKm","49oNcQuRlCbYFQIOTbZaDt","4a7Whi2Q9NEJOnOf+tqniQ","4bKggHJdhFFa+O3F9WIfhk","4bXhyZua9DI799L+LP8BVB","4bn6E+hT5PArafrbImttx5","4cDyzTwkhOV74HvF/jwy7J","4fpnxy4W1P+7bAAkjCME8w","4ft6f+Im5O+4G+acmr1Pi/","51oE0bRHhCo6A0sWUO+J8z","52u6QQfJpLV4vav3Ac1aPX","52wL4V059D3Ih+eqEe4GG2","53YSeFL+hIv79oWDQ81XfD","536VTpmZJCWbfljbdQyALg","54D2hGAM5OjZ5KdcUmBZIg","54joo/PMNOmIt2sXvpu6wh","544ycd2c5BHL4JNBw5fnIY","55Bc1XIpRHKpC0IIsz/96e","55Gyy51BFOjpcReXkD1sDz","55aTDghPdDP4yNNNKsM+YZ","55fKJB+pdF3IqBI9A6rqRc","55mwy+/cJM1qptrWIkukFs","56Sj4ZsIxHQo5/bY6bopiV","56ltV3pHZCXrGdG34bFV22","58byYTjjtIjr1dpRUs5qmZ","59kptG2g9DoLbg/Bavkq20","59mEfnRXZP34y2ifnLyKEC","5aObEQUPtI/acxYNvc+/Lk","5acmkY/GRHJIw9MsurtIjt","5bR57nPg9Neo/zKdsRAMe6","5bfgAOz+NHBp36mZpT2y8d","5boDBwYPdHYqd4/bGuBGIr","5by0e4ZJ1GU5VZJfP2EKRG","5cXvJkNNBIiYHQxf8StRFU","5cwr+qL41E+Illa3B7BKEM","5c0ilfcLVJG5S6ygjkOAQO","5dDz+DVGVLOrBf5jRSz9ng","5dcPgWqN1Ez52QEiBLcsN5","5duStHAltNmI5l98yq2uEP","5e4o28n79BOZNyN1fKwqxA","5faX1o6BVP7IPCZHO9sNGE","5fhLyGVFlOPoClBy0B4Gnv","60OWm/3NNPbpTg3j1/3B1Y","60xe09l8FExY7qkNvp2soy","601wqLKHNGXa7brcvJDxH5","61c0Lf1XNJfprEVTUjpolV","61rTcU5NtHE5b+eoidiksg","62JnJHCxNNOay1kRQ5qd2b","62PCMzQNxG8o4IX82lrU2B","62u4uqJdxFwZ9kxhSZ2RA+","63zYuT3cNFL7SAJ7OaEp/1","646o0gFY9M/aYbNcOZQoxt","65IPfXu+pIXbq7aVtzBi+b","65ZMaAme9KY5UirVP+rPIQ","65mFPCXaxFs6Xv8t23DkR4","66LZzVcv1EpL8bZfydEvGe","66lCiiZgBOpLFS/Q4JRQ92","67Csy3tRRPK6g0qvGEIjEc","67WO8KihlE8IGaZjHAunFJ","67giCrPuhOrJG2VlQflZsD","670CGtqnxB5YvHxOpskB6W","690sPTRz5GXrwJxlOQ7+6q","6agtCa7WpJmrvuC3CRxF4Q","6bBBuW3RpB16tlVuUz9GZ7","6be89LlOxMRp6gQ7Inu4GW","6dvHTCoYNIU614a0DHeV55","6eghbE8/lHIId0yiHBZF1E","6fmbSaEwNPTazuxk58cqQs","715ulmi5pLlYKyNX9BO+4U","72LZ5n/kRLw6S9nkmyGojs","72PsfXEJhCxoJgW4FMHCyq","72rP3vpLlD+YClApkHeyFr","72vsmlbbFNCrQhbCbvULHZ","73N2/dslhOXJq1r4kPs9ck","73RdShLuZLv7P9aXauIa39","73U8dpW+FB0oJcamhkGiVo","73kL65kg1OZJCVfC/SXmka","73l6u+RMJNKq7gnWvbbf03","73s9AXhfRBJrvWOu9cxXD2","74Lm5yqgVFKqnsTIUQ5xg5","74UklgfaNNU6qrGUNy5n6Y","75ejBC43dFK4E61zgbr4pd","75moowI/9Nh7Oiln25VdlB","75q6qPeSNMOZRYw5JioKDM","75z21KU09IXq44sEEYXasA","76CgrLAKBB8aPuBJkpmMT4","76F+tc3E1G64vlxqpFwXf2","76LyAW91pPLbydgvW/5JSx","76UFmJnWJHMa+hyT/FcsjD","76xVqhNTNOA7tjWrCFs2n2","76+9T3BfRIq6tVmxRqeI9/","77LwzY2x5BL6u0jvwJ+EzS","77P3pVGTVLS4ah+ly17PoS","78JU/kDqJNT7Lq/3qvaL8U","78ecDqNzhBV7DdXOXH3FGh","780d39oT9O36BRuBskZryK","79X9iFnNxKppoNpXVZrdKr","79dPxA9vpMC6+vI+iXjVbN","7aKXLsE9dJRJfB/zcZhk6T","7aikCC2nZCXpnO20DKvBGb","7aj7QDn/BLtpiGG3KrB/2X","7a6HU43BhEr7un6xHG0yBW","7bsiYj725Feb/83G+WEFxa","7cH+0rCGRMDprVTzzsp7en","7c+THKfCdH978kWSFzrUtw","7dNWaiBrpGVp5gcFpByjAv","7eSzHJ8FhGlqS0Wh+/zan/","7fGMoRGFxCva0bQcWzoUb0","7ftmhXMFhGxKXUg+6nS4OI","80kDswvTxH0oQQRP90WDcJ","802RnAZ0RJJYVM7QadD+qv","808WywuG5CtZajv2ywc/Kv","81RKyYIcJK1LtIHHuXQKUu","81U+UhjwZGpYdD1I0ra5kW","818r9DkwZANoNawVT4nnmA","82fJFSO5BG+6Kog1d2d24K","83NcJe8y5IYJ8NJsmJEg+S","85P3Eaw21EuoB5JkdIV5vO","85YJDOW7xPHI6SIpWANAkK","85Z6Rpg99PLbUus7dxQr7x","85nwb/JVFO+ae1fFJKAqu+","862Aqi5XpNDqs4V0G/phKu","87TLVEpMVJ9YT7YM5CMjBa","87mudi+9pOMrq5Dg7EnrHk","88F/dwRJROiap936x3sK1f","8abizoiRdFSIaoLkf2yBwf","8atvuooCdBc5zZDoS4DTh2","8cAb782nxD7Ll9jDQplcta","8cQ7y6XN1LDbL1Opz09mvW","8dJ34QOvVB76r5gDzl1Bpi","8efJw3IFlEW6+T5bQv2zKN","8fAcDuXFNKnK+HUJHjpk9X","8fn0VZjUpLt4aGvNGGq38c","8fyxck6WxJc5Z+jeklhsIy","8f/gJSCopN/ZnjRg13W7Si","90Y6y4vtlDoLKCx6tISLBe","90hyrXZaFEKrxZp/1IRyIX","90lMVfVORM5ZIWnHxVfu1A","91XQYQ00dEwIRpYMRmnJ0g","91fluWah5O+Z6oFeEPSxNR","917/MRAm1PjrsjibtDl0j1","94b1ZBgpBGxaRiDmHwZ///","942zCyRexBp5xQGFgAxDBJ","95BmWgFhJEf7TN4IkiwP8H","95OuLZ7qJM+Y+PgxScaYHs","95XOghe4BJL6gHup6j9giC","95ui22yP5BA6eisjE6kXAt","95vsVBP/lIK4zQvJs/pqR1","96TZPydYZNGpqy0EunLuZF","96edrn/ctEwKLR6Kjn/MDG","963Ic9oiNPfqtlLNDTPec7","968+++SMxHRZiIE1aEhrSd","98qLLvb69O6LBXsP+dDjSg","98rtooa+9HAIZLGxDO5Q6B","98s4XC385Az78KQ2M/ODDg","982SKPQR9Ej6LJZc3ML7fM","99fLgCZRpDOq0NaKyrdGWu","99uAJNAbdBS6ktIeZ4HStG","9aSLh/q7RHzJ+4ILkB7l7v","9bACH48YdNpLQ1vvijUB+/","9bB+pJWUNLII/3BnQcIikM","9bGyV718NGWoIPTBthiHB8","9b3ImuDvRDmqNXhCPX2a/m","9b89m0eKlJS4GrqlFTmHsX","9c7YH9aLFBKJIclnmV6ZoI","9d8H15XhNPCJr8EiWhwqih","9e+Xqy5J1L/4Yu4hQy7Vbj","9fi+HxiWlBhLZ6WikKoAkd","a2gxji9V9Hh7uEW7UTJAk3","a2mBAf6MVIqa7HZGU1xmpm","a2omB2VUVDOrPGI47s/2H9","a3HvmEbvRGVJYPLQqVvHwU","a4Fz619zJLNqvbLsbYSgR+","a4cxQRRFNBurFTT6ndYEiv","a5Soqa06NG256gqNOzG8sp","a5kF2KyWdBs56yV9hKcEcf","a6NoJiyadAd7zlVU1cMAnn","a6TVEKNwJHnavcex/pccFN","a7J7V9GRtFdIjdB79SRgQN","a8mfUQM2hAnaR0pJRBtewU","a8w24oJm9Kd48YcVa33OU9","a860IFm2hDJYEC+thS5NDS","a9Hij5zQNN1LAFb4qv/+RX","aaE2iEE0hKtaomFCp8MjdJ","aaM8vC5OFPmI1nlMsHnMlq","aaYZmJfhhMQ5BQk8S91C81","aa4NisnB9FoI5JHSS4pQww","aa/NAlRmVJM7f8TTThMhDn","abtpMKVVBI/p93CVJXK3s9","ab7VAjJL9HabqEftm7gseD","acUsB36rtChbEi24k4rk3p","adCEjh2wBHl5yzK665wuCm","aei4dihiBFBLW76J1bWuFy","aenZNAyiFMxKK7IQZIuFux","afuNaE72VBhaGCvjpWLsPH","af9oxmIKRFdr4KDwJdmJIZ","b0J4loE99PopN09V0y8MIb","b0kmW6qNBFsZ1eea81eXMC","b1gifhSclCZK+uz6CaQIaJ","b13hal/o1Dko+Akqvu0B2X","b3OeLrBzdP/6UoKjMn71fG","b4CxdE66lKlrlGBAbTogtZ","b4HeogYR9Mzq7ersyU/XNt","b4StAv/vBPb6NPeO5gWcyA","b5R+TUV21GY4OYuSGH6QW1","b5yVMg87xO6qYma09cM9J4","b51npSwJdNnY2r0JshoFmZ","b57J2geWFD1ZocB+MJbMUB","b6D6NERQNC4rknXn6VnVfx","b6lg/Ed4xP0ak65dF2/ceq","b7aEqX+NBB95sbszDACXtl","b7lyEZ2rBEroB6V50cQIPD","b7mPFOiZFM9Zus4UmO/hSh","b8CKqKeRlJko1bmd6Oe64n","b8OLtReHRNB4LDPtlr0Kbc","b9Kna/4BJEe6fakPy7NX72","baEDT1mXhFBLENkmq5BMG+","baSlvyFZhF26GPVspxmkcT","bauB3INKdJo7GZJMCHgKJA","ba2yGLAoZIErhW8V3wM8Rw","bdEfWqVHdLbY/Nd8spDgYK","bdOmacuCFIZq8RIWKHTaFp","bdbcc/EtlPe5lqKU1VPtuA","bd7rs18e5OkrAyGXFnXcmi","bek6Luvr1MYIq1KbInO+8S","bex9kv54hFW54aF3jJK1Gm","be+2nIHgVJCr5zyOkVTeyC","bfVQ7AQQ9MW5E1cPXatBcy","bfqTTMzfxOrLG8m1Gh9HKA","bfvTit7uFNtKSLtRhMu3hP","c2Ry+PcitEIqRZL1iUaTwH","c3FbeKP/ZOlJ7qunxnWA70","c3qjftHB1PA5MaWaEd1LVu","c31cbtxBFGDoIiGJZKXzOr","c4W7WO0/pCtJ4lPKQYEydg","c5BYVFSkdBorX1sRymqIHZ","c5NYgRBqRHaYp0tbXRfttx","c5uTzg4YtLoJZGSe3qddsb","c6bEjh0L9OG4drM4D7j/xX","c6dSxsYnRHKrZBEUB3hwiH","c6lXxNxTdCu4VgqZuAIDhl","c6vlgIvWBDpqn2/zFa4mA6","c7Eur87eJD95wH0WRBjPZF","c7INpsLlJIdbSbFukJ//ZR","c7KJeobl5C3JfzleYtsrTO","c7pU8ma7BHw7gmBSzfFCOD","c75upRkoFNF7Nr/h++zsp8","c8/E7RFl9Aw6gq8KzfaKRq","c9V6ZJ4EdFebX56gJmgDX/","c9pgiuEYBNGZctBP1j84Bv","cab7zzFyZPnrnwzOLFSmTH","ca94Am3RlFUo7SDXqZCg+0","cbPOSXU+lPm7mE8StY0q57","cbqD0sI/FIP4mzfwTuDZ6l","ccSXIXtFlM4bXgllG3gtJy","ccrRQCG+FHD7+VbNrHZ/3y","cc/PvZmLFPfpd38swPxCHW","cc/WRTNi1HVo8cXEGWiSkE","ceiEF6thpO54e4moFXhgAM","cejV2VKnlLCZGyLApoiIj1","cesv6Xs2dGm6FiHslgCW7K","cevGs4Nb5Nn5cW1WF4WiOl","ce7r3JfBNKApSp5L+6Qogi","cfanIcaypHAYc3PfPe09yi","cfidyyzlJM3osnQMS6FyNB","cfkW2aRJpIObGsZMMSKGAJ","cfroIc7y9BO5FUH6dwIMzB","cfxfiHosNJf4R5BDIVAHVP","d0KijOJOtP8p1ZY30WoUnh","d0W6zjB+pCf6y2qZogmZIb","d0aAb2EFVKtJB3k1P0KKmW","d0uXQCAuNL3oFQB4vwdbzr","d09oGYrh1Cj6gS4KT8RBV+","d1KE7hLUFDUpAoYu6E3TdM","d1f4ZhMhxIEJY4Sk+I2W72","d2NcOfCEpCW4TDbf/A/RpG","d3Zl9DlWVKYaaaNISYes9n","d5OU7TgfxMWYQXzC7sKayd","d7Fw8PFxRNPLpqBCx7DQm6","d72ncMJMZN+IYsFV8FoAWs","d7/tq7TslE9JVVJU8LB4Ey","d7/uLVeNJIw6DCOAXKpRPR","d8GzK3AdBBsJF8xCcZUNU3","d8bvxsMMtFDKk3k696rogi","d82PckltxAu4RY94wd6jkF","d9KPDABZVKFZeqGcChEmAS","d956LYN/RMW7ntbuC4QGEI","daE/OUCu9Jsrm1FkWyKAR+","da2dm+L31DjYc9La25bBhz","dbAOkkM2BDKLnfxcytO/Tq","dcbg2LDG5KW5o1uBQXqWCt","dc6E3KA6BAf7zYMiqOixc0","ddCg8q1WVArIBWYlgM4KuW","ddYb0qvMhC84W3IW/mmm9C","ddoTaU9BJKmae+ph2YY6kQ","dfI5pYULtBSKILIQkVKNFD","dfMD3kPexOnIDnwDUUQUHZ","dfj6tDtLZLNarxr5fDoo7F","df8pOsLhdDGYaQDJZxo5JU","e0B0gx3HxOHrt0BAuDTaU+","e0vLgmWOBEA4f3AFyP2k6T","e1ISf1rntDEKl1bCqexFcs","e1LbhNqvtBQJFazVfbkldc","e1/LpP0UxLga/q50OdSf+U","e2DVl0HoxHSK+vALmAmn76","e2ZoqEMVxGFJFXQZpZCj55","e4EIljAMNPuba1JROM9jsH","e4jtACKsBB6rHPtbpwJt6F","e42PcrDIJJ8bNw00qq8aHv","e5c1OFB/NAXo+gADOz3abl","e5rkcJo5VNyJA1NIytZQCl","e6eWWkAYhKC4BYcI6BDZhI","e6h1KOxc9D8rRAjftLcjMD","e7VI4BeoZDj7JTG+H+D7+B","e8JypV8jxOFp0x9DOasRR0","e8WfuH9dtClLm8V4LmpZzF","e81w/MsqVMpZlhkQR5+MwV","e9EqaEmitCdLhM04hF5JPz","e9hY8WMo9LaZkZGf1y4+N+","eaM8Lr9k1HFIxaPuWZVOfj","eaujzscxpJ3LNbEzR7XgUJ","ebLQQu4WBElIuMftThWDcg","eb26Ez9bpA1LjhK+fUCGZd","ecBXG6zwVNsrakD12KQb3L","ecK8iJWo9Mm54LDFb9Vgvi","ecOnb2GLpKWY0RjNZK2Pft","edGVX9Mg1ME69qEx6o90Yv","edURK+VsVN3ZlSnSFAECjp","edZbYaPOpCE4EY/ph2Lk/K","edgOWs/gZFs6fVkW9IL0XB","edwnQyriBGTIjxxTfe6+RV","ed7gs8qIpP0aPNrUhsVott","eeAAIseOJEaoKBCU4L48jc","eeTEuBeepCFqRLh6jlDu68","eeVg8Z1JFEspOt7OFXFjee","ee9KNtYJFFk6RfA7C9OjCm","effdmhwfFLgIE92w/I6jHW","efg3AD2EJKLrS0tjlScB5n","efi8L0jC1N+Z79hgCjHTfm","eflo2s+YVCnZ+h9F2SHbmK","f0oXb4sgRD4rDnCZ9pOo+F","f1CuddhEdM9LrgFAFKQNin","f1R2Yg9uVASJZPjHroPNQU","f1SU1OzlJNiZpK/bEgkDlN","f1eAEUSAdJe6cI621Vs7Cz","f2jdyWZFFI3K7pofGWk0EA","f26pyxZKFEnZuUtKgJ56Tj","f2+kNu7ttJnoMlFEMKWR4k","f3BoeHsFpF9a7z6l/91fnT","f4ypr2oVlMtpOmF+9D0xzR","f5bXW3YTdKyL+yEkFb/iBt","f6SHqyOxhPJJiBbGxg/cY1","f60MRa6mtBxbMH4h/40Kou","f63h0q6qVDebPFyWk/s+OS","f7aL7fqOFIuIuesCL/eNm/","f7iCidCpdIC4hZznExPMRO","f8KvHK0eJGLIaSAqx9xDbw","f8ULCWZlZNcJagyUf0D4pD","f8sjkQveNC6pUeqFvgVvfv","f8xydAi/FGO4UGwrLpvHUk","f8+g1kz3JCVINs95OiuKW7","f95cS4F3NBTqIeqxNbXb3q","f963yuGOpNYKH8NdHwvkup","faXnfddLBN/qYuqs2Rcivk","fatKbGjhlCSqRNtjROVYhy","fcOaPrFsdIVK8ufm4izkMW","fdU833N5VO46vJN7m9APU2","fdy+aGJb5M57d6kpbVUEyC","ffGEa+gsROWrEJE3QrcX4e","ffRqvbrqBKHYi6QrvpHWlG","014l0ENydID55t2OzyXVrT","07ZwGL6R5FFoha4VJ+Tffy","0b/n9VcrhDdalMP4f7lbRx","109XSJLghKaJl9+fYRn8qh","12gXWtBs9IqZLooCub9z0u","14xhy2WWpB7ZN4g44yg/hB","188wN1rnROz7cVQ90O8hEa","1b5n6PJYNCKYVt604lwFVW","1fFWfzTLJDIZm0LgF4OwLk","21Nk5Rn6NJA7b2uMyinbNk","24GKpy9BtJ+KQGFSjMI535","29FYIk+N1GYaeWH/q1NxQO","29YtvfVddGQLt6E0oPmNjr","2bMlicm9pDmL6Mrh4T1rHv","2dX592f3xF97smaH1DUrcJ","31KxK0jzNMtZaEIyXLc6ar","35zQoqh7RHkrzB4HPDPtQh","3aQ778PixDMaoj8XtJxc19","3ae7efMv1CLq2ilvUY/tQi","40TWJp9eVBX7CoCLktQiWM","46qU+g3v1OSoPEDf/cshFN","495YNoxH9EdrytYympmZIc","4bBhxl9FlIeq9hK3uqv3I6","4bsCRzmRZPso/5JB3SPDin","54cvNogjVFVKVLBIxyhaob","57rvDJKvlIUYC0XQqiCm+L","585FHnBJ5Nx5RDUwBhKWuM","5aIcQ1uE5Op5R6f5FEDmBX","5eGrxwYDpK3aLQhgG+I2Fr","62G1+1cGxAYZeSUq1jAXo/","63bOgS139MQasIKo26Igzq","63+7TLDp5Hp46+WHsTKuHv","6dUOiCgJNLpaEAxzT1L2AN","6db2a9IQZOyLPhyAS/sqXG","71ieGPFExOvpvzmNhHnvsL","75eWw9Cx9CRbDnYTmVV0CW","75ynQOxi5GuqEEcj7yVIcC","79ln/Vcd1Dl5Qa9a2S4ztu","7eUA/ecqtKJbHxsn0n8WHp","7eopofAC5Jja0HU6X8Lpk6","81pgx284hKz4Tlrqr1L8Zo","86zMKfHeFCAJHyS8WXzhF9","87umS22z1P/av+jLNHZ5xG","88xa0CygVCwohDQQfvmo6K","89f3foOatE1oEFQR2gs0Zw","8akkguLPJAPrn6EL6xW2Nd","8fukhkXfNH76jz7uVOfKPH","a1NlixxIRD8IloQKKEf9BX","a30R0i3+pOcLZRYX+t3TKQ","a4fXshnzVEB6julN2gjHNb","a9R2AW7eJGzoql/lnwjPLu","a9mapgcgJAUrjubwW/KfCO","aaDGxgDHFItqTCDWlU4Xnx","acmbeXZkZCFq4ULzAnwmV8","b2JODQBwdEu6xw9GscnaRD","b2dmNmxT1Pu7Fy93J/+YtF","b4wDB6ik9J2qq6J30PVnUb","b67gf3BfZD7aFYHOqF+oe9","b8oDdEliJAFrko13kuBWGz","baP/udRO5OcakVES+7qU2k","bbDoDMMzpABrwzNR6W7fbf","c3S23L9yxB7qvcm4mpyg+H","c3kR7jCiZOD7yzDiJHfeWF","c5OLocz01BnJAON9DNUIsq","c7Oc0tR65KdbeoPoCbnD49","cbugjQsDlO2rESxu17FdbQ","d0c3RVDNFEdK200i1OoIjr","d2eDLvVhZCJLEFzqfb5J+E","d8EtKCv2JI3KxWZgeTHTtQ","d8aEgicfVOvI/AvNQa8fW8","e2qKO1X95Gk6tYQAVxQ0sN","e5AkHAYsVCU4mxKFR9UiZF","e9QhjhBWVI/pM/+nNwMnpC","e97GVMl6JHh5Ml5qEDdSGa","ecpdLyjvZBwrvm+cedCcQy","edX9Nw33ZPWqvI2dlNBsg/","f0BIwQ8D5Ml7nTNQbh1YlS","f20v8IEgVA2I6cvOOrFLw+","f3J6COEnZFFLUmHqHZ70gp","f3f4f7NepP7LYmQ5rCiFQW","f5P24ZQIRM5rwVKrFGLjss","f7MKdI4X9PzopUApcXKscC","f8az7Pp3FLwZ4m5/Zn9IpJ","f91tBmDKxO1po5zPoUjx3h","faMwLb6AJI5IYY/TrJUuCD","fbd8jZIf5MyZXjUfj46sKK","fcagWv/x1Hkqg1zFxzLBaU","fdZ+FLNoFGtYmgI6Rsppg4","fdheeWQT1CSrT+iOJGYRyr","fexlzrXhlLTYcjNe9k/Dg4","ff9OvkI7ZBJoRh+au9XI3p"],"scenes":{},"redirect":[569,0,571,0,574,0,575,0,576,1,580,1,581,0,584,0,587,2,589,1,590,1,591,0,597,0,598,1,599,1,600,1,601,0,602,0,603,1,604,0,606,1,607,1,609,0,612,1,613,0,614,0,331,1,616,0,618,1,619,1,620,0,621,1,623,0,625,1,626,1,627,0,628,1,631,0,632,1,633,0,634,0,638,1,639,1,640,1,641,0,642,1,643,2,644,1,645,1,648,1,651,1,652,0,655,0,656,0,658,0,659,0],"deps":["main","common","internal"],"packs":{"011d5a873":[483,501],"014119570":[75,107,137,174,199,212,224,406,417,441],"0158b7d4b":[103,205,274,311,442,519],"015e57fd3":[37,161,291,310,316,362,540],"01b685481":[78,357],"01fddd02d":[32,109,322,344,398,543],"020ff0880":[54,466],"02138c176":[18,21,43,47,84,127,141,143,145,148,168,173,197,206,208,228,232,275,290,318,328,361,395,437,450,452,470,472,497,499,500,521,568],"029c48e37":[17,22,64,114,138,198,237,249,279,288,301,314,377,378,399,405,426,465,482,507,524,559],"0315c679c":[294,453],"032379404":[375,392],"032acffa2":[128,239,490,546],"032df6af6":[35,156,201,207,286,304,309,363,504,525,547],"03fc27b40":[92,164,210,235,491],"0445b0938":[241,510],"04a66b58f":[42,51,56,123,157,169,339,386,549,556],"04b6f035e":[77,189,221,424,487,503],"04c55bf29":[25,44,53,187,223,400,550],"0501634b0":[96,101,120,154,182,242,297,488,553],"05205cf52":[33,119,230,355,393,439,455,551],"06071f685":[195,259],"06a6ea2d8":[110,142,209,298,384,390],"070cd1722":[41,68,160,184,265,282,302,348,425,435],"07159b843":[108,219,513],"0764c7ec6":[152,191,213,347,367,419,436,460,467,552],"077942a9c":[130,518],"07b59514d":[61,159,250,256,321,340,359,494],"080874f18":[20,31,502],"08128f749":[135,257,293,320,408,489,530],"0828aec9a":[28,30,36,48,60,147,155,170,186,211,238,247,260,305,306,324,336,342,354,368,383,397,458,473,476,509,528,529,538,565],"0832fce06":[100,113,133,179,225,277,284,289,296,319,341,351,356,411,457,463,474,508],"083d2b35c":[19,112,153,255,299,332,335,369,454,475],"08808f15b":[50,94,121,129,134,172,193,333,370,380,445,456,479,514,536,541],"08dfda91b":[158,295,338],"0a2858205":[496,567],"0ac242e1e":[183,251],"0ac2c2cf5":[0,1,2,58,59,62,65,66,69,3,72,73,76,79,80,81,82,83,88,89,95,97,102,4,5,6,7,8,9,10,11,12,13,14],"0ac591471":[271,307,325,396,563],"0ad469018":[181,285],"0b2d82eb4":[176,312,523,555],"0bd764798":[26,163,202,300,337,484],"0bf557afe":[217,234,280,323,326,343,350,382,391,410,415,420,630,471,495,520],"0c73b9b4a":[373,531],"0c93df46a":[99,106,188,220,222,506],"0d089c560":[23,434,558],"0d88d1f1a":[71,144,313,401,448,535],"0d8d865a0":[407,527],"0dbf1448a":[34,57,122,233,385,429],"0de423fa6":[85,329],"0e1a5b27d":[63,70,90,185,215,283,468],"0e36d14c0":[124,194,414,440,459,544],"0e56c67ea":[116,204,268]},"name":"home","importBase":"import","nativeBase":"native","debug":false,"isZip":false,"encrypted":false,"versions":{"import":[15,"faf5d",16,"32596","011d5a873","76552","014119570","40fe7","0158b7d4b","f0bbd","015e57fd3","98829","01b685481","1b8dc","01fddd02d","4fbd0","020ff0880","e4bcf","02138c176","62212","029c48e37","acfb4","0315c679c","42c74","032379404","a5ae2","032acffa2","8deb1","032df6af6","92850",24,"0c4a7","03fc27b40","d4a68","0445b0938","941d4","04a66b58f","9ba6d","04b6f035e","0b312","04c55bf29","27455","0501634b0","267bb",27,"0dcf8","05205cf52","6ec31",29,"b8615","06071f685","971a5","06a6ea2d8","03ed9","070cd1722","e076f","07159b843","9b5d7","0764c7ec6","efefd",570,"75b8c","077942a9c","1c6a5","07b59514d","69563","080874f18","4e77b","08128f749","4484b","0828aec9a","fd3a7","0832fce06","64321","083d2b35c","06b6a","08808f15b","8be72","08dfda91b","c1d8d","0a2858205","c77c5","0ac242e1e","07ef5","0ac2c2cf5","f0422","0ac591471","9286b","0ad469018","39e5d",38,"e1b5f","0b2d82eb4","9da5f",39,"7b58a","0bd764798","b42bd","0bf557afe","40dba",40,"bd186","0c73b9b4a","4b2c5","0c93df46a","42185","0d089c560","f7c3c","0d88d1f1a","c7bee","0d8d865a0","95d7c","0dbf1448a","405ee","0de423fa6","00843",45,"b2980","0e1a5b27d","0ab18","0e36d14c0","9a1cc","0e56c67ea","bb8f9",46,"ef7a5",49,"32f61",572,"a77ae",52,"701af",55,"c4e70",573,"e2df3",67,"00dae",74,"da353",86,"061fb",87,"ad90c",91,"370c7",93,"63efa",98,"3e793",577,"50238",104,"5c523",105,"33dc7",578,"65efe",111,"914d6",579,"6e102",115,"8eea9",117,"44885",118,"f787b",582,"6ffbf",125,"a31a0",126,"f9466",583,"53517",131,"a91de",132,"38e25",136,"9b038",139,"2bc21",140,"4a66d",146,"3c3ef",585,"68cde",149,"dfac8",150,"1e2da",151,"49d3d",586,"ee14d",162,"6a59b",165,"e2b57",166,"7c6d3",167,"2b02c",171,"5c6ef",175,"02725",177,"2c8c0",178,"de507",588,"1f734",180,"6cfe6",190,"30732",192,"2cabd",196,"2225c",200,"7c6f6",203,"065bc",592,"6e22c",593,"ee8a1",214,"1eb51",216,"40a25",218,"a638e",594,"8d551",595,"a5b74",596,"fb207",226,"2aee2",227,"b7892",229,"ae650",231,"dc5c1",236,"fcef4",240,"6e2f8",243,"f6b0a",244,"67bf1",245,"58262",246,"e404b",248,"107b4",252,"68751",253,"85a97",254,"e6c70",258,"bfa0c",261,"5825f",262,"f5c17",263,"e1bcd",264,"a11a5",266,"924ca",267,"9a30c",269,"6a50c",270,"70c39",272,"d95d3",273,"942c7",276,"742bd",278,"a966d",281,"a9ac7",605,"3825a",287,"be5c9",292,"6ab7c",303,"e6aad",608,"0ea4f",308,"5d057",315,"13588",317,"4350e",610,"b29a0",611,"9dc83",327,"2f3a7",330,"e12ae",615,"01cf7",334,"b7e60",345,"b2ef6",346,"5bceb",349,"02a10",352,"bb813",353,"af5db",358,"2e34d",360,"83740",364,"cfa53",365,"9712b",366,"701fa",617,"ea90f",371,"77d11",372,"db8a6",374,"22112",376,"0ea97",379,"f209b",381,"d44df",387,"13665",388,"b6e44",389,"b4369",622,"e9551",394,"47d80",624,"79d55",402,"82b42",403,"45d5b",404,"5acd7",409,"e3e31",412,"264d2",413,"6f8e6",416,"64053",418,"41a3c",629,"e66d2",421,"6ce55",422,"1d8eb",423,"0dae8",427,"b37ee",428,"68a1b",430,"515a8",431,"6c382",432,"a1f1e",433,"334da",438,"fec93",443,"dcd37",444,"fd006",446,"beb8d",447,"3c1c4",449,"fa22e",451,"a1f63",461,"ac081",462,"a0485",464,"cbf3f",469,"d4f58",635,"26326",636,"2d7ba",477,"88f80",478,"833f7",480,"e7347",637,"c2d96",481,"4bae0",485,"2236c",486,"fe431",492,"c022e",493,"e9dc7",498,"9b955",505,"2f149",511,"a8c0e",512,"defba",515,"a1af8",516,"922fc",517,"71745",522,"09ad8",526,"3e7f1",532,"4710f",533,"6910f",534,"4ec6d",537,"29933",539,"0b19a",542,"8b99a",646,"9d5e3",545,"7696a",647,"26971",548,"d5125",649,"02ac2",650,"c770b",554,"6cad4",557,"cb8de",560,"7dd53",561,"1bf90",653,"9a287",562,"92e97",654,"6ad0d",564,"43741",657,"d90b3",566,"eb1e9"],"native":[0,"8a0e1",1,"c80bd",2,"ae804",58,"3c45b",59,"3c148",62,"2f273",65,"f161b",66,"04bf9",69,"4eedd",3,"740c3",72,"277e5",73,"2229b",76,"f201d",79,"16f9c",80,"1ed1c",81,"7c170",82,"2e2ef",83,"1e14f",88,"72591",89,"2ad42",95,"19eb1",97,"8fa1b",102,"0198e",4,"6a3f8",5,"3de7a",6,"0c547",7,"3c027",8,"cb606",9,"38335",10,"ae25f",11,"2c861",12,"44de4",13,"442c8",14,"6827c"]}}