[{"__type__":"cc.SpriteFrame","content":{"name":"cue_12","texture":"154da9b31","rect":[3,131,198,1485],"offset":[0,0],"originalSize":[198,1485],"rotated":1,"capInsets":[0,0,0,0]}},[{"__type__":"cc.Prefab","_name":"Qiugan_12","data":{"__id__":1}},{"__type__":"cc.Node","_name":"Qiugan_12","_children":[{"__id__":2},{"__id__":3},{"__id__":4}],"_prefab":{"__type__":"cc.PrefabInfo","root":{"__id__":1},"asset":{"__uuid__":"f9zoG6YnJFEZjkR+2tsRbr"},"fileId":"04oxO7zm9DPonfOZWZ0fig"},"_contentSize":{"__type__":"cc.Size","height":1200},"_anchorPoint":{"__type__":"cc.Vec2","x":0.5},"_trs":{"__type__":"TypedArray","ctor":"Float64Array","array":[0,0,0,0,0,0,1,1,1,1]}},{"__type__":"cc.Node","_name":"Ball_yinying","_parent":{"__id__":1},"_components":[{"__type__":"cc.Sprite","node":{"__id__":2},"_materials":[{"__uuid__":"ecpdLyjvZBwrvm+cedCcQy"}],"_spriteFrame":{"__uuid__":"f4B1DnxP1NJrNq3B/5DYAD"},"_sizeMode":0}],"_prefab":{"__type__":"cc.PrefabInfo","root":{"__id__":1},"asset":{"__uuid__":"f9zoG6YnJFEZjkR+2tsRbr"},"fileId":"32rl6GPOpKkZS63vMS0P7z"},"_opacity":20,"_color":{"__type__":"cc.Color"},"_contentSize":{"__type__":"cc.Size","width":160,"height":1200},"_anchorPoint":{"__type__":"cc.Vec2","x":0.5},"_trs":{"__type__":"TypedArray","ctor":"Float64Array","array":[-40.491,-20.693,0,0,0,0,1,1,1,1]}},{"__type__":"cc.Node","_name":"Ball_1","_parent":{"__id__":1},"_components":[{"__type__":"cc.Sprite","node":{"__id__":3},"_materials":[{"__uuid__":"ecpdLyjvZBwrvm+cedCcQy"}],"_spriteFrame":{"__uuid__":"f4B1DnxP1NJrNq3B/5DYAD"},"_sizeMode":0}],"_prefab":{"__type__":"cc.PrefabInfo","root":{"__id__":1},"asset":{"__uuid__":"f9zoG6YnJFEZjkR+2tsRbr"},"fileId":"646BQkpZtJEqalHDMqNhak"},"_contentSize":{"__type__":"cc.Size","width":160,"height":1200},"_anchorPoint":{"__type__":"cc.Vec2","x":0.5},"_trs":{"__type__":"TypedArray","ctor":"Float64Array","array":[-2.309,21.835,0,0,0,0,1,1,1,1]}},{"__type__":"cc.Node","_name":"Effect","_parent":{"__id__":1},"_components":[{"__type__":"cc.Sprite","node":{"__id__":4},"_materials":[{"__uuid__":"ecpdLyjvZBwrvm+cedCcQy"}],"_dstBlendFactor":1,"_spriteFrame":{"__uuid__":"c9M5LC7+dB7LjebRKSTLvJ"}},{"__type__":"cc.Animation","node":{"__id__":4},"_defaultClip":{"__uuid__":"6aYSLUARlOmp6KRfzz1Jvv"},"_clips":[{"__uuid__":"6aYSLUARlOmp6KRfzz1Jvv"}],"playOnLoad":true}],"_prefab":{"__type__":"cc.PrefabInfo","root":{"__id__":1},"asset":{"__uuid__":"f9zoG6YnJFEZjkR+2tsRbr"},"fileId":"0evHpWZ9pD25ayG4/Bi/u6"},"_contentSize":{"__type__":"cc.Size","width":125,"height":125},"_trs":{"__type__":"TypedArray","ctor":"Float64Array","array":[0,1146.579,0,0,0,0,1,2.388,2.388,2.388]}}]]