[{"__type__":"cc.SpriteFrame","content":{"name":"倒计时","texture":"18d37ab2d","rect":[546,915,168,50],"offset":[0,0],"originalSize":[168,50],"capInsets":[0,0,0,0]}},[{"__type__":"cc.Prefab","_name":"reviveLayer","data":{"__id__":1}},{"__type__":"cc.Node","_name":"reviveLayer","_children":[{"__id__":2},{"__id__":3}],"_components":[{"__type__":"cc.Widget","node":{"__id__":1},"_alignFlags":45},{"__type__":"cc.BlockInputEvents","node":{"__id__":1}},{"__type__":"e1b8b1pEmVDPYa0vXJBbr0O","node":{"__id__":1}}],"_prefab":{"__type__":"cc.PrefabInfo","root":{"__id__":1},"asset":{"__uuid__":"1aL3Htbi1PQKcwUvWx0HeO"},"fileId":"b2ZI9uCE5Au74Q/STRz0iL"},"_contentSize":{"__type__":"cc.Size","width":750,"height":1334},"_trs":{"__type__":"TypedArray","ctor":"Float64Array","array":[375,667,0,0,0,0,1,1,1,1]}},{"__type__":"cc.Node","_name":"mask","_parent":{"__id__":1},"_components":[{"__type__":"cc.Sprite","node":{"__id__":2},"_materials":[{"__uuid__":"ecpdLyjvZBwrvm+cedCcQy"}],"_spriteFrame":{"__uuid__":"fdZ+FLNoFGtYmgI6Rsppg4"},"_type":1,"_sizeMode":0,"_isTrimmedMode":false},{"__type__":"cc.Button","node":{"__id__":2},"_N$normalColor":{"__type__":"cc.Color","r":214,"g":214,"b":214},"_N$target":{"__id__":2}},{"__type__":"cc.Widget","node":{"__id__":2},"_alignFlags":45,"_left":-1,"_right":-1,"_top":-1,"_bottom":-1,"_originalWidth":16,"_originalHeight":16}],"_prefab":{"__type__":"cc.PrefabInfo","root":{"__id__":1},"asset":{"__uuid__":"1aL3Htbi1PQKcwUvWx0HeO"},"fileId":"67EbqYNDxBRautS9PwfMF8"},"_opacity":180,"_contentSize":{"__type__":"cc.Size","width":752,"height":1336},"_trs":{"__type__":"TypedArray","ctor":"Float64Array","array":[0,0,0,0,0,0,1,1,1,1]}},{"__type__":"cc.Node","_name":"dialog","_parent":{"__id__":1},"_children":[{"__id__":4},{"__id__":17},{"__id__":19}],"_components":[{"__type__":"96549DGCmlIcZghb3AfRGQI","node":{"__id__":3}}],"_prefab":{"__type__":"cc.PrefabInfo","root":{"__id__":1},"asset":{"__uuid__":"1aL3Htbi1PQKcwUvWx0HeO"},"fileId":"4e0olrghFBEIcfnNmjyfTT"},"_trs":{"__type__":"TypedArray","ctor":"Float64Array","array":[0,0,0,0,0,0,1,1,1,1]}},{"__type__":"cc.Node","_name":"contents","_parent":{"__id__":3},"_children":[{"__id__":5},{"__id__":6},{"__id__":7},{"__id__":8},{"__id__":9},{"__id__":10},{"__id__":14},{"__id__":15}],"_components":[{"__type__":"09bd4f7l0NPfpseMfFdw+uE","node":{"__id__":4}},{"__type__":"cc.BlockInputEvents","node":{"__id__":4}}],"_prefab":{"__type__":"cc.PrefabInfo","root":{"__id__":1},"asset":{"__uuid__":"1aL3Htbi1PQKcwUvWx0HeO"},"fileId":"4aiSlis7pBhLGvmKKezuRa"},"_contentSize":{"__type__":"cc.Size","width":636,"height":466},"_trs":{"__type__":"TypedArray","ctor":"Float64Array","array":[0,167.241,0,0,0,0,1,1,1,1]}},{"__type__":"cc.Node","_name":"bg","_parent":{"__id__":4},"_components":[{"__type__":"cc.Sprite","node":{"__id__":5},"_materials":[{"__uuid__":"ecpdLyjvZBwrvm+cedCcQy"}],"_spriteFrame":{"__uuid__":"7eUA/ecqtKJbHxsn0n8WHp"},"_type":1,"_sizeMode":0,"_isTrimmedMode":false}],"_prefab":{"__type__":"cc.PrefabInfo","root":{"__id__":1},"asset":{"__uuid__":"1aL3Htbi1PQKcwUvWx0HeO"},"fileId":"ad10fh3cdFm46OvsbsbPYr"},"_contentSize":{"__type__":"cc.Size","width":625,"height":466},"_trs":{"__type__":"TypedArray","ctor":"Float64Array","array":[0,0,0,0,0,0,1,1,1,1]}},{"__type__":"cc.Node","_name":"title_light","_parent":{"__id__":4},"_components":[{"__type__":"ade161OMgVMKpmjDqerbeZb","node":{"__id__":6},"_prefab":{"__uuid__":"a9R2AW7eJGzoql/lnwjPLu"}}],"_prefab":{"__type__":"cc.PrefabInfo","root":{"__id__":1},"asset":{"__uuid__":"1aL3Htbi1PQKcwUvWx0HeO"},"fileId":"89NkZgL8dK7oy/rpW6wzNQ"},"_contentSize":{"__type__":"cc.Size","width":618,"height":104},"_trs":{"__type__":"TypedArray","ctor":"Float64Array","array":[0,178,0,0,0,0,1,1,1,1]}},{"__type__":"cc.Node","_name":"title","_parent":{"__id__":4},"_components":[{"__type__":"cc.Sprite","node":{"__id__":7},"_materials":[{"__uuid__":"ecpdLyjvZBwrvm+cedCcQy"}],"_spriteFrame":{"__uuid__":"a0lEVwOGtGwrdSyGE5kqOB"}}],"_prefab":{"__type__":"cc.PrefabInfo","root":{"__id__":1},"asset":{"__uuid__":"1aL3Htbi1PQKcwUvWx0HeO"},"fileId":"33JOgM495LMqWbIuAdY1ju"},"_contentSize":{"__type__":"cc.Size","width":103,"height":47},"_trs":{"__type__":"TypedArray","ctor":"Float64Array","array":[0,173,0,0,0,0,1,1,1,1]}},{"__type__":"cc.Node","_name":"timer_title","_parent":{"__id__":4},"_components":[{"__type__":"cc.Sprite","node":{"__id__":8},"_materials":[{"__uuid__":"ecpdLyjvZBwrvm+cedCcQy"}],"_spriteFrame":{"__uuid__":"04mSa29p1O4Y+s14NhYO8A"}}],"_prefab":{"__type__":"cc.PrefabInfo","root":{"__id__":1},"asset":{"__uuid__":"1aL3Htbi1PQKcwUvWx0HeO"},"fileId":"3dGSro3whHCrDjFiXymQlt"},"_contentSize":{"__type__":"cc.Size","width":168,"height":50},"_trs":{"__type__":"TypedArray","ctor":"Float64Array","array":[-50.638,27,0,0,0,0,1,1,1,1]}},{"__type__":"cc.Node","_name":"timer_lbl","_parent":{"__id__":4},"_components":[{"__type__":"cc.Label","node":{"__id__":9},"_materials":[{"__uuid__":"ecpdLyjvZBwrvm+cedCcQy"}],"_useOriginalSize":false,"_string":"10","_N$string":"10","_fontSize":53,"_lineHeight":55,"_N$horizontalAlign":1,"_N$verticalAlign":1}],"_prefab":{"__type__":"cc.PrefabInfo","root":{"__id__":1},"asset":{"__uuid__":"1aL3Htbi1PQKcwUvWx0HeO"},"fileId":"efyPF/rwZL2Y053voysqCd"},"_color":{"__type__":"cc.Color","r":40,"g":151,"b":227},"_contentSize":{"__type__":"cc.Size","width":58.95,"height":69.3},"_trs":{"__type__":"TypedArray","ctor":"Float64Array","array":[108.697,27,0,0,0,0,1,1,1,1]}},{"__type__":"cc.Node","_name":"free_btn","_parent":{"__id__":4},"_children":[{"__id__":11},{"__id__":12},{"__id__":13}],"_components":[{"__type__":"cc.Button","node":{"__id__":10},"_normalMaterial":{"__uuid__":"ecpdLyjvZBwrvm+cedCcQy"},"zoomScale":1.1,"_N$transition":3,"transition":3},{"__type__":"3a0bdMWXApFAIRZFct2j8zt","node":{"__id__":10},"sharePos":4040,"callback":{"__type__":"cc.ClickEvent","target":{"__id__":1},"_componentId":"e1b8b1pEmVDPYa0vXJBbr0O","handler":"onRewardCallback"},"autoRefresh":true}],"_prefab":{"__type__":"cc.PrefabInfo","root":{"__id__":1},"asset":{"__uuid__":"1aL3Htbi1PQKcwUvWx0HeO"},"fileId":"71dCHM4JxMWbRfjcVTLvEx"},"_contentSize":{"__type__":"cc.Size","width":294,"height":104},"_trs":{"__type__":"TypedArray","ctor":"Float64Array","array":[0,-113.226,0,0,0,0,1,1,1,0]}},{"__type__":"cc.Node","_name":"text","_parent":{"__id__":10},"_components":[{"__type__":"cc.Sprite","node":{"__id__":11},"_materials":[{"__uuid__":"ecpdLyjvZBwrvm+cedCcQy"}],"_spriteFrame":{"__uuid__":"7eac3IJpxAVpeSt/6dAtHv"}}],"_prefab":{"__type__":"cc.PrefabInfo","root":{"__id__":1},"asset":{"__uuid__":"1aL3Htbi1PQKcwUvWx0HeO"},"fileId":"f2G5DmMLZH1JqEyAgZcjel"},"_contentSize":{"__type__":"cc.Size","width":315,"height":121},"_trs":{"__type__":"TypedArray","ctor":"Float64Array","array":[0,-8,0,0,0,0,1,1,1,1]}},{"__type__":"cc.Node","_name":"video","_parent":{"__id__":10},"_components":[{"__type__":"cc.Sprite","node":{"__id__":12},"_materials":[{"__uuid__":"ecpdLyjvZBwrvm+cedCcQy"}],"_spriteFrame":{"__uuid__":"88xa0CygVCwohDQQfvmo6K"}}],"_prefab":{"__type__":"cc.PrefabInfo","root":{"__id__":1},"asset":{"__uuid__":"1aL3Htbi1PQKcwUvWx0HeO"},"fileId":"58ztnTFDdP2ZdI8P+XtuvJ"},"_contentSize":{"__type__":"cc.Size","width":67,"height":51},"_trs":{"__type__":"TypedArray","ctor":"Float64Array","array":[-87.823,2,0,0,0,0,1,1,1,1]}},{"__type__":"cc.Node","_name":"share","_parent":{"__id__":10},"_active":false,"_components":[{"__type__":"cc.Sprite","node":{"__id__":13},"_materials":[{"__uuid__":"ecpdLyjvZBwrvm+cedCcQy"}],"_spriteFrame":{"__uuid__":"f8az7Pp3FLwZ4m5/Zn9IpJ"}}],"_prefab":{"__type__":"cc.PrefabInfo","root":{"__id__":1},"asset":{"__uuid__":"1aL3Htbi1PQKcwUvWx0HeO"},"fileId":"aaqY4ZM1JFgLVor03N+x45"},"_contentSize":{"__type__":"cc.Size","width":49,"height":45},"_trs":{"__type__":"TypedArray","ctor":"Float64Array","array":[-87.823,2,0,0,0,0,1,1,1,1]}},{"__type__":"cc.Node","_name":"coins_btn","_parent":{"__id__":4},"_active":false,"_components":[{"__type__":"cc.Sprite","node":{"__id__":14},"_materials":[{"__uuid__":"ecpdLyjvZBwrvm+cedCcQy"}],"_spriteFrame":{"__uuid__":"30hf1ofQdDmag60jcjx1tS"}},{"__type__":"cc.Button","node":{"__id__":14},"_normalMaterial":{"__uuid__":"ecpdLyjvZBwrvm+cedCcQy"},"zoomScale":1.1,"clickEvents":[{"__type__":"cc.ClickEvent","target":{"__id__":1},"_componentId":"e1b8b1pEmVDPYa0vXJBbr0O","handler":"onCoinsBtnClick"}],"_N$transition":3,"transition":3}],"_prefab":{"__type__":"cc.PrefabInfo","root":{"__id__":1},"asset":{"__uuid__":"1aL3Htbi1PQKcwUvWx0HeO"},"fileId":"0fG8yWTsBG4bI8rAcCO5Fb"},"_contentSize":{"__type__":"cc.Size","width":279,"height":107},"_trs":{"__type__":"TypedArray","ctor":"Float64Array","array":[0,-154.167,0,0,0,0,1,1,1,1]}},{"__type__":"cc.Node","_name":"close_btn","_parent":{"__id__":4},"_children":[{"__id__":16}],"_components":[{"__type__":"cc.Button","node":{"__id__":15},"zoomScale":1.1,"_N$transition":3,"transition":3}],"_prefab":{"__type__":"cc.PrefabInfo","root":{"__id__":1},"asset":{"__uuid__":"1aL3Htbi1PQKcwUvWx0HeO"},"fileId":"d6QPqGPzRMM47D45wtaLQd"},"_contentSize":{"__type__":"cc.Size","width":198,"height":70},"_trs":{"__type__":"TypedArray","ctor":"Float64Array","array":[0,-287.277,0,0,0,0,1,1,1,0]}},{"__type__":"cc.Node","_name":"text","_parent":{"__id__":15},"_components":[{"__type__":"cc.Sprite","node":{"__id__":16},"_materials":[{"__uuid__":"ecpdLyjvZBwrvm+cedCcQy"}],"_spriteFrame":{"__uuid__":"76OuQITi1Kd7rOtMKCrX0h"}}],"_prefab":{"__type__":"cc.PrefabInfo","root":{"__id__":1},"asset":{"__uuid__":"1aL3Htbi1PQKcwUvWx0HeO"},"fileId":"c1dIr9j6VOEZOWEQEziYND"},"_contentSize":{"__type__":"cc.Size","width":138,"height":30},"_trs":{"__type__":"TypedArray","ctor":"Float64Array","array":[0,0,0,0,0,0,1,1,1,1]}},{"__type__":"cc.Node","_name":"top","_parent":{"__id__":3},"_children":[{"__id__":18}],"_components":[{"__type__":"cc.Widget","node":{"__id__":17},"_alignFlags":8,"_left":-375,"_top":-1.0349999999999682},{"__type__":"e57e4IZMt1DRIedJi+eZop6","node":{"__id__":17}},{"__type__":"96549DGCmlIcZghb3AfRGQI","node":{"__id__":17}}],"_prefab":{"__type__":"cc.PrefabInfo","root":{"__id__":1},"asset":{"__uuid__":"1aL3Htbi1PQKcwUvWx0HeO"},"fileId":"d01retCj9MXoj4ygvjIZ76"},"_trs":{"__type__":"TypedArray","ctor":"Float64Array","array":[-375,668.035,0,0,0,0,1,1,1,1]}},{"__type__":"cc.Node","_name":"money_bar","_parent":{"__id__":17},"_components":[{"__type__":"ade161OMgVMKpmjDqerbeZb","node":{"__id__":18},"_prefab":{"__uuid__":"1b5n6PJYNCKYVt604lwFVW"}}],"_prefab":{"__type__":"cc.PrefabInfo","root":{"__id__":1},"asset":{"__uuid__":"1aL3Htbi1PQKcwUvWx0HeO"},"fileId":"d4hRpS7ahOkaPj2U+Akbci"},"_trs":{"__type__":"TypedArray","ctor":"Float64Array","array":[0,-80,0,0,0,0,1,1,1,1]}},{"__type__":"cc.Node","_name":"banner","_parent":{"__id__":3},"_components":[{"__type__":"ce3f9aG6A1If7y9kH3tgvq2","node":{"__id__":19}}],"_prefab":{"__type__":"cc.PrefabInfo","root":{"__id__":1},"asset":{"__uuid__":"1aL3Htbi1PQKcwUvWx0HeO"},"fileId":"baUm+0hiNJnZraTn4AM4oF"},"_trs":{"__type__":"TypedArray","ctor":"Float64Array","array":[0,-165.721,0,0,0,0,1,1,1,1]}}],{"__type__":"cc.SpriteFrame","content":{"name":"-100复活","texture":"1e23cd0ad","rect":[354,903,279,107],"offset":[0,0],"originalSize":[279,107],"capInsets":[0,0,0,0]}}]