[{"__type__":"cc.SpriteFrame","content":{"name":"juxingsuipian","texture":"36MtE+vF1GSbKmew8ZsBfi","rect":[0,0,4,7],"offset":[0,0],"originalSize":[4,7],"capInsets":[0,0,0,0]}},[{"__type__":"cc.Prefab","_name":"jinqiu_caidai","data":{"__id__":1}},{"__type__":"cc.Node","_name":"jiqiu_dianji","_children":[{"__id__":2},{"__id__":3},{"__id__":4}],"_prefab":{"__type__":"cc.PrefabInfo","root":{"__id__":1},"asset":{"__uuid__":"fcejx9t+1GA6WO5CGVdKX/"},"fileId":"41A6RjaoxPb64PPyrSTG5T"},"_trs":{"__type__":"TypedArray","ctor":"Float64Array","array":[0,0,0,0,0,0,1,1,1,1]}},{"__type__":"cc.Node","_name":"effect_jinqiu_ske","_parent":{"__id__":1},"_components":[{"__type__":"dragonBones.ArmatureDisplay","node":{"__id__":2},"_materials":[{"__uuid__":"ecpdLyjvZBwrvm+cedCcQy"}],"_armatureName":"Armature","_animationName":"caidai","_preCacheMode":0,"playTimes":1,"_armatureKey":"3c489cbf-cf3b-4ab9-b792-ced5521564a5#0077eebb-d083-46be-8df5-4b3b82fa466f","_N$dragonAsset":{"__uuid__":"3cSJy/zztKubeSztVSFWSl"},"_N$dragonAtlasAsset":{"__uuid__":"00d+670INGvo31SzuC+kZv"}}],"_prefab":{"__type__":"cc.PrefabInfo","root":{"__id__":1},"asset":{"__uuid__":"fcejx9t+1GA6WO5CGVdKX/"},"fileId":"e5Su3sytBLyaxFfYCjD4ii"},"_contentSize":{"__type__":"cc.Size","width":357.75,"height":181.5},"_trs":{"__type__":"TypedArray","ctor":"Float64Array","array":[0,0,0,0,0,0,1,1,1,1]}},{"__type__":"cc.Node","_name":"part1","_parent":{"__id__":1},"_components":[{"__type__":"cc.ParticleSystem","node":{"__id__":3},"_materials":[{"__uuid__":"ecpdLyjvZBwrvm+cedCcQy"}],"_dstBlendFactor":1,"_custom":true,"_spriteFrame":{"__uuid__":"55NXrRpz9LGbhxgcKanyGs"},"playOnLoad":false,"totalParticles":80,"duration":0.2,"emissionRate":160,"life":0.5,"_startColor":{"__type__":"cc.Color","r":23,"g":255,"b":81},"_startColorVar":{"__type__":"cc.Color","r":255,"g":173,"b":231,"a":0},"_endColor":{"__type__":"cc.Color","r":255,"g":55,"b":59,"a":0},"_endColorVar":{"__type__":"cc.Color","r":209,"g":139,"b":169,"a":241},"angle":162.9,"angleVar":180,"startSize":10,"startSizeVar":5,"endSize":10,"endSizeVar":3,"endSpin":197.1,"endSpinVar":36.3,"posVar":{"__type__":"cc.Vec2","x":10,"y":10},"_positionType":1,"positionType":1,"gravity":{"__type__":"cc.Vec2","y":-233.5},"speed":0,"speedVar":317,"tangentialAccel":0,"tangentialAccelVar":302.6,"radialAccel":-40.3,"radialAccelVar":172.9}],"_prefab":{"__type__":"cc.PrefabInfo","root":{"__id__":1},"asset":{"__uuid__":"fcejx9t+1GA6WO5CGVdKX/"},"fileId":"c0CfgvzfJFEZHcNVn70m9a"},"_trs":{"__type__":"TypedArray","ctor":"Float64Array","array":[37,-25,0,0,0,0,1,1,1,1]}},{"__type__":"cc.Node","_name":"part2","_parent":{"__id__":1},"_components":[{"__type__":"cc.ParticleSystem","node":{"__id__":4},"_materials":[{"__uuid__":"ecpdLyjvZBwrvm+cedCcQy"}],"_dstBlendFactor":1,"_custom":true,"_spriteFrame":{"__uuid__":"55NXrRpz9LGbhxgcKanyGs"},"playOnLoad":false,"totalParticles":80,"duration":0.2,"emissionRate":160,"life":0.5,"_startColor":{"__type__":"cc.Color","r":23,"g":255,"b":81},"_startColorVar":{"__type__":"cc.Color","r":255,"g":173,"b":231,"a":0},"_endColor":{"__type__":"cc.Color","r":255,"g":55,"b":59,"a":0},"_endColorVar":{"__type__":"cc.Color","r":209,"g":139,"b":169,"a":241},"angle":162.9,"angleVar":180,"startSize":10,"startSizeVar":5,"endSize":10,"endSizeVar":3,"endSpin":197.1,"endSpinVar":36.3,"posVar":{"__type__":"cc.Vec2","x":10,"y":10},"_positionType":1,"positionType":1,"gravity":{"__type__":"cc.Vec2","y":-233.5},"speed":0,"speedVar":317,"tangentialAccel":0,"tangentialAccelVar":302.6,"radialAccel":-40.3,"radialAccelVar":172.9}],"_prefab":{"__type__":"cc.PrefabInfo","root":{"__id__":1},"asset":{"__uuid__":"fcejx9t+1GA6WO5CGVdKX/"},"fileId":"5b3sjT7V1L/oPQxpTxy2B7"},"_trs":{"__type__":"TypedArray","ctor":"Float64Array","array":[-25,45,0,0,0,0,1,1,1,1]}}]]