[{"__type__":"cc.BitmapFont","_name":"yellow","spriteFrame":{"__uuid__":"8efJw3IFlEW6+T5bQv2zKN"},"fontSize":29,"_fntConfig":{"commonHeight":28,"fontSize":29,"atlasName":"yellow_0.png","fontDefDictionary":{"48":{"rect":{"x":0,"y":0,"width":27,"height":29},"xOffset":0,"yOffset":0,"xAdvance":27},"49":{"rect":{"x":28,"y":0,"width":27,"height":29},"xOffset":0,"yOffset":0,"xAdvance":27},"50":{"rect":{"x":56,"y":0,"width":27,"height":29},"xOffset":0,"yOffset":0,"xAdvance":27},"51":{"rect":{"x":84,"y":0,"width":27,"height":29},"xOffset":0,"yOffset":0,"xAdvance":27},"52":{"rect":{"x":0,"y":30,"width":27,"height":29},"xOffset":0,"yOffset":0,"xAdvance":27},"53":{"rect":{"x":28,"y":30,"width":27,"height":29},"xOffset":0,"yOffset":0,"xAdvance":27},"54":{"rect":{"x":56,"y":30,"width":27,"height":29},"xOffset":0,"yOffset":0,"xAdvance":27},"55":{"rect":{"x":84,"y":30,"width":27,"height":29},"xOffset":0,"yOffset":0,"xAdvance":27},"56":{"rect":{"x":0,"y":60,"width":27,"height":29},"xOffset":0,"yOffset":0,"xAdvance":27},"57":{"rect":{"x":28,"y":60,"width":27,"height":29},"xOffset":0,"yOffset":0,"xAdvance":27}},"kerningDict":{}}},{"__type__":"cc.SpriteFrame","content":{"name":"yellow_0","texture":"1298ae8a0","rect":[677,929,111,89],"offset":[-8.5,19.5],"originalSize":[128,128],"capInsets":[0,0,0,0]}}]