{"__type__":"cc.AnimationClip","_name":"Smoke_1","_duration":1.0666666666666667,"sample":15,"wrapMode":2,"curveData":{"comps":{"cc.Sprite":{"spriteFrame":[{"frame":0,"value":{"__uuid__":"f7ExxeTzRN8b6KaWfodFiO"}},{"frame":0.06666666666666667,"value":{"__uuid__":"bdCESoy4hO86kr+hJYfUir"}},{"frame":0.13333333333333333,"value":{"__uuid__":"06YcurawRFu6gm78W9It52"}},{"frame":0.2,"value":{"__uuid__":"0b0IsHHYJFQ4ieiAFrymm5"}},{"frame":0.26666666666666666,"value":{"__uuid__":"91ZfUoOdhNUr+iIzMtaZs5"}},{"frame":0.3333333333333333,"value":{"__uuid__":"9e0K2DsktCj4zUWJC8+9NL"}},{"frame":0.4,"value":{"__uuid__":"82dIkPRFdD/IaM8LbG0+sm"}},{"frame":0.4666666666666667,"value":{"__uuid__":"e1y66z8/hF2KIekxyZtHTg"}},{"frame":0.5333333333333333,"value":{"__uuid__":"81QfIuQ/dIK62Fp8ljYWku"}},{"frame":0.6,"value":{"__uuid__":"0fkqFFuBNKULHtwFFYRgaJ"}},{"frame":0.6666666666666666,"value":{"__uuid__":"3eo5uRZJpD66HaJrceY1Xg"}},{"frame":0.7333333333333333,"value":{"__uuid__":"c5UL74/ulB66lP7ec2Z7I2"}},{"frame":0.8,"value":{"__uuid__":"afBbH+3c5C+42RmDXA9OKC"}},{"frame":0.8666666666666667,"value":{"__uuid__":"04pi34inZDGqR4JOSYo1QB"}},{"frame":0.9333333333333333,"value":{"__uuid__":"81Okgtuk5BqblH0xNECgk/"}},{"frame":1,"value":{"__uuid__":"db8Kvg+c5GWqhw7jl9As2I"}}]}}}}