[{"__type__":"cc.SpriteFrame","content":{"name":"pool2_ball_thumb_highlight","texture":"13ba4cd6d","rect":[471,957,64,64],"offset":[0,0],"originalSize":[64,64],"capInsets":[0,0,0,0]}},[{"__type__":"cc.Prefab","_name":"ballThumb","data":{"__id__":1}},{"__type__":"cc.Node","_name":"ballExtra","_children":[{"__id__":2}],"_components":[{"__type__":"d35b1sD+L1JXrBa5q6sJckT","node":{"__id__":1},"subNodeParent":{"__id__":1},"showHighlightNode":false,"showTargetHintNode":false}],"_prefab":{"__type__":"cc.PrefabInfo","root":{"__id__":1},"asset":{"__uuid__":"d5CbtMoRVGm4NLov6i4Vi2"},"fileId":"ceTIWSq+hN74gLIqYDz2qT"},"_contentSize":{"__type__":"cc.Size","width":32,"height":32},"_trs":{"__type__":"TypedArray","ctor":"Float64Array","array":[0,0,0,0,0,0,1,1,1,1]},"_groupIndex":3,"groupIndex":3},{"__type__":"cc.Node","_name":"high_light2","_parent":{"__id__":1},"_components":[{"__type__":"cc.Sprite","node":{"__id__":2},"_materials":[{"__uuid__":"ecpdLyjvZBwrvm+cedCcQy"}],"_spriteFrame":{"__uuid__":"88zSW5bhxItbQCv+gdXVGm"},"_sizeMode":0}],"_prefab":{"__type__":"cc.PrefabInfo","root":{"__id__":1},"asset":{"__uuid__":"d5CbtMoRVGm4NLov6i4Vi2"},"fileId":"ef9MoMNMxEcKKthTh2RFLM"},"_contentSize":{"__type__":"cc.Size","width":32,"height":32},"_trs":{"__type__":"TypedArray","ctor":"Float64Array","array":[0,0,0,0,0,0,1,1,1,1]}}]]