[{"__type__":"cc.SpriteFrame","content":{"name":"pl_tutorial_force_arrow","texture":"13ba4cd6d","rect":[787,113,174,78],"offset":[0,0],"originalSize":[176,80],"capInsets":[55,0,86,0]}},[{"__type__":"cc.Prefab","_name":"hand_anim","data":{"__id__":1}},{"__type__":"cc.Node","_name":"hand_anim","_children":[{"__id__":2},{"__id__":3},{"__id__":4},{"__id__":5}],"_components":[{"__type__":"f0237xulPlEkJ3RhD2A57Su","node":{"__id__":1}}],"_prefab":{"__type__":"cc.PrefabInfo","root":{"__id__":1},"asset":{"__uuid__":"3am27cjXJO7p+O/0upd2QG"},"fileId":"67Pq9Lwk1OTrumEQg89z0O"},"_trs":{"__type__":"TypedArray","ctor":"Float64Array","array":[0,0,0,0,0,0,1,1,1,1]}},{"__type__":"cc.Node","_name":"arrow","_parent":{"__id__":1},"_components":[{"__type__":"cc.Sprite","node":{"__id__":2},"_materials":[{"__uuid__":"ecpdLyjvZBwrvm+cedCcQy"}],"_spriteFrame":{"__uuid__":"27/6Eo/xhL56zUo0q64prE"},"_type":1,"_sizeMode":0},{"__type__":"23c1dyi9YBGF78AyeTo54MW","node":{"__id__":2},"propName":"opacity","changeList":[{"__type__":"ActionTweenItem","value":{"__type__":"cc.Vec4","x":128},"duration":0.5},{"__type__":"ActionTweenItem","value":{"__type__":"cc.Vec4","x":255},"duration":0.5}],"repeat":-1},{"__type__":"23c1dyi9YBGF78AyeTo54MW","node":{"__id__":2},"propName":"scale","changeList":[{"__type__":"ActionTweenItem","value":{"__type__":"cc.Vec4","x":0.9},"duration":0.5},{"__type__":"ActionTweenItem","value":{"__type__":"cc.Vec4","x":1},"duration":0.5}],"repeat":-1}],"_prefab":{"__type__":"cc.PrefabInfo","root":{"__id__":1},"asset":{"__uuid__":"3am27cjXJO7p+O/0upd2QG"},"fileId":"74Mm9vxzJKBLIvr8ah8+eX"},"_contentSize":{"__type__":"cc.Size","width":174,"height":78},"_anchorPoint":{"__type__":"cc.Vec2","y":0.5},"_trs":{"__type__":"TypedArray","ctor":"Float64Array","array":[0,0,0,0,0,0,1,1,1,1]}},{"__type__":"cc.Node","_name":"hand","_parent":{"__id__":1},"_components":[{"__type__":"cc.Sprite","node":{"__id__":3},"_materials":[{"__uuid__":"ecpdLyjvZBwrvm+cedCcQy"}],"_spriteFrame":{"__uuid__":"9dZWWeRgxLVpQlmOBZR80h"}}],"_prefab":{"__type__":"cc.PrefabInfo","root":{"__id__":1},"asset":{"__uuid__":"3am27cjXJO7p+O/0upd2QG"},"fileId":"b0/FjLV3lKuLFR6n4zclrL"},"_contentSize":{"__type__":"cc.Size","width":104,"height":138},"_anchorPoint":{"__type__":"cc.Vec2","x":0.3,"y":0.9},"_trs":{"__type__":"TypedArray","ctor":"Float64Array","array":[0,0,0,0,0,0,1,1,1,1]}},{"__type__":"cc.Node","_name":"lbl","_parent":{"__id__":1},"_components":[{"__type__":"cc.Label","node":{"__id__":4},"_materials":[{"__uuid__":"ecpdLyjvZBwrvm+cedCcQy"}],"_useOriginalSize":false,"_string":"xxxx","_N$string":"xxxx","_lineHeight":42,"_N$horizontalAlign":1,"_N$verticalAlign":1}],"_prefab":{"__type__":"cc.PrefabInfo","root":{"__id__":1},"asset":{"__uuid__":"3am27cjXJO7p+O/0upd2QG"},"fileId":"daPFyPXlpAqIWvI8MNkfgI"},"_contentSize":{"__type__":"cc.Size","width":80,"height":52.92},"_trs":{"__type__":"TypedArray","ctor":"Float64Array","array":[0,0,0,0,0,0,1,1,1,1]}},{"__type__":"cc.Node","_name":"circle","_parent":{"__id__":1},"_components":[{"__type__":"cc.Sprite","node":{"__id__":5},"_materials":[{"__uuid__":"ecpdLyjvZBwrvm+cedCcQy"}],"_spriteFrame":{"__uuid__":"49+rm1Yr9Atpl9eJUcrZ3B"}}],"_prefab":{"__type__":"cc.PrefabInfo","root":{"__id__":1},"asset":{"__uuid__":"3am27cjXJO7p+O/0upd2QG"},"fileId":"bdPmUH4ihEb4jQSnQLxBQK"},"_contentSize":{"__type__":"cc.Size","width":58,"height":58},"_trs":{"__type__":"TypedArray","ctor":"Float64Array","array":[0,0,0,0,0,0,1,1,1,1]}}],{"__type__":"cc.SpriteFrame","content":{"name":"shou@2x","texture":"13ba4cd6d","rect":[787,3,104,138],"offset":[0,0],"originalSize":[104,138],"rotated":1,"capInsets":[0,0,0,0]}}]