[{"__type__":"cc.SpriteFrame","content":{"name":"force_num_0","texture":"13ba4cd6d","rect":[447,272,247,80],"offset":[-2.5,87],"originalSize":[256,256],"capInsets":[0,0,0,0]}},{"__type__":"cc.BitmapFont","_name":"force_num","spriteFrame":{"__uuid__":"07WHfjTPhN9YjwAX0PKWrK"},"fontSize":40,"_fntConfig":{"commonHeight":40,"fontSize":40,"atlasName":"force_num_0.png","fontDefDictionary":{"48":{"rect":{"x":0,"y":0,"width":35,"height":40},"xOffset":0,"yOffset":0,"xAdvance":35},"49":{"rect":{"x":36,"y":0,"width":35,"height":40},"xOffset":0,"yOffset":0,"xAdvance":35},"50":{"rect":{"x":72,"y":0,"width":35,"height":40},"xOffset":0,"yOffset":0,"xAdvance":35},"51":{"rect":{"x":108,"y":0,"width":35,"height":40},"xOffset":0,"yOffset":0,"xAdvance":35},"52":{"rect":{"x":144,"y":0,"width":35,"height":40},"xOffset":0,"yOffset":0,"xAdvance":35},"53":{"rect":{"x":180,"y":0,"width":35,"height":40},"xOffset":0,"yOffset":0,"xAdvance":35},"54":{"rect":{"x":216,"y":0,"width":35,"height":40},"xOffset":0,"yOffset":0,"xAdvance":35},"55":{"rect":{"x":0,"y":41,"width":35,"height":40},"xOffset":0,"yOffset":0,"xAdvance":35},"56":{"rect":{"x":36,"y":41,"width":35,"height":40},"xOffset":0,"yOffset":0,"xAdvance":35},"57":{"rect":{"x":72,"y":41,"width":35,"height":40},"xOffset":0,"yOffset":0,"xAdvance":35}},"kerningDict":{}}}]