[{"__type__":"cc.SpriteFrame","content":{"name":"勾","texture":"13ba4cd6d","rect":[594,556,25,24],"offset":[0,0],"originalSize":[25,24],"rotated":1,"capInsets":[0,0,0,0]}},[{"__type__":"cc.Prefab","_name":"tick","data":{"__id__":1}},{"__type__":"cc.Node","_name":"tick","_children":[{"__id__":2}],"_prefab":{"__type__":"cc.PrefabInfo","root":{"__id__":1},"asset":{"__uuid__":"d8e9EV19hN5ZsXai8vyqyk"},"fileId":"7b/h7VDudCP5DK37glfvbB"},"_trs":{"__type__":"TypedArray","ctor":"Float64Array","array":[0,0,0,0,0,0,1,1,1,1]}},{"__type__":"cc.Node","_name":"sp","_parent":{"__id__":1},"_components":[{"__type__":"cc.Sprite","node":{"__id__":2},"_materials":[{"__uuid__":"ecpdLyjvZBwrvm+cedCcQy"}],"_spriteFrame":{"__uuid__":"353fbr65dIfK9ckRSK8NDG"}}],"_prefab":{"__type__":"cc.PrefabInfo","root":{"__id__":1},"asset":{"__uuid__":"d8e9EV19hN5ZsXai8vyqyk"},"fileId":"31Hs8CqAxK9oEeQAjcE6OQ"},"_contentSize":{"__type__":"cc.Size","width":25,"height":24},"_trs":{"__type__":"TypedArray","ctor":"Float64Array","array":[8,-10,0,0,0,0,1,1,1,1]}}]]