[{"__type__":"cc.SpriteFrame","content":{"name":"奖励查看","texture":"1b5eece6f","rect":[759,255,82,112],"offset":[0,0],"originalSize":[82,112],"capInsets":[0,0,0,0]}},{"__type__":"cc.SpriteFrame","content":{"name":"开始排位","texture":"19a7fd3ab","rect":[119,623,75,85],"offset":[0,0],"originalSize":[75,85],"capInsets":[0,0,0,0]}},{"__type__":"cc.SpriteFrame","content":{"name":"冲击瓜分","texture":"181f0e3b5","rect":[3,3,750,917],"offset":[0,0],"originalSize":[750,917],"capInsets":[0,0,0,0]}},{"__type__":"cc.SpriteFrame","content":{"name":"帮助图标","texture":"1298ae8a0","rect":[300,774,59,59],"offset":[0,0],"originalSize":[59,59],"capInsets":[0,0,0,0]}},[{"__type__":"cc.Prefab","_name":"worldMatchWxLayer","data":{"__id__":1}},{"__type__":"cc.Node","_name":"worldMatchLayer","_children":[{"__id__":2},{"__id__":3}],"_components":[{"__type__":"cc.Widget","node":{"__id__":1},"_alignFlags":45},{"__type__":"cc.BlockInputEvents","node":{"__id__":1}},{"__type__":"d56b4vI+/ZDiJ/tG9AjKlre","node":{"__id__":1}}],"_prefab":{"__type__":"cc.PrefabInfo","root":{"__id__":1},"asset":{"__uuid__":"cesv6Xs2dGm6FiHslgCW7K"},"fileId":"b2ZI9uCE5Au74Q/STRz0iL"},"_contentSize":{"__type__":"cc.Size","width":750,"height":1334},"_trs":{"__type__":"TypedArray","ctor":"Float64Array","array":[375,667,0,0,0,0,1,1,1,1]}},{"__type__":"cc.Node","_name":"mask","_parent":{"__id__":1},"_components":[{"__type__":"cc.Sprite","node":{"__id__":2},"_materials":[{"__uuid__":"ecpdLyjvZBwrvm+cedCcQy"}],"_spriteFrame":{"__uuid__":"fdZ+FLNoFGtYmgI6Rsppg4"},"_type":1,"_sizeMode":0,"_isTrimmedMode":false},{"__type__":"cc.Button","node":{"__id__":2},"_N$normalColor":{"__type__":"cc.Color","r":214,"g":214,"b":214},"_N$target":{"__id__":2}},{"__type__":"cc.Widget","node":{"__id__":2},"_alignFlags":45,"_left":-1,"_right":-1,"_top":-1,"_bottom":-1,"_originalWidth":16,"_originalHeight":16}],"_prefab":{"__type__":"cc.PrefabInfo","root":{"__id__":1},"asset":{"__uuid__":"cesv6Xs2dGm6FiHslgCW7K"},"fileId":"67EbqYNDxBRautS9PwfMF8"},"_opacity":180,"_contentSize":{"__type__":"cc.Size","width":752,"height":1336},"_trs":{"__type__":"TypedArray","ctor":"Float64Array","array":[0,0,0,0,0,0,1,1,1,1]}},{"__type__":"cc.Node","_name":"dialog","_parent":{"__id__":1},"_children":[{"__id__":4},{"__id__":64}],"_components":[{"__type__":"96549DGCmlIcZghb3AfRGQI","node":{"__id__":3}}],"_prefab":{"__type__":"cc.PrefabInfo","root":{"__id__":1},"asset":{"__uuid__":"cesv6Xs2dGm6FiHslgCW7K"},"fileId":"19pEruYqhJjrAkAknf+vUE"},"_trs":{"__type__":"TypedArray","ctor":"Float64Array","array":[0,0,0,0,0,0,1,1,1,1]}},{"__type__":"cc.Node","_name":"contents","_parent":{"__id__":3},"_children":[{"__id__":5},{"__id__":6},{"__id__":13},{"__id__":14},{"__id__":15},{"__id__":16},{"__id__":17},{"__id__":18},{"__id__":19},{"__id__":20},{"__id__":21},{"__id__":23},{"__id__":25},{"__id__":28},{"__id__":29},{"__id__":30},{"__id__":33},{"__id__":35},{"__id__":39},{"__id__":43},{"__id__":45},{"__id__":47},{"__id__":51},{"__id__":53},{"__id__":58}],"_components":[{"__type__":"09bd4f7l0NPfpseMfFdw+uE","node":{"__id__":4}},{"__type__":"cc.BlockInputEvents","node":{"__id__":4}}],"_prefab":{"__type__":"cc.PrefabInfo","root":{"__id__":1},"asset":{"__uuid__":"cesv6Xs2dGm6FiHslgCW7K"},"fileId":"51qPXPM9RH6blewgAKdmh5"},"_contentSize":{"__type__":"cc.Size","width":684,"height":875},"_trs":{"__type__":"TypedArray","ctor":"Float64Array","array":[0,73.832,0,0,0,0,1,1,1,1]}},{"__type__":"cc.Node","_name":"bg","_parent":{"__id__":4},"_components":[{"__type__":"cc.Sprite","node":{"__id__":5},"_materials":[{"__uuid__":"ecpdLyjvZBwrvm+cedCcQy"}],"_spriteFrame":{"__uuid__":"7eUA/ecqtKJbHxsn0n8WHp"},"_type":1,"_sizeMode":0,"_isTrimmedMode":false},{"__type__":"cc.Widget","node":{"__id__":5},"_alignFlags":45,"_originalWidth":625,"_originalHeight":771}],"_prefab":{"__type__":"cc.PrefabInfo","root":{"__id__":1},"asset":{"__uuid__":"cesv6Xs2dGm6FiHslgCW7K"},"fileId":"24NmMqu0hBcJJ/rVpJsLQs"},"_contentSize":{"__type__":"cc.Size","width":684,"height":875},"_trs":{"__type__":"TypedArray","ctor":"Float64Array","array":[0,0,0,0,0,0,1,1,1,1]}},{"__type__":"cc.Node","_name":"title_node","_parent":{"__id__":4},"_children":[{"__id__":7},{"__id__":8},{"__id__":9},{"__id__":11}],"_components":[{"__type__":"cc.Widget","node":{"__id__":6},"_alignFlags":1,"_top":53.5}],"_prefab":{"__type__":"cc.PrefabInfo","root":{"__id__":1},"asset":{"__uuid__":"cesv6Xs2dGm6FiHslgCW7K"},"fileId":"62SMrziwNOs4wB9o5cdGUN"},"_trs":{"__type__":"TypedArray","ctor":"Float64Array","array":[0.9,384,0,0,0,0,1,1,1,1]}},{"__type__":"cc.Node","_name":"title_light","_parent":{"__id__":6},"_components":[{"__type__":"ade161OMgVMKpmjDqerbeZb","node":{"__id__":7},"_prefab":{"__uuid__":"a9R2AW7eJGzoql/lnwjPLu"}}],"_prefab":{"__type__":"cc.PrefabInfo","root":{"__id__":1},"asset":{"__uuid__":"cesv6Xs2dGm6FiHslgCW7K"},"fileId":"b0Ke+vpQtPIIuFpKXf24xd"},"_contentSize":{"__type__":"cc.Size","width":676,"height":104},"_trs":{"__type__":"TypedArray","ctor":"Float64Array","array":[0,-2,0,0,0,0,1,1,1,1]}},{"__type__":"cc.Node","_name":"title","_parent":{"__id__":6},"_components":[{"__type__":"cc.Sprite","node":{"__id__":8},"_materials":[{"__uuid__":"ecpdLyjvZBwrvm+cedCcQy"}],"_spriteFrame":{"__uuid__":"e8WfuH9dtClLm8V4LmpZzF"}}],"_prefab":{"__type__":"cc.PrefabInfo","root":{"__id__":1},"asset":{"__uuid__":"cesv6Xs2dGm6FiHslgCW7K"},"fileId":"b4Ya8XymNBEJ2bskbfLXlc"},"_contentSize":{"__type__":"cc.Size","width":231,"height":47},"_trs":{"__type__":"TypedArray","ctor":"Float64Array","array":[-0.9,-2,0,0,0,0,1,1,1,1]}},{"__type__":"cc.Node","_name":"close_btn","_parent":{"__id__":6},"_children":[{"__id__":10}],"_components":[{"__type__":"cc.Button","node":{"__id__":9},"zoomScale":1.1,"_N$transition":3,"transition":3}],"_prefab":{"__type__":"cc.PrefabInfo","root":{"__id__":1},"asset":{"__uuid__":"cesv6Xs2dGm6FiHslgCW7K"},"fileId":"6eMST/MkZFXb7kfqlskNlM"},"_contentSize":{"__type__":"cc.Size","width":98,"height":98},"_trs":{"__type__":"TypedArray","ctor":"Float64Array","array":[287.848,-2,0,0,0,0,1,1,1,0]}},{"__type__":"cc.Node","_name":"text","_parent":{"__id__":9},"_components":[{"__type__":"cc.Sprite","node":{"__id__":10},"_materials":[{"__uuid__":"ecpdLyjvZBwrvm+cedCcQy"}],"_spriteFrame":{"__uuid__":"e2qKO1X95Gk6tYQAVxQ0sN"}}],"_prefab":{"__type__":"cc.PrefabInfo","root":{"__id__":1},"asset":{"__uuid__":"cesv6Xs2dGm6FiHslgCW7K"},"fileId":"ddesDk+AZKlZhevmGMCWLf"},"_contentSize":{"__type__":"cc.Size","width":38,"height":38},"_trs":{"__type__":"TypedArray","ctor":"Float64Array","array":[0,0,0,0,0,0,1,1,1,1]}},{"__type__":"cc.Node","_name":"$rule_open_btn","_parent":{"__id__":6},"_children":[{"__id__":12}],"_components":[{"__type__":"cc.Button","node":{"__id__":11},"zoomScale":1.1,"clickEvents":[{"__type__":"cc.ClickEvent","target":{"__id__":1},"_componentId":"d56b4vI+/ZDiJ/tG9AjKlre","handler":"onBtnRuleOpenClick"}],"_N$transition":3,"transition":3}],"_prefab":{"__type__":"cc.PrefabInfo","root":{"__id__":1},"asset":{"__uuid__":"cesv6Xs2dGm6FiHslgCW7K"},"fileId":"e1oUC9AMhIbp5LK2A3vdFg"},"_contentSize":{"__type__":"cc.Size","width":80,"height":80},"_trs":{"__type__":"TypedArray","ctor":"Float64Array","array":[149,-2,0,0,0,0,1,1,1,0]}},{"__type__":"cc.Node","_name":"text","_parent":{"__id__":11},"_components":[{"__type__":"cc.Sprite","node":{"__id__":12},"_materials":[{"__uuid__":"ecpdLyjvZBwrvm+cedCcQy"}],"_spriteFrame":{"__uuid__":"c6vlgIvWBDpqn2/zFa4mA6"}}],"_prefab":{"__type__":"cc.PrefabInfo","root":{"__id__":1},"asset":{"__uuid__":"cesv6Xs2dGm6FiHslgCW7K"},"fileId":"30raIYUE5Jwr9wHl6eJnqV"},"_contentSize":{"__type__":"cc.Size","width":59,"height":59},"_trs":{"__type__":"TypedArray","ctor":"Float64Array","array":[0,0,0,0,0,0,1,1,1,1]}},{"__type__":"cc.Node","_name":"panel_bg","_parent":{"__id__":4},"_components":[{"__type__":"cc.Sprite","node":{"__id__":13},"_materials":[{"__uuid__":"ecpdLyjvZBwrvm+cedCcQy"}],"_spriteFrame":{"__uuid__":"28QVDg/aNOzKFIRD4YiA+8"},"_type":1,"_sizeMode":0}],"_prefab":{"__type__":"cc.PrefabInfo","root":{"__id__":1},"asset":{"__uuid__":"cesv6Xs2dGm6FiHslgCW7K"},"fileId":"d9SNL59n5DgoWuAZsYuqqi"},"_contentSize":{"__type__":"cc.Size","width":670,"height":581},"_trs":{"__type__":"TypedArray","ctor":"Float64Array","array":[0,24.763,0,0,0,0,1,1,1,1]}},{"__type__":"cc.Node","_name":"panel_bg2","_parent":{"__id__":4},"_components":[{"__type__":"cc.Sprite","node":{"__id__":14},"_materials":[{"__uuid__":"ecpdLyjvZBwrvm+cedCcQy"}],"_spriteFrame":{"__uuid__":"f1R2Yg9uVASJZPjHroPNQU"},"_type":1,"_sizeMode":0}],"_prefab":{"__type__":"cc.PrefabInfo","root":{"__id__":1},"asset":{"__uuid__":"cesv6Xs2dGm6FiHslgCW7K"},"fileId":"8eiij0GGNKoI1e4VGdJp74"},"_contentSize":{"__type__":"cc.Size","width":636,"height":409},"_trs":{"__type__":"TypedArray","ctor":"Float64Array","array":[0,48,0,0,0,0,1,1,1,1]}},{"__type__":"cc.Node","_name":"$count_down_lbl","_parent":{"__id__":4},"_components":[{"__type__":"cc.Label","node":{"__id__":15},"_materials":[{"__uuid__":"ecpdLyjvZBwrvm+cedCcQy"}],"_useOriginalSize":false,"_string":"大赛结束还有：7天12小时","_N$string":"大赛结束还有：7天12小时","_fontSize":28,"_lineHeight":28,"_styleFlags":1,"_N$horizontalAlign":1,"_N$verticalAlign":1},{"__type__":"cc.LabelOutline","node":{"__id__":15},"_color":{"__type__":"cc.Color","r":213,"g":234,"b":247},"_width":2}],"_prefab":{"__type__":"cc.PrefabInfo","root":{"__id__":1},"asset":{"__uuid__":"cesv6Xs2dGm6FiHslgCW7K"},"fileId":"8eZwD0XzRElY7VRfRD6L5n"},"_color":{"__type__":"cc.Color","r":27,"g":123,"b":179},"_contentSize":{"__type__":"cc.Size","width":330.72,"height":39.28},"_trs":{"__type__":"TypedArray","ctor":"Float64Array","array":[0,280.561,0,0,0,0,1,1,1,1]}},{"__type__":"cc.Node","_name":"light2","_parent":{"__id__":4},"_components":[{"__type__":"cc.Sprite","node":{"__id__":16},"_materials":[{"__uuid__":"ecpdLyjvZBwrvm+cedCcQy"}],"_spriteFrame":{"__uuid__":"30qTIBQQ1MQJr8SvNjGLfS"}},{"__type__":"23c1dyi9YBGF78AyeTo54MW","node":{"__id__":16},"propName":"angle","changeList":[{"__type__":"ActionTweenItem","type":0,"value":{"__type__":"cc.Vec4","x":-360},"duration":5}],"repeat":-1}],"_prefab":{"__type__":"cc.PrefabInfo","root":{"__id__":1},"asset":{"__uuid__":"cesv6Xs2dGm6FiHslgCW7K"},"fileId":"09bItnDD9FT7q7Jf+y/Iro"},"_contentSize":{"__type__":"cc.Size","width":390,"height":390},"_trs":{"__type__":"TypedArray","ctor":"Float64Array","array":[0,91.762,0,0,0,0,1,1,1,1]}},{"__type__":"cc.Node","_name":"light","_parent":{"__id__":4},"_components":[{"__type__":"cc.Sprite","node":{"__id__":17},"_materials":[{"__uuid__":"ecpdLyjvZBwrvm+cedCcQy"}],"_spriteFrame":{"__uuid__":"8f/gJSCopN/ZnjRg13W7Si"}}],"_prefab":{"__type__":"cc.PrefabInfo","root":{"__id__":1},"asset":{"__uuid__":"cesv6Xs2dGm6FiHslgCW7K"},"fileId":"4aYDujBghPI7omCOWADTTX"},"_contentSize":{"__type__":"cc.Size","width":534,"height":400},"_trs":{"__type__":"TypedArray","ctor":"Float64Array","array":[0,60,0,0,0,0,1,1,1,1]}},{"__type__":"cc.Node","_name":"$dan_db","_parent":{"__id__":4},"_components":[{"__type__":"dragonBones.ArmatureDisplay","node":{"__id__":18},"_materials":[{"__uuid__":"ecpdLyjvZBwrvm+cedCcQy"}],"_armatureName":"Armature","_animationName":"hz1","_preCacheMode":0,"_armatureKey":"636ce812-d77f-4c41-ab08-2a8dba220cea#49e58368-c47f-4476-bcad-6329a999921c","_N$dragonAsset":{"__uuid__":"63bOgS139MQasIKo26Igzq"},"_N$dragonAtlasAsset":{"__uuid__":"495YNoxH9EdrytYympmZIc"}}],"_prefab":{"__type__":"cc.PrefabInfo","root":{"__id__":1},"asset":{"__uuid__":"cesv6Xs2dGm6FiHslgCW7K"},"fileId":"fecrD97ktI0IW4Y/za8j8/"},"_contentSize":{"__type__":"cc.Size","width":291.15,"height":268},"_trs":{"__type__":"TypedArray","ctor":"Float64Array","array":[0,-43.474,0,0,0,0,1,1,1,1]}},{"__type__":"cc.Node","_name":"$dan6_title","_parent":{"__id__":4},"_active":false,"_components":[{"__type__":"cc.Sprite","node":{"__id__":19},"_materials":[{"__uuid__":"ecpdLyjvZBwrvm+cedCcQy"}],"_spriteFrame":{"__uuid__":"e6eWWkAYhKC4BYcI6BDZhI"}}],"_prefab":{"__type__":"cc.PrefabInfo","root":{"__id__":1},"asset":{"__uuid__":"cesv6Xs2dGm6FiHslgCW7K"},"fileId":"b4LTbS7lxF5Z9s0t2gteU0"},"_contentSize":{"__type__":"cc.Size","width":198,"height":75},"_trs":{"__type__":"TypedArray","ctor":"Float64Array","array":[0,-54.014,0,0,0,0,1,1,1,1]}},{"__type__":"cc.Node","_name":"$dan_lbl","_parent":{"__id__":4},"_components":[{"__type__":"cc.Label","node":{"__id__":20},"_materials":[{"__uuid__":"ecpdLyjvZBwrvm+cedCcQy"}],"_useOriginalSize":false,"_string":"黄金荣耀II","_N$string":"黄金荣耀II","_fontSize":30,"_lineHeight":31,"_styleFlags":1,"_N$horizontalAlign":1,"_N$verticalAlign":1},{"__type__":"cc.LabelOutline","node":{"__id__":20},"_color":{"__type__":"cc.Color","r":255,"g":255,"b":255,"a":160},"_width":3}],"_prefab":{"__type__":"cc.PrefabInfo","root":{"__id__":1},"asset":{"__uuid__":"cesv6Xs2dGm6FiHslgCW7K"},"fileId":"c1Bs9BcxxMaaP3MRbJgpG1"},"_color":{"__type__":"cc.Color","r":28,"g":118,"b":169},"_contentSize":{"__type__":"cc.Size","width":142.67,"height":45.06},"_trs":{"__type__":"TypedArray","ctor":"Float64Array","array":[0,-54.014,0,0,0,0,1,1,1,1]}},{"__type__":"cc.Node","_name":"$dan_stars_bg","_parent":{"__id__":4},"_children":[{"__id__":22}],"_active":false,"_prefab":{"__type__":"cc.PrefabInfo","root":{"__id__":1},"asset":{"__uuid__":"cesv6Xs2dGm6FiHslgCW7K"},"fileId":"08NN+OPqlGqa55jmTrpSk+"},"_trs":{"__type__":"TypedArray","ctor":"Float64Array","array":[0,-111.128,0,0,0,0,1,1,1,1]}},{"__type__":"cc.Node","_name":"model","_parent":{"__id__":21},"_components":[{"__type__":"cc.Sprite","node":{"__id__":22},"_materials":[{"__uuid__":"ecpdLyjvZBwrvm+cedCcQy"}],"_spriteFrame":{"__uuid__":"2fDviuC2FIm7L7JKmZhjqc"}}],"_prefab":{"__type__":"cc.PrefabInfo","root":{"__id__":1},"asset":{"__uuid__":"cesv6Xs2dGm6FiHslgCW7K"},"fileId":"38jC3gHnRJzqCWsjGfdp37"},"_contentSize":{"__type__":"cc.Size","width":47,"height":48},"_trs":{"__type__":"TypedArray","ctor":"Float64Array","array":[0,0,0,0,0,0,1,1,1,1]}},{"__type__":"cc.Node","_name":"$dan_stars","_parent":{"__id__":4},"_children":[{"__id__":24}],"_active":false,"_prefab":{"__type__":"cc.PrefabInfo","root":{"__id__":1},"asset":{"__uuid__":"cesv6Xs2dGm6FiHslgCW7K"},"fileId":"ccBQKD2JhMvYyb9Or0ybe4"},"_trs":{"__type__":"TypedArray","ctor":"Float64Array","array":[0,-111.128,0,0,0,0,1,1,1,1]}},{"__type__":"cc.Node","_name":"model","_parent":{"__id__":23},"_components":[{"__type__":"cc.Sprite","node":{"__id__":24},"_materials":[{"__uuid__":"ecpdLyjvZBwrvm+cedCcQy"}],"_spriteFrame":{"__uuid__":"a860IFm2hDJYEC+thS5NDS"}}],"_prefab":{"__type__":"cc.PrefabInfo","root":{"__id__":1},"asset":{"__uuid__":"cesv6Xs2dGm6FiHslgCW7K"},"fileId":"c6y9IjuZ9ESLT0NTIvzGwm"},"_contentSize":{"__type__":"cc.Size","width":47,"height":47},"_trs":{"__type__":"TypedArray","ctor":"Float64Array","array":[0,0,0,0,0,0,1,1,1,1]}},{"__type__":"cc.Node","_name":"$dan_huge_stars","_parent":{"__id__":4},"_children":[{"__id__":26},{"__id__":27}],"_components":[{"__type__":"cc.Layout","node":{"__id__":25},"_layoutSize":{"__type__":"cc.Size","width":84},"_resize":1,"_N$layoutType":1,"_N$spacingX":10}],"_prefab":{"__type__":"cc.PrefabInfo","root":{"__id__":1},"asset":{"__uuid__":"cesv6Xs2dGm6FiHslgCW7K"},"fileId":"f6pPcSgRxJ8birs/fDiebm"},"_contentSize":{"__type__":"cc.Size","width":84},"_trs":{"__type__":"TypedArray","ctor":"Float64Array","array":[0,-111.128,0,0,0,0,1,1,1,1]}},{"__type__":"cc.Node","_name":"model","_parent":{"__id__":25},"_components":[{"__type__":"cc.Sprite","node":{"__id__":26},"_materials":[{"__uuid__":"ecpdLyjvZBwrvm+cedCcQy"}],"_spriteFrame":{"__uuid__":"a860IFm2hDJYEC+thS5NDS"}}],"_prefab":{"__type__":"cc.PrefabInfo","root":{"__id__":1},"asset":{"__uuid__":"cesv6Xs2dGm6FiHslgCW7K"},"fileId":"13sOF0W5lKe4nTllK4P/+1"},"_contentSize":{"__type__":"cc.Size","width":47,"height":47},"_trs":{"__type__":"TypedArray","ctor":"Float64Array","array":[-18.5,0,0,0,0,0,1,1,1,1]}},{"__type__":"cc.Node","_name":"$dan_star_lbl","_parent":{"__id__":25},"_components":[{"__type__":"cc.Label","node":{"__id__":27},"_materials":[{"__uuid__":"ecpdLyjvZBwrvm+cedCcQy"}],"_useOriginalSize":false,"_string":"6","_N$string":"6","_fontSize":29,"_lineHeight":30,"_N$file":{"__uuid__":"1ceL1xDY5Lup09gRgq2vbc"},"_isSystemFontUsed":false,"_styleFlags":1,"_N$verticalAlign":1},{"__type__":"cc.LabelOutline","node":{"__id__":27},"_color":{"__type__":"cc.Color","r":255,"g":255,"b":255,"a":160},"_width":3}],"_prefab":{"__type__":"cc.PrefabInfo","root":{"__id__":1},"asset":{"__uuid__":"cesv6Xs2dGm6FiHslgCW7K"},"fileId":"edQWRaHy9GvY/5lMckcn4t"},"_contentSize":{"__type__":"cc.Size","width":27,"height":30},"_anchorPoint":{"__type__":"cc.Vec2","y":0.5},"_trs":{"__type__":"TypedArray","ctor":"Float64Array","array":[15,-2,0,0,0,0,1,1,1,1]}},{"__type__":"cc.Node","_name":"$rank_lbl","_parent":{"__id__":4},"_components":[{"__type__":"cc.Label","node":{"__id__":28},"_materials":[{"__uuid__":"ecpdLyjvZBwrvm+cedCcQy"}],"_useOriginalSize":false,"_string":"我的当前排名：999+","_N$string":"我的当前排名：999+","_fontSize":28,"_lineHeight":29,"_styleFlags":1,"_N$horizontalAlign":1,"_N$verticalAlign":1},{"__type__":"cc.LabelOutline","node":{"__id__":28},"_color":{"__type__":"cc.Color","r":73,"g":138,"b":199},"_width":2}],"_prefab":{"__type__":"cc.PrefabInfo","root":{"__id__":1},"asset":{"__uuid__":"cesv6Xs2dGm6FiHslgCW7K"},"fileId":"8dua5isylH7JkTjzc5PKnB"},"_contentSize":{"__type__":"cc.Size","width":263.07,"height":40.54},"_trs":{"__type__":"TypedArray","ctor":"Float64Array","array":[-168.62,-218.322,0,0,0,0,1,1,1,1]}},{"__type__":"cc.Node","_name":"$role_sp","_parent":{"__id__":4},"_components":[{"__type__":"cc.Sprite","node":{"__id__":29},"_materials":[{"__uuid__":"ecpdLyjvZBwrvm+cedCcQy"}],"_spriteFrame":{"__uuid__":"60OWm/3NNPbpTg3j1/3B1Y"}}],"_prefab":{"__type__":"cc.PrefabInfo","root":{"__id__":1},"asset":{"__uuid__":"cesv6Xs2dGm6FiHslgCW7K"},"fileId":"66Sik2f2BNi6wfsH9S27lk"},"_contentSize":{"__type__":"cc.Size","width":220,"height":289},"_anchorPoint":{"__type__":"cc.Vec2","x":0.5,"y":0.11},"_trs":{"__type__":"TypedArray","ctor":"Float64Array","array":[215.328,-262.206,0,0,0,0,1,1,1,1]}},{"__type__":"cc.Node","_name":"emoji_node","_parent":{"__id__":4},"_children":[{"__id__":31}],"_components":[{"__type__":"d4448oMF25OlpwxNxYG/5DT","node":{"__id__":30},"duration":2}],"_prefab":{"__type__":"cc.PrefabInfo","root":{"__id__":1},"asset":{"__uuid__":"cesv6Xs2dGm6FiHslgCW7K"},"fileId":"badflBjfhAwbbKSvshgNKY"},"_trs":{"__type__":"TypedArray","ctor":"Float64Array","array":[203.301,-18.253,0,0,0,0,1,1,1,1]}},{"__type__":"cc.Node","_name":"$emoji_btn","_parent":{"__id__":30},"_children":[{"__id__":32}],"_components":[{"__type__":"cc.Sprite","node":{"__id__":31},"_materials":[{"__uuid__":"ecpdLyjvZBwrvm+cedCcQy"}],"_spriteFrame":{"__uuid__":"d7/tq7TslE9JVVJU8LB4Ey"},"_type":1,"_sizeMode":0},{"__type__":"cc.Button","node":{"__id__":31},"zoomScale":1.1,"clickEvents":[{"__type__":"cc.ClickEvent","target":{"__id__":1},"_componentId":"589caaawBdPZreBvrP0HOWv","handler":"onBtnEmojiClick"}],"_N$transition":3,"transition":3}],"_prefab":{"__type__":"cc.PrefabInfo","root":{"__id__":1},"asset":{"__uuid__":"cesv6Xs2dGm6FiHslgCW7K"},"fileId":"c7fM4vRyVPhoX4RprsDBvI"},"_contentSize":{"__type__":"cc.Size","width":111,"height":131},"_anchorPoint":{"__type__":"cc.Vec2","x":0.5},"_trs":{"__type__":"TypedArray","ctor":"Float64Array","array":[0,0,0,0,0,0,1,1,1,0]}},{"__type__":"cc.Node","_name":"$emoji_sp","_parent":{"__id__":31},"_components":[{"__type__":"cc.Sprite","node":{"__id__":32},"_materials":[{"__uuid__":"ecpdLyjvZBwrvm+cedCcQy"}]}],"_prefab":{"__type__":"cc.PrefabInfo","root":{"__id__":1},"asset":{"__uuid__":"cesv6Xs2dGm6FiHslgCW7K"},"fileId":"f3petGhZ1CiapBtf3VukVf"},"_contentSize":{"__type__":"cc.Size","width":91,"height":101},"_trs":{"__type__":"TypedArray","ctor":"Float64Array","array":[0,75,0,0,0,0,1,1,1,1]}},{"__type__":"cc.Node","_name":"rank_btn","_active":false,"_parent":{"__id__":4},"_children":[{"__id__":34}],"_components":[{"__type__":"cc.Button","node":{"__id__":33},"_normalMaterial":{"__uuid__":"ecpdLyjvZBwrvm+cedCcQy"},"zoomScale":1.1,"clickEvents":[{"__type__":"cc.ClickEvent","target":{"__id__":1},"_componentId":"589caaawBdPZreBvrP0HOWv","handler":"onBtnRankClick"}],"_N$transition":3,"transition":3},{"__type__":"7512fKWvr1BTJfVkO0ummg2","node":{"__id__":33}}],"_prefab":{"__type__":"cc.PrefabInfo","root":{"__id__":1},"asset":{"__uuid__":"cesv6Xs2dGm6FiHslgCW7K"},"fileId":"01hwrNYSxCOoUaDqPs1ZHM"},"_contentSize":{"__type__":"cc.Size","width":107,"height":98},"_trs":{"__type__":"TypedArray","ctor":"Float64Array","array":[-250,-333,0,0,0,0,1,1,1,0]}},{"__type__":"cc.Node","_name":"text","_parent":{"__id__":33},"_components":[{"__type__":"cc.Sprite","node":{"__id__":34},"_materials":[{"__uuid__":"ecpdLyjvZBwrvm+cedCcQy"}],"_spriteFrame":{"__uuid__":"efg3AD2EJKLrS0tjlScB5n"}}],"_prefab":{"__type__":"cc.PrefabInfo","root":{"__id__":1},"asset":{"__uuid__":"cesv6Xs2dGm6FiHslgCW7K"},"fileId":"05WqjwVYxHq7pawyH8DFft"},"_contentSize":{"__type__":"cc.Size","width":124,"height":117},"_trs":{"__type__":"TypedArray","ctor":"Float64Array","array":[0,-4,0,0,0,0,1,1,1,1]}},{"__type__":"cc.Node","_name":"$matching_btn","_parent":{"__id__":4},"_children":[{"__id__":36},{"__id__":37},{"__id__":38}],"_components":[{"__type__":"cc.Sprite","node":{"__id__":35},"_materials":[{"__uuid__":"ecpdLyjvZBwrvm+cedCcQy"}],"_spriteFrame":{"__uuid__":"cc/WRTNi1HVo8cXEGWiSkE"},"_sizeMode":0},{"__type__":"cc.Button","node":{"__id__":35},"_normalMaterial":{"__uuid__":"ecpdLyjvZBwrvm+cedCcQy"},"zoomScale":1.1,"clickEvents":[{"__type__":"cc.ClickEvent","target":{"__id__":1},"_componentId":"589caaawBdPZreBvrP0HOWv","handler":"onBtnMatchingClick"}],"_N$transition":3,"transition":3}],"_prefab":{"__type__":"cc.PrefabInfo","root":{"__id__":1},"asset":{"__uuid__":"cesv6Xs2dGm6FiHslgCW7K"},"fileId":"9dqcyNb+9NtYVahHFpoM38"},"_contentSize":{"__type__":"cc.Size","width":295,"height":102},"_trs":{"__type__":"TypedArray","ctor":"Float64Array","array":[0,-333,0,0,0,0,1,1,1,0]}},{"__type__":"cc.Node","_name":"text","_parent":{"__id__":35},"_components":[{"__type__":"cc.Sprite","node":{"__id__":36},"_materials":[{"__uuid__":"ecpdLyjvZBwrvm+cedCcQy"}],"_spriteFrame":{"__uuid__":"cc/WRTNi1HVo8cXEGWiSkE"}}],"_prefab":{"__type__":"cc.PrefabInfo","root":{"__id__":1},"asset":{"__uuid__":"cesv6Xs2dGm6FiHslgCW7K"},"fileId":"51TbGRyctBMZRPFEEX/Rkt"},"_contentSize":{"__type__":"cc.Size","width":315,"height":121},"_trs":{"__type__":"TypedArray","ctor":"Float64Array","array":[0,-9,0,0,0,0,1,1,1,1]}},{"__type__":"cc.Node","_name":"排位_金币","_parent":{"__id__":35},"_components":[{"__type__":"cc.Sprite","node":{"__id__":37},"_materials":[{"__uuid__":"ecpdLyjvZBwrvm+cedCcQy"}],"_spriteFrame":{"__uuid__":"1elDCsvc9GfIOcgf36Mui/"}}],"_prefab":{"__type__":"cc.PrefabInfo","root":{"__id__":1},"asset":{"__uuid__":"cesv6Xs2dGm6FiHslgCW7K"},"fileId":"946RVoIlJHwLcjo2T+kNqb"},"_contentSize":{"__type__":"cc.Size","width":39,"height":39},"_trs":{"__type__":"TypedArray","ctor":"Float64Array","array":[-37.484,-24.254,0,0,0,0,1,1,1,1]}},{"__type__":"cc.Node","_name":"$ticket_lbl","_parent":{"__id__":35},"_components":[{"__type__":"cc.Label","node":{"__id__":38},"_materials":[{"__uuid__":"ecpdLyjvZBwrvm+cedCcQy"}],"_useOriginalSize":false,"_string":"100","_N$string":"100","_fontSize":34,"_lineHeight":36,"_styleFlags":1,"_N$verticalAlign":1},{"__type__":"cc.LabelOutline","node":{"__id__":38},"_color":{"__type__":"cc.Color","r":184,"g":121,"b":18},"_width":2}],"_prefab":{"__type__":"cc.PrefabInfo","root":{"__id__":1},"asset":{"__uuid__":"cesv6Xs2dGm6FiHslgCW7K"},"fileId":"b4NpBaoSVLvov8Harx7e+B"},"_contentSize":{"__type__":"cc.Size","width":60.73,"height":49.36},"_anchorPoint":{"__type__":"cc.Vec2","y":0.5},"_trs":{"__type__":"TypedArray","ctor":"Float64Array","array":[-12.815999999999999,-22.416,0,0,0,0,1,1,1,1]}},{"__type__":"cc.Node","_name":"$reward_matching_btn","_parent":{"__id__":4},"_children":[{"__id__":40},{"__id__":41},{"__id__":42}],"_active":false,"_components":[{"__type__":"cc.Sprite","node":{"__id__":39},"_materials":[{"__uuid__":"ecpdLyjvZBwrvm+cedCcQy"}],"_spriteFrame":{"__uuid__":"18o75XvZRIm7WgIFMMxQXK"},"_sizeMode":0},{"__type__":"cc.Button","node":{"__id__":39},"_normalMaterial":{"__uuid__":"ecpdLyjvZBwrvm+cedCcQy"},"zoomScale":1.1,"_N$transition":3,"transition":3},{"__type__":"3a0bdMWXApFAIRZFct2j8zt","node":{"__id__":39},"callback":{"__type__":"cc.ClickEvent","target":{"__id__":1},"_componentId":"589caaawBdPZreBvrP0HOWv","handler":"onRewardCallback"},"autoRefresh":true}],"_prefab":{"__type__":"cc.PrefabInfo","root":{"__id__":1},"asset":{"__uuid__":"cesv6Xs2dGm6FiHslgCW7K"},"fileId":"b7+x2hFC5DDIziNVvCxwUd"},"_contentSize":{"__type__":"cc.Size","width":295,"height":102},"_trs":{"__type__":"TypedArray","ctor":"Float64Array","array":[0,-338,0,0,0,0,1,1,1,1]}},{"__type__":"cc.Node","_name":"text","_parent":{"__id__":39},"_components":[{"__type__":"cc.Sprite","node":{"__id__":40},"_materials":[{"__uuid__":"ecpdLyjvZBwrvm+cedCcQy"}],"_spriteFrame":{"__uuid__":"c75upRkoFNF7Nr/h++zsp8"}}],"_prefab":{"__type__":"cc.PrefabInfo","root":{"__id__":1},"asset":{"__uuid__":"cesv6Xs2dGm6FiHslgCW7K"},"fileId":"1dhbZ/3TJLCI+HABEzJYTo"},"_contentSize":{"__type__":"cc.Size","width":315,"height":121},"_trs":{"__type__":"TypedArray","ctor":"Float64Array","array":[0,-9,0,0,0,0,1,1,1,1]}},{"__type__":"cc.Node","_name":"share","_parent":{"__id__":39},"_components":[{"__type__":"cc.Sprite","node":{"__id__":41},"_materials":[{"__uuid__":"ecpdLyjvZBwrvm+cedCcQy"}],"_spriteFrame":{"__uuid__":"f8az7Pp3FLwZ4m5/Zn9IpJ"}}],"_prefab":{"__type__":"cc.PrefabInfo","root":{"__id__":1},"asset":{"__uuid__":"cesv6Xs2dGm6FiHslgCW7K"},"fileId":"a9wB3OjMVC65Uq94tJaNTl"},"_contentSize":{"__type__":"cc.Size","width":52,"height":54},"_trs":{"__type__":"TypedArray","ctor":"Float64Array","array":[-92.512,0,0,0,0,0,1,1,1,1]}},{"__type__":"cc.Node","_name":"video","_parent":{"__id__":39},"_components":[{"__type__":"cc.Sprite","node":{"__id__":42},"_materials":[{"__uuid__":"ecpdLyjvZBwrvm+cedCcQy"}],"_spriteFrame":{"__uuid__":"88xa0CygVCwohDQQfvmo6K"}}],"_prefab":{"__type__":"cc.PrefabInfo","root":{"__id__":1},"asset":{"__uuid__":"cesv6Xs2dGm6FiHslgCW7K"},"fileId":"4bxdYotZ9DpKkG31FOBCzl"},"_contentSize":{"__type__":"cc.Size","width":67,"height":51},"_trs":{"__type__":"TypedArray","ctor":"Float64Array","array":[-92.512,0,0,0,0,0,1,1,1,1]}},{"__type__":"cc.Node","_name":"$cancel_btn","_parent":{"__id__":4},"_children":[{"__id__":44}],"_active":false,"_components":[{"__type__":"cc.Sprite","node":{"__id__":43},"_materials":[{"__uuid__":"ecpdLyjvZBwrvm+cedCcQy"}],"_spriteFrame":{"__uuid__":"18o75XvZRIm7WgIFMMxQXK"},"_sizeMode":0},{"__type__":"cc.Button","node":{"__id__":43},"_normalMaterial":{"__uuid__":"ecpdLyjvZBwrvm+cedCcQy"},"zoomScale":1.1,"clickEvents":[{"__type__":"cc.ClickEvent","target":{"__id__":1},"_componentId":"589caaawBdPZreBvrP0HOWv","handler":"onBtnCancelClick"}],"_N$transition":3,"transition":3}],"_prefab":{"__type__":"cc.PrefabInfo","root":{"__id__":1},"asset":{"__uuid__":"cesv6Xs2dGm6FiHslgCW7K"},"fileId":"82SArKci1Dqqkdx9CaTEUd"},"_contentSize":{"__type__":"cc.Size","width":295,"height":102},"_trs":{"__type__":"TypedArray","ctor":"Float64Array","array":[0,-333,0,0,0,0,1,1,1,1]}},{"__type__":"cc.Node","_name":"text","_parent":{"__id__":43},"_components":[{"__type__":"cc.Sprite","node":{"__id__":44},"_materials":[{"__uuid__":"ecpdLyjvZBwrvm+cedCcQy"}],"_spriteFrame":{"__uuid__":"3eDJu3saNKTrF6kDtiYoEy"}}],"_prefab":{"__type__":"cc.PrefabInfo","root":{"__id__":1},"asset":{"__uuid__":"cesv6Xs2dGm6FiHslgCW7K"},"fileId":"206BoeKD5DVZZ+SM97QWqY"},"_contentSize":{"__type__":"cc.Size","width":315,"height":121},"_trs":{"__type__":"TypedArray","ctor":"Float64Array","array":[0,-9,0,0,0,0,1,1,1,1]}},{"__type__":"cc.Node","_name":"$view_prize_btn","_parent":{"__id__":4},"_children":[{"__id__":46}],"_components":[{"__type__":"cc.Sprite","node":{"__id__":45},"_materials":[{"__uuid__":"ecpdLyjvZBwrvm+cedCcQy"}],"_spriteFrame":{"__uuid__":"2a+uFJlw9EXJg482X8TExQ"}},{"__type__":"cc.Button","node":{"__id__":45},"_normalMaterial":{"__uuid__":"ecpdLyjvZBwrvm+cedCcQy"},"zoomScale":1.1,"clickEvents":[{"__type__":"cc.ClickEvent","target":{"__id__":1},"_componentId":"589caaawBdPZreBvrP0HOWv","handler":"onBtnPrizeClick"}],"_N$transition":3,"transition":3}],"_prefab":{"__type__":"cc.PrefabInfo","root":{"__id__":1},"asset":{"__uuid__":"cesv6Xs2dGm6FiHslgCW7K"},"fileId":"dfV9sHiV5MUadiEpZ+QeFt"},"_contentSize":{"__type__":"cc.Size","width":82,"height":112},"_anchorPoint":{"__type__":"cc.Vec2","x":0.5,"y":1},"_trs":{"__type__":"TypedArray","ctor":"Float64Array","array":[-264.359,252.5,0,0,0,0,1,1,1,0]}},{"__type__":"cc.Node","_name":"$prize_badage","_parent":{"__id__":45},"_components":[{"__type__":"cc.Sprite","node":{"__id__":46},"_materials":[{"__uuid__":"ecpdLyjvZBwrvm+cedCcQy"}],"_spriteFrame":{"__uuid__":"b67gf3BfZD7aFYHOqF+oe9"}}],"_prefab":{"__type__":"cc.PrefabInfo","root":{"__id__":1},"asset":{"__uuid__":"cesv6Xs2dGm6FiHslgCW7K"},"fileId":"28U5Ea6hBPzoTtaRWJDjGF"},"_contentSize":{"__type__":"cc.Size","width":43,"height":48},"_trs":{"__type__":"TypedArray","ctor":"Float64Array","array":[35.593,-14.718,0,0,0,0,1,1,1,1]}},{"__type__":"cc.Node","_name":"change_cue_node","_parent":{"__id__":4},"_children":[{"__id__":48},{"__id__":50}],"_components":[{"__type__":"cc.Sprite","node":{"__id__":47},"_materials":[{"__uuid__":"ecpdLyjvZBwrvm+cedCcQy"}],"_spriteFrame":{"__uuid__":"a3HvmEbvRGVJYPLQqVvHwU"}},{"__type__":"cc.Button","node":{"__id__":47},"clickEvents":[{"__type__":"cc.ClickEvent","target":{"__id__":1},"_componentId":"589caaawBdPZreBvrP0HOWv","handler":"onBtnChangeCueClick"}]}],"_prefab":{"__type__":"cc.PrefabInfo","root":{"__id__":1},"asset":{"__uuid__":"cesv6Xs2dGm6FiHslgCW7K"},"fileId":"10Q/xU1IdCyZpGlYnNkfrs"},"_contentSize":{"__type__":"cc.Size","width":108,"height":288},"_trs":{"__type__":"TypedArray","ctor":"Float64Array","array":[-262.881,-12,0,0,0,0,1,1,1,1]}},{"__type__":"cc.Node","_name":"mask","_parent":{"__id__":47},"_children":[{"__id__":49}],"_components":[{"__type__":"cc.Mask","node":{"__id__":48},"_materials":[{"__uuid__":"ecpdLyjvZBwrvm+cedCcQy"}]}],"_prefab":{"__type__":"cc.PrefabInfo","root":{"__id__":1},"asset":{"__uuid__":"cesv6Xs2dGm6FiHslgCW7K"},"fileId":"6bDNmwii1A37vgoi3xKS6o"},"_contentSize":{"__type__":"cc.Size","width":82,"height":262},"_trs":{"__type__":"TypedArray","ctor":"Float64Array","array":[0,0,0,0,0,0,1,1,1,1]}},{"__type__":"cc.Node","_name":"$cue_node","_parent":{"__id__":48},"_components":[{"__type__":"cc.Layout","node":{"__id__":49},"_layoutSize":{"__type__":"cc.Size","height":1200},"_resize":1,"_N$layoutType":2},{"__type__":"f1d7aNi0Y9KzZW02HGn2qIU","node":{"__id__":49},"startPos":{"__type__":"cc.Vec2","y":110},"endPos":{"__type__":"cc.Vec2","y":105},"duration":1}],"_prefab":{"__type__":"cc.PrefabInfo","root":{"__id__":1},"asset":{"__uuid__":"cesv6Xs2dGm6FiHslgCW7K"},"fileId":"f6C8mys+JKJoHF3BR6b61O"},"_contentSize":{"__type__":"cc.Size","height":1200},"_anchorPoint":{"__type__":"cc.Vec2","x":0.5,"y":1},"_trs":{"__type__":"TypedArray","ctor":"Float64Array","array":[0,110,0,0,0,0,1,0.4,0.4,1]}},{"__type__":"cc.Node","_name":"tip","_parent":{"__id__":47},"_components":[{"__type__":"cc.Sprite","node":{"__id__":50},"_materials":[{"__uuid__":"ecpdLyjvZBwrvm+cedCcQy"}],"_spriteFrame":{"__uuid__":"47iVbpZLxOLK0RTMLnGuNb"}},{"__type__":"cc.Button","node":{"__id__":50},"zoomScale":1.1,"clickEvents":[{"__type__":"cc.ClickEvent","target":{"__id__":1},"_componentId":"589caaawBdPZreBvrP0HOWv","handler":"onBtnChangeCueClick"}],"_N$transition":3,"transition":3}],"_prefab":{"__type__":"cc.PrefabInfo","root":{"__id__":1},"asset":{"__uuid__":"cesv6Xs2dGm6FiHslgCW7K"},"fileId":"22ffE76pFKJKiVgfR/zOjO"},"_contentSize":{"__type__":"cc.Size","width":89,"height":61},"_anchorPoint":{"__type__":"cc.Vec2","x":0.8},"_trs":{"__type__":"TypedArray","ctor":"Float64Array","array":[-34.86,95.426,0,0,0,0,1,1,1,0]}},{"__type__":"cc.Node","_name":"$matching_node","_parent":{"__id__":4},"_children":[{"__id__":52}],"_active":false,"_components":[{"__type__":"cc.Sprite","node":{"__id__":51},"_materials":[{"__uuid__":"ecpdLyjvZBwrvm+cedCcQy"}],"_spriteFrame":{"__uuid__":"c7Oc0tR65KdbeoPoCbnD49"},"_type":1,"_sizeMode":0}],"_prefab":{"__type__":"cc.PrefabInfo","root":{"__id__":1},"asset":{"__uuid__":"cesv6Xs2dGm6FiHslgCW7K"},"fileId":"2adFTDP6xEf6JV2ovVA78f"},"_contentSize":{"__type__":"cc.Size","width":631,"height":172},"_trs":{"__type__":"TypedArray","ctor":"Float64Array","array":[0,54.101,0,0,0,0,1,1,1,1]}},{"__type__":"cc.Node","_name":"db","_parent":{"__id__":51},"_components":[{"__type__":"dragonBones.ArmatureDisplay","node":{"__id__":52},"_materials":[{"__uuid__":"ecpdLyjvZBwrvm+cedCcQy"}],"_armatureName":"Armature","_animationName":"newAnimation","_preCacheMode":0,"_armatureKey":"10471368-9dbe-4acf-b1c9-5b7ec8e0c0ed#1cc2f155-5f13-4d11-b620-8f061d5de682","_N$dragonAsset":{"__uuid__":"10RxNonb5Kz7HJW37I4MDt"},"_N$dragonAtlasAsset":{"__uuid__":"1cwvFVXxNNEbYgjwYdXeaC"}}],"_prefab":{"__type__":"cc.PrefabInfo","root":{"__id__":1},"asset":{"__uuid__":"cesv6Xs2dGm6FiHslgCW7K"},"fileId":"2eY3yshkVFzYsTNi8ucpY/"},"_contentSize":{"__type__":"cc.Size","width":423.98437325775205,"height":126},"_trs":{"__type__":"TypedArray","ctor":"Float64Array","array":[0,0,0,0,0,0,1,1,1,1]}},{"__type__":"cc.Node","_name":"$rule_node","_parent":{"__id__":4},"_children":[{"__id__":54},{"__id__":55}],"_prefab":{"__type__":"cc.PrefabInfo","root":{"__id__":1},"asset":{"__uuid__":"cesv6Xs2dGm6FiHslgCW7K"},"fileId":"b3rJamh6NFDaMwwVdixg0G"},"_contentSize":{"__type__":"cc.Size","width":593,"height":424},"_trs":{"__type__":"TypedArray","ctor":"Float64Array","array":[0,51,0,0,0,0,1,1,1,1]}},{"__type__":"cc.Node","_name":"mask","_parent":{"__id__":53},"_components":[{"__type__":"cc.Sprite","node":{"__id__":54},"_materials":[{"__uuid__":"ecpdLyjvZBwrvm+cedCcQy"}],"_spriteFrame":{"__uuid__":"fdZ+FLNoFGtYmgI6Rsppg4"},"_type":1,"_sizeMode":0,"_isTrimmedMode":false},{"__type__":"cc.Button","node":{"__id__":54},"clickEvents":[{"__type__":"cc.ClickEvent","target":{"__id__":1},"_componentId":"d56b4vI+/ZDiJ/tG9AjKlre","handler":"onBtnRuleCloseClick"}],"_N$normalColor":{"__type__":"cc.Color","r":214,"g":214,"b":214},"_N$target":{"__id__":54}},{"__type__":"809c4SzpK1OEIh/WEmlQyJb","node":{"__id__":54}}],"_prefab":{"__type__":"cc.PrefabInfo","root":{"__id__":1},"asset":{"__uuid__":"cesv6Xs2dGm6FiHslgCW7K"},"fileId":"27g4mgG2hBfbXxXjuieUid"},"_opacity":120,"_contentSize":{"__type__":"cc.Size","width":800,"height":1200},"_trs":{"__type__":"TypedArray","ctor":"Float64Array","array":[0,0,0,0,0,0,1,1,1,1]}},{"__type__":"cc.Node","_name":"layer","_parent":{"__id__":53},"_children":[{"__id__":56},{"__id__":57}],"_components":[{"__type__":"cc.Sprite","node":{"__id__":55},"_materials":[{"__uuid__":"ecpdLyjvZBwrvm+cedCcQy"}],"_spriteFrame":{"__uuid__":"f2jdyWZFFI3K7pofGWk0EA"},"_type":1,"_sizeMode":0},{"__type__":"cc.BlockInputEvents","node":{"__id__":55}},{"__type__":"cc.Layout","node":{"__id__":55},"_layoutSize":{"__type__":"cc.Size","width":593,"height":442.97999999999996},"_resize":1,"_N$layoutType":2,"_N$paddingTop":30,"_N$paddingBottom":32,"_N$spacingY":25}],"_prefab":{"__type__":"cc.PrefabInfo","root":{"__id__":1},"asset":{"__uuid__":"cesv6Xs2dGm6FiHslgCW7K"},"fileId":"53UarcOS9Iy7qw0uXaIjZz"},"_contentSize":{"__type__":"cc.Size","width":593,"height":442.97999999999996},"_trs":{"__type__":"TypedArray","ctor":"Float64Array","array":[0,0,0,0,0,0,1,1,1,1]}},{"__type__":"cc.Node","_name":"label","_parent":{"__id__":55},"_components":[{"__type__":"cc.Label","node":{"__id__":56},"_materials":[{"__uuid__":"ecpdLyjvZBwrvm+cedCcQy"}],"_useOriginalSize":false,"_string":"Qualifying Rules","_N$string":"Qualifying Rules","_styleFlags":1,"_N$horizontalAlign":1,"_N$verticalAlign":1}],"_prefab":{"__type__":"cc.PrefabInfo","root":{"__id__":1},"asset":{"__uuid__":"cesv6Xs2dGm6FiHslgCW7K"},"fileId":"42+yN9qT1NZo/dDpH25IY8"},"_color":{"__type__":"cc.Color","r":27,"g":123,"b":179},"_contentSize":{"__type__":"cc.Size","width":200,"height":50.4},"_trs":{"__type__":"TypedArray","ctor":"Float64Array","array":[0,166.29,0,0,0,0,1,1,1,1]}},{"__type__":"cc.Node","_name":"label","_parent":{"__id__":55},"_components":[{"__type__":"cc.Label","node":{"__id__":57},"_materials":[{"__uuid__":"ecpdLyjvZBwrvm+cedCcQy"}],"_useOriginalSize":false,"_string":"1. After the player enters the strongest tier, if there is no qualifying activity on the day, the system will deduct 3 stars from the player. \n\n2. The leaderboard only displays the list of the top 30 strongest kings. \n\n3. After the end of the season, the strongest king will be reset to the glory gold V rank, the extraordinary master will be reset to the order silver V rank, and the brilliant diamond will be reset to the heroic brass V rank.","_N$string":"1. After the player enters the strongest tier, if there is no qualifying activity on the day, the system will deduct 3 stars from the player. \n\n2. The leaderboard only displays the list of the top 30 strongest kings. \n\n3. After the end of the season, the strongest king will be reset to the glory gold V rank, the extraordinary master will be reset to the order silver V rank, and the brilliant diamond will be reset to the heroic brass V rank.","_fontSize":20,"_lineHeight":33,"_N$verticalAlign":1,"_N$overflow":3}],"_prefab":{"__type__":"cc.PrefabInfo","root":{"__id__":1},"asset":{"__uuid__":"cesv6Xs2dGm6FiHslgCW7K"},"fileId":"94nK8ZA5lP37bKOLdfOtUh"},"_color":{"__type__":"cc.Color","r":94,"g":157,"b":197},"_contentSize":{"__type__":"cc.Size","width":500,"height":305.58},"_trs":{"__type__":"TypedArray","ctor":"Float64Array","array":[0,-36.69999999999999,0,0,0,0,1,1,1,1]}},{"__type__":"cc.Node","_name":"$redpacket_first_node","_parent":{"__id__":4},"_children":[{"__id__":59},{"__id__":60}],"_active":false,"_prefab":{"__type__":"cc.PrefabInfo","root":{"__id__":1},"asset":{"__uuid__":"cesv6Xs2dGm6FiHslgCW7K"},"fileId":"a1BvnbbGVEdK/xp/9OqLmh"},"_trs":{"__type__":"TypedArray","ctor":"Float64Array","array":[0,0,0,0,0,0,1,1,1,1]}},{"__type__":"cc.Node","_name":"mask","_parent":{"__id__":58},"_components":[{"__type__":"cc.Sprite","node":{"__id__":59},"_materials":[{"__uuid__":"ecpdLyjvZBwrvm+cedCcQy"}],"_spriteFrame":{"__uuid__":"fdZ+FLNoFGtYmgI6Rsppg4"},"_type":1,"_sizeMode":0,"_isTrimmedMode":false},{"__type__":"cc.Button","node":{"__id__":59},"clickEvents":[{"__type__":"cc.ClickEvent","target":{"__id__":1},"_componentId":"d56b4vI+/ZDiJ/tG9AjKlre","handler":"onBtnRedpacketCloseClick"}],"_N$normalColor":{"__type__":"cc.Color","r":214,"g":214,"b":214},"_N$target":{"__id__":59}},{"__type__":"809c4SzpK1OEIh/WEmlQyJb","node":{"__id__":59}}],"_prefab":{"__type__":"cc.PrefabInfo","root":{"__id__":1},"asset":{"__uuid__":"cesv6Xs2dGm6FiHslgCW7K"},"fileId":"d2kZ+6JExGXKTzFtKpbkcw"},"_opacity":120,"_contentSize":{"__type__":"cc.Size","width":800,"height":1200},"_trs":{"__type__":"TypedArray","ctor":"Float64Array","array":[0,0,0,0,0,0,1,1,1,1]}},{"__type__":"cc.Node","_name":"layer","_parent":{"__id__":58},"_children":[{"__id__":61},{"__id__":62}],"_components":[{"__type__":"cc.Sprite","node":{"__id__":60},"_materials":[{"__uuid__":"ecpdLyjvZBwrvm+cedCcQy"}],"_spriteFrame":{"__uuid__":"d0aAb2EFVKtJB3k1P0KKmW"},"_type":1,"_sizeMode":0},{"__type__":"cc.BlockInputEvents","node":{"__id__":60}}],"_prefab":{"__type__":"cc.PrefabInfo","root":{"__id__":1},"asset":{"__uuid__":"cesv6Xs2dGm6FiHslgCW7K"},"fileId":"57Dw11qDJLjqHUB/QD4CQf"},"_contentSize":{"__type__":"cc.Size","width":623,"height":934},"_trs":{"__type__":"TypedArray","ctor":"Float64Array","array":[0,0,0,0,0,0,1,1,1,1]}},{"__type__":"cc.Node","_name":"t2","_parent":{"__id__":60},"_components":[{"__type__":"cc.Sprite","node":{"__id__":61},"_materials":[{"__uuid__":"ecpdLyjvZBwrvm+cedCcQy"}],"_spriteFrame":{"__uuid__":"b9Kna/4BJEe6fakPy7NX72"}}],"_prefab":{"__type__":"cc.PrefabInfo","root":{"__id__":1},"asset":{"__uuid__":"cesv6Xs2dGm6FiHslgCW7K"},"fileId":"e32KMTqc9PsLffBNX9auhk"},"_contentSize":{"__type__":"cc.Size","width":750,"height":917},"_trs":{"__type__":"TypedArray","ctor":"Float64Array","array":[0,124,0,0,0,0,1,1,1,1]}},{"__type__":"cc.Node","_name":"matching_btn","_parent":{"__id__":60},"_children":[{"__id__":63}],"_components":[{"__type__":"cc.Button","node":{"__id__":62},"clickEvents":[{"__type__":"cc.ClickEvent","target":{"__id__":1},"_componentId":"d56b4vI+/ZDiJ/tG9AjKlre","handler":"onBtnRedpacketMatchingClick"}],"_N$transition":3,"transition":3}],"_prefab":{"__type__":"cc.PrefabInfo","root":{"__id__":1},"asset":{"__uuid__":"cesv6Xs2dGm6FiHslgCW7K"},"fileId":"b9xO+gjf1NkoSdfhz24rM0"},"_contentSize":{"__type__":"cc.Size","width":200,"height":200},"_trs":{"__type__":"TypedArray","ctor":"Float64Array","array":[0,-204.039,0,0,0,0,1,1,1,1]}},{"__type__":"cc.Node","_name":"text","_parent":{"__id__":62},"_components":[{"__type__":"cc.Sprite","node":{"__id__":63},"_materials":[{"__uuid__":"ecpdLyjvZBwrvm+cedCcQy"}],"_spriteFrame":{"__uuid__":"472SHtoNtKz7UyQGIv8lWX"}}],"_prefab":{"__type__":"cc.PrefabInfo","root":{"__id__":1},"asset":{"__uuid__":"cesv6Xs2dGm6FiHslgCW7K"},"fileId":"2bWu6UXptNyrih1u97kMpA"},"_contentSize":{"__type__":"cc.Size","width":75,"height":85},"_trs":{"__type__":"TypedArray","ctor":"Float64Array","array":[0,0,0,0,0,0,1,1,1,1]}},{"__type__":"cc.Node","_name":"banner","_parent":{"__id__":3},"_components":[{"__type__":"ce3f9aG6A1If7y9kH3tgvq2","node":{"__id__":64}}],"_prefab":{"__type__":"cc.PrefabInfo","root":{"__id__":1},"asset":{"__uuid__":"cesv6Xs2dGm6FiHslgCW7K"},"fileId":"60O8O5aJtI85lKWuytPXmi"},"_trs":{"__type__":"TypedArray","ctor":"Float64Array","array":[0,-342.01199999999994,0,0,0,0,1,1,1,1]}}],{"__type__":"cc.SpriteFrame","content":{"name":"排位赛规则框","texture":"19a7fd3ab","rect":[122,859,56,56],"offset":[0,0],"originalSize":[56,56],"capInsets":[20,20,20,20]}}]