[[{"__type__":"cc.Prefab","_name":"ballclick","data":{"__id__":1}},{"__type__":"cc.Node","_name":"ballclick","_children":[{"__id__":2}],"_components":[{"__type__":"cc.Animation","node":{"__id__":1},"_defaultClip":{"__uuid__":"6dQgHQ1jtH/KsiRzXUAwhm"},"_clips":[{"__uuid__":"6dQgHQ1jtH/KsiRzXUAwhm"}]}],"_prefab":{"__type__":"cc.PrefabInfo","root":{"__id__":1},"asset":{"__uuid__":"0752uMDRJBAZHen8cWDIIv"},"fileId":"67Pq9Lwk1OTrumEQg89z0O"},"_trs":{"__type__":"TypedArray","ctor":"Float64Array","array":[0,0,0,0,0,0,1,1,1,1]}},{"__type__":"cc.Node","_name":"sprite","_parent":{"__id__":1},"_components":[{"__type__":"cc.Sprite","node":{"__id__":2},"_materials":[{"__uuid__":"ecpdLyjvZBwrvm+cedCcQy"}],"_spriteFrame":{"__uuid__":"49+rm1Yr9Atpl9eJUcrZ3B"}}],"_prefab":{"__type__":"cc.PrefabInfo","root":{"__id__":1},"asset":{"__uuid__":"0752uMDRJBAZHen8cWDIIv"},"fileId":"b0/FjLV3lKuLFR6n4zclrL"},"_contentSize":{"__type__":"cc.Size","width":58,"height":58},"_trs":{"__type__":"TypedArray","ctor":"Float64Array","array":[0,0,0,0,0,0,1,0.7,0.7,1]}}],{"__type__":"cc.AnimationClip","_name":"ball_click","_duration":0.3333333333333333,"curveData":{"paths":{"sprite":{"comps":{},"props":{"active":[{"frame":0.13333333333333333,"value":true},{"frame":0.3333333333333333,"value":false}],"scale":[{"frame":0,"value":{"__type__":"cc.Vec2","x":1,"y":1}},{"frame":0.13333333333333333,"value":{"__type__":"cc.Vec2"}},{"frame":0.3333333333333333,"value":{"__type__":"cc.Vec2","x":2,"y":2}}],"opacity":[{"frame":0.13333333333333333,"value":255},{"frame":0.3333333333333333,"value":0}]}}}}}]