[{"__type__":"cc.SpriteFrame","content":{"name":"球框","texture":"13ba4cd6d","rect":[630,441,104,246],"offset":[0,0],"originalSize":[104,246],"capInsets":[25,15,24,16]}},{"__type__":"cc.SpriteFrame","content":{"name":"球位","texture":"13ba4cd6d","rect":[541,957,40,40],"offset":[0,0],"originalSize":[40,40],"capInsets":[0,0,0,0]}},[{"__type__":"cc.Prefab","_name":"objects_panel","data":{"__id__":1}},{"__type__":"cc.Node","_name":"objects_panel","_children":[{"__id__":2},{"__type__":"cc.Node","_name":"ball","_parent":{"__id__":1},"_prefab":{"__type__":"cc.PrefabInfo","root":{"__id__":1},"asset":{"__uuid__":"a4k3QlPX9GyoadJTSSTiW9"},"fileId":"3didicf4hPq7Hvwz0+Y+ej"},"_contentSize":{"__type__":"cc.Size","width":90,"height":190},"_trs":{"__type__":"TypedArray","ctor":"Float64Array","array":[0,0,0,0,0,0,1,1,1,1]}},{"__type__":"cc.Node","_name":"tick","_parent":{"__id__":1},"_prefab":{"__type__":"cc.PrefabInfo","root":{"__id__":1},"asset":{"__uuid__":"a4k3QlPX9GyoadJTSSTiW9"},"fileId":"8ca4FrpoFHnphfH66Q+DRU"},"_trs":{"__type__":"TypedArray","ctor":"Float64Array","array":[0,0,0,0,0,0,1,1,1,1]}},{"__id__":11}],"_components":[{"__type__":"cc.Sprite","node":{"__id__":1},"_materials":[{"__uuid__":"ecpdLyjvZBwrvm+cedCcQy"}],"_spriteFrame":{"__uuid__":"0bKMAGk1hFHICQc6mZihdj"},"_type":1,"_sizeMode":0},{"__type__":"30cbcmo5gxBbbOfKRzXNQ20","node":{"__id__":1},"ballRadius":16}],"_prefab":{"__type__":"cc.PrefabInfo","root":{"__id__":1},"asset":{"__uuid__":"a4k3QlPX9GyoadJTSSTiW9"},"fileId":"b7FUZ6ZpRIlIEtBPJaHJes"},"_contentSize":{"__type__":"cc.Size","width":104,"height":246},"_trs":{"__type__":"TypedArray","ctor":"Float64Array","array":[0,0,0,0,0,0,1,1,1,1]}},{"__type__":"cc.Node","_name":"bg","_parent":{"__id__":1},"_children":[{"__id__":3},{"__id__":4},{"__id__":5},{"__id__":6},{"__id__":7},{"__id__":8},{"__id__":9},{"__id__":10}],"_prefab":{"__type__":"cc.PrefabInfo","root":{"__id__":1},"asset":{"__uuid__":"a4k3QlPX9GyoadJTSSTiW9"},"fileId":"b8cZbvALZCua0auaEBAcUe"},"_contentSize":{"__type__":"cc.Size","width":90,"height":190},"_trs":{"__type__":"TypedArray","ctor":"Float64Array","array":[0,0,0,0,0,0,1,1,1,1]}},{"__type__":"cc.Node","_name":"sp","_parent":{"__id__":2},"_components":[{"__type__":"cc.Sprite","node":{"__id__":3},"_materials":[{"__uuid__":"ecpdLyjvZBwrvm+cedCcQy"}],"_spriteFrame":{"__uuid__":"1csYvdWZBDybU8u+Axg5Xt"}}],"_prefab":{"__type__":"cc.PrefabInfo","root":{"__id__":1},"asset":{"__uuid__":"a4k3QlPX9GyoadJTSSTiW9"},"fileId":"86kS/ZW9pEf6FafcaVsLSS"},"_contentSize":{"__type__":"cc.Size","width":40,"height":40},"_trs":{"__type__":"TypedArray","ctor":"Float64Array","array":[-21,75,0,0,0,0,1,1,1,1]}},{"__type__":"cc.Node","_name":"sp","_parent":{"__id__":2},"_components":[{"__type__":"cc.Sprite","node":{"__id__":4},"_materials":[{"__uuid__":"ecpdLyjvZBwrvm+cedCcQy"}],"_spriteFrame":{"__uuid__":"1csYvdWZBDybU8u+Axg5Xt"}}],"_prefab":{"__type__":"cc.PrefabInfo","root":{"__id__":1},"asset":{"__uuid__":"a4k3QlPX9GyoadJTSSTiW9"},"fileId":"dfAKV6w5hAgZxRG/4ouO9c"},"_contentSize":{"__type__":"cc.Size","width":40,"height":40},"_trs":{"__type__":"TypedArray","ctor":"Float64Array","array":[20,75,0,0,0,0,1,1,1,1]}},{"__type__":"cc.Node","_name":"sp","_parent":{"__id__":2},"_components":[{"__type__":"cc.Sprite","node":{"__id__":5},"_materials":[{"__uuid__":"ecpdLyjvZBwrvm+cedCcQy"}],"_spriteFrame":{"__uuid__":"1csYvdWZBDybU8u+Axg5Xt"}}],"_prefab":{"__type__":"cc.PrefabInfo","root":{"__id__":1},"asset":{"__uuid__":"a4k3QlPX9GyoadJTSSTiW9"},"fileId":"0fgLvtkaZHNqN+EwLCGtV5"},"_contentSize":{"__type__":"cc.Size","width":40,"height":40},"_trs":{"__type__":"TypedArray","ctor":"Float64Array","array":[-21,25,0,0,0,0,1,1,1,1]}},{"__type__":"cc.Node","_name":"sp","_parent":{"__id__":2},"_components":[{"__type__":"cc.Sprite","node":{"__id__":6},"_materials":[{"__uuid__":"ecpdLyjvZBwrvm+cedCcQy"}],"_spriteFrame":{"__uuid__":"1csYvdWZBDybU8u+Axg5Xt"}}],"_prefab":{"__type__":"cc.PrefabInfo","root":{"__id__":1},"asset":{"__uuid__":"a4k3QlPX9GyoadJTSSTiW9"},"fileId":"ddremtQNRHaqDpQXi6sp/m"},"_contentSize":{"__type__":"cc.Size","width":40,"height":40},"_trs":{"__type__":"TypedArray","ctor":"Float64Array","array":[20,25,0,0,0,0,1,1,1,1]}},{"__type__":"cc.Node","_name":"sp","_parent":{"__id__":2},"_components":[{"__type__":"cc.Sprite","node":{"__id__":7},"_materials":[{"__uuid__":"ecpdLyjvZBwrvm+cedCcQy"}],"_spriteFrame":{"__uuid__":"1csYvdWZBDybU8u+Axg5Xt"}}],"_prefab":{"__type__":"cc.PrefabInfo","root":{"__id__":1},"asset":{"__uuid__":"a4k3QlPX9GyoadJTSSTiW9"},"fileId":"8fB4ZGUy5Ih7UFzpi7IrJL"},"_contentSize":{"__type__":"cc.Size","width":40,"height":40},"_trs":{"__type__":"TypedArray","ctor":"Float64Array","array":[-21,-25,0,0,0,0,1,1,1,1]}},{"__type__":"cc.Node","_name":"sp","_parent":{"__id__":2},"_components":[{"__type__":"cc.Sprite","node":{"__id__":8},"_materials":[{"__uuid__":"ecpdLyjvZBwrvm+cedCcQy"}],"_spriteFrame":{"__uuid__":"1csYvdWZBDybU8u+Axg5Xt"}}],"_prefab":{"__type__":"cc.PrefabInfo","root":{"__id__":1},"asset":{"__uuid__":"a4k3QlPX9GyoadJTSSTiW9"},"fileId":"70FQ3J5oxGuJApQiNB7yZj"},"_contentSize":{"__type__":"cc.Size","width":40,"height":40},"_trs":{"__type__":"TypedArray","ctor":"Float64Array","array":[20,-25,0,0,0,0,1,1,1,1]}},{"__type__":"cc.Node","_name":"sp","_parent":{"__id__":2},"_components":[{"__type__":"cc.Sprite","node":{"__id__":9},"_materials":[{"__uuid__":"ecpdLyjvZBwrvm+cedCcQy"}],"_spriteFrame":{"__uuid__":"1csYvdWZBDybU8u+Axg5Xt"}}],"_prefab":{"__type__":"cc.PrefabInfo","root":{"__id__":1},"asset":{"__uuid__":"a4k3QlPX9GyoadJTSSTiW9"},"fileId":"16hqVCjwhEiI1wooMQ4ZkK"},"_contentSize":{"__type__":"cc.Size","width":40,"height":40},"_trs":{"__type__":"TypedArray","ctor":"Float64Array","array":[-21,-75,0,0,0,0,1,1,1,1]}},{"__type__":"cc.Node","_name":"sp","_parent":{"__id__":2},"_components":[{"__type__":"cc.Sprite","node":{"__id__":10},"_materials":[{"__uuid__":"ecpdLyjvZBwrvm+cedCcQy"}],"_spriteFrame":{"__uuid__":"1csYvdWZBDybU8u+Axg5Xt"}}],"_prefab":{"__type__":"cc.PrefabInfo","root":{"__id__":1},"asset":{"__uuid__":"a4k3QlPX9GyoadJTSSTiW9"},"fileId":"11ItXq6s1B5rwopxKer/d+"},"_contentSize":{"__type__":"cc.Size","width":40,"height":40},"_trs":{"__type__":"TypedArray","ctor":"Float64Array","array":[20,-75,0,0,0,0,1,1,1,1]}},{"__type__":"cc.Node","_name":"title","_parent":{"__id__":1},"_components":[{"__type__":"cc.Sprite","node":{"__id__":11},"_materials":[{"__uuid__":"ecpdLyjvZBwrvm+cedCcQy"}],"_spriteFrame":{"__uuid__":"e1BJskN+RFCJbNnGCGkn8S"}}],"_prefab":{"__type__":"cc.PrefabInfo","root":{"__id__":1},"asset":{"__uuid__":"a4k3QlPX9GyoadJTSSTiW9"},"fileId":"9cgSpdZKZM94Dt783B16S2"},"_contentSize":{"__type__":"cc.Size","width":69,"height":25},"_trs":{"__type__":"TypedArray","ctor":"Float64Array","array":[0,121.746,0,0,0,0,1,1,1,1]}}],{"__type__":"cc.SpriteFrame","content":{"name":"目标球","texture":"13ba4cd6d","rect":[486,646,69,25],"offset":[0,0],"originalSize":[69,25],"capInsets":[0,0,0,0]}}]