[{"__type__":"cc.Prefab","_name":"maskLayer","data":{"__id__":1}},{"__type__":"cc.Node","_name":"maskLayer","_children":[{"__id__":2},{"__id__":5}],"_components":[{"__type__":"cc.Widget","node":{"__id__":1},"_alignFlags":45},{"__type__":"7b385MY2iNB7I3Vg+Vjg6cN","node":{"__id__":1},"maskComp":{"__id__":4},"blackNode":{"__id__":3}}],"_prefab":{"__type__":"cc.PrefabInfo","root":{"__id__":1},"asset":{"__uuid__":"91thZFJW5D4JcvaKvhJLyY"},"fileId":"b2ZI9uCE5Au74Q/STRz0iL"},"_contentSize":{"__type__":"cc.Size","width":750,"height":1334},"_trs":{"__type__":"TypedArray","ctor":"Float64Array","array":[375,667,0,0,0,0,1,1,1,1]}},{"__type__":"cc.Node","_name":"mask_node","_parent":{"__id__":1},"_children":[{"__id__":3}],"_components":[{"__id__":4}],"_prefab":{"__type__":"cc.PrefabInfo","root":{"__id__":1},"asset":{"__uuid__":"91thZFJW5D4JcvaKvhJLyY"},"fileId":"392l/H0oFKfYwzFYMld3ie"},"_contentSize":{"__type__":"cc.Size","width":100,"height":100},"_trs":{"__type__":"TypedArray","ctor":"Float64Array","array":[0,0,0,0,0,0,1,1,1,1]}},{"__type__":"cc.Node","_name":"black","_parent":{"__id__":2},"_components":[{"__type__":"cc.Sprite","node":{"__id__":3},"_materials":[{"__uuid__":"ecpdLyjvZBwrvm+cedCcQy"}],"_spriteFrame":{"__uuid__":"fdZ+FLNoFGtYmgI6Rsppg4"},"_type":1,"_sizeMode":0,"_isTrimmedMode":false},{"__type__":"cc.Widget","node":{"__id__":3},"_target":{"__id__":1},"_alignFlags":45,"_left":-1,"_right":-1,"_top":-1,"_bottom":-1,"_originalWidth":16,"_originalHeight":16},{"__type__":"cc.BlockInputEvents","node":{"__id__":3}}],"_prefab":{"__type__":"cc.PrefabInfo","root":{"__id__":1},"asset":{"__uuid__":"91thZFJW5D4JcvaKvhJLyY"},"fileId":"07zp7OwGVJRpbGIIR/jpgB"},"_opacity":128,"_contentSize":{"__type__":"cc.Size","width":752,"height":1336},"_trs":{"__type__":"TypedArray","ctor":"Float64Array","array":[0,0,0,0,0,0,1,1,1,1]}},{"__type__":"cc.Mask","node":{"__id__":2},"_materials":[{"__uuid__":"ecpdLyjvZBwrvm+cedCcQy"}],"_N$inverted":true},{"__type__":"cc.Node","_name":"banner","_parent":{"__id__":1},"_components":[{"__type__":"ce3f9aG6A1If7y9kH3tgvq2","node":{"__id__":5},"mode":2}],"_prefab":{"__type__":"cc.PrefabInfo","root":{"__id__":1},"asset":{"__uuid__":"91thZFJW5D4JcvaKvhJLyY"},"fileId":"50arm8ic9BAazjYFfwCTse"},"_trs":{"__type__":"TypedArray","ctor":"Float64Array","array":[0,-263,0,0,0,0,1,1,1,1]}}]