[{"__type__":"cc.SpriteFrame","content":{"name":"VIP卡_小框","texture":"1298ae8a0","rect":[559,538,64,84],"offset":[0,0],"originalSize":[64,84],"capInsets":[16,65,16,16]}},{"__type__":"cc.SpriteFrame","content":{"name":"超级VIP卡_标题","texture":"181f0e3b5","rect":[972,761,209,47],"offset":[0,0],"originalSize":[209,47],"rotated":1,"capInsets":[0,0,0,0]}},{"__type__":"cc.SpriteFrame","content":{"name":"VIP卡_02","texture":"16b10d60f","rect":[682,628,291,251],"offset":[0,0],"originalSize":[291,251],"rotated":1,"capInsets":[0,0,0,0]}},[{"__type__":"cc.Prefab","_name":"vipLayer","data":{"__id__":1}},{"__type__":"cc.Node","_name":"vipLayer","_children":[{"__id__":2},{"__id__":3}],"_components":[{"__type__":"cc.Widget","node":{"__id__":1},"_alignFlags":45},{"__type__":"cc.BlockInputEvents","node":{"__id__":1}},{"__type__":"c81d8RzFMlCSr9kp4h4CHfe","node":{"__id__":1}}],"_prefab":{"__type__":"cc.PrefabInfo","root":{"__id__":1},"asset":{"__uuid__":"44zQ3QXPNAeJzOCHrZFelc"},"fileId":"b2ZI9uCE5Au74Q/STRz0iL"},"_contentSize":{"__type__":"cc.Size","width":750,"height":1334},"_trs":{"__type__":"TypedArray","ctor":"Float64Array","array":[375,667,0,0,0,0,1,1,1,1]}},{"__type__":"cc.Node","_name":"mask","_parent":{"__id__":1},"_components":[{"__type__":"cc.Sprite","node":{"__id__":2},"_materials":[{"__uuid__":"ecpdLyjvZBwrvm+cedCcQy"}],"_spriteFrame":{"__uuid__":"fdZ+FLNoFGtYmgI6Rsppg4"},"_type":1,"_sizeMode":0,"_isTrimmedMode":false},{"__type__":"cc.Button","node":{"__id__":2},"_N$normalColor":{"__type__":"cc.Color","r":214,"g":214,"b":214},"_N$target":{"__id__":2}},{"__type__":"cc.Widget","node":{"__id__":2},"_alignFlags":45,"_left":-1,"_right":-1,"_top":-1,"_bottom":-1,"_originalWidth":16,"_originalHeight":16}],"_prefab":{"__type__":"cc.PrefabInfo","root":{"__id__":1},"asset":{"__uuid__":"44zQ3QXPNAeJzOCHrZFelc"},"fileId":"67EbqYNDxBRautS9PwfMF8"},"_opacity":180,"_contentSize":{"__type__":"cc.Size","width":752,"height":1336},"_trs":{"__type__":"TypedArray","ctor":"Float64Array","array":[0,0,0,0,0,0,1,1,1,1]}},{"__type__":"cc.Node","_name":"$dialog","_parent":{"__id__":1},"_children":[{"__id__":4},{"__id__":33}],"_components":[{"__type__":"96549DGCmlIcZghb3AfRGQI","node":{"__id__":3}}],"_prefab":{"__type__":"cc.PrefabInfo","root":{"__id__":1},"asset":{"__uuid__":"44zQ3QXPNAeJzOCHrZFelc"},"fileId":"19pEruYqhJjrAkAknf+vUE"},"_trs":{"__type__":"TypedArray","ctor":"Float64Array","array":[0,0,0,0,0,0,1,1,1,1]}},{"__type__":"cc.Node","_name":"contents","_parent":{"__id__":3},"_children":[{"__id__":5},{"__id__":6},{"__id__":11},{"__id__":12},{"__id__":13},{"__id__":14},{"__id__":15},{"__id__":19},{"__id__":23},{"__id__":24},{"__id__":25},{"__id__":26}],"_components":[{"__type__":"09bd4f7l0NPfpseMfFdw+uE","node":{"__id__":4}},{"__type__":"cc.BlockInputEvents","node":{"__id__":4}}],"_prefab":{"__type__":"cc.PrefabInfo","root":{"__id__":1},"asset":{"__uuid__":"44zQ3QXPNAeJzOCHrZFelc"},"fileId":"51qPXPM9RH6blewgAKdmh5"},"_contentSize":{"__type__":"cc.Size","width":684,"height":806},"_trs":{"__type__":"TypedArray","ctor":"Float64Array","array":[0,0,0,0,0,0,1,1,1,1]}},{"__type__":"cc.Node","_name":"bg","_parent":{"__id__":4},"_components":[{"__type__":"cc.Sprite","node":{"__id__":5},"_materials":[{"__uuid__":"ecpdLyjvZBwrvm+cedCcQy"}],"_spriteFrame":{"__uuid__":"7eUA/ecqtKJbHxsn0n8WHp"},"_type":1,"_sizeMode":0,"_isTrimmedMode":false},{"__type__":"cc.Widget","node":{"__id__":5},"_alignFlags":45,"_originalWidth":625,"_originalHeight":771}],"_prefab":{"__type__":"cc.PrefabInfo","root":{"__id__":1},"asset":{"__uuid__":"44zQ3QXPNAeJzOCHrZFelc"},"fileId":"24NmMqu0hBcJJ/rVpJsLQs"},"_contentSize":{"__type__":"cc.Size","width":684,"height":806},"_trs":{"__type__":"TypedArray","ctor":"Float64Array","array":[0,0,0,0,0,0,1,1,1,1]}},{"__type__":"cc.Node","_name":"title_node","_parent":{"__id__":4},"_children":[{"__id__":7},{"__id__":8},{"__id__":9}],"_components":[{"__type__":"cc.Widget","node":{"__id__":6},"_alignFlags":1,"_top":53.5}],"_prefab":{"__type__":"cc.PrefabInfo","root":{"__id__":1},"asset":{"__uuid__":"44zQ3QXPNAeJzOCHrZFelc"},"fileId":"62SMrziwNOs4wB9o5cdGUN"},"_trs":{"__type__":"TypedArray","ctor":"Float64Array","array":[0.9,349.5,0,0,0,0,1,1,1,1]}},{"__type__":"cc.Node","_name":"title_light","_parent":{"__id__":6},"_components":[{"__type__":"ade161OMgVMKpmjDqerbeZb","node":{"__id__":7},"_prefab":{"__uuid__":"a9R2AW7eJGzoql/lnwjPLu"}}],"_prefab":{"__type__":"cc.PrefabInfo","root":{"__id__":1},"asset":{"__uuid__":"44zQ3QXPNAeJzOCHrZFelc"},"fileId":"b0Ke+vpQtPIIuFpKXf24xd"},"_contentSize":{"__type__":"cc.Size","width":676,"height":104},"_trs":{"__type__":"TypedArray","ctor":"Float64Array","array":[0,-2,0,0,0,0,1,1,1,1]}},{"__type__":"cc.Node","_name":"title","_parent":{"__id__":6},"_components":[{"__type__":"cc.Sprite","node":{"__id__":8},"_materials":[{"__uuid__":"ecpdLyjvZBwrvm+cedCcQy"}],"_spriteFrame":{"__uuid__":"16Vp3v+tVFi43tSMd5s9zt"}}],"_prefab":{"__type__":"cc.PrefabInfo","root":{"__id__":1},"asset":{"__uuid__":"44zQ3QXPNAeJzOCHrZFelc"},"fileId":"b4Ya8XymNBEJ2bskbfLXlc"},"_contentSize":{"__type__":"cc.Size","width":209,"height":47},"_trs":{"__type__":"TypedArray","ctor":"Float64Array","array":[-0.9,-2,0,0,0,0,1,1,1,1]}},{"__type__":"cc.Node","_name":"close_btn","_parent":{"__id__":6},"_children":[{"__id__":10}],"_components":[{"__type__":"cc.Button","node":{"__id__":9},"zoomScale":1.1,"_N$transition":3,"transition":3}],"_prefab":{"__type__":"cc.PrefabInfo","root":{"__id__":1},"asset":{"__uuid__":"44zQ3QXPNAeJzOCHrZFelc"},"fileId":"6eMST/MkZFXb7kfqlskNlM"},"_contentSize":{"__type__":"cc.Size","width":98,"height":98},"_trs":{"__type__":"TypedArray","ctor":"Float64Array","array":[287.848,-2,0,0,0,0,1,1,1,0]}},{"__type__":"cc.Node","_name":"text","_parent":{"__id__":9},"_components":[{"__type__":"cc.Sprite","node":{"__id__":10},"_materials":[{"__uuid__":"ecpdLyjvZBwrvm+cedCcQy"}],"_spriteFrame":{"__uuid__":"e2qKO1X95Gk6tYQAVxQ0sN"}}],"_prefab":{"__type__":"cc.PrefabInfo","root":{"__id__":1},"asset":{"__uuid__":"44zQ3QXPNAeJzOCHrZFelc"},"fileId":"ddesDk+AZKlZhevmGMCWLf"},"_contentSize":{"__type__":"cc.Size","width":38,"height":38},"_trs":{"__type__":"TypedArray","ctor":"Float64Array","array":[0,0,0,0,0,0,1,1,1,1]}},{"__type__":"cc.Node","_name":"VIP卡_01","_parent":{"__id__":4},"_components":[{"__type__":"cc.Sprite","node":{"__id__":11},"_materials":[{"__uuid__":"ecpdLyjvZBwrvm+cedCcQy"}],"_spriteFrame":{"__uuid__":"c5NYgRBqRHaYp0tbXRfttx"}}],"_prefab":{"__type__":"cc.PrefabInfo","root":{"__id__":1},"asset":{"__uuid__":"44zQ3QXPNAeJzOCHrZFelc"},"fileId":"7483nE5VpHpKbQDGrUcsDW"},"_contentSize":{"__type__":"cc.Size","width":291,"height":251},"_trs":{"__type__":"TypedArray","ctor":"Float64Array","array":[-155,155,0,0,0,0,1,1,1,1]}},{"__type__":"cc.Node","_name":"VIP卡_02","_parent":{"__id__":4},"_components":[{"__type__":"cc.Sprite","node":{"__id__":12},"_materials":[{"__uuid__":"ecpdLyjvZBwrvm+cedCcQy"}],"_spriteFrame":{"__uuid__":"39rnpgZM1BoIuFccyBgRIY"}}],"_prefab":{"__type__":"cc.PrefabInfo","root":{"__id__":1},"asset":{"__uuid__":"44zQ3QXPNAeJzOCHrZFelc"},"fileId":"4dDQ/+ah5I75Opw3kVamCQ"},"_contentSize":{"__type__":"cc.Size","width":291,"height":251},"_trs":{"__type__":"TypedArray","ctor":"Float64Array","array":[155,155,0,0,0,0,1,1,1,1]}},{"__type__":"cc.Node","_name":"VIP卡_小框","_parent":{"__id__":4},"_components":[{"__type__":"cc.Sprite","node":{"__id__":13},"_materials":[{"__uuid__":"ecpdLyjvZBwrvm+cedCcQy"}],"_spriteFrame":{"__uuid__":"0ce2k5cLBIib352GIGITBW"},"_type":1,"_sizeMode":0}],"_prefab":{"__type__":"cc.PrefabInfo","root":{"__id__":1},"asset":{"__uuid__":"44zQ3QXPNAeJzOCHrZFelc"},"fileId":"3668iQeypKmq4QiVOAUsTy"},"_contentSize":{"__type__":"cc.Size","width":631,"height":393},"_trs":{"__type__":"TypedArray","ctor":"Float64Array","array":[0,-184.513,0,0,0,0,1,1,1,1]}},{"__type__":"cc.Node","_name":"bg7","_parent":{"__id__":4},"_components":[{"__type__":"cc.Sprite","node":{"__id__":14},"_materials":[{"__uuid__":"ecpdLyjvZBwrvm+cedCcQy"}],"_spriteFrame":{"__uuid__":"0b/n9VcrhDdalMP4f7lbRx"},"_type":1,"_sizeMode":0}],"_prefab":{"__type__":"cc.PrefabInfo","root":{"__id__":1},"asset":{"__uuid__":"44zQ3QXPNAeJzOCHrZFelc"},"fileId":"d5qmqTCEhG47QVVfTiK76O"},"_contentSize":{"__type__":"cc.Size","width":598,"height":216},"_trs":{"__type__":"TypedArray","ctor":"Float64Array","array":[0,-172,0,0,0,0,1,1,1,1]}},{"__type__":"cc.Node","_name":"$invite_node","_parent":{"__id__":4},"_children":[{"__id__":16}],"_prefab":{"__type__":"cc.PrefabInfo","root":{"__id__":1},"asset":{"__uuid__":"44zQ3QXPNAeJzOCHrZFelc"},"fileId":"6aBijac/xKab76ijOoM4A8"},"_trs":{"__type__":"TypedArray","ctor":"Float64Array","array":[0,-172,0,0,0,0,1,1,1,1]}},{"__type__":"cc.Node","_name":"$invite_list_node","_parent":{"__id__":15},"_children":[{"__id__":17}],"_components":[{"__type__":"9aba29YKexFXolpweZzJPKj","node":{"__id__":16},"_N$content":{"__id__":18},"content":{"__id__":18},"_N$cell":{"__uuid__":"b8OLtReHRNB4LDPtlr0Kbc"}}],"_prefab":{"__type__":"cc.PrefabInfo","root":{"__id__":1},"asset":{"__uuid__":"44zQ3QXPNAeJzOCHrZFelc"},"fileId":"4acixnSi1MCZMrxSvIK180"},"_contentSize":{"__type__":"cc.Size","width":541,"height":100},"_trs":{"__type__":"TypedArray","ctor":"Float64Array","array":[0,42.777,0,0,0,0,1,1,1,1]}},{"__type__":"cc.Node","_name":"view","_parent":{"__id__":16},"_children":[{"__id__":18}],"_components":[{"__type__":"cc.Mask","node":{"__id__":17},"_materials":[{"__uuid__":"ecpdLyjvZBwrvm+cedCcQy"}]}],"_prefab":{"__type__":"cc.PrefabInfo","root":{"__id__":1},"asset":{"__uuid__":"44zQ3QXPNAeJzOCHrZFelc"},"fileId":"78xidcOqpLhrcEEQP/uMP/"},"_contentSize":{"__type__":"cc.Size","width":540,"height":130},"_trs":{"__type__":"TypedArray","ctor":"Float64Array","array":[0,0,0,0,0,0,1,1,1,1]}},{"__type__":"cc.Node","_name":"content","_parent":{"__id__":17},"_prefab":{"__type__":"cc.PrefabInfo","root":{"__id__":1},"asset":{"__uuid__":"44zQ3QXPNAeJzOCHrZFelc"},"fileId":"cdgbfttR5HYpyCL2pu0pzr"},"_contentSize":{"__type__":"cc.Size","width":540,"height":130},"_trs":{"__type__":"TypedArray","ctor":"Float64Array","array":[0,0,0,0,0,0,1,1,1,1]}},{"__type__":"cc.Node","_name":"$video_node","_parent":{"__id__":4},"_children":[{"__id__":20}],"_prefab":{"__type__":"cc.PrefabInfo","root":{"__id__":1},"asset":{"__uuid__":"44zQ3QXPNAeJzOCHrZFelc"},"fileId":"56Wc+0iYdEZpguOhopt3Zv"},"_trs":{"__type__":"TypedArray","ctor":"Float64Array","array":[0,-172,0,0,0,0,1,1,1,1]}},{"__type__":"cc.Node","_name":"$reward_btn","_parent":{"__id__":19},"_children":[{"__id__":21},{"__id__":22}],"_components":[{"__type__":"cc.Button","node":{"__id__":20},"zoomScale":1.1,"_N$transition":3,"transition":3},{"__type__":"3a0bdMWXApFAIRZFct2j8zt","node":{"__id__":20},"callback":{"__type__":"cc.ClickEvent","target":{"__id__":1},"_componentId":"c81d8RzFMlCSr9kp4h4CHfe","handler":"onRewardCallback"},"autoRefresh":true}],"_prefab":{"__type__":"cc.PrefabInfo","root":{"__id__":1},"asset":{"__uuid__":"44zQ3QXPNAeJzOCHrZFelc"},"fileId":"24oKRtNaBDJq9iMUaAOjFF"},"_contentSize":{"__type__":"cc.Size","width":278,"height":95},"_trs":{"__type__":"TypedArray","ctor":"Float64Array","array":[0,25,0,0,0,0,1,1,1,0]}},{"__type__":"cc.Node","_name":"t1","_parent":{"__id__":20},"_components":[{"__type__":"cc.Sprite","node":{"__id__":21},"_materials":[{"__uuid__":"ecpdLyjvZBwrvm+cedCcQy"}],"_spriteFrame":{"__uuid__":"75q6qPeSNMOZRYw5JioKDM"}}],"_prefab":{"__type__":"cc.PrefabInfo","root":{"__id__":1},"asset":{"__uuid__":"44zQ3QXPNAeJzOCHrZFelc"},"fileId":"26aLwq8WlDJ7BlJhIyoVuU"},"_contentSize":{"__type__":"cc.Size","width":293,"height":111},"_trs":{"__type__":"TypedArray","ctor":"Float64Array","array":[0,-8,0,0,0,0,1,1,1,1]}},{"__type__":"cc.Node","_name":"t2","_parent":{"__id__":20},"_components":[{"__type__":"cc.Sprite","node":{"__id__":22},"_materials":[{"__uuid__":"ecpdLyjvZBwrvm+cedCcQy"}],"_spriteFrame":{"__uuid__":"d8aEgicfVOvI/AvNQa8fW8"}}],"_prefab":{"__type__":"cc.PrefabInfo","root":{"__id__":1},"asset":{"__uuid__":"44zQ3QXPNAeJzOCHrZFelc"},"fileId":"911fVHH4RHybjxtLS9JnMj"},"_contentSize":{"__type__":"cc.Size","width":53,"height":41},"_trs":{"__type__":"TypedArray","ctor":"Float64Array","array":[-88,2,0,0,0,0,1,1,1,1]}},{"__type__":"cc.Node","_name":"$desc_lbl","_parent":{"__id__":4},"_components":[{"__type__":"cc.Label","node":{"__id__":23},"_materials":[{"__uuid__":"ecpdLyjvZBwrvm+cedCcQy"}],"_useOriginalSize":false,"_string":"邀请玩家点击链接\n新用户+60分钟，老用户+15分钟","_N$string":"邀请玩家点击链接\n新用户+60分钟，老用户+15分钟","_fontSize":26,"_lineHeight":29,"_styleFlags":1,"_N$horizontalAlign":1,"_N$verticalAlign":1},{"__type__":"cc.LabelOutline","node":{"__id__":23},"_color":{"__type__":"cc.Color","r":255,"g":255,"b":255,"a":160}}],"_prefab":{"__type__":"cc.PrefabInfo","root":{"__id__":1},"asset":{"__uuid__":"44zQ3QXPNAeJzOCHrZFelc"},"fileId":"23hrcLxO5HIZX9X/BPKBaV"},"_color":{"__type__":"cc.Color","r":27,"g":123,"b":179},"_contentSize":{"__type__":"cc.Size","width":376.21,"height":67.54},"_trs":{"__type__":"TypedArray","ctor":"Float64Array","array":[0.598,-231.911,0,0,0,0,1,1,1,1]}},{"__type__":"cc.Node","_name":"profit_bg","_parent":{"__id__":4},"_components":[{"__type__":"cc.Sprite","node":{"__id__":24},"_materials":[{"__uuid__":"ecpdLyjvZBwrvm+cedCcQy"}],"_spriteFrame":{"__uuid__":"96edrn/ctEwKLR6Kjn/MDG"}}],"_prefab":{"__type__":"cc.PrefabInfo","root":{"__id__":1},"asset":{"__uuid__":"44zQ3QXPNAeJzOCHrZFelc"},"fileId":"34VzsPYaBGrYVkNy8iH22n"},"_contentSize":{"__type__":"cc.Size","width":190,"height":30},"_trs":{"__type__":"TypedArray","ctor":"Float64Array","array":[-20.74,-19.236,0,0,0,0,1,1,1,1]}},{"__type__":"cc.Node","_name":"$profit_lbl","_parent":{"__id__":4},"_components":[{"__type__":"cc.Label","node":{"__id__":25},"_materials":[{"__uuid__":"ecpdLyjvZBwrvm+cedCcQy"}],"_useOriginalSize":false,"_string":"x2","_N$string":"x2","_fontSize":31,"_lineHeight":32,"_styleFlags":1,"_N$verticalAlign":1}],"_prefab":{"__type__":"cc.PrefabInfo","root":{"__id__":1},"asset":{"__uuid__":"44zQ3QXPNAeJzOCHrZFelc"},"fileId":"c8imBvxzJAbYETcGByZHoj"},"_contentSize":{"__type__":"cc.Size","width":34.48,"height":40.32},"_anchorPoint":{"__type__":"cc.Vec2","y":0.5},"_trs":{"__type__":"TypedArray","ctor":"Float64Array","array":[77.75999999999999,-19.236,0,0,0,0,1,1,1,1]}},{"__type__":"cc.Node","_name":"progress_node","_parent":{"__id__":4},"_children":[{"__id__":27},{"__id__":30},{"__id__":31},{"__id__":32}],"_prefab":{"__type__":"cc.PrefabInfo","root":{"__id__":1},"asset":{"__uuid__":"44zQ3QXPNAeJzOCHrZFelc"},"fileId":"b9so5/jEVKcIis1knxOjI4"},"_trs":{"__type__":"TypedArray","ctor":"Float64Array","array":[10,-321.185,0,0,0,0,1,1,1,1]}},{"__type__":"cc.Node","_name":"$time_progress","_parent":{"__id__":26},"_children":[{"__id__":28}],"_components":[{"__type__":"cc.Sprite","node":{"__id__":27},"_materials":[{"__uuid__":"ecpdLyjvZBwrvm+cedCcQy"}],"_spriteFrame":{"__uuid__":"7cH+0rCGRMDprVTzzsp7en"},"_type":1,"_sizeMode":0,"_isTrimmedMode":false},{"__type__":"cc.ProgressBar","node":{"__id__":27},"_N$totalLength":405,"_N$barSprite":{"__id__":29},"_N$progress":0.5}],"_prefab":{"__type__":"cc.PrefabInfo","root":{"__id__":1},"asset":{"__uuid__":"44zQ3QXPNAeJzOCHrZFelc"},"fileId":"c8UHy0dTxB670khobOrBWz"},"_contentSize":{"__type__":"cc.Size","width":405,"height":33},"_trs":{"__type__":"TypedArray","ctor":"Float64Array","array":[0,0,0,0,0,0,1,1,1,1]}},{"__type__":"cc.Node","_name":"bar","_parent":{"__id__":27},"_components":[{"__id__":29}],"_prefab":{"__type__":"cc.PrefabInfo","root":{"__id__":1},"asset":{"__uuid__":"44zQ3QXPNAeJzOCHrZFelc"},"fileId":"c61duIHOVBIoXKQQqR0OFb"},"_contentSize":{"__type__":"cc.Size","width":202.5,"height":33},"_anchorPoint":{"__type__":"cc.Vec2","y":0.5},"_trs":{"__type__":"TypedArray","ctor":"Float64Array","array":[-202.5,0,0,0,0,0,1,1,1,1]}},{"__type__":"cc.Sprite","node":{"__id__":28},"_materials":[{"__uuid__":"ecpdLyjvZBwrvm+cedCcQy"}],"_spriteFrame":{"__uuid__":"6eghbE8/lHIId0yiHBZF1E"},"_type":1,"_sizeMode":0,"_isTrimmedMode":false},{"__type__":"cc.Node","_name":"$time_lbl","_parent":{"__id__":26},"_components":[{"__type__":"cc.Label","node":{"__id__":30},"_materials":[{"__uuid__":"ecpdLyjvZBwrvm+cedCcQy"}],"_useOriginalSize":false,"_string":"剩余 00:00:00","_N$string":"剩余 00:00:00","_fontSize":21,"_lineHeight":25,"_styleFlags":1,"_N$horizontalAlign":1,"_N$verticalAlign":1}],"_prefab":{"__type__":"cc.PrefabInfo","root":{"__id__":1},"asset":{"__uuid__":"44zQ3QXPNAeJzOCHrZFelc"},"fileId":"941kCz7CdLiLt8DJBshjci"},"_contentSize":{"__type__":"cc.Size","width":131.9,"height":31.5},"_trs":{"__type__":"TypedArray","ctor":"Float64Array","array":[0,1,0,0,0,0,1,1,1,1]}},{"__type__":"cc.Node","_name":"time_icon","_parent":{"__id__":26},"_components":[{"__type__":"cc.Sprite","node":{"__id__":31},"_materials":[{"__uuid__":"ecpdLyjvZBwrvm+cedCcQy"}],"_spriteFrame":{"__uuid__":"be+2nIHgVJCr5zyOkVTeyC"}}],"_prefab":{"__type__":"cc.PrefabInfo","root":{"__id__":1},"asset":{"__uuid__":"44zQ3QXPNAeJzOCHrZFelc"},"fileId":"27wZhcz3lPTIJjSORH+p6O"},"_contentSize":{"__type__":"cc.Size","width":55,"height":59},"_trs":{"__type__":"TypedArray","ctor":"Float64Array","array":[-212.495,6,0,0,0,0,1,1,1,1]}},{"__type__":"cc.Node","_name":"$total_time_lbl","_parent":{"__id__":26},"_components":[{"__type__":"cc.Label","node":{"__id__":32},"_materials":[{"__uuid__":"ecpdLyjvZBwrvm+cedCcQy"}],"_useOriginalSize":false,"_string":"VIP 00:00:00","_N$string":"VIP 00:00:00","_fontSize":24,"_lineHeight":26,"_styleFlags":1,"_N$horizontalAlign":1,"_N$verticalAlign":1}],"_prefab":{"__type__":"cc.PrefabInfo","root":{"__id__":1},"asset":{"__uuid__":"44zQ3QXPNAeJzOCHrZFelc"},"fileId":"daHp6bgrFIBYHO48AlmDjc"},"_color":{"__type__":"cc.Color","r":27,"g":123,"b":179},"_contentSize":{"__type__":"cc.Size","width":189.42,"height":32.76},"_trs":{"__type__":"TypedArray","ctor":"Float64Array","array":[0,-38,0,0,0,0,1,1,1,1]}},{"__type__":"cc.Node","_name":"banner","_parent":{"__id__":3},"_components":[{"__type__":"ce3f9aG6A1If7y9kH3tgvq2","node":{"__id__":33}}],"_prefab":{"__type__":"cc.PrefabInfo","root":{"__id__":1},"asset":{"__uuid__":"44zQ3QXPNAeJzOCHrZFelc"},"fileId":"60O8O5aJtI85lKWuytPXmi"},"_trs":{"__type__":"TypedArray","ctor":"Float64Array","array":[0,-341.852,0,0,0,0,1,1,1,1]}}],{"__type__":"cc.SpriteFrame","content":{"name":"VIP卡_进度_01","texture":"1298ae8a0","rect":[447,788,42,33],"offset":[0,0],"originalSize":[42,33],"rotated":1,"capInsets":[18,0,18,0]}},{"__type__":"cc.SpriteFrame","content":{"name":"VIP卡_视频激活","texture":"1298ae8a0","rect":[629,618,293,111],"offset":[0,0],"originalSize":[293,111],"capInsets":[0,0,0,0]}},{"__type__":"cc.SpriteFrame","content":{"name":"VIP卡_进度_02","texture":"1298ae8a0","rect":[486,788,42,33],"offset":[0,0],"originalSize":[42,33],"rotated":1,"capInsets":[18,0,18,0]}},{"__type__":"cc.SpriteFrame","content":{"name":"挂机产出速度","texture":"1b5eece6f","rect":[826,429,190,30],"offset":[0,0],"originalSize":[190,30],"capInsets":[0,0,0,0]}},{"__type__":"cc.SpriteFrame","content":{"name":"VIP卡_时钟","texture":"1298ae8a0","rect":[559,628,55,59],"offset":[0,0],"originalSize":[55,59],"rotated":1,"capInsets":[0,0,0,0]}},{"__type__":"cc.SpriteFrame","content":{"name":"VIP卡_01","texture":"1298ae8a0","rect":[3,738,291,251],"offset":[0,0],"originalSize":[291,251],"capInsets":[0,0,0,0]}}]