[{"__type__":"cc.SpriteFrame","content":{"name":"加塞-----Assistor","texture":"1298ae8a0","rect":[951,929,70,31],"offset":[0,0],"originalSize":[70,31],"capInsets":[0,0,0,0]}},{"__type__":"cc.SpriteFrame","content":{"name":"瞄准线-----Assistor","texture":"16b10d60f","rect":[629,916,101,31],"offset":[0,0],"originalSize":[101,31],"rotated":1,"capInsets":[0,0,0,0]}},{"__type__":"cc.SpriteFrame","content":{"name":"加塞","texture":"1298ae8a0","rect":[559,689,87,55],"offset":[0,0],"originalSize":[87,55],"rotated":1,"capInsets":[0,0,0,0]}},{"__type__":"cc.SpriteFrame","content":{"name":"金币 拷贝","texture":"19a7fd3ab","rect":[118,714,76,75],"offset":[0,0],"originalSize":[84,83],"capInsets":[0,0,0,0]}},{"__type__":"cc.SpriteFrame","content":{"name":"力度------Assistor","texture":"19a7fd3ab","rect":[245,948,68,31],"offset":[0,0],"originalSize":[68,31],"rotated":1,"capInsets":[0,0,0,0]}},{"__type__":"cc.SpriteFrame","content":{"name":"储量-----Assistor","texture":"19a7fd3ab","rect":[208,911,70,31],"offset":[0,0],"originalSize":[70,31],"capInsets":[0,0,0,0]}},{"__type__":"cc.SpriteFrame","content":{"name":"矩形底框","texture":"1298ae8a0","rect":[3,473,550,80],"offset":[0,0],"originalSize":[550,80],"capInsets":[0,0,0,0]}},{"__type__":"cc.SpriteFrame","content":{"name":"力度","texture":"1298ae8a0","rect":[967,357,51,64],"offset":[0,0],"originalSize":[51,64],"capInsets":[0,0,0,0]}},{"__type__":"cc.SpriteFrame","content":{"name":"产出-----Assistor","texture":"19a7fd3ab","rect":[208,948,70,31],"offset":[0,0],"originalSize":[70,31],"rotated":1,"capInsets":[0,0,0,0]}},{"__type__":"cc.SpriteFrame","content":{"name":"瞄准线","texture":"181f0e3b5","rect":[913,805,83,53],"offset":[0,0],"originalSize":[83,53],"rotated":1,"capInsets":[0,0,0,0]}}]