[{"__type__":"cc.SpriteFrame","content":{"name":"匹配_对手方","texture":"13ca4574f","rect":[3,422,598,166],"offset":[0,0],"originalSize":[598,166],"rotated":1,"capInsets":[0,0,0,0]}},{"__type__":"cc.SpriteFrame","content":{"name":"匹配_对手方1","texture":"13ca4574f","rect":[646,3,334,43],"offset":[0,0],"originalSize":[334,43],"capInsets":[0,0,0,0]}},{"__type__":"cc.SpriteFrame","content":{"name":"匹配_我方","texture":"1ba580ca6","rect":[3,68,596,166],"offset":[0,0],"originalSize":[596,166],"capInsets":[0,0,0,0]}},[{"__type__":"cc.Prefab","_name":"matchSuccessLayer","data":{"__id__":1}},{"__type__":"cc.Node","_name":"matchSuccessLayer","_children":[{"__id__":2},{"__id__":3}],"_components":[{"__type__":"cc.Widget","node":{"__id__":1},"_alignFlags":45},{"__type__":"cc.BlockInputEvents","node":{"__id__":1}},{"__type__":"33102nwKD9JoLQs8MVXxeYl","node":{"__id__":1}}],"_prefab":{"__type__":"cc.PrefabInfo","root":{"__id__":1},"asset":{"__uuid__":"67Csy3tRRPK6g0qvGEIjEc"},"fileId":"b2ZI9uCE5Au74Q/STRz0iL"},"_contentSize":{"__type__":"cc.Size","width":750,"height":1334},"_trs":{"__type__":"TypedArray","ctor":"Float64Array","array":[375,667,0,0,0,0,1,1,1,1]}},{"__type__":"cc.Node","_name":"mask","_parent":{"__id__":1},"_components":[{"__type__":"cc.Sprite","node":{"__id__":2},"_materials":[{"__uuid__":"ecpdLyjvZBwrvm+cedCcQy"}],"_spriteFrame":{"__uuid__":"fdZ+FLNoFGtYmgI6Rsppg4"},"_type":1,"_sizeMode":0,"_isTrimmedMode":false},{"__type__":"cc.Button","node":{"__id__":2},"_N$normalColor":{"__type__":"cc.Color","r":214,"g":214,"b":214},"_N$target":{"__id__":2}},{"__type__":"cc.Widget","node":{"__id__":2},"_alignFlags":45,"_left":-1,"_right":-1,"_top":-1,"_bottom":-1,"_originalWidth":16,"_originalHeight":16}],"_prefab":{"__type__":"cc.PrefabInfo","root":{"__id__":1},"asset":{"__uuid__":"67Csy3tRRPK6g0qvGEIjEc"},"fileId":"67EbqYNDxBRautS9PwfMF8"},"_opacity":202,"_contentSize":{"__type__":"cc.Size","width":752,"height":1336},"_trs":{"__type__":"TypedArray","ctor":"Float64Array","array":[0,0,0,0,0,0,1,1,1,1]}},{"__type__":"cc.Node","_name":"dialog","_parent":{"__id__":1},"_children":[{"__id__":4},{"__id__":28}],"_components":[{"__type__":"96549DGCmlIcZghb3AfRGQI","node":{"__id__":3}}],"_prefab":{"__type__":"cc.PrefabInfo","root":{"__id__":1},"asset":{"__uuid__":"67Csy3tRRPK6g0qvGEIjEc"},"fileId":"4e0olrghFBEIcfnNmjyfTT"},"_trs":{"__type__":"TypedArray","ctor":"Float64Array","array":[0,0,0,0,0,0,1,1,1,1]}},{"__type__":"cc.Node","_name":"contents","_parent":{"__id__":3},"_children":[{"__id__":5},{"__id__":14},{"__id__":23},{"__id__":24}],"_components":[{"__type__":"09bd4f7l0NPfpseMfFdw+uE","node":{"__id__":4},"_enabled":false},{"__type__":"cc.BlockInputEvents","node":{"__id__":4}}],"_prefab":{"__type__":"cc.PrefabInfo","root":{"__id__":1},"asset":{"__uuid__":"67Csy3tRRPK6g0qvGEIjEc"},"fileId":"4aiSlis7pBhLGvmKKezuRa"},"_contentSize":{"__type__":"cc.Size","width":750,"height":340},"_trs":{"__type__":"TypedArray","ctor":"Float64Array","array":[0,0,0,0,0,0,1,1,1,1]}},{"__type__":"cc.Node","_name":"$mine_node","_parent":{"__id__":4},"_children":[{"__id__":6},{"__id__":7},{"__id__":8},{"__id__":9},{"__id__":10},{"__id__":11},{"__id__":12},{"__id__":13}],"_prefab":{"__type__":"cc.PrefabInfo","root":{"__id__":1},"asset":{"__uuid__":"67Csy3tRRPK6g0qvGEIjEc"},"fileId":"71RScmIB1LEaDe8QQDXDfS"},"_trs":{"__type__":"TypedArray","ctor":"Float64Array","array":[0,282.246,0,0,0,0,1,1,1,1]}},{"__type__":"cc.Node","_name":"bg","_parent":{"__id__":5},"_components":[{"__type__":"cc.Sprite","node":{"__id__":6},"_materials":[{"__uuid__":"ecpdLyjvZBwrvm+cedCcQy"}],"_spriteFrame":{"__uuid__":"646o0gFY9M/aYbNcOZQoxt"}}],"_prefab":{"__type__":"cc.PrefabInfo","root":{"__id__":1},"asset":{"__uuid__":"67Csy3tRRPK6g0qvGEIjEc"},"fileId":"1djV87NQhIooK0lmwr9yv2"},"_contentSize":{"__type__":"cc.Size","width":596,"height":166},"_trs":{"__type__":"TypedArray","ctor":"Float64Array","array":[0,0,0,0,0,0,1,1,1,1]}},{"__type__":"cc.Node","_name":"dan_bg","_parent":{"__id__":5},"_components":[{"__type__":"cc.Sprite","node":{"__id__":7},"_materials":[{"__uuid__":"ecpdLyjvZBwrvm+cedCcQy"}],"_spriteFrame":{"__uuid__":"94b1ZBgpBGxaRiDmHwZ///"}}],"_prefab":{"__type__":"cc.PrefabInfo","root":{"__id__":1},"asset":{"__uuid__":"67Csy3tRRPK6g0qvGEIjEc"},"fileId":"49ip0KI6tEaK1Zktm/mqsb"},"_contentSize":{"__type__":"cc.Size","width":334,"height":43},"_trs":{"__type__":"TypedArray","ctor":"Float64Array","array":[28.992,47.948,0,0,0,0,1,1,1,1]}},{"__type__":"cc.Node","_name":"_dan_sp","_parent":{"__id__":5},"_components":[{"__type__":"cc.Sprite","node":{"__id__":8},"_materials":[{"__uuid__":"ecpdLyjvZBwrvm+cedCcQy"}],"_spriteFrame":{"__uuid__":"05Ed9py8hJe6RMDKmdkXwG"}}],"_prefab":{"__type__":"cc.PrefabInfo","root":{"__id__":1},"asset":{"__uuid__":"67Csy3tRRPK6g0qvGEIjEc"},"fileId":"cahyNOUwpAlYpINbC9Jc5C"},"_contentSize":{"__type__":"cc.Size","width":253,"height":191},"_trs":{"__type__":"TypedArray","ctor":"Float64Array","array":[-141.268,45.718,0,0,0,0,1,0.375,0.375,1]}},{"__type__":"cc.Node","_name":"_dan_lbl","_parent":{"__id__":5},"_components":[{"__type__":"cc.Label","node":{"__id__":9},"_materials":[{"__uuid__":"ecpdLyjvZBwrvm+cedCcQy"}],"_useOriginalSize":false,"_string":"荣耀黄金II","_N$string":"荣耀黄金II","_fontSize":24,"_lineHeight":25,"_styleFlags":3,"_N$verticalAlign":1}],"_prefab":{"__type__":"cc.PrefabInfo","root":{"__id__":1},"asset":{"__uuid__":"67Csy3tRRPK6g0qvGEIjEc"},"fileId":"cfeZyzdU1EtrbtylKkhYSU"},"_contentSize":{"__type__":"cc.Size","width":114.44135747407736,"height":31.5},"_anchorPoint":{"__type__":"cc.Vec2","y":0.5},"_trs":{"__type__":"TypedArray","ctor":"Float64Array","array":[-78.291,48.999,0,0,0,0,1,1,1,1]}},{"__type__":"cc.Node","_name":"_dan6_title","_parent":{"__id__":5},"_components":[{"__type__":"cc.Sprite","node":{"__id__":10},"_materials":[{"__uuid__":"ecpdLyjvZBwrvm+cedCcQy"}],"_spriteFrame":{"__uuid__":"e6eWWkAYhKC4BYcI6BDZhI"}}],"_prefab":{"__type__":"cc.PrefabInfo","root":{"__id__":1},"asset":{"__uuid__":"67Csy3tRRPK6g0qvGEIjEc"},"fileId":"e2lBGCOHJLI5GURoWZmQhT"},"_contentSize":{"__type__":"cc.Size","width":198,"height":75},"_trs":{"__type__":"TypedArray","ctor":"Float64Array","array":[-22.709000000000003,48.999,0,0,0,0,1,0.6,0.6,1]}},{"__type__":"cc.Node","_name":"_rank_lbl","_parent":{"__id__":5},"_components":[{"__type__":"cc.Label","node":{"__id__":11},"_materials":[{"__uuid__":"ecpdLyjvZBwrvm+cedCcQy"}],"_useOriginalSize":false,"_string":"排名：999+","_N$string":"排名：999+","_fontSize":22,"_lineHeight":23,"_styleFlags":1,"_N$verticalAlign":1}],"_prefab":{"__type__":"cc.PrefabInfo","root":{"__id__":1},"asset":{"__uuid__":"67Csy3tRRPK6g0qvGEIjEc"},"fileId":"a7JAYKT/JL+YmtrOMTuQFf"},"_color":{"__type__":"cc.Color","r":57,"g":129,"b":176},"_contentSize":{"__type__":"cc.Size","width":115.55,"height":28.98},"_anchorPoint":{"__type__":"cc.Vec2","y":0.5},"_trs":{"__type__":"TypedArray","ctor":"Float64Array","array":[-211.329,-55.817,0,0,0,0,1,1,1,1]}},{"__type__":"cc.Node","_name":"_nick_lbl","_parent":{"__id__":5},"_components":[{"__type__":"cc.Label","node":{"__id__":12},"_materials":[{"__uuid__":"ecpdLyjvZBwrvm+cedCcQy"}],"_useOriginalSize":false,"_string":"五个字名字","_N$string":"五个字名字","_fontSize":22,"_lineHeight":23,"_styleFlags":1,"_N$horizontalAlign":2,"_N$verticalAlign":1,"_N$overflow":2}],"_prefab":{"__type__":"cc.PrefabInfo","root":{"__id__":1},"asset":{"__uuid__":"67Csy3tRRPK6g0qvGEIjEc"},"fileId":"c6Pv8Za5xON4lqwgQ5bGar"},"_color":{"__type__":"cc.Color","r":57,"g":129,"b":176},"_contentSize":{"__type__":"cc.Size","width":120,"height":29},"_anchorPoint":{"__type__":"cc.Vec2","x":1,"y":0.5},"_trs":{"__type__":"TypedArray","ctor":"Float64Array","array":[61.863,-55.817,0,0,0,0,1,1,1,1]}},{"__type__":"cc.Node","_name":"_role_sp","_parent":{"__id__":5},"_components":[{"__type__":"cc.Sprite","node":{"__id__":13},"_materials":[{"__uuid__":"ecpdLyjvZBwrvm+cedCcQy"}],"_spriteFrame":{"__uuid__":"60OWm/3NNPbpTg3j1/3B1Y"}}],"_prefab":{"__type__":"cc.PrefabInfo","root":{"__id__":1},"asset":{"__uuid__":"67Csy3tRRPK6g0qvGEIjEc"},"fileId":"b3kT22C0ZGjql1IuFqhb83"},"_contentSize":{"__type__":"cc.Size","width":220,"height":289},"_anchorPoint":{"__type__":"cc.Vec2","x":0.5,"y":0.11},"_trs":{"__type__":"TypedArray","ctor":"Float64Array","array":[185.557,-78.08,0,0,0,0,1,0.9,0.9,1]}},{"__type__":"cc.Node","_name":"$oppo_node","_parent":{"__id__":4},"_children":[{"__id__":15},{"__id__":16},{"__id__":17},{"__id__":18},{"__id__":19},{"__id__":20},{"__id__":21},{"__id__":22}],"_prefab":{"__type__":"cc.PrefabInfo","root":{"__id__":1},"asset":{"__uuid__":"67Csy3tRRPK6g0qvGEIjEc"},"fileId":"7b7fW5y+pM140APxxKE1NB"},"_trs":{"__type__":"TypedArray","ctor":"Float64Array","array":[0,-209.362,0,0,0,0,1,1,1,1]}},{"__type__":"cc.Node","_name":"bg","_parent":{"__id__":14},"_components":[{"__type__":"cc.Sprite","node":{"__id__":15},"_materials":[{"__uuid__":"ecpdLyjvZBwrvm+cedCcQy"}],"_spriteFrame":{"__uuid__":"13lXLGnNdJE6b2LkIYWZ3Y"}}],"_prefab":{"__type__":"cc.PrefabInfo","root":{"__id__":1},"asset":{"__uuid__":"67Csy3tRRPK6g0qvGEIjEc"},"fileId":"93LRlRfH5CSrspgkjde3lE"},"_contentSize":{"__type__":"cc.Size","width":598,"height":166},"_trs":{"__type__":"TypedArray","ctor":"Float64Array","array":[0,0,0,0,0,0,1,1,1,1]}},{"__type__":"cc.Node","_name":"dan_bg","_parent":{"__id__":14},"_components":[{"__type__":"cc.Sprite","node":{"__id__":16},"_materials":[{"__uuid__":"ecpdLyjvZBwrvm+cedCcQy"}],"_spriteFrame":{"__uuid__":"39Nbr/8GFLuIP2m2ifxbsV"}}],"_prefab":{"__type__":"cc.PrefabInfo","root":{"__id__":1},"asset":{"__uuid__":"67Csy3tRRPK6g0qvGEIjEc"},"fileId":"974GHEuRNNa7uXSEVsYV8p"},"_contentSize":{"__type__":"cc.Size","width":334,"height":43},"_trs":{"__type__":"TypedArray","ctor":"Float64Array","array":[1.0079999999999991,47.948,0,0,0,0,1,1,1,1]}},{"__type__":"cc.Node","_name":"_dan_sp","_parent":{"__id__":14},"_components":[{"__type__":"cc.Sprite","node":{"__id__":17},"_materials":[{"__uuid__":"ecpdLyjvZBwrvm+cedCcQy"}],"_spriteFrame":{"__uuid__":"05Ed9py8hJe6RMDKmdkXwG"}}],"_prefab":{"__type__":"cc.PrefabInfo","root":{"__id__":1},"asset":{"__uuid__":"67Csy3tRRPK6g0qvGEIjEc"},"fileId":"b8xonjadRLJ4Wnn5hiSyPD"},"_contentSize":{"__type__":"cc.Size","width":253,"height":191},"_trs":{"__type__":"TypedArray","ctor":"Float64Array","array":[168.268,45.718,0,0,0,0,1,0.375,0.375,1]}},{"__type__":"cc.Node","_name":"_dan_lbl","_parent":{"__id__":14},"_components":[{"__type__":"cc.Label","node":{"__id__":18},"_materials":[{"__uuid__":"ecpdLyjvZBwrvm+cedCcQy"}],"_useOriginalSize":false,"_string":"荣耀黄金II","_N$string":"荣耀黄金II","_fontSize":24,"_lineHeight":25,"_styleFlags":3,"_N$horizontalAlign":2,"_N$verticalAlign":1}],"_prefab":{"__type__":"cc.PrefabInfo","root":{"__id__":1},"asset":{"__uuid__":"67Csy3tRRPK6g0qvGEIjEc"},"fileId":"65FRgEQ3hIboE67bXSSway"},"_contentSize":{"__type__":"cc.Size","width":114.44135747407736,"height":31.5},"_anchorPoint":{"__type__":"cc.Vec2","x":1,"y":0.5},"_trs":{"__type__":"TypedArray","ctor":"Float64Array","array":[105.291,48.999,0,0,0,0,1,1,1,1]}},{"__type__":"cc.Node","_name":"_dan6_title","_parent":{"__id__":14},"_components":[{"__type__":"cc.Sprite","node":{"__id__":19},"_materials":[{"__uuid__":"ecpdLyjvZBwrvm+cedCcQy"}],"_spriteFrame":{"__uuid__":"e6eWWkAYhKC4BYcI6BDZhI"}}],"_prefab":{"__type__":"cc.PrefabInfo","root":{"__id__":1},"asset":{"__uuid__":"67Csy3tRRPK6g0qvGEIjEc"},"fileId":"8cv6Ibp3pEYZwD1S00REne"},"_contentSize":{"__type__":"cc.Size","width":198,"height":75},"_trs":{"__type__":"TypedArray","ctor":"Float64Array","array":[45.291,48.999,0,0,0,0,1,0.6,0.6,1]}},{"__type__":"cc.Node","_name":"_rank_lbl","_parent":{"__id__":14},"_components":[{"__type__":"cc.Label","node":{"__id__":20},"_materials":[{"__uuid__":"ecpdLyjvZBwrvm+cedCcQy"}],"_useOriginalSize":false,"_string":"排名：999+","_N$string":"排名：999+","_fontSize":22,"_lineHeight":23,"_styleFlags":1,"_N$horizontalAlign":2,"_N$verticalAlign":1}],"_prefab":{"__type__":"cc.PrefabInfo","root":{"__id__":1},"asset":{"__uuid__":"67Csy3tRRPK6g0qvGEIjEc"},"fileId":"34HU5Vba5Nep92VNam0v9X"},"_color":{"__type__":"cc.Color","r":188,"g":90,"b":82},"_contentSize":{"__type__":"cc.Size","width":115.55,"height":28.98},"_anchorPoint":{"__type__":"cc.Vec2","x":1,"y":0.5},"_trs":{"__type__":"TypedArray","ctor":"Float64Array","array":[173.951,-60.817,0,0,0,0,1,1,1,1]}},{"__type__":"cc.Node","_name":"_nick_lbl","_parent":{"__id__":14},"_components":[{"__type__":"cc.Label","node":{"__id__":21},"_materials":[{"__uuid__":"ecpdLyjvZBwrvm+cedCcQy"}],"_useOriginalSize":false,"_string":"五个字名字","_N$string":"五个字名字","_fontSize":22,"_lineHeight":23,"_styleFlags":1,"_N$verticalAlign":1,"_N$overflow":2}],"_prefab":{"__type__":"cc.PrefabInfo","root":{"__id__":1},"asset":{"__uuid__":"67Csy3tRRPK6g0qvGEIjEc"},"fileId":"d9cCzUlINA7LJFIbrvf/Io"},"_color":{"__type__":"cc.Color","r":188,"g":90,"b":82},"_contentSize":{"__type__":"cc.Size","width":120,"height":29},"_anchorPoint":{"__type__":"cc.Vec2","y":0.5},"_trs":{"__type__":"TypedArray","ctor":"Float64Array","array":[-107.58,-60.817,0,0,0,0,1,1,1,1]}},{"__type__":"cc.Node","_name":"_role_sp","_parent":{"__id__":14},"_components":[{"__type__":"cc.Sprite","node":{"__id__":22},"_materials":[{"__uuid__":"ecpdLyjvZBwrvm+cedCcQy"}],"_spriteFrame":{"__uuid__":"60OWm/3NNPbpTg3j1/3B1Y"}}],"_prefab":{"__type__":"cc.PrefabInfo","root":{"__id__":1},"asset":{"__uuid__":"67Csy3tRRPK6g0qvGEIjEc"},"fileId":"82Wg3h3oJAQo8ZlgXDE5Er"},"_contentSize":{"__type__":"cc.Size","width":220,"height":289},"_anchorPoint":{"__type__":"cc.Vec2","x":0.5,"y":0.11},"_trs":{"__type__":"TypedArray","ctor":"Float64Array","array":[-209.557,-79.08,0,0,0,0,1,0.9,0.9,1]}},{"__type__":"cc.Node","_name":"db","_parent":{"__id__":4},"_components":[{"__type__":"dragonBones.ArmatureDisplay","node":{"__id__":23},"_materials":[{"__uuid__":"ecpdLyjvZBwrvm+cedCcQy"}],"_armatureName":"Armature","_animationName":"newAnimation","_preCacheMode":0,"playTimes":1,"_armatureKey":"df239a58-50bb-4148-a20b-21091528d143#03d0f74f-7bce-4c00-bfd8-911a33c55871","_N$dragonAsset":{"__uuid__":"dfI5pYULtBSKILIQkVKNFD"},"_N$dragonAtlasAsset":{"__uuid__":"030PdPe85MAL/YkRozxVhx"}}],"_prefab":{"__type__":"cc.PrefabInfo","root":{"__id__":1},"asset":{"__uuid__":"67Csy3tRRPK6g0qvGEIjEc"},"fileId":"8dhPrknp9JmaeJ3hVL/BIX"},"_contentSize":{"__type__":"cc.Size","width":906.314620680738,"height":226.8794910724597},"_trs":{"__type__":"TypedArray","ctor":"Float64Array","array":[0,-6.640000000000001,0,0,0,0,1,1,1,1]}},{"__type__":"cc.Node","_name":"price_node","_parent":{"__id__":4},"_children":[{"__id__":25},{"__id__":26},{"__id__":27}],"_prefab":{"__type__":"cc.PrefabInfo","root":{"__id__":1},"asset":{"__uuid__":"67Csy3tRRPK6g0qvGEIjEc"},"fileId":"b11udX7ZdPfYtD1AgAt+O7"},"_trs":{"__type__":"TypedArray","ctor":"Float64Array","array":[0,-415.469,0,0,0,0,1,1,1,1]}},{"__type__":"cc.Node","_name":"bg","_parent":{"__id__":24},"_components":[{"__type__":"cc.Sprite","node":{"__id__":25},"_materials":[{"__uuid__":"ecpdLyjvZBwrvm+cedCcQy"}],"_spriteFrame":{"__uuid__":"9bB+pJWUNLII/3BnQcIikM"},"_type":1,"_sizeMode":0}],"_prefab":{"__type__":"cc.PrefabInfo","root":{"__id__":1},"asset":{"__uuid__":"67Csy3tRRPK6g0qvGEIjEc"},"fileId":"f0P4GoPxVEQIiTSGsdioH8"},"_contentSize":{"__type__":"cc.Size","width":444,"height":42},"_trs":{"__type__":"TypedArray","ctor":"Float64Array","array":[0,0,0,0,0,0,1,1,1,1]}},{"__type__":"cc.Node","_name":"icon","_parent":{"__id__":24},"_components":[{"__type__":"cc.Sprite","node":{"__id__":26},"_materials":[{"__uuid__":"ecpdLyjvZBwrvm+cedCcQy"}],"_spriteFrame":{"__uuid__":"87TLVEpMVJ9YT7YM5CMjBa"}}],"_prefab":{"__type__":"cc.PrefabInfo","root":{"__id__":1},"asset":{"__uuid__":"67Csy3tRRPK6g0qvGEIjEc"},"fileId":"96PJ+3US9Ic5LfccQaFkFI"},"_contentSize":{"__type__":"cc.Size","width":50,"height":50},"_trs":{"__type__":"TypedArray","ctor":"Float64Array","array":[-211.032,0,0,0,0,0,1,1,1,1]}},{"__type__":"cc.Node","_name":"$price_lbl","_parent":{"__id__":24},"_components":[{"__type__":"cc.Label","node":{"__id__":27},"_materials":[{"__uuid__":"ecpdLyjvZBwrvm+cedCcQy"}],"_useOriginalSize":false,"_string":"双方扣除100金币进入比赛","_N$string":"双方扣除100金币进入比赛","_fontSize":18,"_lineHeight":23,"_N$horizontalAlign":1,"_N$verticalAlign":1}],"_prefab":{"__type__":"cc.PrefabInfo","root":{"__id__":1},"asset":{"__uuid__":"67Csy3tRRPK6g0qvGEIjEc"},"fileId":"31YsChiIVFz6A2wOWfSTsM"},"_contentSize":{"__type__":"cc.Size","width":256.71,"height":28.98},"_trs":{"__type__":"TypedArray","ctor":"Float64Array","array":[7,0,0,0,0,0,1,1,1,1]}},{"__type__":"cc.Node","_name":"banner","_parent":{"__id__":3},"_components":[{"__type__":"ce3f9aG6A1If7y9kH3tgvq2","node":{"__id__":28}}],"_prefab":{"__type__":"cc.PrefabInfo","root":{"__id__":1},"asset":{"__uuid__":"67Csy3tRRPK6g0qvGEIjEc"},"fileId":"baUm+0hiNJnZraTn4AM4oF"},"_trs":{"__type__":"TypedArray","ctor":"Float64Array","array":[0,-483.947,0,0,0,0,1,1,1,1]}}],{"__type__":"cc.SpriteFrame","content":{"name":"提示图标","texture":"13ca4574f","rect":[967,808,50,50],"offset":[0,0],"originalSize":[50,50],"capInsets":[0,0,0,0]}},{"__type__":"cc.SpriteFrame","content":{"name":"匹配_我方1","texture":"13ca4574f","rect":[646,52,334,43],"offset":[0,0],"originalSize":[334,43],"capInsets":[0,0,0,0]}},{"__type__":"cc.SpriteFrame","content":{"name":"提示框","texture":"13ca4574f","rect":[624,789,71,42],"offset":[0,0],"originalSize":[71,42],"rotated":1,"capInsets":[22,0,23,0]}},{"__type__":"dragonBones.DragonBonesAsset","_name":"pipei_Project_ske","_dragonBonesJson":"{\"frameRate\":30,\"isGlobal\":0,\"armature\":[{\"aabb\":{\"width\":906.314620680738,\"y\":-143.0705325514745,\"height\":226.8794910724597,\"x\":-531.1664618365122},\"type\":\"Armature\",\"bone\":[{\"name\":\"root\",\"transform\":{}},{\"length\":85,\"transform\":{},\"parent\":\"root\",\"name\":\"VS\"},{\"length\":39,\"transform\":{\"y\":-63.0705,\"x\":-54.2448},\"parent\":\"VS\",\"name\":\"v\"},{\"length\":33,\"transform\":{\"scX\":2.45,\"y\":-39.2954,\"x\":-463.1665},\"parent\":\"VS\",\"name\":\"saoguang\"},{\"length\":43,\"transform\":{\"y\":-2.691,\"x\":22.0994},\"parent\":\"VS\",\"name\":\"s\"},{\"length\":67,\"transform\":{\"y\":-38.9325},\"parent\":\"VS\",\"name\":\"bone\"}],\"defaultActions\":[{\"gotoAndPlay\":\"newAnimation\"}],\"slot\":[{\"color\":{},\"name\":\"VS\",\"parent\":\"bone\"},{\"blendMode\":\"add\",\"z\":1,\"color\":{},\"name\":\"saoguang\",\"parent\":\"saoguang\"},{\"z\":2,\"color\":{},\"name\":\"v\",\"parent\":\"v\"},{\"blendMode\":\"add\",\"z\":3,\"color\":{},\"name\":\"vguang\",\"parent\":\"v\"},{\"z\":4,\"color\":{},\"name\":\"s\",\"parent\":\"s\"},{\"blendMode\":\"add\",\"z\":5,\"color\":{},\"name\":\"Sguang\",\"parent\":\"s\"}],\"ik\":[],\"animation\":[{\"duration\":100,\"frame\":[{\"duration\":6,\"event\":\"event1\",\"tweenEasing\":null},{\"duration\":48,\"event\":\"event2\",\"tweenEasing\":null},{\"duration\":6,\"event\":\"event3\",\"tweenEasing\":null},{\"duration\":0,\"event\":\"event4\",\"tweenEasing\":null}],\"ik\":[],\"bone\":[{\"frame\":[{\"duration\":54,\"transform\":{},\"tweenEasing\":0},{\"duration\":6,\"transform\":{},\"tweenEasing\":0},{\"duration\":40,\"transform\":{},\"tweenEasing\":0},{\"duration\":0,\"transform\":{}}],\"name\":\"root\"},{\"frame\":[{\"duration\":18,\"transform\":{},\"tweenEasing\":0},{\"duration\":16,\"transform\":{},\"tweenEasing\":0},{\"duration\":26,\"transform\":{\"x\":997.1373},\"tweenEasing\":0},{\"duration\":40,\"transform\":{}}],\"name\":\"saoguang\"},{\"frame\":[{\"duration\":54,\"transform\":{},\"tweenEasing\":0},{\"duration\":6,\"transform\":{},\"tweenEasing\":0},{\"duration\":40,\"transform\":{}}],\"name\":\"VS\"},{\"frame\":[{\"duration\":6,\"transform\":{\"scX\":5,\"scY\":5},\"tweenEasing\":0},{\"duration\":2,\"transform\":{},\"tweenEasing\":0},{\"duration\":2,\"transform\":{\"scX\":1.1,\"scY\":1.1},\"tweenEasing\":0},{\"duration\":12,\"transform\":{},\"tweenEasing\":0},{\"duration\":3,\"transform\":{},\"tweenEasing\":0},{\"duration\":3,\"transform\":{\"scX\":1.1,\"scY\":1.1},\"tweenEasing\":0},{\"duration\":20,\"transform\":{},\"tweenEasing\":0},{\"duration\":6,\"transform\":{},\"tweenEasing\":0},{\"duration\":6,\"transform\":{\"scX\":0.9,\"scY\":0.9},\"tweenEasing\":0},{\"duration\":40,\"transform\":{\"scX\":5,\"y\":-157.5408,\"scY\":5,\"x\":-95.7552}}],\"name\":\"v\"},{\"frame\":[{\"duration\":4,\"transform\":{\"scX\":5,\"scY\":5},\"tweenEasing\":0},{\"duration\":6,\"transform\":{\"scX\":5,\"scY\":5},\"tweenEasing\":0},{\"duration\":2,\"transform\":{},\"tweenEasing\":0},{\"duration\":2,\"transform\":{\"scX\":1.1,\"scY\":1.1},\"tweenEasing\":0},{\"duration\":11,\"transform\":{},\"tweenEasing\":0},{\"duration\":3,\"transform\":{},\"tweenEasing\":0},{\"duration\":3,\"transform\":{\"scX\":1.1,\"scY\":1.1},\"tweenEasing\":0},{\"duration\":17,\"transform\":{},\"tweenEasing\":0},{\"duration\":6,\"transform\":{},\"tweenEasing\":0},{\"duration\":6,\"transform\":{\"scX\":0.9,\"scY\":0.9},\"tweenEasing\":0},{\"duration\":40,\"transform\":{\"scX\":5,\"y\":119.868,\"scY\":5,\"x\":127.9006}}],\"name\":\"s\"},{\"frame\":[{\"duration\":6,\"transform\":{\"scY\":0.01},\"tweenEasing\":0},{\"duration\":2,\"transform\":{\"scY\":1.2},\"tweenEasing\":0},{\"duration\":46,\"transform\":{},\"tweenEasing\":0},{\"duration\":6,\"transform\":{},\"tweenEasing\":0},{\"duration\":40,\"transform\":{\"scX\":2.15,\"scY\":2.15}}],\"name\":\"bone\"}],\"slot\":[{\"frame\":[{\"tweenEasing\":0,\"duration\":54},{\"tweenEasing\":0,\"duration\":6},{\"tweenEasing\":null,\"duration\":40,\"color\":{\"aM\":0}}],\"name\":\"VS\"},{\"frame\":[{\"tweenEasing\":0,\"duration\":18,\"displayIndex\":-1},{\"tweenEasing\":0,\"duration\":16},{\"tweenEasing\":0,\"duration\":20,\"displayIndex\":-1},{\"tweenEasing\":0,\"duration\":6,\"displayIndex\":-1},{\"tweenEasing\":null,\"duration\":40,\"displayIndex\":-1}],\"name\":\"saoguang\"},{\"frame\":[{\"tweenEasing\":0,\"duration\":6,\"color\":{\"aM\":0}},{\"tweenEasing\":0,\"duration\":48},{\"tweenEasing\":0,\"duration\":6},{\"tweenEasing\":null,\"duration\":40,\"color\":{\"aM\":0}}],\"name\":\"v\"},{\"frame\":[{\"tweenEasing\":0,\"duration\":4,\"color\":{\"aM\":0}},{\"tweenEasing\":0,\"duration\":6,\"color\":{\"aM\":0}},{\"tweenEasing\":0,\"duration\":44},{\"tweenEasing\":0,\"duration\":6},{\"tweenEasing\":null,\"duration\":40,\"color\":{\"aM\":0}}],\"name\":\"s\"},{\"frame\":[{\"tweenEasing\":0,\"duration\":22,\"color\":{\"aM\":0}},{\"tweenEasing\":0,\"duration\":3,\"color\":{\"aM\":0}},{\"tweenEasing\":0,\"duration\":6,\"color\":{\"aM\":48}},{\"tweenEasing\":0,\"duration\":5,\"color\":{\"aM\":48}},{\"tweenEasing\":0,\"duration\":12,\"color\":{\"aM\":0}},{\"tweenEasing\":0,\"duration\":6,\"color\":{\"aM\":0}},{\"tweenEasing\":0,\"duration\":6},{\"tweenEasing\":null,\"duration\":40,\"color\":{\"aM\":0}}],\"name\":\"vguang\"},{\"frame\":[{\"tweenEasing\":0,\"duration\":4,\"color\":{\"aM\":0}},{\"tweenEasing\":0,\"duration\":21,\"color\":{\"aM\":0}},{\"tweenEasing\":0,\"duration\":3,\"color\":{\"aM\":0}},{\"tweenEasing\":0,\"duration\":6,\"color\":{\"aM\":48}},{\"tweenEasing\":0,\"duration\":5,\"color\":{\"aM\":48}},{\"tweenEasing\":0,\"duration\":9,\"color\":{\"aM\":0}},{\"tweenEasing\":0,\"duration\":6,\"color\":{\"aM\":0}},{\"tweenEasing\":0,\"duration\":6},{\"tweenEasing\":null,\"duration\":40,\"color\":{\"aM\":0}}],\"name\":\"Sguang\"}],\"ffd\":[],\"playTimes\":0,\"name\":\"newAnimation\"}],\"frameRate\":30,\"name\":\"Armature\",\"skin\":[{\"name\":\"\",\"slot\":[{\"display\":[{\"path\":\"vguang\",\"type\":\"image\",\"name\":\"vguang\",\"transform\":{\"y\":-10.1504,\"x\":0.0911}}],\"blendMode\":\"add\",\"name\":\"vguang\"},{\"display\":[{\"path\":\"Sguang\",\"type\":\"image\",\"name\":\"Sguang\",\"transform\":{\"y\":-10.5479,\"x\":0.052}}],\"blendMode\":\"add\",\"name\":\"Sguang\"},{\"display\":[{\"path\":\"s\",\"type\":\"image\",\"name\":\"s\",\"transform\":{}}],\"name\":\"s\"},{\"display\":[{\"path\":\"v\",\"type\":\"image\",\"name\":\"v\",\"transform\":{}}],\"name\":\"v\"},{\"display\":[{\"path\":\"saoguang\",\"type\":\"image\",\"name\":\"saoguang\",\"transform\":{}}],\"blendMode\":\"add\",\"name\":\"saoguang\"},{\"display\":[{\"path\":\"VS\",\"type\":\"image\",\"name\":\"VS\",\"transform\":{\"x\":0.1482}}],\"name\":\"VS\"}]}]}],\"name\":\"pipei_Project\",\"version\":\"4.5\"}"}]