[{"__type__":"cc.Prefab","_name":"ball","data":{"__id__":1}},{"__type__":"cc.Node","_name":"ball","_components":[{"__type__":"d35b1sD+L1JXrBa5q6sJckT","node":{"__id__":1}},{"__type__":"cc.RigidBody","node":{"__id__":1},"_linearDamping":1,"_angularDamping":0.7,"enabledContactListener":true,"bullet":true},{"__type__":"cc.PhysicsCircleCollider","node":{"__id__":1},"_density":0.8,"_friction":0,"_restitution":0.9,"_radius":16.5},{"__type__":"8195cMANEhCxqJM0ASqoPoY","node":{"__id__":1}},{"__type__":"7abf690GJFOd6ENO0F8h3hQ","node":{"__id__":1}},{"__type__":"f3328exoV9Le5EM4KhHCYi8","node":{"__id__":1}}],"_prefab":{"__type__":"cc.PrefabInfo","root":{"__id__":1},"asset":{"__uuid__":"e1KqH0aL9IgJzbQn50N2yO"},"fileId":"ceTIWSq+hN74gLIqYDz2qT"},"_trs":{"__type__":"TypedArray","ctor":"Float64Array","array":[0,0,0,0,0,0,1,1,1,1]},"_groupIndex":3,"groupIndex":3}]