[{"__type__":"cc.SpriteFrame","content":{"name":"勾","texture":"15339b09a","rect":[362,360,90,106],"offset":[0,0],"originalSize":[90,106],"capInsets":[0,0,0,0]}},{"__type__":"cc.SpriteFrame","content":{"name":"签 到","texture":"1ba580ca6","rect":[305,317,293,103],"offset":[0,0],"originalSize":[293,103],"capInsets":[0,0,0,0]}},{"__type__":"cc.SpriteFrame","content":{"name":"每日签到","texture":"1ee961467","rect":[673,838,178,46],"offset":[0,0],"originalSize":[178,46],"rotated":1,"capInsets":[0,0,0,0]}},{"__type__":"cc.SpriteFrame","content":{"name":"圆角矩形 796","texture":"1ee961467","rect":[725,975,32,32],"offset":[0,0],"originalSize":[32,32],"capInsets":[0,0,0,0]}},{"__type__":"cc.SpriteFrame","content":{"name":"对号","texture":"1ee961467","rect":[977,347,26,20],"offset":[0,0],"originalSize":[26,20],"capInsets":[0,0,0,0]}},{"__type__":"cc.SpriteFrame","content":{"name":"圆角矩形 a","texture":"1ee961467","rect":[771,575,171,206],"offset":[0,0],"originalSize":[171,206],"capInsets":[32,32,32,32]}},{"__type__":"cc.SpriteFrame","content":{"name":"合层输出","texture":"15339b09a","rect":[714,3,171,206],"offset":[0,0],"originalSize":[171,206],"rotated":1,"capInsets":[32,32,32,32]}},[{"__type__":"cc.Prefab","_name":"signInLayer","data":{"__id__":1}},{"__type__":"cc.Node","_name":"signInLayer","_children":[{"__id__":2},{"__id__":3}],"_components":[{"__type__":"cc.Widget","node":{"__id__":1},"_alignFlags":45},{"__type__":"cc.BlockInputEvents","node":{"__id__":1}},{"__type__":"2c30crbzt1NHYuLzwfljcgE","node":{"__id__":1}}],"_prefab":{"__type__":"cc.PrefabInfo","root":{"__id__":1},"asset":{"__uuid__":"dbAOkkM2BDKLnfxcytO/Tq"},"fileId":"b2ZI9uCE5Au74Q/STRz0iL"},"_contentSize":{"__type__":"cc.Size","width":750,"height":1334},"_trs":{"__type__":"TypedArray","ctor":"Float64Array","array":[375,667,0,0,0,0,1,1,1,1]}},{"__type__":"cc.Node","_name":"mask","_parent":{"__id__":1},"_components":[{"__type__":"cc.Sprite","node":{"__id__":2},"_materials":[{"__uuid__":"ecpdLyjvZBwrvm+cedCcQy"}],"_spriteFrame":{"__uuid__":"fdZ+FLNoFGtYmgI6Rsppg4"},"_type":1,"_sizeMode":0,"_isTrimmedMode":false},{"__type__":"cc.Button","node":{"__id__":2},"_N$normalColor":{"__type__":"cc.Color","r":214,"g":214,"b":214},"_N$target":{"__id__":2}},{"__type__":"cc.Widget","node":{"__id__":2},"_alignFlags":45,"_left":-1,"_right":-1,"_top":-1,"_bottom":-1,"_originalWidth":16,"_originalHeight":16}],"_prefab":{"__type__":"cc.PrefabInfo","root":{"__id__":1},"asset":{"__uuid__":"dbAOkkM2BDKLnfxcytO/Tq"},"fileId":"67EbqYNDxBRautS9PwfMF8"},"_opacity":180,"_contentSize":{"__type__":"cc.Size","width":752,"height":1336},"_trs":{"__type__":"TypedArray","ctor":"Float64Array","array":[0,0,0,0,0,0,1,1,1,1]}},{"__type__":"cc.Node","_name":"dialog","_parent":{"__id__":1},"_children":[{"__id__":4},{"__id__":42}],"_components":[{"__type__":"96549DGCmlIcZghb3AfRGQI","node":{"__id__":3}}],"_prefab":{"__type__":"cc.PrefabInfo","root":{"__id__":1},"asset":{"__uuid__":"dbAOkkM2BDKLnfxcytO/Tq"},"fileId":"19pEruYqhJjrAkAknf+vUE"},"_trs":{"__type__":"TypedArray","ctor":"Float64Array","array":[0,0,0,0,0,0,1,1,1,1]}},{"__type__":"cc.Node","_name":"contents","_parent":{"__id__":3},"_children":[{"__id__":5},{"__id__":6},{"__id__":11},{"__id__":12},{"__id__":32}],"_components":[{"__type__":"09bd4f7l0NPfpseMfFdw+uE","node":{"__id__":4}},{"__type__":"cc.BlockInputEvents","node":{"__id__":4}}],"_prefab":{"__type__":"cc.PrefabInfo","root":{"__id__":1},"asset":{"__uuid__":"dbAOkkM2BDKLnfxcytO/Tq"},"fileId":"51qPXPM9RH6blewgAKdmh5"},"_contentSize":{"__type__":"cc.Size","width":624,"height":1096},"_trs":{"__type__":"TypedArray","ctor":"Float64Array","array":[0,0,0,0,0,0,1,1,1,1]}},{"__type__":"cc.Node","_name":"bg","_parent":{"__id__":4},"_components":[{"__type__":"cc.Sprite","node":{"__id__":5},"_materials":[{"__uuid__":"ecpdLyjvZBwrvm+cedCcQy"}],"_spriteFrame":{"__uuid__":"7eUA/ecqtKJbHxsn0n8WHp"},"_type":1,"_sizeMode":0,"_isTrimmedMode":false},{"__type__":"cc.Widget","node":{"__id__":5},"_alignFlags":45,"_originalWidth":625,"_originalHeight":771}],"_prefab":{"__type__":"cc.PrefabInfo","root":{"__id__":1},"asset":{"__uuid__":"dbAOkkM2BDKLnfxcytO/Tq"},"fileId":"24NmMqu0hBcJJ/rVpJsLQs"},"_contentSize":{"__type__":"cc.Size","width":624,"height":1096},"_trs":{"__type__":"TypedArray","ctor":"Float64Array","array":[0,0,0,0,0,0,1,1,1,1]}},{"__type__":"cc.Node","_name":"title_node","_parent":{"__id__":4},"_children":[{"__id__":7},{"__id__":8},{"__id__":9}],"_components":[{"__type__":"cc.Widget","node":{"__id__":6},"_alignFlags":1,"_top":53.5}],"_prefab":{"__type__":"cc.PrefabInfo","root":{"__id__":1},"asset":{"__uuid__":"dbAOkkM2BDKLnfxcytO/Tq"},"fileId":"62SMrziwNOs4wB9o5cdGUN"},"_trs":{"__type__":"TypedArray","ctor":"Float64Array","array":[0.9,494.5,0,0,0,0,1,1,1,1]}},{"__type__":"cc.Node","_name":"title_light","_parent":{"__id__":6},"_components":[{"__type__":"ade161OMgVMKpmjDqerbeZb","node":{"__id__":7},"_prefab":{"__uuid__":"a9R2AW7eJGzoql/lnwjPLu"}}],"_prefab":{"__type__":"cc.PrefabInfo","root":{"__id__":1},"asset":{"__uuid__":"dbAOkkM2BDKLnfxcytO/Tq"},"fileId":"b0Ke+vpQtPIIuFpKXf24xd"},"_contentSize":{"__type__":"cc.Size","width":615,"height":104},"_trs":{"__type__":"TypedArray","ctor":"Float64Array","array":[0,-2,0,0,0,0,1,1,1,1]}},{"__type__":"cc.Node","_name":"title","_parent":{"__id__":6},"_components":[{"__type__":"cc.Sprite","node":{"__id__":8},"_materials":[{"__uuid__":"ecpdLyjvZBwrvm+cedCcQy"}],"_spriteFrame":{"__uuid__":"28EZMXQ9RI8LtKT22H2xmR"}}],"_prefab":{"__type__":"cc.PrefabInfo","root":{"__id__":1},"asset":{"__uuid__":"dbAOkkM2BDKLnfxcytO/Tq"},"fileId":"b4Ya8XymNBEJ2bskbfLXlc"},"_contentSize":{"__type__":"cc.Size","width":178,"height":46},"_trs":{"__type__":"TypedArray","ctor":"Float64Array","array":[-0.9,-2,0,0,0,0,1,1,1,1]}},{"__type__":"cc.Node","_name":"close_btn","_parent":{"__id__":6},"_children":[{"__id__":10}],"_components":[{"__type__":"cc.Button","node":{"__id__":9},"zoomScale":1.1,"_N$transition":3,"transition":3}],"_prefab":{"__type__":"cc.PrefabInfo","root":{"__id__":1},"asset":{"__uuid__":"dbAOkkM2BDKLnfxcytO/Tq"},"fileId":"6eMST/MkZFXb7kfqlskNlM"},"_contentSize":{"__type__":"cc.Size","width":98,"height":98},"_trs":{"__type__":"TypedArray","ctor":"Float64Array","array":[258.756,-2,0,0,0,0,1,1,1,0]}},{"__type__":"cc.Node","_name":"text","_parent":{"__id__":9},"_components":[{"__type__":"cc.Sprite","node":{"__id__":10},"_materials":[{"__uuid__":"ecpdLyjvZBwrvm+cedCcQy"}],"_spriteFrame":{"__uuid__":"e2qKO1X95Gk6tYQAVxQ0sN"}}],"_prefab":{"__type__":"cc.PrefabInfo","root":{"__id__":1},"asset":{"__uuid__":"dbAOkkM2BDKLnfxcytO/Tq"},"fileId":"ddesDk+AZKlZhevmGMCWLf"},"_contentSize":{"__type__":"cc.Size","width":38,"height":38},"_trs":{"__type__":"TypedArray","ctor":"Float64Array","array":[0,0,0,0,0,0,1,1,1,1]}},{"__type__":"cc.Node","_name":"bg2","_parent":{"__id__":4},"_components":[{"__type__":"cc.Sprite","node":{"__id__":11},"_materials":[{"__uuid__":"ecpdLyjvZBwrvm+cedCcQy"}],"_spriteFrame":{"__uuid__":"81pgx284hKz4Tlrqr1L8Zo"},"_type":1,"_sizeMode":0}],"_prefab":{"__type__":"cc.PrefabInfo","root":{"__id__":1},"asset":{"__uuid__":"dbAOkkM2BDKLnfxcytO/Tq"},"fileId":"6a6RtcQwhOoYgGeaDSZKFt"},"_contentSize":{"__type__":"cc.Size","width":593,"height":757},"_trs":{"__type__":"TypedArray","ctor":"Float64Array","array":[0,45,0,0,0,0,1,1,1,1]}},{"__type__":"cc.Node","_name":"$item_node","_parent":{"__id__":4},"_children":[{"__id__":13},{"__id__":22}],"_components":[{"__type__":"cc.Layout","node":{"__id__":12},"_layoutSize":{"__type__":"cc.Size","width":590,"height":750},"_N$layoutType":3,"_N$paddingLeft":14,"_N$paddingTop":12,"_N$spacingX":23,"_N$spacingY":18}],"_prefab":{"__type__":"cc.PrefabInfo","root":{"__id__":1},"asset":{"__uuid__":"dbAOkkM2BDKLnfxcytO/Tq"},"fileId":"34d3rrC6RIdY/C+vkdOMW+"},"_contentSize":{"__type__":"cc.Size","width":590,"height":750},"_trs":{"__type__":"TypedArray","ctor":"Float64Array","array":[0,35,0,0,0,0,1,1,1,1]}},{"__type__":"cc.Node","_name":"item1","_parent":{"__id__":12},"_children":[{"__id__":14},{"__id__":15},{"__id__":16},{"__id__":19},{"__id__":20}],"_prefab":{"__type__":"cc.PrefabInfo","root":{"__id__":1},"asset":{"__uuid__":"dbAOkkM2BDKLnfxcytO/Tq"},"fileId":"2auCkWpg1B75oYM0OVR/su"},"_contentSize":{"__type__":"cc.Size","width":171,"height":206},"_trs":{"__type__":"TypedArray","ctor":"Float64Array","array":[-195.5,260,0,0,0,0,1,1,1,1]}},{"__type__":"cc.Node","_name":"_current_bg","_parent":{"__id__":13},"_components":[{"__type__":"cc.Sprite","node":{"__id__":14},"_materials":[{"__uuid__":"ecpdLyjvZBwrvm+cedCcQy"}],"_spriteFrame":{"__uuid__":"7aKXLsE9dJRJfB/zcZhk6T"},"_sizeMode":2}],"_prefab":{"__type__":"cc.PrefabInfo","root":{"__id__":1},"asset":{"__uuid__":"dbAOkkM2BDKLnfxcytO/Tq"},"fileId":"a0tRys0FlCfr2aHB/QZ9qn"},"_contentSize":{"__type__":"cc.Size","width":171,"height":206},"_trs":{"__type__":"TypedArray","ctor":"Float64Array","array":[0,0,0,0,0,0,1,1,1,1]}},{"__type__":"cc.Node","_name":"_locked_bg","_parent":{"__id__":13},"_components":[{"__type__":"cc.Sprite","node":{"__id__":15},"_materials":[{"__uuid__":"ecpdLyjvZBwrvm+cedCcQy"}],"_spriteFrame":{"__uuid__":"60xe09l8FExY7qkNvp2soy"},"_sizeMode":2,"_isTrimmedMode":false}],"_prefab":{"__type__":"cc.PrefabInfo","root":{"__id__":1},"asset":{"__uuid__":"dbAOkkM2BDKLnfxcytO/Tq"},"fileId":"54Z+lvzExFMoJfFKQABlwZ"},"_contentSize":{"__type__":"cc.Size","width":171,"height":206},"_trs":{"__type__":"TypedArray","ctor":"Float64Array","array":[0,0,0,0,0,0,1,1,1,1]}},{"__type__":"cc.Node","_name":"_item_node","_parent":{"__id__":13},"_children":[{"__id__":17}],"_components":[{"__type__":"65bccQ0O1NBZLXfma2oif+T","node":{"__id__":16}},{"__type__":"cc.Layout","node":{"__id__":16},"_layoutSize":{"__type__":"cc.Size","width":122},"_resize":1,"_N$layoutType":1,"_N$spacingX":10}],"_prefab":{"__type__":"cc.PrefabInfo","root":{"__id__":1},"asset":{"__uuid__":"dbAOkkM2BDKLnfxcytO/Tq"},"fileId":"8cQ/FvRTNN/aGWpFKiUcYF"},"_contentSize":{"__type__":"cc.Size","width":122},"_trs":{"__type__":"TypedArray","ctor":"Float64Array","array":[0,-19.395,0,0,0,0,1,1,1,1]}},{"__type__":"cc.Node","_name":"item","_parent":{"__id__":16},"_children":[{"__id__":18}],"_components":[{"__type__":"cc.Sprite","node":{"__id__":17},"_materials":[{"__uuid__":"ecpdLyjvZBwrvm+cedCcQy"}],"_sizeMode":0},{"__type__":"efef2kaR59F1Ybs0KySzxdi","node":{"__id__":17}}],"_prefab":{"__type__":"cc.PrefabInfo","root":{"__id__":1},"asset":{"__uuid__":"dbAOkkM2BDKLnfxcytO/Tq"},"fileId":"41nJEz8NxPbpUZpeJ1qBap"},"_contentSize":{"__type__":"cc.Size","width":122,"height":112},"_trs":{"__type__":"TypedArray","ctor":"Float64Array","array":[0,0,0,0,0,0,1,1,1,1]}},{"__type__":"cc.Node","_name":"label","_parent":{"__id__":17},"_components":[{"__type__":"cc.Label","node":{"__id__":18},"_materials":[{"__uuid__":"ecpdLyjvZBwrvm+cedCcQy"}],"_useOriginalSize":false,"_string":"2","_N$string":"2","_fontSize":25,"_lineHeight":26,"_N$horizontalAlign":2,"_N$verticalAlign":1},{"__type__":"cc.LabelOutline","node":{"__id__":18},"_color":{"__type__":"cc.Color","r":29,"g":85,"b":124},"_width":2}],"_prefab":{"__type__":"cc.PrefabInfo","root":{"__id__":1},"asset":{"__uuid__":"dbAOkkM2BDKLnfxcytO/Tq"},"fileId":"e3l7TlnJlIsIDkGoz1ePTC"},"_contentSize":{"__type__":"cc.Size","width":17.9,"height":36.76},"_anchorPoint":{"__type__":"cc.Vec2","x":1,"y":0.5},"_trs":{"__type__":"TypedArray","ctor":"Float64Array","array":[54.36,-32.197,0,0,0,0,1,1,1,1]}},{"__type__":"cc.Node","_name":"_day_lbl","_parent":{"__id__":13},"_components":[{"__type__":"cc.Label","node":{"__id__":19},"_materials":[{"__uuid__":"ecpdLyjvZBwrvm+cedCcQy"}],"_useOriginalSize":false,"_string":"第一天","_N$string":"第一天","_fontSize":28,"_lineHeight":30,"_styleFlags":1,"_N$horizontalAlign":1,"_N$verticalAlign":1},{"__type__":"cc.LabelOutline","node":{"__id__":19},"_width":2}],"_prefab":{"__type__":"cc.PrefabInfo","root":{"__id__":1},"asset":{"__uuid__":"dbAOkkM2BDKLnfxcytO/Tq"},"fileId":"1fb44CHM9LF5SXsygPpXST"},"_color":{"__type__":"cc.Color","r":219,"g":106,"b":49},"_contentSize":{"__type__":"cc.Size","width":88,"height":41.8},"_trs":{"__type__":"TypedArray","ctor":"Float64Array","array":[0,69.614,0,0,0,0,1,1,1,1]}},{"__type__":"cc.Node","_name":"_received_bg","_parent":{"__id__":13},"_children":[{"__id__":21}],"_active":false,"_components":[{"__type__":"cc.Sprite","node":{"__id__":20},"_materials":[{"__uuid__":"ecpdLyjvZBwrvm+cedCcQy"}],"_spriteFrame":{"__uuid__":"f7aL7fqOFIuIuesCL/eNm/"},"_sizeMode":2,"_isTrimmedMode":false}],"_prefab":{"__type__":"cc.PrefabInfo","root":{"__id__":1},"asset":{"__uuid__":"dbAOkkM2BDKLnfxcytO/Tq"},"fileId":"d6tkmroalCJrcZAb7uq6s2"},"_contentSize":{"__type__":"cc.Size","width":171,"height":206},"_trs":{"__type__":"TypedArray","ctor":"Float64Array","array":[0,0,0,0,0,0,1,1,1,1]}},{"__type__":"cc.Node","_name":"tick","_parent":{"__id__":20},"_components":[{"__type__":"cc.Sprite","node":{"__id__":21},"_materials":[{"__uuid__":"ecpdLyjvZBwrvm+cedCcQy"}],"_spriteFrame":{"__uuid__":"1eyV23R3lLU5IdFR3Io567"}}],"_prefab":{"__type__":"cc.PrefabInfo","root":{"__id__":1},"asset":{"__uuid__":"dbAOkkM2BDKLnfxcytO/Tq"},"fileId":"6bMjfRp3xHE5ZOojJsdQ56"},"_contentSize":{"__type__":"cc.Size","width":90,"height":106},"_trs":{"__type__":"TypedArray","ctor":"Float64Array","array":[0,0,0,0,0,0,1,1,1,1]}},{"__type__":"cc.Node","_name":"item7","_parent":{"__id__":12},"_children":[{"__id__":23},{"__id__":24},{"__id__":25},{"__id__":26},{"__id__":29},{"__id__":30}],"_components":[{"__type__":"65bccQ0O1NBZLXfma2oif+T","node":{"__id__":22}}],"_prefab":{"__type__":"cc.PrefabInfo","root":{"__id__":1},"asset":{"__uuid__":"dbAOkkM2BDKLnfxcytO/Tq"},"fileId":"daos2b+glF4700DhoRUDmn"},"_contentSize":{"__type__":"cc.Size","width":559,"height":259},"_trs":{"__type__":"TypedArray","ctor":"Float64Array","array":[-1.5,9.5,0,0,0,0,1,1,1,1]}},{"__type__":"cc.Node","_name":"_current_bg","_parent":{"__id__":22},"_components":[{"__type__":"cc.Sprite","node":{"__id__":23},"_materials":[{"__uuid__":"ecpdLyjvZBwrvm+cedCcQy"}],"_spriteFrame":{"__uuid__":"7aKXLsE9dJRJfB/zcZhk6T"},"_type":1,"_sizeMode":0}],"_prefab":{"__type__":"cc.PrefabInfo","root":{"__id__":1},"asset":{"__uuid__":"dbAOkkM2BDKLnfxcytO/Tq"},"fileId":"18a+uKO25Mg7iP7FsQB/5A"},"_contentSize":{"__type__":"cc.Size","width":559,"height":259},"_trs":{"__type__":"TypedArray","ctor":"Float64Array","array":[0,0,0,0,0,0,1,1,1,1]}},{"__type__":"cc.Node","_name":"_locked_bg","_parent":{"__id__":22},"_components":[{"__type__":"cc.Sprite","node":{"__id__":24},"_materials":[{"__uuid__":"ecpdLyjvZBwrvm+cedCcQy"}],"_spriteFrame":{"__uuid__":"60xe09l8FExY7qkNvp2soy"},"_type":1,"_sizeMode":0,"_isTrimmedMode":false}],"_prefab":{"__type__":"cc.PrefabInfo","root":{"__id__":1},"asset":{"__uuid__":"dbAOkkM2BDKLnfxcytO/Tq"},"fileId":"905yhcGpVF2JEO2IDnQN+I"},"_contentSize":{"__type__":"cc.Size","width":559,"height":259},"_trs":{"__type__":"TypedArray","ctor":"Float64Array","array":[0,0,0,0,0,0,1,1,1,1]}},{"__type__":"cc.Node","_name":"bg2","_parent":{"__id__":22},"_components":[{"__type__":"cc.Sprite","node":{"__id__":25},"_materials":[{"__uuid__":"ecpdLyjvZBwrvm+cedCcQy"}],"_spriteFrame":{"__uuid__":"5eGrxwYDpK3aLQhgG+I2Fr"},"_type":1,"_sizeMode":0}],"_prefab":{"__type__":"cc.PrefabInfo","root":{"__id__":1},"asset":{"__uuid__":"dbAOkkM2BDKLnfxcytO/Tq"},"fileId":"4eAu/K/ANDRLyIBli+yFQr"},"_contentSize":{"__type__":"cc.Size","width":510,"height":169},"_trs":{"__type__":"TypedArray","ctor":"Float64Array","array":[0,-24.936,0,0,0,0,1,1,1,1]}},{"__type__":"cc.Node","_name":"_item_node","_parent":{"__id__":22},"_children":[{"__id__":27}],"_components":[{"__type__":"65bccQ0O1NBZLXfma2oif+T","node":{"__id__":26}},{"__type__":"cc.Layout","node":{"__id__":26},"_layoutSize":{"__type__":"cc.Size","width":122},"_resize":1,"_N$layoutType":1,"_N$spacingX":10}],"_prefab":{"__type__":"cc.PrefabInfo","root":{"__id__":1},"asset":{"__uuid__":"dbAOkkM2BDKLnfxcytO/Tq"},"fileId":"de3xaHDmlIu7JGZeKU6OPa"},"_contentSize":{"__type__":"cc.Size","width":122},"_trs":{"__type__":"TypedArray","ctor":"Float64Array","array":[0,-23.551,0,0,0,0,1,1,1,1]}},{"__type__":"cc.Node","_name":"item","_parent":{"__id__":26},"_children":[{"__id__":28}],"_components":[{"__type__":"cc.Sprite","node":{"__id__":27},"_materials":[{"__uuid__":"ecpdLyjvZBwrvm+cedCcQy"}]},{"__type__":"efef2kaR59F1Ybs0KySzxdi","node":{"__id__":27}}],"_prefab":{"__type__":"cc.PrefabInfo","root":{"__id__":1},"asset":{"__uuid__":"dbAOkkM2BDKLnfxcytO/Tq"},"fileId":"e64l0pjoFCvpj32Wce/QGP"},"_contentSize":{"__type__":"cc.Size","width":122,"height":112},"_trs":{"__type__":"TypedArray","ctor":"Float64Array","array":[0,0,0,0,0,0,1,1,1,1]}},{"__type__":"cc.Node","_name":"label","_parent":{"__id__":27},"_components":[{"__type__":"cc.Label","node":{"__id__":28},"_materials":[{"__uuid__":"ecpdLyjvZBwrvm+cedCcQy"}],"_useOriginalSize":false,"_string":"2","_N$string":"2","_fontSize":25,"_lineHeight":26,"_N$horizontalAlign":2,"_N$verticalAlign":1},{"__type__":"cc.LabelOutline","node":{"__id__":28},"_color":{"__type__":"cc.Color","r":29,"g":85,"b":124},"_width":2}],"_prefab":{"__type__":"cc.PrefabInfo","root":{"__id__":1},"asset":{"__uuid__":"dbAOkkM2BDKLnfxcytO/Tq"},"fileId":"af5ADfhc1JkJLqJAZ/Yuhm"},"_contentSize":{"__type__":"cc.Size","width":17.9,"height":36.76},"_anchorPoint":{"__type__":"cc.Vec2","x":1,"y":0.5},"_trs":{"__type__":"TypedArray","ctor":"Float64Array","array":[54.36,-32.197,0,0,0,0,1,1,1,1]}},{"__type__":"cc.Node","_name":"_day_lbl","_parent":{"__id__":22},"_components":[{"__type__":"cc.Label","node":{"__id__":29},"_materials":[{"__uuid__":"ecpdLyjvZBwrvm+cedCcQy"}],"_useOriginalSize":false,"_string":"第七天","_N$string":"第七天","_fontSize":28,"_lineHeight":30,"_styleFlags":1,"_N$horizontalAlign":1,"_N$verticalAlign":1},{"__type__":"cc.LabelOutline","node":{"__id__":29},"_width":2}],"_prefab":{"__type__":"cc.PrefabInfo","root":{"__id__":1},"asset":{"__uuid__":"dbAOkkM2BDKLnfxcytO/Tq"},"fileId":"8d+xE6xvZGq49S1HX/Svov"},"_color":{"__type__":"cc.Color","r":219,"g":106,"b":49},"_contentSize":{"__type__":"cc.Size","width":88,"height":41.8},"_trs":{"__type__":"TypedArray","ctor":"Float64Array","array":[0,88.614,0,0,0,0,1,1,1,1]}},{"__type__":"cc.Node","_name":"_received_bg","_parent":{"__id__":22},"_children":[{"__id__":31}],"_active":false,"_components":[{"__type__":"cc.Sprite","node":{"__id__":30},"_materials":[{"__uuid__":"ecpdLyjvZBwrvm+cedCcQy"}],"_spriteFrame":{"__uuid__":"f7aL7fqOFIuIuesCL/eNm/"},"_type":1,"_sizeMode":0,"_isTrimmedMode":false}],"_prefab":{"__type__":"cc.PrefabInfo","root":{"__id__":1},"asset":{"__uuid__":"dbAOkkM2BDKLnfxcytO/Tq"},"fileId":"92ArBOwOJHz6r7vcxQRhrr"},"_contentSize":{"__type__":"cc.Size","width":559,"height":259},"_trs":{"__type__":"TypedArray","ctor":"Float64Array","array":[0,0,0,0,0,0,1,1,1,1]}},{"__type__":"cc.Node","_name":"tick","_parent":{"__id__":30},"_components":[{"__type__":"cc.Sprite","node":{"__id__":31},"_materials":[{"__uuid__":"ecpdLyjvZBwrvm+cedCcQy"}],"_spriteFrame":{"__uuid__":"1eyV23R3lLU5IdFR3Io567"}}],"_prefab":{"__type__":"cc.PrefabInfo","root":{"__id__":1},"asset":{"__uuid__":"dbAOkkM2BDKLnfxcytO/Tq"},"fileId":"08oHel82hBGI4gtn7sxQ5D"},"_contentSize":{"__type__":"cc.Size","width":90,"height":106},"_trs":{"__type__":"TypedArray","ctor":"Float64Array","array":[0,0,0,0,0,0,1,1,1,1]}},{"__type__":"cc.Node","_name":"$receive_btn","_parent":{"__id__":4},"_children":[{"__id__":33},{"__id__":35},{"__id__":36},{"__id__":37},{"__id__":41}],"_components":[{"__type__":"cc.Button","node":{"__id__":32},"_normalMaterial":{"__uuid__":"ecpdLyjvZBwrvm+cedCcQy"},"zoomScale":1.1,"_N$transition":3,"transition":3,"_N$target":{"__id__":33}},{"__type__":"3a0bdMWXApFAIRZFct2j8zt","node":{"__id__":32},"callback":{"__type__":"cc.ClickEvent","target":{"__id__":1},"_componentId":"2c30crbzt1NHYuLzwfljcgE","handler":"onRewardCallback"},"autoRefresh":true}],"_prefab":{"__type__":"cc.PrefabInfo","root":{"__id__":1},"asset":{"__uuid__":"dbAOkkM2BDKLnfxcytO/Tq"},"fileId":"82SArKci1Dqqkdx9CaTEUd"},"_contentSize":{"__type__":"cc.Size","width":295,"height":102},"_trs":{"__type__":"TypedArray","ctor":"Float64Array","array":[0,-458.646,0,0,0,0,1,1,1,1]}},{"__type__":"cc.Node","_name":"text","_parent":{"__id__":32},"_children":[{"__id__":34}],"_prefab":{"__type__":"cc.PrefabInfo","root":{"__id__":1},"asset":{"__uuid__":"dbAOkkM2BDKLnfxcytO/Tq"},"fileId":"206BoeKD5DVZZ+SM97QWqY"},"_contentSize":{"__type__":"cc.Size","width":293,"height":103},"_trs":{"__type__":"TypedArray","ctor":"Float64Array","array":[0,-2,0,0,0,0,1,1,1,0]}},{"__type__":"cc.Node","_name":"text","_parent":{"__id__":33},"_components":[{"__type__":"cc.Sprite","node":{"__id__":34},"_materials":[{"__uuid__":"ecpdLyjvZBwrvm+cedCcQy"}],"_spriteFrame":{"__uuid__":"1fWEQneg5NEbLMZgCd6jYc"}}],"_prefab":{"__type__":"cc.PrefabInfo","root":{"__id__":1},"asset":{"__uuid__":"dbAOkkM2BDKLnfxcytO/Tq"},"fileId":"a9A4qMVmtFCLG6QzA8hvA4"},"_contentSize":{"__type__":"cc.Size","width":293,"height":103},"_trs":{"__type__":"TypedArray","ctor":"Float64Array","array":[0,0,0,0,0,0,1,1,1,1]}},{"__type__":"cc.Node","_name":"$reward_video_lbl","_parent":{"__id__":32},"_components":[{"__type__":"cc.Label","node":{"__id__":35},"_materials":[{"__uuid__":"ecpdLyjvZBwrvm+cedCcQy"}],"_useOriginalSize":false,"_string":"观看视频领双倍奖励","_N$string":"观看视频领双倍奖励","_fontSize":28,"_lineHeight":30,"_styleFlags":1,"_N$horizontalAlign":1,"_N$verticalAlign":1},{"__type__":"cc.LabelOutline","node":{"__id__":35}}],"_prefab":{"__type__":"cc.PrefabInfo","root":{"__id__":1},"asset":{"__uuid__":"dbAOkkM2BDKLnfxcytO/Tq"},"fileId":"35j4bz6ThFe45aejsZE3E/"},"_color":{"__type__":"cc.Color","r":219,"g":106,"b":49},"_contentSize":{"__type__":"cc.Size","width":254,"height":39.8},"_trs":{"__type__":"TypedArray","ctor":"Float64Array","array":[20.907,93.67,0,0,0,0,1,1,1,1]}},{"__type__":"cc.Node","_name":"$reward_share_lbl","_parent":{"__id__":32},"_components":[{"__type__":"cc.Label","node":{"__id__":36},"_materials":[{"__uuid__":"ecpdLyjvZBwrvm+cedCcQy"}],"_useOriginalSize":false,"_string":"分享到群领双倍奖励","_N$string":"分享到群领双倍奖励","_fontSize":28,"_lineHeight":30,"_styleFlags":1,"_N$horizontalAlign":1,"_N$verticalAlign":1},{"__type__":"cc.LabelOutline","node":{"__id__":36}}],"_prefab":{"__type__":"cc.PrefabInfo","root":{"__id__":1},"asset":{"__uuid__":"dbAOkkM2BDKLnfxcytO/Tq"},"fileId":"bdUdqmv1hFcJ84hLSUGMZN"},"_color":{"__type__":"cc.Color","r":219,"g":106,"b":49},"_contentSize":{"__type__":"cc.Size","width":254,"height":39.8},"_trs":{"__type__":"TypedArray","ctor":"Float64Array","array":[20.907,93.67,0,0,0,0,1,1,1,1]}},{"__type__":"cc.Node","_name":"$reward_toggle","_parent":{"__id__":32},"_children":[{"__id__":38},{"__id__":39}],"_components":[{"__type__":"cc.Toggle","node":{"__id__":37},"_N$transition":3,"transition":3,"_N$normalColor":{"__type__":"cc.Color","r":214,"g":214,"b":214},"_N$target":{"__id__":38},"checkMark":{"__id__":40}}],"_prefab":{"__type__":"cc.PrefabInfo","root":{"__id__":1},"asset":{"__uuid__":"dbAOkkM2BDKLnfxcytO/Tq"},"fileId":"11qVa5bqVBCK41Xm5i0NzY"},"_contentSize":{"__type__":"cc.Size","width":60,"height":60},"_trs":{"__type__":"TypedArray","ctor":"Float64Array","array":[-135.407,92.35,0,0,0,0,1,1,1,1]}},{"__type__":"cc.Node","_name":"bg","_parent":{"__id__":37},"_components":[{"__type__":"cc.Sprite","node":{"__id__":38},"_materials":[{"__uuid__":"ecpdLyjvZBwrvm+cedCcQy"}],"_spriteFrame":{"__uuid__":"37lIRhnCtIb7fGu+nU0pjk"}}],"_prefab":{"__type__":"cc.PrefabInfo","root":{"__id__":1},"asset":{"__uuid__":"dbAOkkM2BDKLnfxcytO/Tq"},"fileId":"d6tx3QZTRP2J0vxhc0G2Ax"},"_contentSize":{"__type__":"cc.Size","width":32,"height":32},"_trs":{"__type__":"TypedArray","ctor":"Float64Array","array":[0,0,0,0,0,0,1,1,1,0]}},{"__type__":"cc.Node","_name":"checkmark","_parent":{"__id__":37},"_components":[{"__id__":40}],"_prefab":{"__type__":"cc.PrefabInfo","root":{"__id__":1},"asset":{"__uuid__":"dbAOkkM2BDKLnfxcytO/Tq"},"fileId":"10xjZei/xFdIIXN+jCY5QN"},"_contentSize":{"__type__":"cc.Size","width":26,"height":20},"_trs":{"__type__":"TypedArray","ctor":"Float64Array","array":[0,0,0,0,0,0,1,1,1,1]}},{"__type__":"cc.Sprite","node":{"__id__":39},"_materials":[{"__uuid__":"ecpdLyjvZBwrvm+cedCcQy"}],"_spriteFrame":{"__uuid__":"44fwVl351P1Ju+KnUati5U"},"_sizeMode":2,"_isTrimmedMode":false},{"__type__":"cc.Node","_name":"toggle_text_btn","_parent":{"__id__":32},"_components":[{"__type__":"cc.Button","node":{"__id__":41},"clickEvents":[{"__type__":"cc.ClickEvent","target":{"__id__":1},"_componentId":"2c30crbzt1NHYuLzwfljcgE","handler":"onToggleTextClick"}]}],"_prefab":{"__type__":"cc.PrefabInfo","root":{"__id__":1},"asset":{"__uuid__":"dbAOkkM2BDKLnfxcytO/Tq"},"fileId":"e86Tp8t+VKgLnlw0tuSiGj"},"_contentSize":{"__type__":"cc.Size","width":254,"height":60},"_trs":{"__type__":"TypedArray","ctor":"Float64Array","array":[20.907,93.67,0,0,0,0,1,1,1,1]}},{"__type__":"cc.Node","_name":"banner","_parent":{"__id__":3},"_components":[{"__type__":"ce3f9aG6A1If7y9kH3tgvq2","node":{"__id__":42}}],"_prefab":{"__type__":"cc.PrefabInfo","root":{"__id__":1},"asset":{"__uuid__":"dbAOkkM2BDKLnfxcytO/Tq"},"fileId":"60O8O5aJtI85lKWuytPXmi"},"_trs":{"__type__":"TypedArray","ctor":"Float64Array","array":[0,-558.58,0,0,0,0,1,1,1,1]}}],{"__type__":"cc.SpriteFrame","content":{"name":"圆角矩形 b","texture":"15339b09a","rect":[248,96,171,206],"offset":[0,0],"originalSize":[171,206],"rotated":1,"capInsets":[32,32,32,32]}}]