[{"__type__":"cc.SpriteFrame","content":{"name":"排位赛已开启！前往挑战！ 拷贝","texture":"16b10d60f","rect":[3,950,463,47],"offset":[0,0],"originalSize":[463,47],"capInsets":[0,0,0,0]}},{"__type__":"cc.SpriteFrame","content":{"name":"暂时不","texture":"181f0e3b5","rect":[861,805,115,46],"offset":[0,0],"originalSize":[115,46],"rotated":1,"capInsets":[0,0,0,0]}},{"__type__":"cc.SpriteFrame","content":{"name":"马上前往","texture":"16b10d60f","rect":[975,343,152,44],"offset":[0,0],"originalSize":[152,44],"rotated":1,"capInsets":[0,0,0,0]}},{"__type__":"cc.SpriteFrame","content":{"name":"1","texture":"181f0e3b5","rect":[490,926,235,89],"offset":[0,0],"originalSize":[235,89],"capInsets":[0,0,0,0]}},[{"__type__":"cc.Prefab","_name":"pvpOpenLayer","data":{"__id__":1}},{"__type__":"cc.Node","_name":"pvpOpenLayer","_children":[{"__id__":2},{"__id__":3}],"_components":[{"__type__":"cc.Widget","node":{"__id__":1},"_alignFlags":45},{"__type__":"cc.BlockInputEvents","node":{"__id__":1}},{"__type__":"19fffy2FoRBL4TvJ2OOJOe2","node":{"__id__":1}}],"_prefab":{"__type__":"cc.PrefabInfo","root":{"__id__":1},"asset":{"__uuid__":"afuNaE72VBhaGCvjpWLsPH"},"fileId":"b2ZI9uCE5Au74Q/STRz0iL"},"_contentSize":{"__type__":"cc.Size","width":750,"height":1334},"_trs":{"__type__":"TypedArray","ctor":"Float64Array","array":[375,667,0,0,0,0,1,1,1,1]}},{"__type__":"cc.Node","_name":"mask","_parent":{"__id__":1},"_components":[{"__type__":"cc.Sprite","node":{"__id__":2},"_materials":[{"__uuid__":"ecpdLyjvZBwrvm+cedCcQy"}],"_spriteFrame":{"__uuid__":"fdZ+FLNoFGtYmgI6Rsppg4"},"_type":1,"_sizeMode":0,"_isTrimmedMode":false},{"__type__":"cc.Button","node":{"__id__":2},"_N$normalColor":{"__type__":"cc.Color","r":214,"g":214,"b":214},"_N$target":{"__id__":2}},{"__type__":"cc.Widget","node":{"__id__":2},"_alignFlags":45,"_left":-1,"_right":-1,"_top":-1,"_bottom":-1,"_originalWidth":16,"_originalHeight":16}],"_prefab":{"__type__":"cc.PrefabInfo","root":{"__id__":1},"asset":{"__uuid__":"afuNaE72VBhaGCvjpWLsPH"},"fileId":"67EbqYNDxBRautS9PwfMF8"},"_opacity":180,"_contentSize":{"__type__":"cc.Size","width":752,"height":1336},"_trs":{"__type__":"TypedArray","ctor":"Float64Array","array":[0,0,0,0,0,0,1,1,1,1]}},{"__type__":"cc.Node","_name":"dialog","_parent":{"__id__":1},"_children":[{"__id__":4},{"__id__":19}],"_components":[{"__type__":"96549DGCmlIcZghb3AfRGQI","node":{"__id__":3}}],"_prefab":{"__type__":"cc.PrefabInfo","root":{"__id__":1},"asset":{"__uuid__":"afuNaE72VBhaGCvjpWLsPH"},"fileId":"6b4qQDzRFM7YPZkb6R2dIb"},"_trs":{"__type__":"TypedArray","ctor":"Float64Array","array":[0,0,0,0,0,0,1,1,1,1]}},{"__type__":"cc.Node","_name":"contents","_parent":{"__id__":3},"_children":[{"__id__":5},{"__id__":10},{"__id__":11},{"__id__":12}],"_components":[{"__type__":"cc.Sprite","node":{"__id__":4},"_materials":[{"__uuid__":"ecpdLyjvZBwrvm+cedCcQy"}],"_spriteFrame":{"__uuid__":"7eUA/ecqtKJbHxsn0n8WHp"},"_type":1,"_sizeMode":0,"_isTrimmedMode":false},{"__type__":"09bd4f7l0NPfpseMfFdw+uE","node":{"__id__":4}},{"__type__":"cc.BlockInputEvents","node":{"__id__":4}}],"_prefab":{"__type__":"cc.PrefabInfo","root":{"__id__":1},"asset":{"__uuid__":"afuNaE72VBhaGCvjpWLsPH"},"fileId":"13z53l6thCfoA2uo+Tw0ax"},"_contentSize":{"__type__":"cc.Size","width":625,"height":466},"_trs":{"__type__":"TypedArray","ctor":"Float64Array","array":[0,83.332,0,0,0,0,1,1,1,1]}},{"__type__":"cc.Node","_name":"header","_parent":{"__id__":4},"_children":[{"__id__":6},{"__id__":7},{"__id__":9}],"_components":[{"__type__":"cc.Widget","node":{"__id__":5},"_alignFlags":1,"_top":3}],"_prefab":{"__type__":"cc.PrefabInfo","root":{"__id__":1},"asset":{"__uuid__":"afuNaE72VBhaGCvjpWLsPH"},"fileId":"bcojtim/xPY4QAYViqr1ot"},"_contentSize":{"__type__":"cc.Size","height":104},"_trs":{"__type__":"TypedArray","ctor":"Float64Array","array":[0,178,0,0,0,0,1,1,1,1]}},{"__type__":"cc.Node","_name":"title_light","_parent":{"__id__":5},"_components":[{"__type__":"ade161OMgVMKpmjDqerbeZb","node":{"__id__":6},"_prefab":{"__uuid__":"a9R2AW7eJGzoql/lnwjPLu"}}],"_prefab":{"__type__":"cc.PrefabInfo","root":{"__id__":1},"asset":{"__uuid__":"afuNaE72VBhaGCvjpWLsPH"},"fileId":"50PgEFHotEQ4eMG3rJjH4z"},"_contentSize":{"__type__":"cc.Size","width":618,"height":104},"_trs":{"__type__":"TypedArray","ctor":"Float64Array","array":[0,0,0,0,0,0,1,1,1,1]}},{"__type__":"cc.Node","_name":"close_btn","_parent":{"__id__":5},"_children":[{"__id__":8}],"_components":[{"__type__":"cc.Button","node":{"__id__":7},"zoomScale":1.1,"_N$transition":3,"transition":3}],"_prefab":{"__type__":"cc.PrefabInfo","root":{"__id__":1},"asset":{"__uuid__":"afuNaE72VBhaGCvjpWLsPH"},"fileId":"06or+yn01Od7xLqTtKcYIh"},"_contentSize":{"__type__":"cc.Size","width":98,"height":98},"_trs":{"__type__":"TypedArray","ctor":"Float64Array","array":[258.835,-3,0,0,0,0,1,1,1,0]}},{"__type__":"cc.Node","_name":"text","_parent":{"__id__":7},"_components":[{"__type__":"cc.Sprite","node":{"__id__":8},"_materials":[{"__uuid__":"ecpdLyjvZBwrvm+cedCcQy"}],"_spriteFrame":{"__uuid__":"e2qKO1X95Gk6tYQAVxQ0sN"}}],"_prefab":{"__type__":"cc.PrefabInfo","root":{"__id__":1},"asset":{"__uuid__":"afuNaE72VBhaGCvjpWLsPH"},"fileId":"19p34oeYlJ348hrQw3ulyM"},"_contentSize":{"__type__":"cc.Size","width":38,"height":38},"_trs":{"__type__":"TypedArray","ctor":"Float64Array","array":[0,0,0,0,0,0,1,1,1,1]}},{"__type__":"cc.Node","_name":"title","_parent":{"__id__":5},"_components":[{"__type__":"cc.Sprite","node":{"__id__":9},"_materials":[{"__uuid__":"ecpdLyjvZBwrvm+cedCcQy"}],"_spriteFrame":{"__uuid__":"cc/PvZmLFPfpd38swPxCHW"}}],"_prefab":{"__type__":"cc.PrefabInfo","root":{"__id__":1},"asset":{"__uuid__":"afuNaE72VBhaGCvjpWLsPH"},"fileId":"eey+6K8GhG36NKq6+RxknN"},"_contentSize":{"__type__":"cc.Size","width":229,"height":48},"_trs":{"__type__":"TypedArray","ctor":"Float64Array","array":[0,-3,0,0,0,0,1,1,1,1]}},{"__type__":"cc.Node","_name":"t1","_parent":{"__id__":4},"_components":[{"__type__":"cc.Sprite","node":{"__id__":10},"_materials":[{"__uuid__":"ecpdLyjvZBwrvm+cedCcQy"}],"_spriteFrame":{"__uuid__":"c6lXxNxTdCu4VgqZuAIDhl"}}],"_prefab":{"__type__":"cc.PrefabInfo","root":{"__id__":1},"asset":{"__uuid__":"afuNaE72VBhaGCvjpWLsPH"},"fileId":"ff7vUnjIxPiZsWSrgb6IAm"},"_contentSize":{"__type__":"cc.Size","width":239,"height":219},"_trs":{"__type__":"TypedArray","ctor":"Float64Array","array":[0,34.952,0,0,0,0,1,1,1,1]}},{"__type__":"cc.Node","_name":"t2","_parent":{"__id__":4},"_components":[{"__type__":"cc.Sprite","node":{"__id__":11},"_materials":[{"__uuid__":"ecpdLyjvZBwrvm+cedCcQy"}],"_spriteFrame":{"__uuid__":"077HlCBqNN+oBpXAG95LnQ"}}],"_prefab":{"__type__":"cc.PrefabInfo","root":{"__id__":1},"asset":{"__uuid__":"afuNaE72VBhaGCvjpWLsPH"},"fileId":"5fQStws/lMBIP8jrgOpzvo"},"_contentSize":{"__type__":"cc.Size","width":463,"height":47},"_trs":{"__type__":"TypedArray","ctor":"Float64Array","array":[0,-29.883,0,0,0,0,1,1,1,1]}},{"__type__":"cc.Node","_name":"layout","_parent":{"__id__":4},"_children":[{"__id__":13},{"__id__":16}],"_components":[{"__type__":"cc.Widget","node":{"__id__":12},"_alignFlags":4,"_bottom":50.07400000000001}],"_prefab":{"__type__":"cc.PrefabInfo","root":{"__id__":1},"asset":{"__uuid__":"afuNaE72VBhaGCvjpWLsPH"},"fileId":"begb4bvL1OP4ryVLOVH5eQ"},"_contentSize":{"__type__":"cc.Size","width":527,"height":85},"_trs":{"__type__":"TypedArray","ctor":"Float64Array","array":[0,-140.426,0,0,0,0,1,1,1,1]}},{"__type__":"cc.Node","_name":"$ok_btn","_parent":{"__id__":12},"_children":[{"__id__":14},{"__id__":15}],"_components":[{"__type__":"cc.Button","node":{"__id__":13},"_normalMaterial":{"__uuid__":"ecpdLyjvZBwrvm+cedCcQy"},"zoomScale":1.1,"clickEvents":[{"__type__":"cc.ClickEvent","target":{"__id__":1},"_componentId":"19fffy2FoRBL4TvJ2OOJOe2","handler":"onBtnOkClick"}],"_N$transition":3,"transition":3}],"_prefab":{"__type__":"cc.PrefabInfo","root":{"__id__":1},"asset":{"__uuid__":"afuNaE72VBhaGCvjpWLsPH"},"fileId":"07WJqwKeRL8ZKMzN+sWhF8"},"_contentSize":{"__type__":"cc.Size","width":236,"height":85},"_trs":{"__type__":"TypedArray","ctor":"Float64Array","array":[-145.5,0,0,0,0,0,1,1,1,0]}},{"__type__":"cc.Node","_name":"1","_parent":{"__id__":13},"_components":[{"__type__":"cc.Sprite","node":{"__id__":14},"_materials":[{"__uuid__":"ecpdLyjvZBwrvm+cedCcQy"}],"_spriteFrame":{"__uuid__":"99fLgCZRpDOq0NaKyrdGWu"}}],"_prefab":{"__type__":"cc.PrefabInfo","root":{"__id__":1},"asset":{"__uuid__":"afuNaE72VBhaGCvjpWLsPH"},"fileId":"edQ9gl0XxNg4mvCTdNMlOC"},"_contentSize":{"__type__":"cc.Size","width":235,"height":89},"_trs":{"__type__":"TypedArray","ctor":"Float64Array","array":[0,0,0,0,0,0,1,1,1,1]}},{"__type__":"cc.Node","_name":"2","_parent":{"__id__":13},"_components":[{"__type__":"cc.Sprite","node":{"__id__":15},"_materials":[{"__uuid__":"ecpdLyjvZBwrvm+cedCcQy"}],"_spriteFrame":{"__uuid__":"5boDBwYPdHYqd4/bGuBGIr"}}],"_prefab":{"__type__":"cc.PrefabInfo","root":{"__id__":1},"asset":{"__uuid__":"afuNaE72VBhaGCvjpWLsPH"},"fileId":"27ZAHC7lBJ+rOgE6gxZIwq"},"_contentSize":{"__type__":"cc.Size","width":152,"height":44},"_trs":{"__type__":"TypedArray","ctor":"Float64Array","array":[0,4,0,0,0,0,1,1,1,1]}},{"__type__":"cc.Node","_name":"$cancel_btn","_parent":{"__id__":12},"_children":[{"__id__":17},{"__id__":18}],"_components":[{"__type__":"cc.Button","node":{"__id__":16},"_normalMaterial":{"__uuid__":"ecpdLyjvZBwrvm+cedCcQy"},"zoomScale":1.1,"clickEvents":[{"__type__":"cc.ClickEvent","target":{"__id__":1},"_componentId":"19fffy2FoRBL4TvJ2OOJOe2","handler":"onBtnCloseClick"}],"_N$transition":3,"transition":3}],"_prefab":{"__type__":"cc.PrefabInfo","root":{"__id__":1},"asset":{"__uuid__":"afuNaE72VBhaGCvjpWLsPH"},"fileId":"8b3Bj0Q6VGPITuBF6ooISl"},"_contentSize":{"__type__":"cc.Size","width":236,"height":85},"_trs":{"__type__":"TypedArray","ctor":"Float64Array","array":[145.5,0,0,0,0,0,1,1,1,0]}},{"__type__":"cc.Node","_name":"1","_parent":{"__id__":16},"_components":[{"__type__":"cc.Sprite","node":{"__id__":17},"_materials":[{"__uuid__":"ecpdLyjvZBwrvm+cedCcQy"}],"_spriteFrame":{"__uuid__":"f60MRa6mtBxbMH4h/40Kou"}}],"_prefab":{"__type__":"cc.PrefabInfo","root":{"__id__":1},"asset":{"__uuid__":"afuNaE72VBhaGCvjpWLsPH"},"fileId":"79s3zcTmZPQrO36SLxSPM7"},"_contentSize":{"__type__":"cc.Size","width":235,"height":89},"_trs":{"__type__":"TypedArray","ctor":"Float64Array","array":[0,0,0,0,0,0,1,1,1,1]}},{"__type__":"cc.Node","_name":"2","_parent":{"__id__":16},"_components":[{"__type__":"cc.Sprite","node":{"__id__":18},"_materials":[{"__uuid__":"ecpdLyjvZBwrvm+cedCcQy"}],"_spriteFrame":{"__uuid__":"27+l8agtZDgZytzJVBJIyR"}}],"_prefab":{"__type__":"cc.PrefabInfo","root":{"__id__":1},"asset":{"__uuid__":"afuNaE72VBhaGCvjpWLsPH"},"fileId":"b9FlFatPxBE7529/K+PaRK"},"_contentSize":{"__type__":"cc.Size","width":115,"height":46},"_trs":{"__type__":"TypedArray","ctor":"Float64Array","array":[0,4,0,0,0,0,1,1,1,1]}},{"__type__":"cc.Node","_name":"banner","_parent":{"__id__":3},"_components":[{"__type__":"ce3f9aG6A1If7y9kH3tgvq2","node":{"__id__":19}}],"_prefab":{"__type__":"cc.PrefabInfo","root":{"__id__":1},"asset":{"__uuid__":"afuNaE72VBhaGCvjpWLsPH"},"fileId":"9ex767541P6ILyPBqnO1L1"},"_trs":{"__type__":"TypedArray","ctor":"Float64Array","array":[0,-138.104,0,0,0,0,1,1,1,1]}}],{"__type__":"cc.SpriteFrame","content":{"name":"排位","texture":"1b5eece6f","rect":[775,30,239,219],"offset":[0,0],"originalSize":[239,219],"capInsets":[0,0,0,0]}},{"__type__":"cc.SpriteFrame","content":{"name":"排位赛开启","texture":"181f0e3b5","rect":[972,526,229,48],"offset":[0,0],"originalSize":[229,48],"rotated":1,"capInsets":[0,0,0,0]}},{"__type__":"cc.SpriteFrame","content":{"name":"2","texture":"181f0e3b5","rect":[731,926,235,89],"offset":[0,0],"originalSize":[235,89],"capInsets":[0,0,0,0]}}]