[[{"__type__":"cc.Prefab","_name":"Qiugan_9","data":{"__id__":1}},{"__type__":"cc.Node","_name":"Qiugan_9","_children":[{"__id__":2},{"__id__":3},{"__id__":4}],"_prefab":{"__type__":"cc.PrefabInfo","root":{"__id__":1},"asset":{"__uuid__":"2fyYtdRtpAeZrAHsPmo2q5"},"fileId":"49fea/dSlEj4jeNAEzYvbZ"},"_contentSize":{"__type__":"cc.Size","height":1200},"_anchorPoint":{"__type__":"cc.Vec2","x":0.5},"_trs":{"__type__":"TypedArray","ctor":"Float64Array","array":[0,0,0,0,0,0,1,1,1,1]}},{"__type__":"cc.Node","_name":"Ball_yinying","_parent":{"__id__":1},"_components":[{"__type__":"cc.Sprite","node":{"__id__":2},"_materials":[{"__uuid__":"ecpdLyjvZBwrvm+cedCcQy"}],"_spriteFrame":{"__uuid__":"662tWpfhZEKLruVNFDWC9+"},"_sizeMode":0}],"_prefab":{"__type__":"cc.PrefabInfo","root":{"__id__":1},"asset":{"__uuid__":"2fyYtdRtpAeZrAHsPmo2q5"},"fileId":"5dYTJNBW1OG7cuengNk68X"},"_opacity":20,"_color":{"__type__":"cc.Color"},"_contentSize":{"__type__":"cc.Size","width":73.5,"height":1200},"_anchorPoint":{"__type__":"cc.Vec2","x":0.5},"_trs":{"__type__":"TypedArray","ctor":"Float64Array","array":[-40.491,-20.693,0,0,0,0,1,1,1,1]}},{"__type__":"cc.Node","_name":"Ball_1","_parent":{"__id__":1},"_components":[{"__type__":"cc.Sprite","node":{"__id__":3},"_materials":[{"__uuid__":"ecpdLyjvZBwrvm+cedCcQy"}],"_spriteFrame":{"__uuid__":"662tWpfhZEKLruVNFDWC9+"},"_sizeMode":0}],"_prefab":{"__type__":"cc.PrefabInfo","root":{"__id__":1},"asset":{"__uuid__":"2fyYtdRtpAeZrAHsPmo2q5"},"fileId":"f55sdAjKJBM64bvF1uA6lm"},"_contentSize":{"__type__":"cc.Size","width":73.5,"height":1200},"_anchorPoint":{"__type__":"cc.Vec2","x":0.5},"_trs":{"__type__":"TypedArray","ctor":"Float64Array","array":[-2.309,21.835,0,0,0,0,1,1,1,1]}},{"__type__":"cc.Node","_name":"Shanguang","_parent":{"__id__":1},"_children":[{"__id__":5},{"__id__":6},{"__id__":7},{"__id__":8}],"_components":[{"__type__":"cc.Animation","node":{"__id__":4},"_defaultClip":{"__uuid__":"5b59660WVLk4LYadRaYigV"},"_clips":[{"__uuid__":"5b59660WVLk4LYadRaYigV"}],"playOnLoad":true}],"_prefab":{"__type__":"cc.PrefabInfo","root":{"__id__":1},"asset":{"__uuid__":"2fyYtdRtpAeZrAHsPmo2q5"},"fileId":"502QwKFXhIfKiA/4ok3QD8"},"_trs":{"__type__":"TypedArray","ctor":"Float64Array","array":[0,11.974,0,0,0,0,1,1,1,1]}},{"__type__":"cc.Node","_name":"Glow_2","_parent":{"__id__":4},"_components":[{"__type__":"cc.Sprite","node":{"__id__":5},"_materials":[{"__uuid__":"ecpdLyjvZBwrvm+cedCcQy"}],"_dstBlendFactor":1,"_spriteFrame":{"__uuid__":"7bvnYrahdIPbhlRXFOVlJw"}}],"_prefab":{"__type__":"cc.PrefabInfo","root":{"__id__":1},"asset":{"__uuid__":"2fyYtdRtpAeZrAHsPmo2q5"},"fileId":"d7HAVIKElC/JvY7xdLZVIo"},"_color":{"__type__":"cc.Color","r":255,"g":162,"b":162},"_contentSize":{"__type__":"cc.Size","width":128,"height":120},"_trs":{"__type__":"TypedArray","ctor":"Float64Array","array":[-6.431,1195.298,0,0,0,0,1,0.364,0.364,0.364]}},{"__type__":"cc.Node","_name":"Glow_3","_parent":{"__id__":4},"_components":[{"__type__":"cc.Sprite","node":{"__id__":6},"_materials":[{"__uuid__":"ecpdLyjvZBwrvm+cedCcQy"}],"_dstBlendFactor":1,"_spriteFrame":{"__uuid__":"7bvnYrahdIPbhlRXFOVlJw"}}],"_prefab":{"__type__":"cc.PrefabInfo","root":{"__id__":1},"asset":{"__uuid__":"2fyYtdRtpAeZrAHsPmo2q5"},"fileId":"62jCgWS31G/qBX6t2nGN2s"},"_color":{"__type__":"cc.Color","r":255,"g":248,"b":162},"_contentSize":{"__type__":"cc.Size","width":128,"height":120},"_trs":{"__type__":"TypedArray","ctor":"Float64Array","array":[-6.431,777.29,0,0,0,0,1,0.325,0.325,0.325]}},{"__type__":"cc.Node","_name":"Glow_4","_parent":{"__id__":4},"_components":[{"__type__":"cc.Sprite","node":{"__id__":7},"_materials":[{"__uuid__":"ecpdLyjvZBwrvm+cedCcQy"}],"_dstBlendFactor":1,"_spriteFrame":{"__uuid__":"7bvnYrahdIPbhlRXFOVlJw"}}],"_prefab":{"__type__":"cc.PrefabInfo","root":{"__id__":1},"asset":{"__uuid__":"2fyYtdRtpAeZrAHsPmo2q5"},"fileId":"8aMcp7RuREna/+zDLfx7mA"},"_color":{"__type__":"cc.Color","r":255,"g":248,"b":162},"_contentSize":{"__type__":"cc.Size","width":128,"height":120},"_trs":{"__type__":"TypedArray","ctor":"Float64Array","array":[-4.099,551.792,0,0,0,0.5372996083468239,0.8433914458128857,0.325,0.325,0.325]},"_eulerAngles":{"__type__":"cc.Vec3","z":65}},{"__type__":"cc.Node","_name":"Glow_1","_parent":{"__id__":4},"_components":[{"__type__":"cc.Sprite","node":{"__id__":8},"_materials":[{"__uuid__":"ecpdLyjvZBwrvm+cedCcQy"}],"_dstBlendFactor":1,"_spriteFrame":{"__uuid__":"7bvnYrahdIPbhlRXFOVlJw"}}],"_prefab":{"__type__":"cc.PrefabInfo","root":{"__id__":1},"asset":{"__uuid__":"2fyYtdRtpAeZrAHsPmo2q5"},"fileId":"26kSohwQ5KFLS5+nzOrwEu"},"_contentSize":{"__type__":"cc.Size","width":128,"height":120},"_trs":{"__type__":"TypedArray","ctor":"Float64Array","array":[-7.677,1080.697,0,0,0,-0.35020738125946743,0.9366721892483976,0.459,0.364,0.364]},"_eulerAngles":{"__type__":"cc.Vec3","z":-41}}],{"__type__":"cc.SpriteFrame","content":{"name":"cue_9","texture":"154da9b31","rect":[3,396,90,1469],"offset":[0,0],"originalSize":[90,1469],"rotated":1,"capInsets":[0,0,0,0]}}]