[[{"__type__":"cc.Prefab","_name":"Qiugan_20","data":{"__id__":1}},{"__type__":"cc.Node","_name":"Qiugan_20","_children":[{"__id__":2},{"__id__":3}],"_prefab":{"__type__":"cc.PrefabInfo","root":{"__id__":1},"asset":{"__uuid__":"aa4uZ5lKtE4JzA2g0i9Jbo"},"fileId":"0bIVHaMLZM66kH+3IXAHHx"},"_contentSize":{"__type__":"cc.Size","height":1200},"_anchorPoint":{"__type__":"cc.Vec2","x":0.5},"_trs":{"__type__":"TypedArray","ctor":"Float64Array","array":[0,0,0,0,0,0,1,1,1,1]}},{"__type__":"cc.Node","_name":"Ball_yinying","_parent":{"__id__":1},"_components":[{"__type__":"cc.Sprite","node":{"__id__":2},"_materials":[{"__uuid__":"ecpdLyjvZBwrvm+cedCcQy"}],"_spriteFrame":{"__uuid__":"daMXu4pctGZ6zwwFky+/00"},"_sizeMode":0}],"_prefab":{"__type__":"cc.PrefabInfo","root":{"__id__":1},"asset":{"__uuid__":"aa4uZ5lKtE4JzA2g0i9Jbo"},"fileId":"f2nQWt1TNAsLoybcr3HoEJ"},"_opacity":20,"_color":{"__type__":"cc.Color"},"_contentSize":{"__type__":"cc.Size","width":48.2,"height":1200},"_anchorPoint":{"__type__":"cc.Vec2","x":0.5},"_trs":{"__type__":"TypedArray","ctor":"Float64Array","array":[-40.491,-20.693,0,0,0,0,1,1,1,1]}},{"__type__":"cc.Node","_name":"Ball_1","_parent":{"__id__":1},"_components":[{"__type__":"cc.Sprite","node":{"__id__":3},"_materials":[{"__uuid__":"ecpdLyjvZBwrvm+cedCcQy"}],"_spriteFrame":{"__uuid__":"daMXu4pctGZ6zwwFky+/00"},"_sizeMode":0}],"_prefab":{"__type__":"cc.PrefabInfo","root":{"__id__":1},"asset":{"__uuid__":"aa4uZ5lKtE4JzA2g0i9Jbo"},"fileId":"26q1skVnxHSYC/9pC+YKX7"},"_contentSize":{"__type__":"cc.Size","width":48.2,"height":1200},"_anchorPoint":{"__type__":"cc.Vec2","x":0.5},"_trs":{"__type__":"TypedArray","ctor":"Float64Array","array":[-2.3,21.835,0,0,0,0,1,1,1,1]}}],{"__type__":"cc.SpriteFrame","content":{"name":"cue_20","texture":"154da9b31","rect":[3,570,59,1469],"offset":[0,0],"originalSize":[59,1469],"capInsets":[0,0,0,0]}}]