[{"__type__":"cc.SpriteFrame","content":{"name":"轮到对方了","texture":"18584f08b","rect":[3,3,560,179],"offset":[0,0],"originalSize":[560,179],"rotated":1,"capInsets":[0,0,0,0]}},{"__type__":"cc.SpriteFrame","content":{"name":"轮到你了！","texture":"18584f08b","rect":[261,3,560,179],"offset":[0,0],"originalSize":[560,179],"rotated":1,"capInsets":[0,0,0,0]}},{"__type__":"cc.SpriteFrame","content":{"name":"轮到你了_段位框","texture":"18584f08b","rect":[3,569,292,78],"offset":[0,0],"originalSize":[292,78],"rotated":1,"capInsets":[0,0,0,0]}},{"__type__":"cc.SpriteFrame","content":{"name":"轮到对方了_段位框","texture":"18584f08b","rect":[3,867,292,78],"offset":[0,0],"originalSize":[292,78],"capInsets":[0,0,0,0]}},[{"__type__":"cc.Prefab","_name":"pvp_turn_node","data":{"__id__":1}},{"__type__":"cc.Node","_name":"pvp_turn_node","_children":[{"__id__":2},{"__id__":9}],"_prefab":{"__type__":"cc.PrefabInfo","root":{"__id__":1},"asset":{"__uuid__":"f9FgynngdHi5TTZS7TLRCg"},"fileId":"49I0+7MxFM9IAojjc76Ml1"},"_trs":{"__type__":"TypedArray","ctor":"Float64Array","array":[0,0,0,0,0,0,1,1,1,1]}},{"__type__":"cc.Node","_name":"New Node","_parent":{"__id__":1},"_children":[{"__id__":3},{"__id__":4},{"__id__":5}],"_components":[{"__type__":"446219w9b1Ilpj6DE2u2rre","node":{"__id__":2}}],"_prefab":{"__type__":"cc.PrefabInfo","root":{"__id__":1},"asset":{"__uuid__":"f9FgynngdHi5TTZS7TLRCg"},"fileId":"ebr80cqo5DAJQuwuOj7cAJ"},"_trs":{"__type__":"TypedArray","ctor":"Float64Array","array":[0,0,0,0,0,0,1,1,1,1]}},{"__type__":"cc.Node","_name":"$role_sp","_parent":{"__id__":2},"_components":[{"__type__":"cc.Sprite","node":{"__id__":3},"_materials":[{"__uuid__":"ecpdLyjvZBwrvm+cedCcQy"}]}],"_prefab":{"__type__":"cc.PrefabInfo","root":{"__id__":1},"asset":{"__uuid__":"f9FgynngdHi5TTZS7TLRCg"},"fileId":"01izTIzXdMwaWp7OhWHEs8"},"_contentSize":{"__type__":"cc.Size","width":236,"height":278},"_anchorPoint":{"__type__":"cc.Vec2","x":0.5,"y":0.11},"_trs":{"__type__":"TypedArray","ctor":"Float64Array","array":[0,72.302,0,0,0,0,1,1,1,1]}},{"__type__":"cc.Node","_name":"$turn_node","_parent":{"__id__":2},"_components":[{"__type__":"cc.Sprite","node":{"__id__":4},"_materials":[{"__uuid__":"ecpdLyjvZBwrvm+cedCcQy"}],"_spriteFrame":{"__uuid__":"38q7He+a5BkZWZoIeurWX/"}}],"_prefab":{"__type__":"cc.PrefabInfo","root":{"__id__":1},"asset":{"__uuid__":"f9FgynngdHi5TTZS7TLRCg"},"fileId":"99kCCkdq9C8qaUydwA8fQ9"},"_contentSize":{"__type__":"cc.Size","width":560,"height":179},"_trs":{"__type__":"TypedArray","ctor":"Float64Array","array":[0,0,0,0,0,0,1,1,1,1]}},{"__type__":"cc.Node","_name":"$dan_node","_parent":{"__id__":2},"_children":[{"__id__":6},{"__id__":7},{"__id__":8}],"_components":[{"__type__":"cc.Sprite","node":{"__id__":5},"_materials":[{"__uuid__":"ecpdLyjvZBwrvm+cedCcQy"}],"_spriteFrame":{"__uuid__":"7eVSKTP/VB4q4C+1YMC0nl"}}],"_prefab":{"__type__":"cc.PrefabInfo","root":{"__id__":1},"asset":{"__uuid__":"f9FgynngdHi5TTZS7TLRCg"},"fileId":"3bpKSM0GFNar5GwV4GyRZ5"},"_contentSize":{"__type__":"cc.Size","width":292,"height":78},"_trs":{"__type__":"TypedArray","ctor":"Float64Array","array":[0,69,0,0,0,0,1,1,1,1]}},{"__type__":"cc.Node","_name":"$dan_sp","_parent":{"__id__":5},"_components":[{"__type__":"cc.Sprite","node":{"__id__":6},"_materials":[{"__uuid__":"ecpdLyjvZBwrvm+cedCcQy"}]}],"_prefab":{"__type__":"cc.PrefabInfo","root":{"__id__":1},"asset":{"__uuid__":"f9FgynngdHi5TTZS7TLRCg"},"fileId":"a1mNUGS9NL177s4sNDrFEI"},"_contentSize":{"__type__":"cc.Size","width":253,"height":191},"_trs":{"__type__":"TypedArray","ctor":"Float64Array","array":[-92.427,5,0,0,0,0,1,0.35,0.35,1]}},{"__type__":"cc.Node","_name":"$dan_lbl","_parent":{"__id__":5},"_components":[{"__type__":"cc.Label","node":{"__id__":7},"_materials":[{"__uuid__":"ecpdLyjvZBwrvm+cedCcQy"}],"_useOriginalSize":false,"_string":"荣耀黄金II","_N$string":"荣耀黄金II","_fontSize":26,"_lineHeight":27,"_styleFlags":3,"_N$horizontalAlign":1,"_N$verticalAlign":1}],"_prefab":{"__type__":"cc.PrefabInfo","root":{"__id__":1},"asset":{"__uuid__":"f9FgynngdHi5TTZS7TLRCg"},"fileId":"ebnrOt0zdDHq9l5zKUckZh"},"_color":{"__type__":"cc.Color","r":40,"g":85,"b":120},"_contentSize":{"__type__":"cc.Size","width":123.97647059691714,"height":34.02},"_trs":{"__type__":"TypedArray","ctor":"Float64Array","array":[16.976,-2.917,0,0,0,0,1,1,1,1]}},{"__type__":"cc.Node","_name":"$dan6_title","_parent":{"__id__":5},"_active":false,"_components":[{"__type__":"cc.Sprite","node":{"__id__":8},"_materials":[{"__uuid__":"ecpdLyjvZBwrvm+cedCcQy"}],"_spriteFrame":{"__uuid__":"e6eWWkAYhKC4BYcI6BDZhI"}}],"_prefab":{"__type__":"cc.PrefabInfo","root":{"__id__":1},"asset":{"__uuid__":"f9FgynngdHi5TTZS7TLRCg"},"fileId":"60ij/kRfFAcqLswBkFM+6n"},"_contentSize":{"__type__":"cc.Size","width":198,"height":75},"_trs":{"__type__":"TypedArray","ctor":"Float64Array","array":[17,-4,0,0,0,0,1,0.6,0.6,1]}},{"__type__":"cc.Node","_name":"New Node","_parent":{"__id__":1},"_children":[{"__id__":10},{"__id__":11},{"__id__":12}],"_components":[{"__type__":"446219w9b1Ilpj6DE2u2rre","node":{"__id__":9},"isLeft":false}],"_prefab":{"__type__":"cc.PrefabInfo","root":{"__id__":1},"asset":{"__uuid__":"f9FgynngdHi5TTZS7TLRCg"},"fileId":"eam/ACTrdEkrM42LMIlGy2"},"_trs":{"__type__":"TypedArray","ctor":"Float64Array","array":[0,0,0,0,0,0,1,1,1,1]}},{"__type__":"cc.Node","_name":"$role_sp","_parent":{"__id__":9},"_components":[{"__type__":"cc.Sprite","node":{"__id__":10},"_materials":[{"__uuid__":"ecpdLyjvZBwrvm+cedCcQy"}]}],"_prefab":{"__type__":"cc.PrefabInfo","root":{"__id__":1},"asset":{"__uuid__":"f9FgynngdHi5TTZS7TLRCg"},"fileId":"b6Ih7eC6BGzKlt7sSxQckB"},"_contentSize":{"__type__":"cc.Size","width":236,"height":278},"_anchorPoint":{"__type__":"cc.Vec2","x":0.5,"y":0.11},"_trs":{"__type__":"TypedArray","ctor":"Float64Array","array":[0,72.302,0,0,0,0,1,1,1,1]}},{"__type__":"cc.Node","_name":"$turn_node","_parent":{"__id__":9},"_components":[{"__type__":"cc.Sprite","node":{"__id__":11},"_materials":[{"__uuid__":"ecpdLyjvZBwrvm+cedCcQy"}],"_spriteFrame":{"__uuid__":"12umSsqgFHvq2o/t2hHYA2"}}],"_prefab":{"__type__":"cc.PrefabInfo","root":{"__id__":1},"asset":{"__uuid__":"f9FgynngdHi5TTZS7TLRCg"},"fileId":"83cMRyY4BBgaaCjPruLafc"},"_contentSize":{"__type__":"cc.Size","width":560,"height":179},"_trs":{"__type__":"TypedArray","ctor":"Float64Array","array":[0,0,0,0,0,0,1,1,1,1]}},{"__type__":"cc.Node","_name":"$dan_node","_parent":{"__id__":9},"_children":[{"__id__":13},{"__id__":14},{"__id__":15}],"_components":[{"__type__":"cc.Sprite","node":{"__id__":12},"_materials":[{"__uuid__":"ecpdLyjvZBwrvm+cedCcQy"}],"_spriteFrame":{"__uuid__":"c8qTi/UWJJw51osdN1EIuF"}}],"_prefab":{"__type__":"cc.PrefabInfo","root":{"__id__":1},"asset":{"__uuid__":"f9FgynngdHi5TTZS7TLRCg"},"fileId":"bc0JnjB2VA9JUpwEZoTXvy"},"_contentSize":{"__type__":"cc.Size","width":292,"height":78},"_trs":{"__type__":"TypedArray","ctor":"Float64Array","array":[0,69,0,0,0,0,1,1,1,1]}},{"__type__":"cc.Node","_name":"$dan_sp","_parent":{"__id__":12},"_components":[{"__type__":"cc.Sprite","node":{"__id__":13},"_materials":[{"__uuid__":"ecpdLyjvZBwrvm+cedCcQy"}]}],"_prefab":{"__type__":"cc.PrefabInfo","root":{"__id__":1},"asset":{"__uuid__":"f9FgynngdHi5TTZS7TLRCg"},"fileId":"95d8udD1dK57/VdOsTzXxL"},"_contentSize":{"__type__":"cc.Size","width":253,"height":191},"_trs":{"__type__":"TypedArray","ctor":"Float64Array","array":[-92.427,5,0,0,0,0,1,0.35,0.35,1]}},{"__type__":"cc.Node","_name":"$dan_lbl","_parent":{"__id__":12},"_components":[{"__type__":"cc.Label","node":{"__id__":14},"_materials":[{"__uuid__":"ecpdLyjvZBwrvm+cedCcQy"}],"_useOriginalSize":false,"_string":"荣耀黄金II","_N$string":"荣耀黄金II","_fontSize":26,"_lineHeight":27,"_styleFlags":3,"_N$horizontalAlign":1,"_N$verticalAlign":1}],"_prefab":{"__type__":"cc.PrefabInfo","root":{"__id__":1},"asset":{"__uuid__":"f9FgynngdHi5TTZS7TLRCg"},"fileId":"e9GzAddG9PAYaHUJTt8Rr3"},"_color":{"__type__":"cc.Color","r":120,"g":57,"b":40},"_contentSize":{"__type__":"cc.Size","width":123.97647059691714,"height":34.02},"_trs":{"__type__":"TypedArray","ctor":"Float64Array","array":[16.976,-2.917,0,0,0,0,1,1,1,1]}},{"__type__":"cc.Node","_name":"$dan6_title","_parent":{"__id__":12},"_active":false,"_components":[{"__type__":"cc.Sprite","node":{"__id__":15},"_materials":[{"__uuid__":"ecpdLyjvZBwrvm+cedCcQy"}],"_spriteFrame":{"__uuid__":"e6eWWkAYhKC4BYcI6BDZhI"}}],"_prefab":{"__type__":"cc.PrefabInfo","root":{"__id__":1},"asset":{"__uuid__":"f9FgynngdHi5TTZS7TLRCg"},"fileId":"baBnyaXI9KYax/WvdDj5mg"},"_contentSize":{"__type__":"cc.Size","width":198,"height":75},"_trs":{"__type__":"TypedArray","ctor":"Float64Array","array":[17,-4,0,0,0,0,1,0.6,0.6,1]}}]]