[{"__type__":"cc.SpriteFrame","content":{"name":"cue_1","texture":"154da9b31","rect":[1028,570,159,1461],"offset":[0,0],"originalSize":[159,1461],"capInsets":[0,0,0,0]}},[{"__type__":"cc.Prefab","_name":"Qiugan_1","data":{"__id__":1}},{"__type__":"cc.Node","_name":"Qiugan_1","_children":[{"__id__":2},{"__id__":3},{"__id__":4},{"__id__":5},{"__id__":6}],"_components":[{"__type__":"cc.Animation","node":{"__id__":1},"_defaultClip":{"__uuid__":"b79S5c0WFGI5ztCBoYSeJ+"},"_clips":[{"__uuid__":"b79S5c0WFGI5ztCBoYSeJ+"}],"playOnLoad":true}],"_prefab":{"__type__":"cc.PrefabInfo","root":{"__id__":1},"asset":{"__uuid__":"f6oWLEZyxO/K+DyPqTD87c"},"fileId":"503c8ETnRIQY5L+An4nymX"},"_contentSize":{"__type__":"cc.Size","height":1200},"_anchorPoint":{"__type__":"cc.Vec2","x":0.5},"_trs":{"__type__":"TypedArray","ctor":"Float64Array","array":[0,0,0,0,0,0,1,1,1,1]}},{"__type__":"cc.Node","_name":"Ball_yinying","_parent":{"__id__":1},"_components":[{"__type__":"cc.Sprite","node":{"__id__":2},"_materials":[{"__uuid__":"ecpdLyjvZBwrvm+cedCcQy"}],"_spriteFrame":{"__uuid__":"40iPLfni9O6JGZ7vhQJhMi"},"_sizeMode":0}],"_prefab":{"__type__":"cc.PrefabInfo","root":{"__id__":1},"asset":{"__uuid__":"f6oWLEZyxO/K+DyPqTD87c"},"fileId":"0a6yqrbv5KdKTzlaB/SU9U"},"_opacity":20,"_color":{"__type__":"cc.Color"},"_contentSize":{"__type__":"cc.Size","width":117,"height":1070},"_anchorPoint":{"__type__":"cc.Vec2","x":0.5},"_trs":{"__type__":"TypedArray","ctor":"Float64Array","array":[-40.491,-20.693,0,0,0,0,1,1,1,1]}},{"__type__":"cc.Node","_name":"Ball_1","_parent":{"__id__":1},"_components":[{"__type__":"cc.Sprite","node":{"__id__":3},"_materials":[{"__uuid__":"ecpdLyjvZBwrvm+cedCcQy"}],"_spriteFrame":{"__uuid__":"40iPLfni9O6JGZ7vhQJhMi"},"_sizeMode":0}],"_prefab":{"__type__":"cc.PrefabInfo","root":{"__id__":1},"asset":{"__uuid__":"f6oWLEZyxO/K+DyPqTD87c"},"fileId":"fboI8NwMpI9rwSVL43Ew6s"},"_contentSize":{"__type__":"cc.Size","width":131,"height":1200},"_anchorPoint":{"__type__":"cc.Vec2","x":0.5},"_trs":{"__type__":"TypedArray","ctor":"Float64Array","array":[-2.309,21.835,0,0,0,0,1,1,1,1]}},{"__type__":"cc.Node","_name":"Glow_1","_parent":{"__id__":1},"_components":[{"__type__":"cc.Sprite","node":{"__id__":4},"_materials":[{"__uuid__":"ecpdLyjvZBwrvm+cedCcQy"}],"_dstBlendFactor":1,"_spriteFrame":{"__uuid__":"callQDaUxA8qrcqqiRW3nq"}}],"_prefab":{"__type__":"cc.PrefabInfo","root":{"__id__":1},"asset":{"__uuid__":"f6oWLEZyxO/K+DyPqTD87c"},"fileId":"99D7TzB+ZIK7sBtQAHZxPP"},"_contentSize":{"__type__":"cc.Size","width":247,"height":253},"_trs":{"__type__":"TypedArray","ctor":"Float64Array","array":[-19.696,1191.49,0,0,0,0,1,0.2,0.23,0.2]}},{"__type__":"cc.Node","_name":"Glow_2","_parent":{"__id__":1},"_components":[{"__type__":"cc.Sprite","node":{"__id__":5},"_materials":[{"__uuid__":"ecpdLyjvZBwrvm+cedCcQy"}],"_dstBlendFactor":1,"_spriteFrame":{"__uuid__":"callQDaUxA8qrcqqiRW3nq"}}],"_prefab":{"__type__":"cc.PrefabInfo","root":{"__id__":1},"asset":{"__uuid__":"f6oWLEZyxO/K+DyPqTD87c"},"fileId":"71og9cmOFLC6urnxKWBR/v"},"_contentSize":{"__type__":"cc.Size","width":247,"height":253},"_trs":{"__type__":"TypedArray","ctor":"Float64Array","array":[12.611,1191.49,0,0,0,0,1,0.2,0.25,0.2]}},{"__type__":"cc.Node","_name":"Smoke","_parent":{"__id__":1},"_components":[{"__type__":"cc.Sprite","node":{"__id__":6},"_materials":[{"__uuid__":"ecpdLyjvZBwrvm+cedCcQy"}],"_dstBlendFactor":772,"_spriteFrame":{"__uuid__":"bbIXwm69ZA8bISZPRDVLdn"}},{"__type__":"cc.Animation","node":{"__id__":6},"_defaultClip":{"__uuid__":"fcsNAWVDxKkoZEJl8G+0/i"},"_clips":[{"__uuid__":"fcsNAWVDxKkoZEJl8G+0/i"}],"playOnLoad":true}],"_prefab":{"__type__":"cc.PrefabInfo","root":{"__id__":1},"asset":{"__uuid__":"f6oWLEZyxO/K+DyPqTD87c"},"fileId":"e89xMIeW9FKZ288tuTjGpo"},"_contentSize":{"__type__":"cc.Size","width":248,"height":67},"_trs":{"__type__":"TypedArray","ctor":"Float64Array","array":[0,932.729,0,0,0,0.7071067811865475,0.7071067811865476,2.163,2.163,2.163]},"_eulerAngles":{"__type__":"cc.Vec3","z":90}}]]